ISO-10303-21;
HEADER;
/* Generated by software containing ST-Developer
 * from STEP Tools, Inc. (www.steptools.com) 
 */

FILE_DESCRIPTION(
/* description */ (''),
/* implementation_level */ '2;1');

FILE_NAME(
/* name */ 'Day 2 Glass Soda Bottle.step',
/* time_stamp */ '2026-08-24T20:01:07+05:30',
/* author */ (''),
/* organization */ (''),
/* preprocessor_version */ 'ST-DEVELOPER v20.1',
/* originating_system */ 'Autodesk Translation Framework v15.8.0.0',
/* authorisation */ '');

FILE_SCHEMA (('AUTOMOTIVE_DESIGN { 1 0 10303 214 3 1 1 }'));
ENDSEC;

DATA;
#10=MECHANICAL_DESIGN_GEOMETRIC_PRESENTATION_REPRESENTATION('',(#13),#2242);
#11=SHAPE_REPRESENTATION_RELATIONSHIP('SRR','None',#2249,#12);
#12=ADVANCED_BREP_SHAPE_REPRESENTATION('',(#14),#2241);
#13=STYLED_ITEM('',(#2259),#14);
#14=MANIFOLD_SOLID_BREP('Body1',#168);
#15=LINE('',#1556,#17);
#16=LINE('',#2238,#18);
#17=VECTOR('',#225,30.);
#18=VECTOR('',#242,30.);
#19=CYLINDRICAL_SURFACE('',#192,27.5);
#20=CYLINDRICAL_SURFACE('',#200,30.);
#21=TOROIDAL_SURFACE('',#187,25.,2.5);
#22=TOROIDAL_SURFACE('',#195,25.,5.);
#23=(
BOUNDED_CURVE()
B_SPLINE_CURVE(5,(#1469,#1470,#1471,#1472,#1473,#1474,#1475,#1476,#1477,
#1478,#1479,#1480,#1481,#1482,#1483,#1484,#1485,#1486,#1487,#1488,#1489,
#1490,#1491,#1492,#1493,#1494,#1495,#1496,#1497,#1498,#1499,#1500,#1501,
#1502,#1503,#1504,#1505,#1506,#1507,#1508,#1509,#1510,#1511,#1512,#1513,
#1514,#1515,#1516,#1517,#1518,#1519,#1520,#1521,#1522,#1523,#1524,#1525,
#1526,#1527,#1528,#1529,#1530,#1531,#1532,#1533,#1534,#1535,#1536,#1537,
#1538,#1539,#1540,#1541,#1542,#1543),.UNSPECIFIED.,.F.,.F.)
B_SPLINE_CURVE_WITH_KNOTS((6,1,1,1,1,1,1,1,1,1,1,1,1,1,1,1,1,1,1,1,1,1,
1,1,1,1,1,1,1,1,1,1,1,1,1,1,1,1,1,1,1,1,1,1,1,1,1,1,1,1,1,1,1,1,1,1,1,1,
1,1,1,1,1,1,1,1,1,1,1,1,6),(0.,0.0142857142857143,0.0285714285714286,0.0428571428571429,
0.0571428571428571,0.0714285714285714,0.0857142857142857,0.1,0.114285714285714,
0.128571428571429,0.142857142857143,0.157142857142857,0.171428571428571,
0.185714285714286,0.2,0.214285714285714,0.228571428571429,0.242857142857143,
0.257142857142857,0.271428571428571,0.285714285714286,0.3,0.314285714285714,
0.328571428571429,0.342857142857143,0.357142857142857,0.371428571428571,
0.385714285714286,0.4,0.414285714285714,0.428571428571429,0.442857142857143,
0.457142857142857,0.471428571428572,0.485714285714286,0.5,0.514285714285714,
0.528571428571429,0.542857142857143,0.557142857142857,0.571428571428571,
0.585714285714286,0.6,0.614285714285714,0.628571428571428,0.642857142857142,
0.657142857142857,0.671428571428571,0.685714285714285,0.699999999999999,
0.714285714285714,0.728571428571428,0.742857142857142,0.757142857142856,
0.771428571428571,0.785714285714285,0.799999999999999,0.814285714285713,
0.828571428571428,0.842857142857142,0.857142857142856,0.87142857142857,
0.885714285714284,0.899999999999999,0.914285714285713,0.928571428571427,
0.942857142857141,0.957142857142856,0.97142857142857,0.985714285714284,
0.99229212737035),.UNSPECIFIED.)
CURVE()
GEOMETRIC_REPRESENTATION_ITEM()
RATIONAL_B_SPLINE_CURVE((1.,1.,1.,1.,1.,1.,1.,1.,1.,1.,1.,1.,1.,1.,1.,1.,
1.,1.,1.,1.,1.,1.,1.,1.,1.,1.,1.,1.,1.,1.,1.,1.,1.,1.,1.,1.,1.,1.,1.,1.,
1.,1.,1.,1.,1.,1.,1.,1.,1.,1.,1.,1.,1.,1.,1.,1.,1.,1.,1.,1.,1.,1.,1.,1.,
1.,1.,1.,1.,1.,1.,1.,1.,1.,1.,1.))
REPRESENTATION_ITEM('')
);
#24=FACE_BOUND('',#46,.T.);
#25=PLANE('',#183);
#26=PLANE('',#191);
#27=PLANE('',#199);
#28=(
BOUNDED_SURFACE()
B_SPLINE_SURFACE(3,2,((#400,#401,#402,#403,#404,#405,#406,#407,#408),(#409,
#410,#411,#412,#413,#414,#415,#416,#417),(#418,#419,#420,#421,#422,#423,
#424,#425,#426),(#427,#428,#429,#430,#431,#432,#433,#434,#435),(#436,#437,
#438,#439,#440,#441,#442,#443,#444),(#445,#446,#447,#448,#449,#450,#451,
#452,#453),(#454,#455,#456,#457,#458,#459,#460,#461,#462),(#463,#464,#465,
#466,#467,#468,#469,#470,#471),(#472,#473,#474,#475,#476,#477,#478,#479,
#480),(#481,#482,#483,#484,#485,#486,#487,#488,#489),(#490,#491,#492,#493,
#494,#495,#496,#497,#498),(#499,#500,#501,#502,#503,#504,#505,#506,#507),
(#508,#509,#510,#511,#512,#513,#514,#515,#516),(#517,#518,#519,#520,#521,
#522,#523,#524,#525),(#526,#527,#528,#529,#530,#531,#532,#533,#534),(#535,
#536,#537,#538,#539,#540,#541,#542,#543),(#544,#545,#546,#547,#548,#549,
#550,#551,#552),(#553,#554,#555,#556,#557,#558,#559,#560,#561),(#562,#563,
#564,#565,#566,#567,#568,#569,#570),(#571,#572,#573,#574,#575,#576,#577,
#578,#579),(#580,#581,#582,#583,#584,#585,#586,#587,#588),(#589,#590,#591,
#592,#593,#594,#595,#596,#597),(#598,#599,#600,#601,#602,#603,#604,#605,
#606),(#607,#608,#609,#610,#611,#612,#613,#614,#615),(#616,#617,#618,#619,
#620,#621,#622,#623,#624)),.UNSPECIFIED.,.F.,.T.,.F.)
B_SPLINE_SURFACE_WITH_KNOTS((4,3,3,3,3,3,3,3,4),(3,2,2,2,3),(-1.16006852729407,
-1.,-0.975256148805992,-0.949958373942798,-0.920071589574356,-0.895582536725643,
-0.858549202221285,-0.835585679190661,-0.821709771548796),(0.,1.5707963267949,
3.14159265358979,4.71238898038469,6.28318530717959),.UNSPECIFIED.)
GEOMETRIC_REPRESENTATION_ITEM()
RATIONAL_B_SPLINE_SURFACE(((1.,0.707106781186548,1.,0.707106781186548,1.,
0.707106781186548,1.,0.707106781186548,1.),(1.,0.707106781186548,1.,0.707106781186548,
1.,0.707106781186548,1.,0.707106781186548,1.),(1.,0.707106781186548,1.,
0.707106781186548,1.,0.707106781186548,1.,0.707106781186548,1.),(1.,0.707106781186548,
1.,0.707106781186548,1.,0.707106781186548,1.,0.707106781186548,1.),(1.,
0.707106781186548,1.,0.707106781186548,1.,0.707106781186548,1.,0.707106781186548,
1.),(1.,0.707106781186548,1.,0.707106781186548,1.,0.707106781186548,1.,
0.707106781186548,1.),(1.,0.707106781186548,1.,0.707106781186548,1.,0.707106781186548,
1.,0.707106781186548,1.),(1.,0.707106781186548,1.,0.707106781186548,1.,
0.707106781186548,1.,0.707106781186548,1.),(1.,0.707106781186548,1.,0.707106781186548,
1.,0.707106781186548,1.,0.707106781186548,1.),(1.,0.707106781186548,1.,
0.707106781186548,1.,0.707106781186548,1.,0.707106781186548,1.),(1.,0.707106781186548,
1.,0.707106781186548,1.,0.707106781186548,1.,0.707106781186548,1.),(1.,
0.707106781186548,1.,0.707106781186548,1.,0.707106781186548,1.,0.707106781186548,
1.),(1.,0.707106781186548,1.,0.707106781186548,1.,0.707106781186548,1.,
0.707106781186548,1.),(1.,0.707106781186548,1.,0.707106781186548,1.,0.707106781186548,
1.,0.707106781186548,1.),(1.,0.707106781186548,1.,0.707106781186548,1.,
0.707106781186548,1.,0.707106781186548,1.),(1.,0.707106781186548,1.,0.707106781186548,
1.,0.707106781186548,1.,0.707106781186548,1.),(1.,0.707106781186548,1.,
0.707106781186548,1.,0.707106781186548,1.,0.707106781186548,1.),(1.,0.707106781186548,
1.,0.707106781186548,1.,0.707106781186548,1.,0.707106781186548,1.),(1.,
0.707106781186548,1.,0.707106781186548,1.,0.707106781186548,1.,0.707106781186548,
1.),(1.,0.707106781186548,1.,0.707106781186548,1.,0.707106781186548,1.,
0.707106781186548,1.),(1.,0.707106781186548,1.,0.707106781186548,1.,0.707106781186548,
1.,0.707106781186548,1.),(1.,0.707106781186548,1.,0.707106781186548,1.,
0.707106781186548,1.,0.707106781186548,1.),(1.,0.707106781186548,1.,0.707106781186548,
1.,0.707106781186548,1.,0.707106781186548,1.),(1.,0.707106781186548,1.,
0.707106781186548,1.,0.707106781186548,1.,0.707106781186548,1.),(1.,0.707106781186548,
1.,0.707106781186548,1.,0.707106781186548,1.,0.707106781186548,1.)))
REPRESENTATION_ITEM('')
SURFACE()
);
#29=(
BOUNDED_SURFACE()
B_SPLINE_SURFACE(5,2,((#793,#794,#795,#796,#797,#798,#799,#800,#801),(#802,
#803,#804,#805,#806,#807,#808,#809,#810),(#811,#812,#813,#814,#815,#816,
#817,#818,#819),(#820,#821,#822,#823,#824,#825,#826,#827,#828),(#829,#830,
#831,#832,#833,#834,#835,#836,#837),(#838,#839,#840,#841,#842,#843,#844,
#845,#846),(#847,#848,#849,#850,#851,#852,#853,#854,#855),(#856,#857,#858,
#859,#860,#861,#862,#863,#864),(#865,#866,#867,#868,#869,#870,#871,#872,
#873),(#874,#875,#876,#877,#878,#879,#880,#881,#882),(#883,#884,#885,#886,
#887,#888,#889,#890,#891),(#892,#893,#894,#895,#896,#897,#898,#899,#900),
(#901,#902,#903,#904,#905,#906,#907,#908,#909),(#910,#911,#912,#913,#914,
#915,#916,#917,#918),(#919,#920,#921,#922,#923,#924,#925,#926,#927),(#928,
#929,#930,#931,#932,#933,#934,#935,#936),(#937,#938,#939,#940,#941,#942,
#943,#944,#945),(#946,#947,#948,#949,#950,#951,#952,#953,#954),(#955,#956,
#957,#958,#959,#960,#961,#962,#963),(#964,#965,#966,#967,#968,#969,#970,
#971,#972),(#973,#974,#975,#976,#977,#978,#979,#980,#981),(#982,#983,#984,
#985,#986,#987,#988,#989,#990),(#991,#992,#993,#994,#995,#996,#997,#998,
#999),(#1000,#1001,#1002,#1003,#1004,#1005,#1006,#1007,#1008),(#1009,#1010,
#1011,#1012,#1013,#1014,#1015,#1016,#1017),(#1018,#1019,#1020,#1021,#1022,
#1023,#1024,#1025,#1026),(#1027,#1028,#1029,#1030,#1031,#1032,#1033,#1034,
#1035),(#1036,#1037,#1038,#1039,#1040,#1041,#1042,#1043,#1044),(#1045,#1046,
#1047,#1048,#1049,#1050,#1051,#1052,#1053),(#1054,#1055,#1056,#1057,#1058,
#1059,#1060,#1061,#1062),(#1063,#1064,#1065,#1066,#1067,#1068,#1069,#1070,
#1071),(#1072,#1073,#1074,#1075,#1076,#1077,#1078,#1079,#1080),(#1081,#1082,
#1083,#1084,#1085,#1086,#1087,#1088,#1089),(#1090,#1091,#1092,#1093,#1094,
#1095,#1096,#1097,#1098),(#1099,#1100,#1101,#1102,#1103,#1104,#1105,#1106,
#1107),(#1108,#1109,#1110,#1111,#1112,#1113,#1114,#1115,#1116),(#1117,#1118,
#1119,#1120,#1121,#1122,#1123,#1124,#1125),(#1126,#1127,#1128,#1129,#1130,
#1131,#1132,#1133,#1134),(#1135,#1136,#1137,#1138,#1139,#1140,#1141,#1142,
#1143),(#1144,#1145,#1146,#1147,#1148,#1149,#1150,#1151,#1152),(#1153,#1154,
#1155,#1156,#1157,#1158,#1159,#1160,#1161),(#1162,#1163,#1164,#1165,#1166,
#1167,#1168,#1169,#1170),(#1171,#1172,#1173,#1174,#1175,#1176,#1177,#1178,
#1179),(#1180,#1181,#1182,#1183,#1184,#1185,#1186,#1187,#1188),(#1189,#1190,
#1191,#1192,#1193,#1194,#1195,#1196,#1197),(#1198,#1199,#1200,#1201,#1202,
#1203,#1204,#1205,#1206),(#1207,#1208,#1209,#1210,#1211,#1212,#1213,#1214,
#1215),(#1216,#1217,#1218,#1219,#1220,#1221,#1222,#1223,#1224),(#1225,#1226,
#1227,#1228,#1229,#1230,#1231,#1232,#1233),(#1234,#1235,#1236,#1237,#1238,
#1239,#1240,#1241,#1242),(#1243,#1244,#1245,#1246,#1247,#1248,#1249,#1250,
#1251),(#1252,#1253,#1254,#1255,#1256,#1257,#1258,#1259,#1260),(#1261,#1262,
#1263,#1264,#1265,#1266,#1267,#1268,#1269),(#1270,#1271,#1272,#1273,#1274,
#1275,#1276,#1277,#1278),(#1279,#1280,#1281,#1282,#1283,#1284,#1285,#1286,
#1287),(#1288,#1289,#1290,#1291,#1292,#1293,#1294,#1295,#1296),(#1297,#1298,
#1299,#1300,#1301,#1302,#1303,#1304,#1305),(#1306,#1307,#1308,#1309,#1310,
#1311,#1312,#1313,#1314),(#1315,#1316,#1317,#1318,#1319,#1320,#1321,#1322,
#1323),(#1324,#1325,#1326,#1327,#1328,#1329,#1330,#1331,#1332),(#1333,#1334,
#1335,#1336,#1337,#1338,#1339,#1340,#1341),(#1342,#1343,#1344,#1345,#1346,
#1347,#1348,#1349,#1350),(#1351,#1352,#1353,#1354,#1355,#1356,#1357,#1358,
#1359),(#1360,#1361,#1362,#1363,#1364,#1365,#1366,#1367,#1368),(#1369,#1370,
#1371,#1372,#1373,#1374,#1375,#1376,#1377),(#1378,#1379,#1380,#1381,#1382,
#1383,#1384,#1385,#1386),(#1387,#1388,#1389,#1390,#1391,#1392,#1393,#1394,
#1395),(#1396,#1397,#1398,#1399,#1400,#1401,#1402,#1403,#1404),(#1405,#1406,
#1407,#1408,#1409,#1410,#1411,#1412,#1413),(#1414,#1415,#1416,#1417,#1418,
#1419,#1420,#1421,#1422),(#1423,#1424,#1425,#1426,#1427,#1428,#1429,#1430,
#1431),(#1432,#1433,#1434,#1435,#1436,#1437,#1438,#1439,#1440),(#1441,#1442,
#1443,#1444,#1445,#1446,#1447,#1448,#1449),(#1450,#1451,#1452,#1453,#1454,
#1455,#1456,#1457,#1458),(#1459,#1460,#1461,#1462,#1463,#1464,#1465,#1466,
#1467)),.UNSPECIFIED.,.F.,.T.,.F.)
B_SPLINE_SURFACE_WITH_KNOTS((6,1,1,1,1,1,1,1,1,1,1,1,1,1,1,1,1,1,1,1,1,
1,1,1,1,1,1,1,1,1,1,1,1,1,1,1,1,1,1,1,1,1,1,1,1,1,1,1,1,1,1,1,1,1,1,1,1,
1,1,1,1,1,1,1,1,1,1,1,1,1,6),(3,2,2,2,3),(-1.,-0.985714285714284,-0.97142857142857,
-0.957142857142856,-0.942857142857141,-0.928571428571427,-0.914285714285713,
-0.899999999999999,-0.885714285714284,-0.87142857142857,-0.857142857142856,
-0.842857142857142,-0.828571428571428,-0.814285714285713,-0.799999999999999,
-0.785714285714285,-0.771428571428571,-0.757142857142856,-0.742857142857142,
-0.728571428571428,-0.714285714285714,-0.699999999999999,-0.685714285714285,
-0.671428571428571,-0.657142857142857,-0.642857142857142,-0.628571428571428,
-0.614285714285714,-0.6,-0.585714285714286,-0.571428571428571,-0.557142857142857,
-0.542857142857143,-0.528571428571429,-0.514285714285714,-0.5,-0.485714285714286,
-0.471428571428572,-0.457142857142857,-0.442857142857143,-0.428571428571429,
-0.414285714285714,-0.4,-0.385714285714286,-0.371428571428571,-0.357142857142857,
-0.342857142857143,-0.328571428571429,-0.314285714285714,-0.3,-0.285714285714286,
-0.271428571428571,-0.257142857142857,-0.242857142857143,-0.228571428571429,
-0.214285714285714,-0.2,-0.185714285714286,-0.171428571428571,-0.157142857142857,
-0.142857142857143,-0.128571428571429,-0.114285714285714,-0.1,-0.0857142857142857,
-0.0714285714285714,-0.0571428571428571,-0.0428571428571429,-0.0285714285714286,
-0.0142857142857143,0.),(0.,1.5707963267949,3.14159265358979,4.71238898038469,
6.28318530717959),.UNSPECIFIED.)
GEOMETRIC_REPRESENTATION_ITEM()
RATIONAL_B_SPLINE_SURFACE(((1.,0.707106781186548,1.,0.707106781186548,1.,
0.707106781186548,1.,0.707106781186548,1.),(1.,0.707106781186548,1.,0.707106781186548,
1.,0.707106781186548,1.,0.707106781186548,1.),(1.,0.707106781186548,1.,
0.707106781186548,1.,0.707106781186548,1.,0.707106781186548,1.),(1.,0.707106781186548,
1.,0.707106781186548,1.,0.707106781186548,1.,0.707106781186548,1.),(1.,
0.707106781186548,1.,0.707106781186548,1.,0.707106781186548,1.,0.707106781186548,
1.),(1.,0.707106781186548,1.,0.707106781186548,1.,0.707106781186548,1.,
0.707106781186548,1.),(1.,0.707106781186548,1.,0.707106781186548,1.,0.707106781186548,
1.,0.707106781186548,1.),(1.,0.707106781186548,1.,0.707106781186548,1.,
0.707106781186548,1.,0.707106781186548,1.),(1.,0.707106781186548,1.,0.707106781186548,
1.,0.707106781186548,1.,0.707106781186548,1.),(1.,0.707106781186548,1.,
0.707106781186548,1.,0.707106781186548,1.,0.707106781186548,1.),(1.,0.707106781186548,
1.,0.707106781186548,1.,0.707106781186548,1.,0.707106781186548,1.),(1.,
0.707106781186548,1.,0.707106781186548,1.,0.707106781186548,1.,0.707106781186548,
1.),(1.,0.707106781186548,1.,0.707106781186548,1.,0.707106781186548,1.,
0.707106781186548,1.),(1.,0.707106781186548,1.,0.707106781186548,1.,0.707106781186548,
1.,0.707106781186548,1.),(1.,0.707106781186548,1.,0.707106781186548,1.,
0.707106781186548,1.,0.707106781186548,1.),(1.,0.707106781186548,1.,0.707106781186548,
1.,0.707106781186548,1.,0.707106781186548,1.),(1.,0.707106781186548,1.,
0.707106781186548,1.,0.707106781186548,1.,0.707106781186548,1.),(1.,0.707106781186548,
1.,0.707106781186548,1.,0.707106781186548,1.,0.707106781186548,1.),(1.,
0.707106781186548,1.,0.707106781186548,1.,0.707106781186548,1.,0.707106781186548,
1.),(1.,0.707106781186548,1.,0.707106781186548,1.,0.707106781186548,1.,
0.707106781186548,1.),(1.,0.707106781186548,1.,0.707106781186548,1.,0.707106781186548,
1.,0.707106781186548,1.),(1.,0.707106781186548,1.,0.707106781186548,1.,
0.707106781186548,1.,0.707106781186548,1.),(1.,0.707106781186548,1.,0.707106781186548,
1.,0.707106781186548,1.,0.707106781186548,1.),(1.,0.707106781186548,1.,
0.707106781186548,1.,0.707106781186548,1.,0.707106781186548,1.),(1.,0.707106781186548,
1.,0.707106781186548,1.,0.707106781186548,1.,0.707106781186548,1.),(1.,
0.707106781186548,1.,0.707106781186548,1.,0.707106781186548,1.,0.707106781186548,
1.),(1.,0.707106781186548,1.,0.707106781186548,1.,0.707106781186548,1.,
0.707106781186548,1.),(1.,0.707106781186548,1.,0.707106781186548,1.,0.707106781186548,
1.,0.707106781186548,1.),(1.,0.707106781186548,1.,0.707106781186548,1.,
0.707106781186548,1.,0.707106781186548,1.),(1.,0.707106781186548,1.,0.707106781186548,
1.,0.707106781186548,1.,0.707106781186548,1.),(1.,0.707106781186548,1.,
0.707106781186548,1.,0.707106781186548,1.,0.707106781186548,1.),(1.,0.707106781186548,
1.,0.707106781186548,1.,0.707106781186548,1.,0.707106781186548,1.),(1.,
0.707106781186548,1.,0.707106781186548,1.,0.707106781186548,1.,0.707106781186548,
1.),(1.,0.707106781186548,1.,0.707106781186548,1.,0.707106781186548,1.,
0.707106781186548,1.),(1.,0.707106781186548,1.,0.707106781186548,1.,0.707106781186548,
1.,0.707106781186548,1.),(1.,0.707106781186548,1.,0.707106781186548,1.,
0.707106781186548,1.,0.707106781186548,1.),(1.,0.707106781186548,1.,0.707106781186548,
1.,0.707106781186548,1.,0.707106781186548,1.),(1.,0.707106781186548,1.,
0.707106781186548,1.,0.707106781186548,1.,0.707106781186548,1.),(1.,0.707106781186548,
1.,0.707106781186548,1.,0.707106781186548,1.,0.707106781186548,1.),(1.,
0.707106781186548,1.,0.707106781186548,1.,0.707106781186548,1.,0.707106781186548,
1.),(1.,0.707106781186548,1.,0.707106781186548,1.,0.707106781186548,1.,
0.707106781186548,1.),(1.,0.707106781186548,1.,0.707106781186548,1.,0.707106781186548,
1.,0.707106781186548,1.),(1.,0.707106781186548,1.,0.707106781186548,1.,
0.707106781186548,1.,0.707106781186548,1.),(1.,0.707106781186548,1.,0.707106781186548,
1.,0.707106781186548,1.,0.707106781186548,1.),(1.,0.707106781186548,1.,
0.707106781186548,1.,0.707106781186548,1.,0.707106781186548,1.),(1.,0.707106781186548,
1.,0.707106781186548,1.,0.707106781186548,1.,0.707106781186548,1.),(1.,
0.707106781186548,1.,0.707106781186548,1.,0.707106781186548,1.,0.707106781186548,
1.),(1.,0.707106781186548,1.,0.707106781186548,1.,0.707106781186548,1.,
0.707106781186548,1.),(1.,0.707106781186548,1.,0.707106781186548,1.,0.707106781186548,
1.,0.707106781186548,1.),(1.,0.707106781186548,1.,0.707106781186548,1.,
0.707106781186548,1.,0.707106781186548,1.),(1.,0.707106781186548,1.,0.707106781186548,
1.,0.707106781186548,1.,0.707106781186548,1.),(1.,0.707106781186548,1.,
0.707106781186548,1.,0.707106781186548,1.,0.707106781186548,1.),(1.,0.707106781186548,
1.,0.707106781186548,1.,0.707106781186548,1.,0.707106781186548,1.),(1.,
0.707106781186548,1.,0.707106781186548,1.,0.707106781186548,1.,0.707106781186548,
1.),(1.,0.707106781186548,1.,0.707106781186548,1.,0.707106781186548,1.,
0.707106781186548,1.),(1.,0.707106781186548,1.,0.707106781186548,1.,0.707106781186548,
1.,0.707106781186548,1.),(1.,0.707106781186548,1.,0.707106781186548,1.,
0.707106781186548,1.,0.707106781186548,1.),(1.,0.707106781186548,1.,0.707106781186548,
1.,0.707106781186548,1.,0.707106781186548,1.),(1.,0.707106781186548,1.,
0.707106781186548,1.,0.707106781186548,1.,0.707106781186548,1.),(1.,0.707106781186548,
1.,0.707106781186548,1.,0.707106781186548,1.,0.707106781186548,1.),(1.,
0.707106781186548,1.,0.707106781186548,1.,0.707106781186548,1.,0.707106781186548,
1.),(1.,0.707106781186548,1.,0.707106781186548,1.,0.707106781186548,1.,
0.707106781186548,1.),(1.,0.707106781186548,1.,0.707106781186548,1.,0.707106781186548,
1.,0.707106781186548,1.),(1.,0.707106781186548,1.,0.707106781186548,1.,
0.707106781186548,1.,0.707106781186548,1.),(1.,0.707106781186548,1.,0.707106781186548,
1.,0.707106781186548,1.,0.707106781186548,1.),(1.,0.707106781186548,1.,
0.707106781186548,1.,0.707106781186548,1.,0.707106781186548,1.),(1.,0.707106781186548,
1.,0.707106781186548,1.,0.707106781186548,1.,0.707106781186548,1.),(1.,
0.707106781186548,1.,0.707106781186548,1.,0.707106781186548,1.,0.707106781186548,
1.),(1.,0.707106781186548,1.,0.707106781186548,1.,0.707106781186548,1.,
0.707106781186548,1.),(1.,0.707106781186548,1.,0.707106781186548,1.,0.707106781186548,
1.,0.707106781186548,1.),(1.,0.707106781186548,1.,0.707106781186548,1.,
0.707106781186548,1.,0.707106781186548,1.),(1.,0.707106781186548,1.,0.707106781186548,
1.,0.707106781186548,1.,0.707106781186548,1.),(1.,0.707106781186548,1.,
0.707106781186548,1.,0.707106781186548,1.,0.707106781186548,1.),(1.,0.707106781186548,
1.,0.707106781186548,1.,0.707106781186548,1.,0.707106781186548,1.),(1.,
0.707106781186548,1.,0.707106781186548,1.,0.707106781186548,1.,0.707106781186548,
1.)))
REPRESENTATION_ITEM('')
SURFACE()
);
#30=(
BOUNDED_SURFACE()
B_SPLINE_SURFACE(3,2,((#1560,#1561,#1562,#1563,#1564,#1565,#1566,#1567,
#1568),(#1569,#1570,#1571,#1572,#1573,#1574,#1575,#1576,#1577),(#1578,#1579,
#1580,#1581,#1582,#1583,#1584,#1585,#1586),(#1587,#1588,#1589,#1590,#1591,
#1592,#1593,#1594,#1595),(#1596,#1597,#1598,#1599,#1600,#1601,#1602,#1603,
#1604),(#1605,#1606,#1607,#1608,#1609,#1610,#1611,#1612,#1613),(#1614,#1615,
#1616,#1617,#1618,#1619,#1620,#1621,#1622),(#1623,#1624,#1625,#1626,#1627,
#1628,#1629,#1630,#1631),(#1632,#1633,#1634,#1635,#1636,#1637,#1638,#1639,
#1640),(#1641,#1642,#1643,#1644,#1645,#1646,#1647,#1648,#1649),(#1650,#1651,
#1652,#1653,#1654,#1655,#1656,#1657,#1658),(#1659,#1660,#1661,#1662,#1663,
#1664,#1665,#1666,#1667),(#1668,#1669,#1670,#1671,#1672,#1673,#1674,#1675,
#1676),(#1677,#1678,#1679,#1680,#1681,#1682,#1683,#1684,#1685),(#1686,#1687,
#1688,#1689,#1690,#1691,#1692,#1693,#1694),(#1695,#1696,#1697,#1698,#1699,
#1700,#1701,#1702,#1703),(#1704,#1705,#1706,#1707,#1708,#1709,#1710,#1711,
#1712),(#1713,#1714,#1715,#1716,#1717,#1718,#1719,#1720,#1721),(#1722,#1723,
#1724,#1725,#1726,#1727,#1728,#1729,#1730),(#1731,#1732,#1733,#1734,#1735,
#1736,#1737,#1738,#1739),(#1740,#1741,#1742,#1743,#1744,#1745,#1746,#1747,
#1748),(#1749,#1750,#1751,#1752,#1753,#1754,#1755,#1756,#1757),(#1758,#1759,
#1760,#1761,#1762,#1763,#1764,#1765,#1766),(#1767,#1768,#1769,#1770,#1771,
#1772,#1773,#1774,#1775),(#1776,#1777,#1778,#1779,#1780,#1781,#1782,#1783,
#1784),(#1785,#1786,#1787,#1788,#1789,#1790,#1791,#1792,#1793),(#1794,#1795,
#1796,#1797,#1798,#1799,#1800,#1801,#1802),(#1803,#1804,#1805,#1806,#1807,
#1808,#1809,#1810,#1811),(#1812,#1813,#1814,#1815,#1816,#1817,#1818,#1819,
#1820),(#1821,#1822,#1823,#1824,#1825,#1826,#1827,#1828,#1829),(#1830,#1831,
#1832,#1833,#1834,#1835,#1836,#1837,#1838),(#1839,#1840,#1841,#1842,#1843,
#1844,#1845,#1846,#1847),(#1848,#1849,#1850,#1851,#1852,#1853,#1854,#1855,
#1856),(#1857,#1858,#1859,#1860,#1861,#1862,#1863,#1864,#1865),(#1866,#1867,
#1868,#1869,#1870,#1871,#1872,#1873,#1874),(#1875,#1876,#1877,#1878,#1879,
#1880,#1881,#1882,#1883),(#1884,#1885,#1886,#1887,#1888,#1889,#1890,#1891,
#1892),(#1893,#1894,#1895,#1896,#1897,#1898,#1899,#1900,#1901),(#1902,#1903,
#1904,#1905,#1906,#1907,#1908,#1909,#1910),(#1911,#1912,#1913,#1914,#1915,
#1916,#1917,#1918,#1919),(#1920,#1921,#1922,#1923,#1924,#1925,#1926,#1927,
#1928),(#1929,#1930,#1931,#1932,#1933,#1934,#1935,#1936,#1937),(#1938,#1939,
#1940,#1941,#1942,#1943,#1944,#1945,#1946),(#1947,#1948,#1949,#1950,#1951,
#1952,#1953,#1954,#1955),(#1956,#1957,#1958,#1959,#1960,#1961,#1962,#1963,
#1964),(#1965,#1966,#1967,#1968,#1969,#1970,#1971,#1972,#1973),(#1974,#1975,
#1976,#1977,#1978,#1979,#1980,#1981,#1982),(#1983,#1984,#1985,#1986,#1987,
#1988,#1989,#1990,#1991),(#1992,#1993,#1994,#1995,#1996,#1997,#1998,#1999,
#2000),(#2001,#2002,#2003,#2004,#2005,#2006,#2007,#2008,#2009),(#2010,#2011,
#2012,#2013,#2014,#2015,#2016,#2017,#2018),(#2019,#2020,#2021,#2022,#2023,
#2024,#2025,#2026,#2027),(#2028,#2029,#2030,#2031,#2032,#2033,#2034,#2035,
#2036),(#2037,#2038,#2039,#2040,#2041,#2042,#2043,#2044,#2045),(#2046,#2047,
#2048,#2049,#2050,#2051,#2052,#2053,#2054),(#2055,#2056,#2057,#2058,#2059,
#2060,#2061,#2062,#2063),(#2064,#2065,#2066,#2067,#2068,#2069,#2070,#2071,
#2072),(#2073,#2074,#2075,#2076,#2077,#2078,#2079,#2080,#2081),(#2082,#2083,
#2084,#2085,#2086,#2087,#2088,#2089,#2090),(#2091,#2092,#2093,#2094,#2095,
#2096,#2097,#2098,#2099),(#2100,#2101,#2102,#2103,#2104,#2105,#2106,#2107,
#2108),(#2109,#2110,#2111,#2112,#2113,#2114,#2115,#2116,#2117),(#2118,#2119,
#2120,#2121,#2122,#2123,#2124,#2125,#2126),(#2127,#2128,#2129,#2130,#2131,
#2132,#2133,#2134,#2135),(#2136,#2137,#2138,#2139,#2140,#2141,#2142,#2143,
#2144),(#2145,#2146,#2147,#2148,#2149,#2150,#2151,#2152,#2153),(#2154,#2155,
#2156,#2157,#2158,#2159,#2160,#2161,#2162)),.UNSPECIFIED.,.F.,.T.,.F.)
B_SPLINE_SURFACE_WITH_KNOTS((4,3,3,3,3,3,3,3,3,3,3,3,3,3,3,3,3,3,3,3,3,
3,4),(3,2,2,2,3),(-0.802843173807122,-0.789097478791373,-0.77685622435543,
-0.764532053453928,-0.743578826522923,-0.705351316208726,-0.664984711395013,
-0.617793637803031,-0.577691837857375,-0.541586097991289,-0.513759547973673,
-0.485796720400891,-0.436691262728657,-0.389713238019961,-0.344926411256557,
-0.292284294610652,-0.245206557587404,-0.204909719066106,-0.166372568642917,
-0.116549625860558,-0.0740614111436982,-0.0227125782513227,0.),(0.,1.5707963267949,
3.14159265358979,4.71238898038469,6.28318530717959),.UNSPECIFIED.)
GEOMETRIC_REPRESENTATION_ITEM()
RATIONAL_B_SPLINE_SURFACE(((1.,0.707106781186548,1.,0.707106781186548,1.,
0.707106781186548,1.,0.707106781186548,1.),(1.,0.707106781186548,1.,0.707106781186548,
1.,0.707106781186548,1.,0.707106781186548,1.),(1.,0.707106781186548,1.,
0.707106781186548,1.,0.707106781186548,1.,0.707106781186548,1.),(1.,0.707106781186548,
1.,0.707106781186548,1.,0.707106781186548,1.,0.707106781186548,1.),(1.,
0.707106781186548,1.,0.707106781186548,1.,0.707106781186548,1.,0.707106781186548,
1.),(1.,0.707106781186548,1.,0.707106781186548,1.,0.707106781186548,1.,
0.707106781186548,1.),(1.,0.707106781186548,1.,0.707106781186548,1.,0.707106781186548,
1.,0.707106781186548,1.),(1.,0.707106781186548,1.,0.707106781186548,1.,
0.707106781186548,1.,0.707106781186548,1.),(1.,0.707106781186548,1.,0.707106781186548,
1.,0.707106781186548,1.,0.707106781186548,1.),(1.,0.707106781186548,1.,
0.707106781186548,1.,0.707106781186548,1.,0.707106781186548,1.),(1.,0.707106781186548,
1.,0.707106781186548,1.,0.707106781186548,1.,0.707106781186548,1.),(1.,
0.707106781186548,1.,0.707106781186548,1.,0.707106781186548,1.,0.707106781186548,
1.),(1.,0.707106781186548,1.,0.707106781186548,1.,0.707106781186548,1.,
0.707106781186548,1.),(1.,0.707106781186548,1.,0.707106781186548,1.,0.707106781186548,
1.,0.707106781186548,1.),(1.,0.707106781186548,1.,0.707106781186548,1.,
0.707106781186548,1.,0.707106781186548,1.),(1.,0.707106781186548,1.,0.707106781186548,
1.,0.707106781186548,1.,0.707106781186548,1.),(1.,0.707106781186548,1.,
0.707106781186548,1.,0.707106781186548,1.,0.707106781186548,1.),(1.,0.707106781186548,
1.,0.707106781186548,1.,0.707106781186548,1.,0.707106781186548,1.),(1.,
0.707106781186548,1.,0.707106781186548,1.,0.707106781186548,1.,0.707106781186548,
1.),(1.,0.707106781186548,1.,0.707106781186548,1.,0.707106781186548,1.,
0.707106781186548,1.),(1.,0.707106781186548,1.,0.707106781186548,1.,0.707106781186548,
1.,0.707106781186548,1.),(1.,0.707106781186548,1.,0.707106781186548,1.,
0.707106781186548,1.,0.707106781186548,1.),(1.,0.707106781186548,1.,0.707106781186548,
1.,0.707106781186548,1.,0.707106781186548,1.),(1.,0.707106781186548,1.,
0.707106781186548,1.,0.707106781186548,1.,0.707106781186548,1.),(1.,0.707106781186548,
1.,0.707106781186548,1.,0.707106781186548,1.,0.707106781186548,1.),(1.,
0.707106781186548,1.,0.707106781186548,1.,0.707106781186548,1.,0.707106781186548,
1.),(1.,0.707106781186548,1.,0.707106781186548,1.,0.707106781186548,1.,
0.707106781186548,1.),(1.,0.707106781186548,1.,0.707106781186548,1.,0.707106781186548,
1.,0.707106781186548,1.),(1.,0.707106781186548,1.,0.707106781186548,1.,
0.707106781186548,1.,0.707106781186548,1.),(1.,0.707106781186548,1.,0.707106781186548,
1.,0.707106781186548,1.,0.707106781186548,1.),(1.,0.707106781186548,1.,
0.707106781186548,1.,0.707106781186548,1.,0.707106781186548,1.),(1.,0.707106781186548,
1.,0.707106781186548,1.,0.707106781186548,1.,0.707106781186548,1.),(1.,
0.707106781186548,1.,0.707106781186548,1.,0.707106781186548,1.,0.707106781186548,
1.),(1.,0.707106781186548,1.,0.707106781186548,1.,0.707106781186548,1.,
0.707106781186548,1.),(1.,0.707106781186548,1.,0.707106781186548,1.,0.707106781186548,
1.,0.707106781186548,1.),(1.,0.707106781186548,1.,0.707106781186548,1.,
0.707106781186548,1.,0.707106781186548,1.),(1.,0.707106781186548,1.,0.707106781186548,
1.,0.707106781186548,1.,0.707106781186548,1.),(1.,0.707106781186548,1.,
0.707106781186548,1.,0.707106781186548,1.,0.707106781186548,1.),(1.,0.707106781186548,
1.,0.707106781186548,1.,0.707106781186548,1.,0.707106781186548,1.),(1.,
0.707106781186548,1.,0.707106781186548,1.,0.707106781186548,1.,0.707106781186548,
1.),(1.,0.707106781186548,1.,0.707106781186548,1.,0.707106781186548,1.,
0.707106781186548,1.),(1.,0.707106781186548,1.,0.707106781186548,1.,0.707106781186548,
1.,0.707106781186548,1.),(1.,0.707106781186548,1.,0.707106781186548,1.,
0.707106781186548,1.,0.707106781186548,1.),(1.,0.707106781186548,1.,0.707106781186548,
1.,0.707106781186548,1.,0.707106781186548,1.),(1.,0.707106781186548,1.,
0.707106781186548,1.,0.707106781186548,1.,0.707106781186548,1.),(1.,0.707106781186548,
1.,0.707106781186548,1.,0.707106781186548,1.,0.707106781186548,1.),(1.,
0.707106781186548,1.,0.707106781186548,1.,0.707106781186548,1.,0.707106781186548,
1.),(1.,0.707106781186548,1.,0.707106781186548,1.,0.707106781186548,1.,
0.707106781186548,1.),(1.,0.707106781186548,1.,0.707106781186548,1.,0.707106781186548,
1.,0.707106781186548,1.),(1.,0.707106781186548,1.,0.707106781186548,1.,
0.707106781186548,1.,0.707106781186548,1.),(1.,0.707106781186548,1.,0.707106781186548,
1.,0.707106781186548,1.,0.707106781186548,1.),(1.,0.707106781186548,1.,
0.707106781186548,1.,0.707106781186548,1.,0.707106781186548,1.),(1.,0.707106781186548,
1.,0.707106781186548,1.,0.707106781186548,1.,0.707106781186548,1.),(1.,
0.707106781186548,1.,0.707106781186548,1.,0.707106781186548,1.,0.707106781186548,
1.),(1.,0.707106781186548,1.,0.707106781186548,1.,0.707106781186548,1.,
0.707106781186548,1.),(1.,0.707106781186548,1.,0.707106781186548,1.,0.707106781186548,
1.,0.707106781186548,1.),(1.,0.707106781186548,1.,0.707106781186548,1.,
0.707106781186548,1.,0.707106781186548,1.),(1.,0.707106781186548,1.,0.707106781186548,
1.,0.707106781186548,1.,0.707106781186548,1.),(1.,0.707106781186548,1.,
0.707106781186548,1.,0.707106781186548,1.,0.707106781186548,1.),(1.,0.707106781186548,
1.,0.707106781186548,1.,0.707106781186548,1.,0.707106781186548,1.),(1.,
0.707106781186548,1.,0.707106781186548,1.,0.707106781186548,1.,0.707106781186548,
1.),(1.,0.707106781186548,1.,0.707106781186548,1.,0.707106781186548,1.,
0.707106781186548,1.),(1.,0.707106781186548,1.,0.707106781186548,1.,0.707106781186548,
1.,0.707106781186548,1.),(1.,0.707106781186548,1.,0.707106781186548,1.,
0.707106781186548,1.,0.707106781186548,1.),(1.,0.707106781186548,1.,0.707106781186548,
1.,0.707106781186548,1.,0.707106781186548,1.),(1.,0.707106781186548,1.,
0.707106781186548,1.,0.707106781186548,1.,0.707106781186548,1.),(1.,0.707106781186548,
1.,0.707106781186548,1.,0.707106781186548,1.,0.707106781186548,1.)))
REPRESENTATION_ITEM('')
SURFACE()
);
#31=FACE_OUTER_BOUND('',#43,.T.);
#32=FACE_OUTER_BOUND('',#44,.T.);
#33=FACE_OUTER_BOUND('',#45,.T.);
#34=FACE_OUTER_BOUND('',#47,.T.);
#35=FACE_OUTER_BOUND('',#48,.T.);
#36=FACE_OUTER_BOUND('',#49,.T.);
#37=FACE_OUTER_BOUND('',#50,.T.);
#38=FACE_OUTER_BOUND('',#51,.T.);
#39=FACE_OUTER_BOUND('',#52,.T.);
#40=FACE_OUTER_BOUND('',#53,.T.);
#41=FACE_OUTER_BOUND('',#54,.T.);
#42=FACE_OUTER_BOUND('',#55,.T.);
#43=EDGE_LOOP('',(#110,#111,#112,#113));
#44=EDGE_LOOP('',(#114,#115,#116,#117));
#45=EDGE_LOOP('',(#118));
#46=EDGE_LOOP('',(#119));
#47=EDGE_LOOP('',(#120,#121,#122,#123));
#48=EDGE_LOOP('',(#124,#125,#126,#127,#128));
#49=EDGE_LOOP('',(#129,#130,#131,#132));
#50=EDGE_LOOP('',(#133));
#51=EDGE_LOOP('',(#134,#135,#136,#137,#138));
#52=EDGE_LOOP('',(#139,#140,#141,#142,#143));
#53=EDGE_LOOP('',(#144,#145,#146,#147));
#54=EDGE_LOOP('',(#148));
#55=EDGE_LOOP('',(#149,#150,#151,#152,#153));
#56=B_SPLINE_CURVE_WITH_KNOTS('',3,(#366,#367,#368,#369,#370,#371,#372,
#373,#374,#375,#376,#377,#378,#379,#380,#381,#382),.UNSPECIFIED.,.T.,.F.,
(4,1,1,1,1,1,1,1,1,1,1,1,1,1,4),(4.37327143575559,4.71752136542586,5.06177129509613,
5.40602122476639,5.75027115443666,6.20927106066369,6.4387710137772,6.89777092000422,
7.12727087311773,7.471520802788,7.81577073245827,8.16002066212853,8.5042705917988,
8.84852052146907,9.19277045113933),.UNSPECIFIED.);
#57=B_SPLINE_CURVE_WITH_KNOTS('',3,(#383,#384,#385,#386,#387,#388,#389,
#390,#391,#392,#393,#394,#395,#396,#397,#398,#399),.UNSPECIFIED.,.T.,.F.,
(4,1,1,1,1,1,1,1,1,1,1,1,1,1,4),(-9.19277045113933,-8.84852052146907,-8.5042705917988,
-8.16002066212853,-7.81577073245827,-7.471520802788,-7.12727087311773,-6.89777092000422,
-6.4387710137772,-6.20927106066369,-5.75027115443666,-5.40602122476639,
-5.06177129509613,-4.71752136542586,-4.37327143575559),.UNSPECIFIED.);
#58=B_SPLINE_CURVE_WITH_KNOTS('',3,(#626,#627,#628,#629,#630,#631,#632,
#633,#634,#635,#636,#637,#638,#639,#640,#641,#642,#643,#644,#645,#646,#647),
 .UNSPECIFIED.,.F.,.F.,(4,3,3,3,3,3,3,4),(0.830046015988076,0.835635943833932,
0.858592445984637,0.895614457897327,0.920096023449812,0.949973670216679,
0.97526371052454,0.999984108834615),.UNSPECIFIED.);
#59=B_SPLINE_CURVE_WITH_KNOTS('',3,(#648,#649,#650,#651,#652,#653,#654,
#655,#656,#657,#658,#659,#660,#661,#662,#663,#664,#665,#666,#667,#668,#669,
#670,#671,#672,#673,#674,#675,#676,#677,#678,#679,#680,#681,#682,#683,#684,
#685,#686),.UNSPECIFIED.,.T.,.F.,(4,2,3,2,2,2,2,2,2,2,2,2,2,2,2,2,2,2,4),
(6.35585905849703,6.54269972509584,6.78067835734571,7.20099309686878,7.62130783639184,
8.04162257591491,8.46193731543797,8.88225205496104,9.3025667944841,9.72288153400717,
10.1431962735302,10.5635110130533,10.9838257525764,11.4041404920994,11.8244552316225,
12.2447699711456,12.6650847106686,13.0853994501917,13.1365374158427),
 .UNSPECIFIED.);
#60=B_SPLINE_CURVE_WITH_KNOTS('',3,(#689,#690,#691,#692,#693,#694,#695,
#696,#697,#698,#699,#700,#701,#702,#703,#704,#705),.UNSPECIFIED.,.T.,.F.,
(4,1,1,1,1,1,1,1,1,1,1,1,1,1,4),(-6.28318530717959,-5.83438635666676,-5.38558740615393,
-5.08638810581205,-4.48798950512828,-4.18879020478639,-3.59039160410262,
-3.29119230376074,-2.69279370307697,-2.0943951023932,-1.79519580205131,
-1.34639685153848,-0.897597901025655,-0.448798950512828,0.),
 .UNSPECIFIED.);
#61=B_SPLINE_CURVE_WITH_KNOTS('',3,(#776,#777,#778,#779,#780,#781,#782,
#783,#784,#785,#786,#787,#788,#789,#790,#791,#792),.UNSPECIFIED.,.T.,.F.,
(4,1,1,1,1,1,1,1,1,1,1,1,1,1,4),(0.,0.448798950512828,0.897597901025655,
1.34639685153848,1.79519580205131,2.0943951023932,2.69279370307697,3.29119230376074,
3.59039160410262,4.18879020478639,4.48798950512828,5.08638810581205,5.38558740615393,
5.83438635666676,6.28318530717959),.UNSPECIFIED.);
#62=B_SPLINE_CURVE_WITH_KNOTS('',3,(#2163,#2164,#2165,#2166,#2167,#2168,
#2169,#2170,#2171,#2172,#2173,#2174,#2175,#2176,#2177,#2178,#2179,#2180,
#2181,#2182,#2183,#2184,#2185,#2186,#2187,#2188,#2189,#2190,#2191,#2192,
#2193,#2194,#2195,#2196,#2197,#2198,#2199,#2200,#2201,#2202,#2203,#2204,
#2205,#2206,#2207,#2208,#2209,#2210,#2211,#2212,#2213,#2214,#2215,#2216,
#2217,#2218,#2219,#2220,#2221,#2222,#2223,#2224,#2225,#2226,#2227,#2228,
#2229),.UNSPECIFIED.,.F.,.F.,(4,3,3,3,3,3,3,3,3,3,3,3,3,3,3,3,3,3,3,3,3,
3,4),(0.,0.0227125782513227,0.0740614111436982,0.116549625860558,0.166372568642917,
0.204909719066106,0.245206557587404,0.292284294610652,0.344926411256557,
0.389713238019961,0.436691262728657,0.485796720400891,0.513759547973673,
0.541586097991289,0.577691837857375,0.617793637803031,0.664984711395013,
0.705351316208726,0.743578826522923,0.764532053453928,0.77685622435543,
0.789097478791373,0.795168770582855),.UNSPECIFIED.);
#63=CIRCLE('',#182,0.999999999999908);
#64=CIRCLE('',#184,0.999999999999908);
#65=CIRCLE('',#185,30.);
#66=CIRCLE('',#186,30.);
#67=CIRCLE('',#188,25.);
#68=CIRCLE('',#189,2.5);
#69=CIRCLE('',#190,27.5);
#70=CIRCLE('',#193,27.5);
#71=CIRCLE('',#194,27.5);
#72=CIRCLE('',#196,30.);
#73=CIRCLE('',#197,5.);
#74=CIRCLE('',#198,25.);
#75=VERTEX_POINT('',#363);
#76=VERTEX_POINT('',#364);
#77=VERTEX_POINT('',#625);
#78=VERTEX_POINT('',#688);
#79=VERTEX_POINT('',#774);
#80=VERTEX_POINT('',#1468);
#81=VERTEX_POINT('',#1544);
#82=VERTEX_POINT('',#1548);
#83=VERTEX_POINT('',#1550);
#84=VERTEX_POINT('',#1555);
#85=VERTEX_POINT('',#1557);
#86=VERTEX_POINT('',#2231);
#87=VERTEX_POINT('',#2233);
#88=EDGE_CURVE('',#75,#76,#63,.T.);
#89=EDGE_CURVE('',#76,#76,#56,.T.);
#90=EDGE_CURVE('',#75,#75,#57,.T.);
#91=EDGE_CURVE('',#77,#76,#58,.T.);
#92=EDGE_CURVE('',#77,#77,#59,.T.);
#93=EDGE_CURVE('',#78,#78,#60,.T.);
#94=EDGE_CURVE('',#78,#79,#64,.T.);
#95=EDGE_CURVE('',#79,#79,#61,.T.);
#96=EDGE_CURVE('',#80,#79,#23,.T.);
#97=EDGE_CURVE('',#80,#81,#65,.T.);
#98=EDGE_CURVE('',#81,#80,#66,.T.);
#99=EDGE_CURVE('',#82,#82,#67,.T.);
#100=EDGE_CURVE('',#82,#83,#68,.T.);
#101=EDGE_CURVE('',#83,#83,#69,.T.);
#102=EDGE_CURVE('',#83,#84,#15,.T.);
#103=EDGE_CURVE('',#84,#85,#70,.T.);
#104=EDGE_CURVE('',#85,#84,#71,.T.);
#105=EDGE_CURVE('',#85,#77,#62,.T.);
#106=EDGE_CURVE('',#86,#86,#72,.T.);
#107=EDGE_CURVE('',#86,#87,#73,.T.);
#108=EDGE_CURVE('',#87,#87,#74,.T.);
#109=EDGE_CURVE('',#81,#86,#16,.T.);
#110=ORIENTED_EDGE('',*,*,#88,.T.);
#111=ORIENTED_EDGE('',*,*,#89,.T.);
#112=ORIENTED_EDGE('',*,*,#88,.F.);
#113=ORIENTED_EDGE('',*,*,#90,.T.);
#114=ORIENTED_EDGE('',*,*,#89,.F.);
#115=ORIENTED_EDGE('',*,*,#91,.F.);
#116=ORIENTED_EDGE('',*,*,#92,.T.);
#117=ORIENTED_EDGE('',*,*,#91,.T.);
#118=ORIENTED_EDGE('',*,*,#93,.F.);
#119=ORIENTED_EDGE('',*,*,#90,.F.);
#120=ORIENTED_EDGE('',*,*,#94,.T.);
#121=ORIENTED_EDGE('',*,*,#95,.T.);
#122=ORIENTED_EDGE('',*,*,#94,.F.);
#123=ORIENTED_EDGE('',*,*,#93,.T.);
#124=ORIENTED_EDGE('',*,*,#95,.F.);
#125=ORIENTED_EDGE('',*,*,#96,.F.);
#126=ORIENTED_EDGE('',*,*,#97,.T.);
#127=ORIENTED_EDGE('',*,*,#98,.T.);
#128=ORIENTED_EDGE('',*,*,#96,.T.);
#129=ORIENTED_EDGE('',*,*,#99,.F.);
#130=ORIENTED_EDGE('',*,*,#100,.T.);
#131=ORIENTED_EDGE('',*,*,#101,.F.);
#132=ORIENTED_EDGE('',*,*,#100,.F.);
#133=ORIENTED_EDGE('',*,*,#99,.T.);
#134=ORIENTED_EDGE('',*,*,#101,.T.);
#135=ORIENTED_EDGE('',*,*,#102,.T.);
#136=ORIENTED_EDGE('',*,*,#103,.T.);
#137=ORIENTED_EDGE('',*,*,#104,.T.);
#138=ORIENTED_EDGE('',*,*,#102,.F.);
#139=ORIENTED_EDGE('',*,*,#92,.F.);
#140=ORIENTED_EDGE('',*,*,#105,.F.);
#141=ORIENTED_EDGE('',*,*,#103,.F.);
#142=ORIENTED_EDGE('',*,*,#104,.F.);
#143=ORIENTED_EDGE('',*,*,#105,.T.);
#144=ORIENTED_EDGE('',*,*,#106,.T.);
#145=ORIENTED_EDGE('',*,*,#107,.T.);
#146=ORIENTED_EDGE('',*,*,#108,.T.);
#147=ORIENTED_EDGE('',*,*,#107,.F.);
#148=ORIENTED_EDGE('',*,*,#108,.F.);
#149=ORIENTED_EDGE('',*,*,#97,.F.);
#150=ORIENTED_EDGE('',*,*,#98,.F.);
#151=ORIENTED_EDGE('',*,*,#109,.T.);
#152=ORIENTED_EDGE('',*,*,#106,.F.);
#153=ORIENTED_EDGE('',*,*,#109,.F.);
#154=B_SPLINE_SURFACE_WITH_KNOTS('',3,3,((#244,#245,#246,#247,#248,#249,
#250,#251,#252,#253,#254,#255,#256,#257,#258,#259,#260),(#261,#262,#263,
#264,#265,#266,#267,#268,#269,#270,#271,#272,#273,#274,#275,#276,#277),
(#278,#279,#280,#281,#282,#283,#284,#285,#286,#287,#288,#289,#290,#291,
#292,#293,#294),(#295,#296,#297,#298,#299,#300,#301,#302,#303,#304,#305,
#306,#307,#308,#309,#310,#311),(#312,#313,#314,#315,#316,#317,#318,#319,
#320,#321,#322,#323,#324,#325,#326,#327,#328),(#329,#330,#331,#332,#333,
#334,#335,#336,#337,#338,#339,#340,#341,#342,#343,#344,#345),(#346,#347,
#348,#349,#350,#351,#352,#353,#354,#355,#356,#357,#358,#359,#360,#361,#362)),
 .UNSPECIFIED.,.F.,.T.,.F.,(4,1,1,1,4),(4,1,1,1,1,1,1,1,1,1,1,1,1,1,4),
(0.,0.285714285714286,0.571428571428571,0.785714285714286,1.),(4.37327143575559,
4.71752136542586,5.06177129509613,5.40602122476639,5.75027115443666,6.20927106066369,
6.4387710137772,6.89777092000422,7.12727087311773,7.471520802788,7.81577073245827,
8.16002066212853,8.5042705917988,8.84852052146907,9.19277045113933),
 .UNSPECIFIED.);
#155=B_SPLINE_SURFACE_WITH_KNOTS('',3,3,((#706,#707,#708,#709,#710,#711,
#712,#713,#714,#715,#716,#717,#718,#719,#720,#721,#722),(#723,#724,#725,
#726,#727,#728,#729,#730,#731,#732,#733,#734,#735,#736,#737,#738,#739),
(#740,#741,#742,#743,#744,#745,#746,#747,#748,#749,#750,#751,#752,#753,
#754,#755,#756),(#757,#758,#759,#760,#761,#762,#763,#764,#765,#766,#767,
#768,#769,#770,#771,#772,#773)),.UNSPECIFIED.,.F.,.T.,.F.,(4,4),(4,1,1,
1,1,1,1,1,1,1,1,1,1,1,4),(0.,1.),(0.,0.448798950512828,0.897597901025655,
1.34639685153848,1.79519580205131,2.0943951023932,2.69279370307697,3.29119230376074,
3.59039160410262,4.18879020478639,4.48798950512828,5.08638810581205,5.38558740615393,
5.83438635666676,6.28318530717959),.UNSPECIFIED.);
#156=ADVANCED_FACE('',(#31),#154,.F.);
#157=ADVANCED_FACE('',(#32),#28,.F.);
#158=ADVANCED_FACE('',(#33,#24),#25,.T.);
#159=ADVANCED_FACE('',(#34),#155,.F.);
#160=ADVANCED_FACE('',(#35),#29,.T.);
#161=ADVANCED_FACE('',(#36),#21,.F.);
#162=ADVANCED_FACE('',(#37),#26,.F.);
#163=ADVANCED_FACE('',(#38),#19,.F.);
#164=ADVANCED_FACE('',(#39),#30,.F.);
#165=ADVANCED_FACE('',(#40),#22,.T.);
#166=ADVANCED_FACE('',(#41),#27,.T.);
#167=ADVANCED_FACE('',(#42),#20,.T.);
#168=CLOSED_SHELL('',(#156,#157,#158,#159,#160,#161,#162,#163,#164,#165,
#166,#167));
#169=DERIVED_UNIT_ELEMENT(#171,1.);
#170=DERIVED_UNIT_ELEMENT(#2244,-3.);
#171=(
MASS_UNIT()
NAMED_UNIT(*)
SI_UNIT(.KILO.,.GRAM.)
);
#172=DERIVED_UNIT((#169,#170));
#173=MEASURE_REPRESENTATION_ITEM('density measure',
POSITIVE_RATIO_MEASURE(7850.),#172);
#174=PROPERTY_DEFINITION_REPRESENTATION(#179,#176);
#175=PROPERTY_DEFINITION_REPRESENTATION(#180,#177);
#176=REPRESENTATION('material name',(#178),#2241);
#177=REPRESENTATION('density',(#173),#2241);
#178=DESCRIPTIVE_REPRESENTATION_ITEM('Steel','Steel');
#179=PROPERTY_DEFINITION('material property','material name',#2251);
#180=PROPERTY_DEFINITION('material property','density of part',#2251);
#181=AXIS2_PLACEMENT_3D('',#243,#201,#202);
#182=AXIS2_PLACEMENT_3D('',#365,#203,#204);
#183=AXIS2_PLACEMENT_3D('',#687,#205,#206);
#184=AXIS2_PLACEMENT_3D('',#775,#207,#208);
#185=AXIS2_PLACEMENT_3D('',#1545,#209,#210);
#186=AXIS2_PLACEMENT_3D('',#1546,#211,#212);
#187=AXIS2_PLACEMENT_3D('',#1547,#213,#214);
#188=AXIS2_PLACEMENT_3D('',#1549,#215,#216);
#189=AXIS2_PLACEMENT_3D('',#1551,#217,#218);
#190=AXIS2_PLACEMENT_3D('',#1552,#219,#220);
#191=AXIS2_PLACEMENT_3D('',#1553,#221,#222);
#192=AXIS2_PLACEMENT_3D('',#1554,#223,#224);
#193=AXIS2_PLACEMENT_3D('',#1558,#226,#227);
#194=AXIS2_PLACEMENT_3D('',#1559,#228,#229);
#195=AXIS2_PLACEMENT_3D('',#2230,#230,#231);
#196=AXIS2_PLACEMENT_3D('',#2232,#232,#233);
#197=AXIS2_PLACEMENT_3D('',#2234,#234,#235);
#198=AXIS2_PLACEMENT_3D('',#2235,#236,#237);
#199=AXIS2_PLACEMENT_3D('',#2236,#238,#239);
#200=AXIS2_PLACEMENT_3D('',#2237,#240,#241);
#201=DIRECTION('axis',(0.,0.,1.));
#202=DIRECTION('refdir',(1.,0.,0.));
#203=DIRECTION('center_axis',(-5.39558545656116E-15,-1.,0.));
#204=DIRECTION('ref_axis',(0.,0.,1.));
#205=DIRECTION('center_axis',(0.,0.,1.));
#206=DIRECTION('ref_axis',(1.,0.,0.));
#207=DIRECTION('center_axis',(0.,1.,0.));
#208=DIRECTION('ref_axis',(0.,0.,1.));
#209=DIRECTION('center_axis',(0.,0.,1.));
#210=DIRECTION('ref_axis',(1.,0.,0.));
#211=DIRECTION('center_axis',(0.,0.,1.));
#212=DIRECTION('ref_axis',(1.,0.,0.));
#213=DIRECTION('center_axis',(0.,0.,1.));
#214=DIRECTION('ref_axis',(1.,0.,0.));
#215=DIRECTION('center_axis',(0.,0.,1.));
#216=DIRECTION('ref_axis',(-1.,1.22464679914735E-16,0.));
#217=DIRECTION('center_axis',(-1.22464679914735E-16,1.,0.));
#218=DIRECTION('ref_axis',(-1.,-1.22464679914735E-16,0.));
#219=DIRECTION('center_axis',(0.,0.,-1.));
#220=DIRECTION('ref_axis',(-1.,1.22464679914735E-16,0.));
#221=DIRECTION('center_axis',(0.,0.,-1.));
#222=DIRECTION('ref_axis',(-1.,0.,0.));
#223=DIRECTION('center_axis',(0.,0.,1.));
#224=DIRECTION('ref_axis',(1.,0.,0.));
#225=DIRECTION('',(0.,0.,1.));
#226=DIRECTION('center_axis',(0.,0.,1.));
#227=DIRECTION('ref_axis',(1.,0.,0.));
#228=DIRECTION('center_axis',(0.,0.,1.));
#229=DIRECTION('ref_axis',(1.,0.,0.));
#230=DIRECTION('center_axis',(0.,0.,1.));
#231=DIRECTION('ref_axis',(1.,0.,0.));
#232=DIRECTION('center_axis',(0.,0.,-1.));
#233=DIRECTION('ref_axis',(-1.,1.22464679914735E-16,0.));
#234=DIRECTION('center_axis',(1.22464679914735E-16,-1.,0.));
#235=DIRECTION('ref_axis',(-1.,-1.22464679914735E-16,0.));
#236=DIRECTION('center_axis',(0.,0.,1.));
#237=DIRECTION('ref_axis',(-1.,1.22464679914735E-16,0.));
#238=DIRECTION('center_axis',(0.,0.,-1.));
#239=DIRECTION('ref_axis',(-1.,0.,0.));
#240=DIRECTION('center_axis',(0.,0.,1.));
#241=DIRECTION('ref_axis',(1.,0.,0.));
#242=DIRECTION('',(0.,0.,-1.));
#243=CARTESIAN_POINT('',(0.,0.,0.));
#244=CARTESIAN_POINT('Ctrl Pts',(9.13606718083068,1.66533453693773E-15,
238.333940240593));
#245=CARTESIAN_POINT('Ctrl Pts',(9.13606718083068,-1.36669137626649,238.333940240593));
#246=CARTESIAN_POINT('Ctrl Pts',(8.51309547785158,-4.09843866163058,238.333940240593));
#247=CARTESIAN_POINT('Ctrl Pts',(5.89020186883088,-7.38873934647222,238.333940240593));
#248=CARTESIAN_POINT('Ctrl Pts',(2.1042766466918,-9.20875760809293,238.333940240594));
#249=CARTESIAN_POINT('Ctrl Pts',(-2.57518661405534,-9.21646073125764,238.333940240593));
#250=CARTESIAN_POINT('Ctrl Pts',(-6.28077552999563,-7.07386815109569,238.333940240594));
#251=CARTESIAN_POINT('Ctrl Pts',(-8.88047955938515,-3.26102265758239,238.333940240593));
#252=CARTESIAN_POINT('Ctrl Pts',(-9.44508724153895,0.500064819549238,238.333940240593));
#253=CARTESIAN_POINT('Ctrl Pts',(-8.21854521975722,4.4654176892154,238.333940240593));
#254=CARTESIAN_POINT('Ctrl Pts',(-5.8914307432253,7.38641088306723,238.333940240593));
#255=CARTESIAN_POINT('Ctrl Pts',(-2.10122277431469,9.21132779916506,238.333940240594));
#256=CARTESIAN_POINT('Ctrl Pts',(2.10221235675913,9.21094996568785,238.333940240594));
#257=CARTESIAN_POINT('Ctrl Pts',(5.89150111397332,7.38794924740447,238.333940240594));
#258=CARTESIAN_POINT('Ctrl Pts',(8.51249505063702,4.09927362589224,238.333940240593));
#259=CARTESIAN_POINT('Ctrl Pts',(9.13606718083062,1.36669137626649,238.333940240594));
#260=CARTESIAN_POINT('Ctrl Pts',(9.13606718083062,0.,238.333940240594));
#261=CARTESIAN_POINT('Ctrl Pts',(8.99018677056908,1.69676460447524E-15,
238.497306906278));
#262=CARTESIAN_POINT('Ctrl Pts',(8.99018677056908,-1.34481838252189,238.497306906278));
#263=CARTESIAN_POINT('Ctrl Pts',(8.37710958903769,-4.03294384493577,238.497306906278));
#264=CARTESIAN_POINT('Ctrl Pts',(5.79607474137933,-7.27065924224939,238.497306906278));
#265=CARTESIAN_POINT('Ctrl Pts',(2.07067997120503,-9.0615899951237,238.497306906278));
#266=CARTESIAN_POINT('Ctrl Pts',(-2.53404508748622,-9.06915613179116,238.497306906278));
#267=CARTESIAN_POINT('Ctrl Pts',(-6.18039009128622,-6.96082032809902,238.497306906278));
#268=CARTESIAN_POINT('Ctrl Pts',(-8.73853979987978,-3.20891173870111,238.497306906278));
#269=CARTESIAN_POINT('Ctrl Pts',(-9.29415104129975,0.492108706825606,238.497306906278));
#270=CARTESIAN_POINT('Ctrl Pts',(-8.08720469085278,4.39403387259579,238.497306906278));
#271=CARTESIAN_POINT('Ctrl Pts',(-5.79729826598462,7.26835545618025,238.497306906278));
#272=CARTESIAN_POINT('Ctrl Pts',(-2.06763482502587,9.06409489138571,238.497306906278));
#273=CARTESIAN_POINT('Ctrl Pts',(2.06865124356642,9.06374622133045,238.497306906278));
#274=CARTESIAN_POINT('Ctrl Pts',(5.79735788553608,7.26987831728489,238.497306906278));
#275=CARTESIAN_POINT('Ctrl Pts',(8.37651935424046,4.03376523880868,238.497306906278));
#276=CARTESIAN_POINT('Ctrl Pts',(8.99018677056905,1.3448183825219,238.497306906278));
#277=CARTESIAN_POINT('Ctrl Pts',(8.99018677056905,-1.88580405224984E-17,
238.497306906278));
#278=CARTESIAN_POINT('Ctrl Pts',(8.8102567888467,9.09189261823274E-16,238.92318497136));
#279=CARTESIAN_POINT('Ctrl Pts',(8.8102567888467,-1.31790644701535,238.92318497136));
#280=CARTESIAN_POINT('Ctrl Pts',(8.20945324109996,-3.95223182121419,238.92318497136));
#281=CARTESIAN_POINT('Ctrl Pts',(5.6800768096554,-7.12515056411076,238.92318497136));
#282=CARTESIAN_POINT('Ctrl Pts',(2.02923706832576,-8.88023928747277,238.92318497136));
#283=CARTESIAN_POINT('Ctrl Pts',(-2.48333006208203,-8.88765491730281,238.92318497136));
#284=CARTESIAN_POINT('Ctrl Pts',(-6.056701894037,-6.82151247813873,238.92318497136));
#285=CARTESIAN_POINT('Ctrl Pts',(-8.56365555139796,-3.14469110893495,238.92318497136));
#286=CARTESIAN_POINT('Ctrl Pts',(-9.10814551644869,0.48225773086263,238.92318497136));
#287=CARTESIAN_POINT('Ctrl Pts',(-7.92535432794237,4.30609690623979,238.92318497136));
#288=CARTESIAN_POINT('Ctrl Pts',(-5.68127490561014,7.12289371040586,238.92318497136));
#289=CARTESIAN_POINT('Ctrl Pts',(-2.02625550745696,8.88269564978748,238.92318497136));
#290=CARTESIAN_POINT('Ctrl Pts',(2.02724877226468,8.88235243303832,238.92318497136));
#291=CARTESIAN_POINT('Ctrl Pts',(5.68133396668063,7.12438549553245,238.92318497136));
#292=CARTESIAN_POINT('Ctrl Pts',(8.20887477939415,3.95303679137134,238.92318497136));
#293=CARTESIAN_POINT('Ctrl Pts',(8.8102567888467,1.31790644701539,238.92318497136));
#294=CARTESIAN_POINT('Ctrl Pts',(8.8102567888467,-9.4836787994636E-16,238.92318497136));
#295=CARTESIAN_POINT('Ctrl Pts',(8.97171621987434,-2.05366505053245E-15,
239.537443994092));
#296=CARTESIAN_POINT('Ctrl Pts',(8.97171621987434,-1.34204789709242,239.537443994092));
#297=CARTESIAN_POINT('Ctrl Pts',(8.35989072369593,-4.02465015782462,239.537443994092));
#298=CARTESIAN_POINT('Ctrl Pts',(5.78415532793653,-7.25570651564917,239.537443994092));
#299=CARTESIAN_POINT('Ctrl Pts',(2.06642622204655,-9.04295382332354,239.537443994092));
#300=CARTESIAN_POINT('Ctrl Pts',(-2.52883551764752,-9.05050232337021,239.537443994092));
#301=CARTESIAN_POINT('Ctrl Pts',(-6.16767783024473,-6.94650485581487,239.537443994092));
#302=CARTESIAN_POINT('Ctrl Pts',(-8.72056525815469,-3.20231290460781,239.537443994092));
#303=CARTESIAN_POINT('Ctrl Pts',(-9.27503781705238,0.491101948156876,239.537443994092));
#304=CARTESIAN_POINT('Ctrl Pts',(-8.07057278560664,4.38499394264986,239.537443994092));
#305=CARTESIAN_POINT('Ctrl Pts',(-5.78537847331544,7.2534055929207,239.537443994092));
#306=CARTESIAN_POINT('Ctrl Pts',(-2.06338134440583,9.04544994566038,239.537443994092));
#307=CARTESIAN_POINT('Ctrl Pts',(2.06440205142975,9.04510545128163,239.537443994092));
#308=CARTESIAN_POINT('Ctrl Pts',(5.78543653050174,7.25492668036145,239.537443994092));
#309=CARTESIAN_POINT('Ctrl Pts',(8.35930179204431,4.02546982851876,239.537443994092));
#310=CARTESIAN_POINT('Ctrl Pts',(8.97171621987438,1.34204789709247,239.537443994092));
#311=CARTESIAN_POINT('Ctrl Pts',(8.97171621987438,-4.13871332192943E-15,
239.537443994092));
#312=CARTESIAN_POINT('Ctrl Pts',(9.38973885377429,-5.26590073390591E-15,
239.917092479323));
#313=CARTESIAN_POINT('Ctrl Pts',(9.38973885377428,-1.40465345612829,239.917092479323));
#314=CARTESIAN_POINT('Ctrl Pts',(8.74948504641339,-4.21225107169818,239.917092479323));
#315=CARTESIAN_POINT('Ctrl Pts',(6.05377076192978,-7.59392382766203,239.917092479323));
#316=CARTESIAN_POINT('Ctrl Pts',(2.16270291560213,-9.46448427042157,239.917092479323));
#317=CARTESIAN_POINT('Ctrl Pts',(-2.64669556516826,-9.47240533213589,239.917092479323));
#318=CARTESIAN_POINT('Ctrl Pts',(-6.45519539864711,-7.27030860779031,239.917092479323));
#319=CARTESIAN_POINT('Ctrl Pts',(-9.12709530577411,-3.35157980468866,239.917092479323));
#320=CARTESIAN_POINT('Ctrl Pts',(-9.70737437000861,0.513941284604465,239.917092479323));
#321=CARTESIAN_POINT('Ctrl Pts',(-8.44677309376618,4.58942810265373,239.917092479323));
#322=CARTESIAN_POINT('Ctrl Pts',(-6.05502962046877,7.59153433599516,239.917092479323));
#323=CARTESIAN_POINT('Ctrl Pts',(-2.15957585387366,9.46713285553023,239.917092479323));
#324=CARTESIAN_POINT('Ctrl Pts',(2.16058055488651,9.46673782696139,239.917092479323));
#325=CARTESIAN_POINT('Ctrl Pts',(6.05510473561062,7.59311278832624,239.917092479323));
#326=CARTESIAN_POINT('Ctrl Pts',(8.7488677723829,4.21310928854794,239.917092479323));
#327=CARTESIAN_POINT('Ctrl Pts',(9.38973885377431,1.40465345612833,239.917092479323));
#328=CARTESIAN_POINT('Ctrl Pts',(9.38973885377431,-7.50876757260879E-15,
239.917092479323));
#329=CARTESIAN_POINT('Ctrl Pts',(9.71770056127457,-6.9944735723635E-15,
240.));
#330=CARTESIAN_POINT('Ctrl Pts',(9.71770056127457,-1.45363946136711,240.));
#331=CARTESIAN_POINT('Ctrl Pts',(9.05500519205331,-4.35929607553176,240.));
#332=CARTESIAN_POINT('Ctrl Pts',(6.26510242498376,-7.85901199234519,240.));
#333=CARTESIAN_POINT('Ctrl Pts',(2.23824620939579,-9.79486738410955,240.));
#334=CARTESIAN_POINT('Ctrl Pts',(-2.73910532109042,-9.80304418504303,240.));
#335=CARTESIAN_POINT('Ctrl Pts',(-6.68051525203615,-7.52410047846828,240.));
#336=CARTESIAN_POINT('Ctrl Pts',(-9.44567336025018,-3.46858216821842,240.));
#337=CARTESIAN_POINT('Ctrl Pts',(-10.0462485686521,0.531934973416547,240.));
#338=CARTESIAN_POINT('Ctrl Pts',(-8.74163362401569,4.74960325869497,240.));
#339=CARTESIAN_POINT('Ctrl Pts',(-6.26642660486807,7.85652033673731,240.));
#340=CARTESIAN_POINT('Ctrl Pts',(-2.23495002915605,9.79757219064474,240.));
#341=CARTESIAN_POINT('Ctrl Pts',(2.23605361037132,9.79719796926684,240.));
#342=CARTESIAN_POINT('Ctrl Pts',(6.26648994012355,7.85816747608377,240.));
#343=CARTESIAN_POINT('Ctrl Pts',(9.05436726331865,4.3601839117228,240.));
#344=CARTESIAN_POINT('Ctrl Pts',(9.71770056127458,1.45363946136713,240.));
#345=CARTESIAN_POINT('Ctrl Pts',(9.71770056127458,-9.2846082980881E-15,
240.));
#346=CARTESIAN_POINT('Ctrl Pts',(9.88196556325226,-7.70732843556284E-15,
240.));
#347=CARTESIAN_POINT('Ctrl Pts',(9.88196556325226,-1.47827252673851,240.));
#348=CARTESIAN_POINT('Ctrl Pts',(9.20813241449467,-4.43304858816207,240.));
#349=CARTESIAN_POINT('Ctrl Pts',(6.37109719929827,-7.99198017401695,240.));
#350=CARTESIAN_POINT('Ctrl Pts',(2.27607666915969,-9.9605906745574,240.));
#351=CARTESIAN_POINT('Ctrl Pts',(-2.78543326524983,-9.96892270587204,240.));
#352=CARTESIAN_POINT('Ctrl Pts',(-6.79355857060272,-7.65140186521254,240.));
#353=CARTESIAN_POINT('Ctrl Pts',(-9.60551093310053,-3.52726320476607,240.));
#354=CARTESIAN_POINT('Ctrl Pts',(-10.2162150316319,0.540891745689919,240.));
#355=CARTESIAN_POINT('Ctrl Pts',(-8.88953411070343,4.82998898289101,240.));
#356=CARTESIAN_POINT('Ctrl Pts',(-6.37242640301433,7.9894616072499,240.));
#357=CARTESIAN_POINT('Ctrl Pts',(-2.27277346866131,9.96337070442836,240.));
#358=CARTESIAN_POINT('Ctrl Pts',(2.27384384385063,9.96296202339126,240.));
#359=CARTESIAN_POINT('Ctrl Pts',(6.37250251906021,7.99112556867921,240.));
#360=CARTESIAN_POINT('Ctrl Pts',(9.20748296644007,4.43395172163487,240.));
#361=CARTESIAN_POINT('Ctrl Pts',(9.88196556325227,1.47827252673853,240.));
#362=CARTESIAN_POINT('Ctrl Pts',(9.88196556325227,-1.00063495162396E-14,
240.));
#363=CARTESIAN_POINT('',(9.88196556325227,-5.96744875736022E-15,240.));
#364=CARTESIAN_POINT('',(9.13606718083071,0.,238.333940240593));
#365=CARTESIAN_POINT('Origin',(9.88196556325226,-4.02455846426619E-15,239.));
#366=CARTESIAN_POINT('Ctrl Pts',(9.13606718083068,1.66533453693773E-15,
238.333940240593));
#367=CARTESIAN_POINT('Ctrl Pts',(9.13606718083068,-1.36669137626649,238.333940240593));
#368=CARTESIAN_POINT('Ctrl Pts',(8.51309547785158,-4.09843866163058,238.333940240593));
#369=CARTESIAN_POINT('Ctrl Pts',(5.89020186883088,-7.38873934647222,238.333940240593));
#370=CARTESIAN_POINT('Ctrl Pts',(2.1042766466918,-9.20875760809293,238.333940240594));
#371=CARTESIAN_POINT('Ctrl Pts',(-2.57518661405534,-9.21646073125764,238.333940240593));
#372=CARTESIAN_POINT('Ctrl Pts',(-6.28077552999563,-7.07386815109569,238.333940240594));
#373=CARTESIAN_POINT('Ctrl Pts',(-8.88047955938515,-3.26102265758239,238.333940240593));
#374=CARTESIAN_POINT('Ctrl Pts',(-9.44508724153895,0.500064819549238,238.333940240593));
#375=CARTESIAN_POINT('Ctrl Pts',(-8.21854521975722,4.4654176892154,238.333940240593));
#376=CARTESIAN_POINT('Ctrl Pts',(-5.8914307432253,7.38641088306723,238.333940240593));
#377=CARTESIAN_POINT('Ctrl Pts',(-2.10122277431469,9.21132779916506,238.333940240594));
#378=CARTESIAN_POINT('Ctrl Pts',(2.10221235675913,9.21094996568785,238.333940240594));
#379=CARTESIAN_POINT('Ctrl Pts',(5.89150111397332,7.38794924740447,238.333940240594));
#380=CARTESIAN_POINT('Ctrl Pts',(8.51249505063702,4.09927362589224,238.333940240593));
#381=CARTESIAN_POINT('Ctrl Pts',(9.13606718083062,1.36669137626649,238.333940240594));
#382=CARTESIAN_POINT('Ctrl Pts',(9.13606718083062,0.,238.333940240594));
#383=CARTESIAN_POINT('Ctrl Pts',(9.88196556325227,-1.00063495162396E-14,
240.));
#384=CARTESIAN_POINT('Ctrl Pts',(9.88196556325227,1.47827252673853,240.));
#385=CARTESIAN_POINT('Ctrl Pts',(9.20748296644007,4.43395172163487,240.));
#386=CARTESIAN_POINT('Ctrl Pts',(6.37250251906021,7.99112556867921,240.));
#387=CARTESIAN_POINT('Ctrl Pts',(2.27384384385063,9.96296202339126,240.));
#388=CARTESIAN_POINT('Ctrl Pts',(-2.27277346866131,9.96337070442836,240.));
#389=CARTESIAN_POINT('Ctrl Pts',(-6.37242640301433,7.9894616072499,240.));
#390=CARTESIAN_POINT('Ctrl Pts',(-8.88953411070343,4.82998898289101,240.));
#391=CARTESIAN_POINT('Ctrl Pts',(-10.2162150316319,0.540891745689919,240.));
#392=CARTESIAN_POINT('Ctrl Pts',(-9.60551093310053,-3.52726320476607,240.));
#393=CARTESIAN_POINT('Ctrl Pts',(-6.79355857060272,-7.65140186521254,240.));
#394=CARTESIAN_POINT('Ctrl Pts',(-2.78543326524983,-9.96892270587204,240.));
#395=CARTESIAN_POINT('Ctrl Pts',(2.27607666915969,-9.9605906745574,240.));
#396=CARTESIAN_POINT('Ctrl Pts',(6.37109719929827,-7.99198017401695,240.));
#397=CARTESIAN_POINT('Ctrl Pts',(9.20813241449467,-4.43304858816207,240.));
#398=CARTESIAN_POINT('Ctrl Pts',(9.88196556325226,-1.47827252673851,240.));
#399=CARTESIAN_POINT('Ctrl Pts',(9.88196556325226,-7.70732843556284E-15,
240.));
#400=CARTESIAN_POINT('Ctrl Pts',(0.943102959102859,0.,247.504048889124));
#401=CARTESIAN_POINT('Ctrl Pts',(0.943102959102859,0.943102959102859,247.504048889124));
#402=CARTESIAN_POINT('Ctrl Pts',(0.,0.943102959102859,247.504048889124));
#403=CARTESIAN_POINT('Ctrl Pts',(-0.943102959102859,0.943102959102859,247.504048889124));
#404=CARTESIAN_POINT('Ctrl Pts',(-0.943102959102859,0.,247.504048889124));
#405=CARTESIAN_POINT('Ctrl Pts',(-0.943102959102859,-0.943102959102859,
247.504048889124));
#406=CARTESIAN_POINT('Ctrl Pts',(0.,-0.943102959102859,247.504048889124));
#407=CARTESIAN_POINT('Ctrl Pts',(0.943102959102859,-0.943102959102859,247.504048889124));
#408=CARTESIAN_POINT('Ctrl Pts',(0.943102959102859,0.,247.504048889124));
#409=CARTESIAN_POINT('Ctrl Pts',(3.67396799030068,0.,244.447483760785));
#410=CARTESIAN_POINT('Ctrl Pts',(3.67396799030068,3.67396799030068,244.447483760785));
#411=CARTESIAN_POINT('Ctrl Pts',(0.,3.67396799030068,244.447483760785));
#412=CARTESIAN_POINT('Ctrl Pts',(-3.67396799030068,3.67396799030068,244.447483760785));
#413=CARTESIAN_POINT('Ctrl Pts',(-3.67396799030068,0.,244.447483760785));
#414=CARTESIAN_POINT('Ctrl Pts',(-3.67396799030068,-3.67396799030068,244.447483760785));
#415=CARTESIAN_POINT('Ctrl Pts',(0.,-3.67396799030068,244.447483760785));
#416=CARTESIAN_POINT('Ctrl Pts',(3.67396799030068,-3.67396799030068,244.447483760785));
#417=CARTESIAN_POINT('Ctrl Pts',(3.67396799030068,0.,244.447483760785));
#418=CARTESIAN_POINT('Ctrl Pts',(6.40483302149851,0.,241.390918632446));
#419=CARTESIAN_POINT('Ctrl Pts',(6.40483302149851,6.40483302149851,241.390918632446));
#420=CARTESIAN_POINT('Ctrl Pts',(0.,6.40483302149851,241.390918632446));
#421=CARTESIAN_POINT('Ctrl Pts',(-6.40483302149851,6.40483302149851,241.390918632446));
#422=CARTESIAN_POINT('Ctrl Pts',(-6.40483302149851,0.,241.390918632446));
#423=CARTESIAN_POINT('Ctrl Pts',(-6.40483302149851,-6.40483302149851,241.390918632446));
#424=CARTESIAN_POINT('Ctrl Pts',(0.,-6.40483302149851,241.390918632446));
#425=CARTESIAN_POINT('Ctrl Pts',(6.40483302149851,-6.40483302149851,241.390918632446));
#426=CARTESIAN_POINT('Ctrl Pts',(6.40483302149851,0.,241.390918632446));
#427=CARTESIAN_POINT('Ctrl Pts',(9.13569805269634,0.,238.334353504107));
#428=CARTESIAN_POINT('Ctrl Pts',(9.13569805269634,9.13569805269634,238.334353504107));
#429=CARTESIAN_POINT('Ctrl Pts',(0.,9.13569805269634,238.334353504107));
#430=CARTESIAN_POINT('Ctrl Pts',(-9.13569805269634,9.13569805269634,238.334353504107));
#431=CARTESIAN_POINT('Ctrl Pts',(-9.13569805269634,0.,238.334353504107));
#432=CARTESIAN_POINT('Ctrl Pts',(-9.13569805269634,-9.13569805269634,238.334353504107));
#433=CARTESIAN_POINT('Ctrl Pts',(0.,-9.13569805269634,238.334353504107));
#434=CARTESIAN_POINT('Ctrl Pts',(9.13569805269634,-9.13569805269634,238.334353504107));
#435=CARTESIAN_POINT('Ctrl Pts',(9.13569805269634,0.,238.334353504107));
#436=CARTESIAN_POINT('Ctrl Pts',(9.32740132126482,0.,238.119786500978));
#437=CARTESIAN_POINT('Ctrl Pts',(9.32740132126482,9.32740132126482,238.119786500978));
#438=CARTESIAN_POINT('Ctrl Pts',(0.,9.32740132126482,238.119786500978));
#439=CARTESIAN_POINT('Ctrl Pts',(-9.32740132126482,9.32740132126482,238.119786500978));
#440=CARTESIAN_POINT('Ctrl Pts',(-9.32740132126482,0.,238.119786500978));
#441=CARTESIAN_POINT('Ctrl Pts',(-9.32740132126482,-9.32740132126482,238.119786500978));
#442=CARTESIAN_POINT('Ctrl Pts',(0.,-9.32740132126482,238.119786500978));
#443=CARTESIAN_POINT('Ctrl Pts',(9.32740132126482,-9.32740132126482,238.119786500978));
#444=CARTESIAN_POINT('Ctrl Pts',(9.32740132126482,0.,238.119786500978));
#445=CARTESIAN_POINT('Ctrl Pts',(9.32700428910439,0.,238.058588426666));
#446=CARTESIAN_POINT('Ctrl Pts',(9.32700428910439,9.32700428910439,238.058588426666));
#447=CARTESIAN_POINT('Ctrl Pts',(0.,9.32700428910439,238.058588426666));
#448=CARTESIAN_POINT('Ctrl Pts',(-9.32700428910439,9.32700428910439,238.058588426666));
#449=CARTESIAN_POINT('Ctrl Pts',(-9.32700428910439,0.,238.058588426666));
#450=CARTESIAN_POINT('Ctrl Pts',(-9.32700428910439,-9.32700428910439,238.058588426666));
#451=CARTESIAN_POINT('Ctrl Pts',(0.,-9.32700428910439,238.058588426666));
#452=CARTESIAN_POINT('Ctrl Pts',(9.32700428910439,-9.32700428910439,238.058588426666));
#453=CARTESIAN_POINT('Ctrl Pts',(9.32700428910439,0.,238.058588426666));
#454=CARTESIAN_POINT('Ctrl Pts',(9.3301331270146,0.,238.043079889369));
#455=CARTESIAN_POINT('Ctrl Pts',(9.3301331270146,9.3301331270146,238.043079889369));
#456=CARTESIAN_POINT('Ctrl Pts',(0.,9.3301331270146,238.043079889369));
#457=CARTESIAN_POINT('Ctrl Pts',(-9.3301331270146,9.3301331270146,238.043079889369));
#458=CARTESIAN_POINT('Ctrl Pts',(-9.3301331270146,0.,238.043079889369));
#459=CARTESIAN_POINT('Ctrl Pts',(-9.3301331270146,-9.3301331270146,238.043079889369));
#460=CARTESIAN_POINT('Ctrl Pts',(0.,-9.3301331270146,238.043079889369));
#461=CARTESIAN_POINT('Ctrl Pts',(9.3301331270146,-9.3301331270146,238.043079889369));
#462=CARTESIAN_POINT('Ctrl Pts',(9.3301331270146,0.,238.043079889369));
#463=CARTESIAN_POINT('Ctrl Pts',(9.33333200807864,0.,238.027224173058));
#464=CARTESIAN_POINT('Ctrl Pts',(9.33333200807864,9.33333200807864,238.027224173058));
#465=CARTESIAN_POINT('Ctrl Pts',(0.,9.33333200807864,238.027224173058));
#466=CARTESIAN_POINT('Ctrl Pts',(-9.33333200807864,9.33333200807864,238.027224173058));
#467=CARTESIAN_POINT('Ctrl Pts',(-9.33333200807864,0.,238.027224173058));
#468=CARTESIAN_POINT('Ctrl Pts',(-9.33333200807864,-9.33333200807864,238.027224173058));
#469=CARTESIAN_POINT('Ctrl Pts',(0.,-9.33333200807864,238.027224173058));
#470=CARTESIAN_POINT('Ctrl Pts',(9.33333200807864,-9.33333200807864,238.027224173058));
#471=CARTESIAN_POINT('Ctrl Pts',(9.33333200807864,0.,238.027224173058));
#472=CARTESIAN_POINT('Ctrl Pts',(9.3550865373345,0.,237.967445272244));
#473=CARTESIAN_POINT('Ctrl Pts',(9.3550865373345,9.3550865373345,237.967445272244));
#474=CARTESIAN_POINT('Ctrl Pts',(0.,9.3550865373345,237.967445272244));
#475=CARTESIAN_POINT('Ctrl Pts',(-9.3550865373345,9.3550865373345,237.967445272244));
#476=CARTESIAN_POINT('Ctrl Pts',(-9.3550865373345,0.,237.967445272244));
#477=CARTESIAN_POINT('Ctrl Pts',(-9.3550865373345,-9.3550865373345,237.967445272244));
#478=CARTESIAN_POINT('Ctrl Pts',(0.,-9.3550865373345,237.967445272244));
#479=CARTESIAN_POINT('Ctrl Pts',(9.3550865373345,-9.3550865373345,237.967445272244));
#480=CARTESIAN_POINT('Ctrl Pts',(9.3550865373345,0.,237.967445272244));
#481=CARTESIAN_POINT('Ctrl Pts',(9.26206976386188,0.,237.644009503655));
#482=CARTESIAN_POINT('Ctrl Pts',(9.26206976386188,9.26206976386188,237.644009503655));
#483=CARTESIAN_POINT('Ctrl Pts',(0.,9.26206976386188,237.644009503655));
#484=CARTESIAN_POINT('Ctrl Pts',(-9.26206976386188,9.26206976386188,237.644009503655));
#485=CARTESIAN_POINT('Ctrl Pts',(-9.26206976386188,0.,237.644009503655));
#486=CARTESIAN_POINT('Ctrl Pts',(-9.26206976386188,-9.26206976386188,237.644009503655));
#487=CARTESIAN_POINT('Ctrl Pts',(0.,-9.26206976386188,237.644009503655));
#488=CARTESIAN_POINT('Ctrl Pts',(9.26206976386188,-9.26206976386188,237.644009503655));
#489=CARTESIAN_POINT('Ctrl Pts',(9.26206976386188,0.,237.644009503655));
#490=CARTESIAN_POINT('Ctrl Pts',(9.15217977288607,0.,237.261902574286));
#491=CARTESIAN_POINT('Ctrl Pts',(9.15217977288607,9.15217977288607,237.261902574286));
#492=CARTESIAN_POINT('Ctrl Pts',(0.,9.15217977288607,237.261902574286));
#493=CARTESIAN_POINT('Ctrl Pts',(-9.15217977288607,9.15217977288607,237.261902574286));
#494=CARTESIAN_POINT('Ctrl Pts',(-9.15217977288607,0.,237.261902574286));
#495=CARTESIAN_POINT('Ctrl Pts',(-9.15217977288607,-9.15217977288607,237.261902574286));
#496=CARTESIAN_POINT('Ctrl Pts',(0.,-9.15217977288607,237.261902574286));
#497=CARTESIAN_POINT('Ctrl Pts',(9.15217977288607,-9.15217977288607,237.261902574286));
#498=CARTESIAN_POINT('Ctrl Pts',(9.15217977288607,0.,237.261902574286));
#499=CARTESIAN_POINT('Ctrl Pts',(8.84028549840087,0.,236.590732929214));
#500=CARTESIAN_POINT('Ctrl Pts',(8.84028549840086,8.84028549840086,236.590732929214));
#501=CARTESIAN_POINT('Ctrl Pts',(0.,8.84028549840087,236.590732929214));
#502=CARTESIAN_POINT('Ctrl Pts',(-8.84028549840086,8.84028549840086,236.590732929214));
#503=CARTESIAN_POINT('Ctrl Pts',(-8.84028549840087,0.,236.590732929214));
#504=CARTESIAN_POINT('Ctrl Pts',(-8.84028549840086,-8.84028549840086,236.590732929214));
#505=CARTESIAN_POINT('Ctrl Pts',(0.,-8.84028549840087,236.590732929214));
#506=CARTESIAN_POINT('Ctrl Pts',(8.84028549840086,-8.84028549840086,236.590732929214));
#507=CARTESIAN_POINT('Ctrl Pts',(8.84028549840087,0.,236.590732929214));
#508=CARTESIAN_POINT('Ctrl Pts',(8.58206288689263,0.,235.642098788063));
#509=CARTESIAN_POINT('Ctrl Pts',(8.58206288689263,8.58206288689263,235.642098788063));
#510=CARTESIAN_POINT('Ctrl Pts',(0.,8.58206288689263,235.642098788063));
#511=CARTESIAN_POINT('Ctrl Pts',(-8.58206288689263,8.58206288689263,235.642098788063));
#512=CARTESIAN_POINT('Ctrl Pts',(-8.58206288689263,0.,235.642098788063));
#513=CARTESIAN_POINT('Ctrl Pts',(-8.58206288689263,-8.58206288689263,235.642098788063));
#514=CARTESIAN_POINT('Ctrl Pts',(0.,-8.58206288689263,235.642098788063));
#515=CARTESIAN_POINT('Ctrl Pts',(8.58206288689263,-8.58206288689263,235.642098788063));
#516=CARTESIAN_POINT('Ctrl Pts',(8.58206288689263,0.,235.642098788063));
#517=CARTESIAN_POINT('Ctrl Pts',(8.37047681921801,0.,234.86479363103));
#518=CARTESIAN_POINT('Ctrl Pts',(8.37047681921801,8.37047681921801,234.86479363103));
#519=CARTESIAN_POINT('Ctrl Pts',(0.,8.37047681921801,234.86479363103));
#520=CARTESIAN_POINT('Ctrl Pts',(-8.37047681921801,8.37047681921801,234.86479363103));
#521=CARTESIAN_POINT('Ctrl Pts',(-8.37047681921801,0.,234.86479363103));
#522=CARTESIAN_POINT('Ctrl Pts',(-8.37047681921801,-8.37047681921801,234.86479363103));
#523=CARTESIAN_POINT('Ctrl Pts',(0.,-8.37047681921801,234.86479363103));
#524=CARTESIAN_POINT('Ctrl Pts',(8.37047681921801,-8.37047681921801,234.86479363103));
#525=CARTESIAN_POINT('Ctrl Pts',(8.37047681921801,0.,234.86479363103));
#526=CARTESIAN_POINT('Ctrl Pts',(8.25580145069933,0.,233.864365804686));
#527=CARTESIAN_POINT('Ctrl Pts',(8.25580145069932,8.25580145069932,233.864365804686));
#528=CARTESIAN_POINT('Ctrl Pts',(0.,8.25580145069933,233.864365804686));
#529=CARTESIAN_POINT('Ctrl Pts',(-8.25580145069932,8.25580145069932,233.864365804686));
#530=CARTESIAN_POINT('Ctrl Pts',(-8.25580145069933,0.,233.864365804686));
#531=CARTESIAN_POINT('Ctrl Pts',(-8.25580145069932,-8.25580145069932,233.864365804686));
#532=CARTESIAN_POINT('Ctrl Pts',(0.,-8.25580145069933,233.864365804686));
#533=CARTESIAN_POINT('Ctrl Pts',(8.25580145069932,-8.25580145069932,233.864365804686));
#534=CARTESIAN_POINT('Ctrl Pts',(8.25580145069933,0.,233.864365804686));
#535=CARTESIAN_POINT('Ctrl Pts',(8.3946556274505,0.,232.894951178135));
#536=CARTESIAN_POINT('Ctrl Pts',(8.3946556274505,8.3946556274505,232.894951178135));
#537=CARTESIAN_POINT('Ctrl Pts',(0.,8.3946556274505,232.894951178135));
#538=CARTESIAN_POINT('Ctrl Pts',(-8.3946556274505,8.3946556274505,232.894951178135));
#539=CARTESIAN_POINT('Ctrl Pts',(-8.3946556274505,0.,232.894951178135));
#540=CARTESIAN_POINT('Ctrl Pts',(-8.3946556274505,-8.3946556274505,232.894951178135));
#541=CARTESIAN_POINT('Ctrl Pts',(0.,-8.3946556274505,232.894951178135));
#542=CARTESIAN_POINT('Ctrl Pts',(8.3946556274505,-8.3946556274505,232.894951178135));
#543=CARTESIAN_POINT('Ctrl Pts',(8.3946556274505,0.,232.894951178135));
#544=CARTESIAN_POINT('Ctrl Pts',(8.60463652000363,0.,231.428963238125));
#545=CARTESIAN_POINT('Ctrl Pts',(8.60463652000363,8.60463652000363,231.428963238125));
#546=CARTESIAN_POINT('Ctrl Pts',(0.,8.60463652000363,231.428963238125));
#547=CARTESIAN_POINT('Ctrl Pts',(-8.60463652000363,8.60463652000363,231.428963238125));
#548=CARTESIAN_POINT('Ctrl Pts',(-8.60463652000363,0.,231.428963238125));
#549=CARTESIAN_POINT('Ctrl Pts',(-8.60463652000363,-8.60463652000363,231.428963238125));
#550=CARTESIAN_POINT('Ctrl Pts',(0.,-8.60463652000363,231.428963238125));
#551=CARTESIAN_POINT('Ctrl Pts',(8.60463652000363,-8.60463652000363,231.428963238125));
#552=CARTESIAN_POINT('Ctrl Pts',(8.60463652000363,0.,231.428963238125));
#553=CARTESIAN_POINT('Ctrl Pts',(9.26699763712953,0.,230.131629831179));
#554=CARTESIAN_POINT('Ctrl Pts',(9.26699763712953,9.26699763712953,230.131629831179));
#555=CARTESIAN_POINT('Ctrl Pts',(0.,9.26699763712953,230.131629831179));
#556=CARTESIAN_POINT('Ctrl Pts',(-9.26699763712953,9.26699763712953,230.131629831179));
#557=CARTESIAN_POINT('Ctrl Pts',(-9.26699763712953,0.,230.131629831179));
#558=CARTESIAN_POINT('Ctrl Pts',(-9.26699763712953,-9.26699763712953,230.131629831179));
#559=CARTESIAN_POINT('Ctrl Pts',(0.,-9.26699763712953,230.131629831179));
#560=CARTESIAN_POINT('Ctrl Pts',(9.26699763712953,-9.26699763712953,230.131629831179));
#561=CARTESIAN_POINT('Ctrl Pts',(9.26699763712953,0.,230.131629831179));
#562=CARTESIAN_POINT('Ctrl Pts',(9.85012141654877,0.,228.89632533533));
#563=CARTESIAN_POINT('Ctrl Pts',(9.85012141654877,9.85012141654877,228.89632533533));
#564=CARTESIAN_POINT('Ctrl Pts',(0.,9.85012141654877,228.89632533533));
#565=CARTESIAN_POINT('Ctrl Pts',(-9.85012141654877,9.85012141654877,228.89632533533));
#566=CARTESIAN_POINT('Ctrl Pts',(-9.85012141654877,0.,228.89632533533));
#567=CARTESIAN_POINT('Ctrl Pts',(-9.85012141654877,-9.85012141654877,228.89632533533));
#568=CARTESIAN_POINT('Ctrl Pts',(0.,-9.85012141654877,228.89632533533));
#569=CARTESIAN_POINT('Ctrl Pts',(9.85012141654877,-9.85012141654877,228.89632533533));
#570=CARTESIAN_POINT('Ctrl Pts',(9.85012141654877,0.,228.89632533533));
#571=CARTESIAN_POINT('Ctrl Pts',(10.2117031244239,0.,228.130341293658));
#572=CARTESIAN_POINT('Ctrl Pts',(10.2117031244239,10.2117031244239,228.130341293658));
#573=CARTESIAN_POINT('Ctrl Pts',(0.,10.2117031244239,228.130341293658));
#574=CARTESIAN_POINT('Ctrl Pts',(-10.2117031244239,10.2117031244239,228.130341293658));
#575=CARTESIAN_POINT('Ctrl Pts',(-10.2117031244239,0.,228.130341293658));
#576=CARTESIAN_POINT('Ctrl Pts',(-10.2117031244239,-10.2117031244239,228.130341293658));
#577=CARTESIAN_POINT('Ctrl Pts',(0.,-10.2117031244239,228.130341293658));
#578=CARTESIAN_POINT('Ctrl Pts',(10.2117031244239,-10.2117031244239,228.130341293658));
#579=CARTESIAN_POINT('Ctrl Pts',(10.2117031244239,0.,228.130341293658));
#580=CARTESIAN_POINT('Ctrl Pts',(10.5434181375546,0.,227.371631734943));
#581=CARTESIAN_POINT('Ctrl Pts',(10.5434181375546,10.5434181375546,227.371631734943));
#582=CARTESIAN_POINT('Ctrl Pts',(0.,10.5434181375546,227.371631734943));
#583=CARTESIAN_POINT('Ctrl Pts',(-10.5434181375546,10.5434181375546,227.371631734943));
#584=CARTESIAN_POINT('Ctrl Pts',(-10.5434181375546,0.,227.371631734943));
#585=CARTESIAN_POINT('Ctrl Pts',(-10.5434181375546,-10.5434181375546,227.371631734943));
#586=CARTESIAN_POINT('Ctrl Pts',(0.,-10.5434181375546,227.371631734943));
#587=CARTESIAN_POINT('Ctrl Pts',(10.5434181375546,-10.5434181375546,227.371631734943));
#588=CARTESIAN_POINT('Ctrl Pts',(10.5434181375546,0.,227.371631734943));
#589=CARTESIAN_POINT('Ctrl Pts',(10.6865034701584,0.,226.866862406021));
#590=CARTESIAN_POINT('Ctrl Pts',(10.6865034701584,10.6865034701584,226.866862406021));
#591=CARTESIAN_POINT('Ctrl Pts',(0.,10.6865034701584,226.866862406021));
#592=CARTESIAN_POINT('Ctrl Pts',(-10.6865034701584,10.6865034701584,226.866862406021));
#593=CARTESIAN_POINT('Ctrl Pts',(-10.6865034701584,0.,226.866862406021));
#594=CARTESIAN_POINT('Ctrl Pts',(-10.6865034701584,-10.6865034701584,226.866862406021));
#595=CARTESIAN_POINT('Ctrl Pts',(0.,-10.6865034701584,226.866862406021));
#596=CARTESIAN_POINT('Ctrl Pts',(10.6865034701584,-10.6865034701584,226.866862406021));
#597=CARTESIAN_POINT('Ctrl Pts',(10.6865034701584,0.,226.866862406021));
#598=CARTESIAN_POINT('Ctrl Pts',(10.7729640214191,0.,226.561851168014));
#599=CARTESIAN_POINT('Ctrl Pts',(10.7729640214191,10.7729640214191,226.561851168014));
#600=CARTESIAN_POINT('Ctrl Pts',(0.,10.7729640214191,226.561851168014));
#601=CARTESIAN_POINT('Ctrl Pts',(-10.7729640214191,10.7729640214191,226.561851168014));
#602=CARTESIAN_POINT('Ctrl Pts',(-10.7729640214191,0.,226.561851168014));
#603=CARTESIAN_POINT('Ctrl Pts',(-10.7729640214191,-10.7729640214191,226.561851168014));
#604=CARTESIAN_POINT('Ctrl Pts',(0.,-10.7729640214191,226.561851168014));
#605=CARTESIAN_POINT('Ctrl Pts',(10.7729640214191,-10.7729640214191,226.561851168014));
#606=CARTESIAN_POINT('Ctrl Pts',(10.7729640214191,0.,226.561851168014));
#607=CARTESIAN_POINT('Ctrl Pts',(10.7804930976113,0.,226.369008546795));
#608=CARTESIAN_POINT('Ctrl Pts',(10.7804930976113,10.7804930976113,226.369008546795));
#609=CARTESIAN_POINT('Ctrl Pts',(0.,10.7804930976113,226.369008546795));
#610=CARTESIAN_POINT('Ctrl Pts',(-10.7804930976113,10.7804930976113,226.369008546795));
#611=CARTESIAN_POINT('Ctrl Pts',(-10.7804930976113,0.,226.369008546795));
#612=CARTESIAN_POINT('Ctrl Pts',(-10.7804930976113,-10.7804930976113,226.369008546795));
#613=CARTESIAN_POINT('Ctrl Pts',(0.,-10.7804930976113,226.369008546795));
#614=CARTESIAN_POINT('Ctrl Pts',(10.7804930976113,-10.7804930976113,226.369008546795));
#615=CARTESIAN_POINT('Ctrl Pts',(10.7804930976113,0.,226.369008546795));
#616=CARTESIAN_POINT('Ctrl Pts',(10.7802150638032,0.,226.363708103014));
#617=CARTESIAN_POINT('Ctrl Pts',(10.7802150638032,10.7802150638032,226.363708103014));
#618=CARTESIAN_POINT('Ctrl Pts',(0.,10.7802150638032,226.363708103014));
#619=CARTESIAN_POINT('Ctrl Pts',(-10.7802150638032,10.7802150638032,226.363708103014));
#620=CARTESIAN_POINT('Ctrl Pts',(-10.7802150638032,0.,226.363708103014));
#621=CARTESIAN_POINT('Ctrl Pts',(-10.7802150638032,-10.7802150638032,226.363708103014));
#622=CARTESIAN_POINT('Ctrl Pts',(0.,-10.7802150638032,226.363708103014));
#623=CARTESIAN_POINT('Ctrl Pts',(10.7802150638032,-10.7802150638032,226.363708103014));
#624=CARTESIAN_POINT('Ctrl Pts',(10.7802150638032,0.,226.363708103014));
#625=CARTESIAN_POINT('',(10.7595209495449,-2.63532257824382E-15,226.558093626303));
#626=CARTESIAN_POINT('Ctrl Pts',(10.7595209495364,0.,226.558093626352));
#627=CARTESIAN_POINT('Ctrl Pts',(10.7450711001539,0.,226.639540925302));
#628=CARTESIAN_POINT('Ctrl Pts',(10.7213448706385,0.,226.743950644074));
#629=CARTESIAN_POINT('Ctrl Pts',(10.6865034701584,0.,226.866862406021));
#630=CARTESIAN_POINT('Ctrl Pts',(10.5434181375546,0.,227.371631734943));
#631=CARTESIAN_POINT('Ctrl Pts',(10.2117031244239,0.,228.130341293658));
#632=CARTESIAN_POINT('Ctrl Pts',(9.85012141654877,0.,228.89632533533));
#633=CARTESIAN_POINT('Ctrl Pts',(9.26699763712953,0.,230.131629831179));
#634=CARTESIAN_POINT('Ctrl Pts',(8.60463652000363,0.,231.428963238125));
#635=CARTESIAN_POINT('Ctrl Pts',(8.3946556274505,0.,232.894951178135));
#636=CARTESIAN_POINT('Ctrl Pts',(8.25580145069933,0.,233.864365804686));
#637=CARTESIAN_POINT('Ctrl Pts',(8.37047681921801,0.,234.86479363103));
#638=CARTESIAN_POINT('Ctrl Pts',(8.58206288689263,0.,235.642098788063));
#639=CARTESIAN_POINT('Ctrl Pts',(8.84028549840087,0.,236.590732929214));
#640=CARTESIAN_POINT('Ctrl Pts',(9.15217977288607,0.,237.261902574286));
#641=CARTESIAN_POINT('Ctrl Pts',(9.26206976386188,0.,237.644009503655));
#642=CARTESIAN_POINT('Ctrl Pts',(9.3550865373345,0.,237.967445272244));
#643=CARTESIAN_POINT('Ctrl Pts',(9.33333200807864,0.,238.027224173058));
#644=CARTESIAN_POINT('Ctrl Pts',(9.3301331270146,0.,238.043079889369));
#645=CARTESIAN_POINT('Ctrl Pts',(9.32700629870247,0.,238.058578465802));
#646=CARTESIAN_POINT('Ctrl Pts',(9.32738297902048,0.,238.119691980755));
#647=CARTESIAN_POINT('Ctrl Pts',(9.13606718083099,0.,238.333940240593));
#648=CARTESIAN_POINT('Ctrl Pts',(10.759520949545,-1.22124532708767E-14,
226.558093626303));
#649=CARTESIAN_POINT('Ctrl Pts',(10.759520949545,-0.622161846500911,226.558093626303));
#650=CARTESIAN_POINT('Ctrl Pts',(10.7055563764459,-1.24347751976542,226.558093626303));
#651=CARTESIAN_POINT('Ctrl Pts',(10.461164596255,-2.63829322194435,226.558093626303));
#652=CARTESIAN_POINT('Ctrl Pts',(10.2382678745356,-3.40212092144698,226.558093626303));
#653=CARTESIAN_POINT('Ctrl Pts',(9.93344706386267,-4.13447947063946,226.558093626303));
#654=CARTESIAN_POINT('Ctrl Pts',(9.39507654535034,-5.42796153636597,226.558093626303));
#655=CARTESIAN_POINT('Ctrl Pts',(8.609207332229,-6.6039214746963,226.558093626303));
#656=CARTESIAN_POINT('Ctrl Pts',(6.63093995981035,-8.58841457910892,226.558093626303));
#657=CARTESIAN_POINT('Ctrl Pts',(5.45745511483239,-9.37797490948074,226.558093626303));
#658=CARTESIAN_POINT('Ctrl Pts',(2.87388699362871,-10.4628391596694,226.558093626303));
#659=CARTESIAN_POINT('Ctrl Pts',(1.48850403679511,-10.7477711859578,226.558093626303));
#660=CARTESIAN_POINT('Ctrl Pts',(-1.31350156439694,-10.7705591021816,226.558093626303));
#661=CARTESIAN_POINT('Ctrl Pts',(-2.70333550799696,-10.5081971272176,226.558093626303));
#662=CARTESIAN_POINT('Ctrl Pts',(-5.30420651086935,-9.46549644885632,226.558093626303));
#663=CARTESIAN_POINT('Ctrl Pts',(-6.49037782577006,-8.69512653226005,226.558093626303));
#664=CARTESIAN_POINT('Ctrl Pts',(-8.50066002950965,-6.74307116942699,226.558093626303));
#665=CARTESIAN_POINT('Ctrl Pts',(-9.30555152479234,-5.58004843641124,226.558093626303));
#666=CARTESIAN_POINT('Ctrl Pts',(-10.4242254446951,-3.01093899164894,226.558093626303));
#667=CARTESIAN_POINT('Ctrl Pts',(-10.7273127369165,-1.62941436646714,226.558093626303));
#668=CARTESIAN_POINT('Ctrl Pts',(-10.7868682361994,1.17205093239747,226.558093626303));
#669=CARTESIAN_POINT('Ctrl Pts',(-10.5427670602274,2.56520807090659,226.558093626303));
#670=CARTESIAN_POINT('Ctrl Pts',(-9.53428630353768,5.17953805038965,226.558093626303));
#671=CARTESIAN_POINT('Ctrl Pts',(-8.77954834851833,6.37571647183982,226.558093626303));
#672=CARTESIAN_POINT('Ctrl Pts',(-6.8540411578342,8.4114415851253,226.558093626303));
#673=CARTESIAN_POINT('Ctrl Pts',(-5.70168082039487,9.2315256353217,226.558093626303));
#674=CARTESIAN_POINT('Ctrl Pts',(-3.14747247723924,10.3838165786132,226.558093626303));
#675=CARTESIAN_POINT('Ctrl Pts',(-1.7700440954346,10.7050069422433,226.558093626303));
#676=CARTESIAN_POINT('Ctrl Pts',(1.03039846204169,10.8013197685599,226.558093626303));
#677=CARTESIAN_POINT('Ctrl Pts',(2.42663888050476,10.5755214281322,226.558093626303));
#678=CARTESIAN_POINT('Ctrl Pts',(5.05397762402557,9.60143426312493,226.558093626303));
#679=CARTESIAN_POINT('Ctrl Pts',(6.25995715868502,8.86245824276135,226.558093626303));
#680=CARTESIAN_POINT('Ctrl Pts',(8.32077461022347,6.96383081494093,226.558093626303));
#681=CARTESIAN_POINT('Ctrl Pts',(9.15590998903348,5.82233132052594,226.558093626303));
#682=CARTESIAN_POINT('Ctrl Pts',(10.3416195202161,3.28346393803033,226.558093626303));
#683=CARTESIAN_POINT('Ctrl Pts',(10.680857643209,1.910369005916,226.558093626303));
#684=CARTESIAN_POINT('Ctrl Pts',(10.7554784670436,0.34063261914938,226.558093626303));
#685=CARTESIAN_POINT('Ctrl Pts',(10.759520949545,0.170284615843697,226.558093626303));
#686=CARTESIAN_POINT('Ctrl Pts',(10.759520949545,-1.22124532708767E-14,
226.558093626303));
#687=CARTESIAN_POINT('Origin',(0.,0.,240.));
#688=CARTESIAN_POINT('',(10.5146227775642,-2.77555756156289E-16,240.));
#689=CARTESIAN_POINT('Ctrl Pts',(10.5146227775642,1.59443972233403E-16,
240.));
#690=CARTESIAN_POINT('Ctrl Pts',(10.5146227775642,-1.57291359513463,240.));
#691=CARTESIAN_POINT('Ctrl Pts',(9.79730862387117,-4.72021930676015,240.));
#692=CARTESIAN_POINT('Ctrl Pts',(7.11452441620861,-8.07689114882166,240.));
#693=CARTESIAN_POINT('Ctrl Pts',(2.97980242390959,-10.4697522449627,240.));
#694=CARTESIAN_POINT('Ctrl Pts',(-1.38410266608424,-10.7982857745914,240.));
#695=CARTESIAN_POINT('Ctrl Pts',(-6.32956900088782,-8.85821190425474,240.));
#696=CARTESIAN_POINT('Ctrl Pts',(-9.3054214446825,-5.64847543056981,240.));
#697=CARTESIAN_POINT('Ctrl Pts',(-10.86793349402,-0.576263282267517,240.));
#698=CARTESIAN_POINT('Ctrl Pts',(-10.0658500737462,4.84553633062902,240.));
#699=CARTESIAN_POINT('Ctrl Pts',(-6.32476326820331,8.8588021143681,240.));
#700=CARTESIAN_POINT('Ctrl Pts',(-1.88117044608566,10.5990299471963,240.));
#701=CARTESIAN_POINT('Ctrl Pts',(2.4193564856013,10.6016994670113,240.));
#702=CARTESIAN_POINT('Ctrl Pts',(6.78014563199398,8.50049690975932,240.));
#703=CARTESIAN_POINT('Ctrl Pts',(9.797055220562,4.71785105391463,240.));
#704=CARTESIAN_POINT('Ctrl Pts',(10.5146227775642,1.57291359513467,240.));
#705=CARTESIAN_POINT('Ctrl Pts',(10.5146227775642,-8.0968893706465E-17,
240.));
#706=CARTESIAN_POINT('Ctrl Pts',(11.3470961261259,-1.38777878078145E-16,
239.55406508998));
#707=CARTESIAN_POINT('Ctrl Pts',(11.3470961261259,1.69744575146972,239.55406508998));
#708=CARTESIAN_POINT('Ctrl Pts',(10.5727166530298,5.09137708028314,239.55406508998));
#709=CARTESIAN_POINT('Ctrl Pts',(7.31694953427429,9.17350603967358,239.55406508998));
#710=CARTESIAN_POINT('Ctrl Pts',(2.61090399401314,11.4410669310138,239.55406508998));
#711=CARTESIAN_POINT('Ctrl Pts',(-2.03010819626436,11.4381860575301,239.55406508998));
#712=CARTESIAN_POINT('Ctrl Pts',(-6.82551322073378,9.56017931223857,239.55406508998));
#713=CARTESIAN_POINT('Ctrl Pts',(-10.8627927786134,5.22917157271713,239.55406508998));
#714=CARTESIAN_POINT('Ctrl Pts',(-11.7283794823456,-0.621887726852056,239.55406508998));
#715=CARTESIAN_POINT('Ctrl Pts',(-10.0421587973873,-6.09568170277085,239.55406508998));
#716=CARTESIAN_POINT('Ctrl Pts',(-6.83069943728962,-9.55954237346935,239.55406508998));
#717=CARTESIAN_POINT('Ctrl Pts',(-1.49368611054662,-11.6532175498598,239.55406508998));
#718=CARTESIAN_POINT('Ctrl Pts',(3.21572207165741,-11.2986730626047,239.55406508998));
#719=CARTESIAN_POINT('Ctrl Pts',(7.67780206196709,-8.71636217530248,239.55406508998));
#720=CARTESIAN_POINT('Ctrl Pts',(10.572990119018,-5.09393283461285,239.55406508998));
#721=CARTESIAN_POINT('Ctrl Pts',(11.3470961261259,-1.69744575146972,239.55406508998));
#722=CARTESIAN_POINT('Ctrl Pts',(11.3470961261259,5.55111512312578E-16,
239.55406508998));
#723=CARTESIAN_POINT('Ctrl Pts',(11.1654446245997,-1.89128430688673E-16,
239.826993373103));
#724=CARTESIAN_POINT('Ctrl Pts',(11.1654446245997,1.6704938097855,239.826993373103));
#725=CARTESIAN_POINT('Ctrl Pts',(10.4037096570708,5.01000928632422,239.826993373103));
#726=CARTESIAN_POINT('Ctrl Pts',(7.20005491567936,9.02704546986851,239.826993373103));
#727=CARTESIAN_POINT('Ctrl Pts',(2.56928368341604,11.2582411921868,239.826993373103));
#728=CARTESIAN_POINT('Ctrl Pts',(-1.99763252599167,11.2555225921355,239.826993373103));
#729=CARTESIAN_POINT('Ctrl Pts',(-6.7166185295241,9.4073213717937,239.826993373103));
#730=CARTESIAN_POINT('Ctrl Pts',(-10.6894066163155,5.14570990457394,239.826993373103));
#731=CARTESIAN_POINT('Ctrl Pts',(-11.5410204480827,-0.611739290484476,239.826993373103));
#732=CARTESIAN_POINT('Ctrl Pts',(-9.88173588949834,-5.99840224013714,239.826993373103));
#733=CARTESIAN_POINT('Ctrl Pts',(-6.72156539516459,-9.40684214530748,239.826993373103));
#734=CARTESIAN_POINT('Ctrl Pts',(-1.46976211937744,-11.4671694843319,239.826993373103));
#735=CARTESIAN_POINT('Ctrl Pts',(3.16414379606038,-11.1181934705734,239.826993373103));
#736=CARTESIAN_POINT('Ctrl Pts',(7.55526129588813,-8.57705489465082,239.826993373103));
#737=CARTESIAN_POINT('Ctrl Pts',(10.4039245498012,-5.01252967893602,239.826993373103));
#738=CARTESIAN_POINT('Ctrl Pts',(11.1654446245997,-1.67049380978548,239.826993373103));
#739=CARTESIAN_POINT('Ctrl Pts',(11.1654446245997,5.45520930862954E-16,
239.826993373103));
#740=CARTESIAN_POINT('Ctrl Pts',(10.8424750548711,-1.66700634241823E-16,
240.));
#741=CARTESIAN_POINT('Ctrl Pts',(10.8424750548711,1.62212349433393,240.));
#742=CARTESIAN_POINT('Ctrl Pts',(10.1027181388809,4.86505959294919,240.));
#743=CARTESIAN_POINT('Ctrl Pts',(6.99173351865342,8.76584200844447,240.));
#744=CARTESIAN_POINT('Ctrl Pts',(2.4949253001572,10.9325131205885,240.));
#745=CARTESIAN_POINT('Ctrl Pts',(-1.93984407192723,10.9298470193882,240.));
#746=CARTESIAN_POINT('Ctrl Pts',(-6.52225106029772,9.13516476131055,240.));
#747=CARTESIAN_POINT('Ctrl Pts',(-10.3800915467369,4.9968097503247,240.));
#748=CARTESIAN_POINT('Ctrl Pts',(-11.2070978622988,-0.594087634939455,240.));
#749=CARTESIAN_POINT('Ctrl Pts',(-9.59582250309157,-5.82482514854782,240.));
#750=CARTESIAN_POINT('Ctrl Pts',(-6.52709001282569,-9.1346662006047,240.));
#751=CARTESIAN_POINT('Ctrl Pts',(-1.42725078125689,-11.1353588549627,240.));
#752=CARTESIAN_POINT('Ctrl Pts',(3.07264063195748,-10.7965014024174,240.));
#753=CARTESIAN_POINT('Ctrl Pts',(7.33663587385885,-8.32890489837619,240.));
#754=CARTESIAN_POINT('Ctrl Pts',(10.1029390115448,-4.86750583166523,240.));
#755=CARTESIAN_POINT('Ctrl Pts',(10.8424750548711,-1.6221234943339,240.));
#756=CARTESIAN_POINT('Ctrl Pts',(10.8424750548711,3.92016226603369E-16,
240.));
#757=CARTESIAN_POINT('Ctrl Pts',(10.5146227775642,-8.0968893706465E-17,
240.));
#758=CARTESIAN_POINT('Ctrl Pts',(10.5146227775642,1.57291359513467,240.));
#759=CARTESIAN_POINT('Ctrl Pts',(9.797055220562,4.71785105391463,240.));
#760=CARTESIAN_POINT('Ctrl Pts',(6.78014563199398,8.50049690975932,240.));
#761=CARTESIAN_POINT('Ctrl Pts',(2.4193564856013,10.6016994670113,240.));
#762=CARTESIAN_POINT('Ctrl Pts',(-1.88117044608566,10.5990299471963,240.));
#763=CARTESIAN_POINT('Ctrl Pts',(-6.32476326820331,8.8588021143681,240.));
#764=CARTESIAN_POINT('Ctrl Pts',(-10.0658500737462,4.84553633062902,240.));
#765=CARTESIAN_POINT('Ctrl Pts',(-10.86793349402,-0.576263282267517,240.));
#766=CARTESIAN_POINT('Ctrl Pts',(-9.3054214446825,-5.64847543056981,240.));
#767=CARTESIAN_POINT('Ctrl Pts',(-6.32956900088782,-8.85821190425474,240.));
#768=CARTESIAN_POINT('Ctrl Pts',(-1.38410266608424,-10.7982857745914,240.));
#769=CARTESIAN_POINT('Ctrl Pts',(2.97980242390959,-10.4697522449627,240.));
#770=CARTESIAN_POINT('Ctrl Pts',(7.11452441620861,-8.07689114882166,240.));
#771=CARTESIAN_POINT('Ctrl Pts',(9.79730862387117,-4.72021930676015,240.));
#772=CARTESIAN_POINT('Ctrl Pts',(10.5146227775642,-1.57291359513463,240.));
#773=CARTESIAN_POINT('Ctrl Pts',(10.5146227775642,1.59443972233403E-16,
240.));
#774=CARTESIAN_POINT('',(11.3470961261259,2.77555756156289E-16,239.55406508998));
#775=CARTESIAN_POINT('Origin',(10.5146227775642,2.77555756156289E-16,239.));
#776=CARTESIAN_POINT('Ctrl Pts',(11.3470961261259,-1.38777878078145E-16,
239.55406508998));
#777=CARTESIAN_POINT('Ctrl Pts',(11.3470961261259,1.69744575146972,239.55406508998));
#778=CARTESIAN_POINT('Ctrl Pts',(10.5727166530298,5.09137708028314,239.55406508998));
#779=CARTESIAN_POINT('Ctrl Pts',(7.31694953427429,9.17350603967358,239.55406508998));
#780=CARTESIAN_POINT('Ctrl Pts',(2.61090399401314,11.4410669310138,239.55406508998));
#781=CARTESIAN_POINT('Ctrl Pts',(-2.03010819626436,11.4381860575301,239.55406508998));
#782=CARTESIAN_POINT('Ctrl Pts',(-6.82551322073378,9.56017931223857,239.55406508998));
#783=CARTESIAN_POINT('Ctrl Pts',(-10.8627927786134,5.22917157271713,239.55406508998));
#784=CARTESIAN_POINT('Ctrl Pts',(-11.7283794823456,-0.621887726852056,239.55406508998));
#785=CARTESIAN_POINT('Ctrl Pts',(-10.0421587973873,-6.09568170277085,239.55406508998));
#786=CARTESIAN_POINT('Ctrl Pts',(-6.83069943728962,-9.55954237346935,239.55406508998));
#787=CARTESIAN_POINT('Ctrl Pts',(-1.49368611054662,-11.6532175498598,239.55406508998));
#788=CARTESIAN_POINT('Ctrl Pts',(3.21572207165741,-11.2986730626047,239.55406508998));
#789=CARTESIAN_POINT('Ctrl Pts',(7.67780206196709,-8.71636217530248,239.55406508998));
#790=CARTESIAN_POINT('Ctrl Pts',(10.572990119018,-5.09393283461285,239.55406508998));
#791=CARTESIAN_POINT('Ctrl Pts',(11.3470961261259,-1.69744575146972,239.55406508998));
#792=CARTESIAN_POINT('Ctrl Pts',(11.3470961261259,5.55111512312578E-16,
239.55406508998));
#793=CARTESIAN_POINT('Ctrl Pts',(11.,0.,240.));
#794=CARTESIAN_POINT('Ctrl Pts',(11.,11.,240.));
#795=CARTESIAN_POINT('Ctrl Pts',(0.,11.,240.));
#796=CARTESIAN_POINT('Ctrl Pts',(-11.,11.,240.));
#797=CARTESIAN_POINT('Ctrl Pts',(-11.,0.,240.));
#798=CARTESIAN_POINT('Ctrl Pts',(-11.,-11.,240.));
#799=CARTESIAN_POINT('Ctrl Pts',(0.,-11.,240.));
#800=CARTESIAN_POINT('Ctrl Pts',(11.,-11.,240.));
#801=CARTESIAN_POINT('Ctrl Pts',(11.,0.,240.));
#802=CARTESIAN_POINT('Ctrl Pts',(11.1462337097044,0.,239.836325540602));
#803=CARTESIAN_POINT('Ctrl Pts',(11.1462337097044,11.1462337097044,239.836325540602));
#804=CARTESIAN_POINT('Ctrl Pts',(0.,11.1462337097044,239.836325540602));
#805=CARTESIAN_POINT('Ctrl Pts',(-11.1462337097044,11.1462337097044,239.836325540602));
#806=CARTESIAN_POINT('Ctrl Pts',(-11.1462337097044,0.,239.836325540602));
#807=CARTESIAN_POINT('Ctrl Pts',(-11.1462337097044,-11.1462337097044,239.836325540602));
#808=CARTESIAN_POINT('Ctrl Pts',(0.,-11.1462337097044,239.836325540602));
#809=CARTESIAN_POINT('Ctrl Pts',(11.1462337097044,-11.1462337097044,239.836325540602));
#810=CARTESIAN_POINT('Ctrl Pts',(11.1462337097044,0.,239.836325540602));
#811=CARTESIAN_POINT('Ctrl Pts',(11.4061265461223,0.,239.505966361921));
#812=CARTESIAN_POINT('Ctrl Pts',(11.4061265461223,11.4061265461223,239.505966361921));
#813=CARTESIAN_POINT('Ctrl Pts',(0.,11.4061265461223,239.505966361921));
#814=CARTESIAN_POINT('Ctrl Pts',(-11.4061265461223,11.4061265461223,239.505966361921));
#815=CARTESIAN_POINT('Ctrl Pts',(-11.4061265461223,0.,239.505966361921));
#816=CARTESIAN_POINT('Ctrl Pts',(-11.4061265461223,-11.4061265461223,239.505966361921));
#817=CARTESIAN_POINT('Ctrl Pts',(0.,-11.4061265461223,239.505966361921));
#818=CARTESIAN_POINT('Ctrl Pts',(11.4061265461223,-11.4061265461223,239.505966361921));
#819=CARTESIAN_POINT('Ctrl Pts',(11.4061265461223,0.,239.505966361921));
#820=CARTESIAN_POINT('Ctrl Pts',(11.6982454661842,0.,239.001398281032));
#821=CARTESIAN_POINT('Ctrl Pts',(11.6982454661842,11.6982454661842,239.001398281032));
#822=CARTESIAN_POINT('Ctrl Pts',(0.,11.6982454661842,239.001398281032));
#823=CARTESIAN_POINT('Ctrl Pts',(-11.6982454661842,11.6982454661842,239.001398281032));
#824=CARTESIAN_POINT('Ctrl Pts',(-11.6982454661842,0.,239.001398281032));
#825=CARTESIAN_POINT('Ctrl Pts',(-11.6982454661842,-11.6982454661842,239.001398281032));
#826=CARTESIAN_POINT('Ctrl Pts',(0.,-11.6982454661842,239.001398281032));
#827=CARTESIAN_POINT('Ctrl Pts',(11.6982454661842,-11.6982454661842,239.001398281032));
#828=CARTESIAN_POINT('Ctrl Pts',(11.6982454661842,0.,239.001398281032));
#829=CARTESIAN_POINT('Ctrl Pts',(11.8922020566424,0.,238.310563489597));
#830=CARTESIAN_POINT('Ctrl Pts',(11.8922020566424,11.8922020566424,238.310563489597));
#831=CARTESIAN_POINT('Ctrl Pts',(0.,11.8922020566424,238.310563489597));
#832=CARTESIAN_POINT('Ctrl Pts',(-11.8922020566424,11.8922020566424,238.310563489597));
#833=CARTESIAN_POINT('Ctrl Pts',(-11.8922020566424,0.,238.310563489597));
#834=CARTESIAN_POINT('Ctrl Pts',(-11.8922020566424,-11.8922020566424,238.310563489597));
#835=CARTESIAN_POINT('Ctrl Pts',(0.,-11.8922020566424,238.310563489597));
#836=CARTESIAN_POINT('Ctrl Pts',(11.8922020566424,-11.8922020566424,238.310563489597));
#837=CARTESIAN_POINT('Ctrl Pts',(11.8922020566424,0.,238.310563489597));
#838=CARTESIAN_POINT('Ctrl Pts',(11.8320441105403,0.,237.417941199373));
#839=CARTESIAN_POINT('Ctrl Pts',(11.8320441105403,11.8320441105403,237.417941199373));
#840=CARTESIAN_POINT('Ctrl Pts',(0.,11.8320441105403,237.417941199373));
#841=CARTESIAN_POINT('Ctrl Pts',(-11.8320441105403,11.8320441105403,237.417941199373));
#842=CARTESIAN_POINT('Ctrl Pts',(-11.8320441105403,0.,237.417941199373));
#843=CARTESIAN_POINT('Ctrl Pts',(-11.8320441105403,-11.8320441105403,237.417941199373));
#844=CARTESIAN_POINT('Ctrl Pts',(0.,-11.8320441105403,237.417941199373));
#845=CARTESIAN_POINT('Ctrl Pts',(11.8320441105403,-11.8320441105403,237.417941199373));
#846=CARTESIAN_POINT('Ctrl Pts',(11.8320441105403,0.,237.417941199373));
#847=CARTESIAN_POINT('Ctrl Pts',(11.5392643409846,0.,236.499213669216));
#848=CARTESIAN_POINT('Ctrl Pts',(11.5392643409846,11.5392643409846,236.499213669216));
#849=CARTESIAN_POINT('Ctrl Pts',(0.,11.5392643409846,236.499213669216));
#850=CARTESIAN_POINT('Ctrl Pts',(-11.5392643409846,11.5392643409846,236.499213669216));
#851=CARTESIAN_POINT('Ctrl Pts',(-11.5392643409846,0.,236.499213669216));
#852=CARTESIAN_POINT('Ctrl Pts',(-11.5392643409846,-11.5392643409846,236.499213669216));
#853=CARTESIAN_POINT('Ctrl Pts',(0.,-11.5392643409846,236.499213669216));
#854=CARTESIAN_POINT('Ctrl Pts',(11.5392643409846,-11.5392643409846,236.499213669216));
#855=CARTESIAN_POINT('Ctrl Pts',(11.5392643409846,0.,236.499213669216));
#856=CARTESIAN_POINT('Ctrl Pts',(11.1555004138974,0.,235.560816642646));
#857=CARTESIAN_POINT('Ctrl Pts',(11.1555004138974,11.1555004138974,235.560816642646));
#858=CARTESIAN_POINT('Ctrl Pts',(0.,11.1555004138974,235.560816642646));
#859=CARTESIAN_POINT('Ctrl Pts',(-11.1555004138974,11.1555004138974,235.560816642646));
#860=CARTESIAN_POINT('Ctrl Pts',(-11.1555004138974,0.,235.560816642646));
#861=CARTESIAN_POINT('Ctrl Pts',(-11.1555004138974,-11.1555004138974,235.560816642646));
#862=CARTESIAN_POINT('Ctrl Pts',(0.,-11.1555004138974,235.560816642646));
#863=CARTESIAN_POINT('Ctrl Pts',(11.1555004138974,-11.1555004138974,235.560816642646));
#864=CARTESIAN_POINT('Ctrl Pts',(11.1555004138974,0.,235.560816642646));
#865=CARTESIAN_POINT('Ctrl Pts',(10.8472642511405,0.,234.601154231892));
#866=CARTESIAN_POINT('Ctrl Pts',(10.8472642511405,10.8472642511405,234.601154231892));
#867=CARTESIAN_POINT('Ctrl Pts',(0.,10.8472642511405,234.601154231892));
#868=CARTESIAN_POINT('Ctrl Pts',(-10.8472642511405,10.8472642511405,234.601154231892));
#869=CARTESIAN_POINT('Ctrl Pts',(-10.8472642511405,0.,234.601154231892));
#870=CARTESIAN_POINT('Ctrl Pts',(-10.8472642511405,-10.8472642511405,234.601154231892));
#871=CARTESIAN_POINT('Ctrl Pts',(0.,-10.8472642511405,234.601154231892));
#872=CARTESIAN_POINT('Ctrl Pts',(10.8472642511405,-10.8472642511405,234.601154231892));
#873=CARTESIAN_POINT('Ctrl Pts',(10.8472642511405,0.,234.601154231892));
#874=CARTESIAN_POINT('Ctrl Pts',(10.7616093177865,0.,233.601646752725));
#875=CARTESIAN_POINT('Ctrl Pts',(10.7616093177865,10.7616093177865,233.601646752725));
#876=CARTESIAN_POINT('Ctrl Pts',(0.,10.7616093177865,233.601646752725));
#877=CARTESIAN_POINT('Ctrl Pts',(-10.7616093177865,10.7616093177865,233.601646752725));
#878=CARTESIAN_POINT('Ctrl Pts',(-10.7616093177865,0.,233.601646752725));
#879=CARTESIAN_POINT('Ctrl Pts',(-10.7616093177865,-10.7616093177865,233.601646752725));
#880=CARTESIAN_POINT('Ctrl Pts',(0.,-10.7616093177865,233.601646752725));
#881=CARTESIAN_POINT('Ctrl Pts',(10.7616093177865,-10.7616093177865,233.601646752725));
#882=CARTESIAN_POINT('Ctrl Pts',(10.7616093177865,0.,233.601646752725));
#883=CARTESIAN_POINT('Ctrl Pts',(10.973531899167,0.,232.510872448305));
#884=CARTESIAN_POINT('Ctrl Pts',(10.973531899167,10.973531899167,232.510872448305));
#885=CARTESIAN_POINT('Ctrl Pts',(0.,10.973531899167,232.510872448305));
#886=CARTESIAN_POINT('Ctrl Pts',(-10.973531899167,10.973531899167,232.510872448305));
#887=CARTESIAN_POINT('Ctrl Pts',(-10.973531899167,0.,232.510872448305));
#888=CARTESIAN_POINT('Ctrl Pts',(-10.973531899167,-10.973531899167,232.510872448305));
#889=CARTESIAN_POINT('Ctrl Pts',(0.,-10.973531899167,232.510872448305));
#890=CARTESIAN_POINT('Ctrl Pts',(10.973531899167,-10.973531899167,232.510872448305));
#891=CARTESIAN_POINT('Ctrl Pts',(10.973531899167,0.,232.510872448305));
#892=CARTESIAN_POINT('Ctrl Pts',(11.4750807762177,0.,231.268444995215));
#893=CARTESIAN_POINT('Ctrl Pts',(11.4750807762177,11.4750807762177,231.268444995215));
#894=CARTESIAN_POINT('Ctrl Pts',(0.,11.4750807762177,231.268444995215));
#895=CARTESIAN_POINT('Ctrl Pts',(-11.4750807762177,11.4750807762177,231.268444995215));
#896=CARTESIAN_POINT('Ctrl Pts',(-11.4750807762177,0.,231.268444995215));
#897=CARTESIAN_POINT('Ctrl Pts',(-11.4750807762177,-11.4750807762177,231.268444995215));
#898=CARTESIAN_POINT('Ctrl Pts',(0.,-11.4750807762177,231.268444995215));
#899=CARTESIAN_POINT('Ctrl Pts',(11.4750807762177,-11.4750807762177,231.268444995215));
#900=CARTESIAN_POINT('Ctrl Pts',(11.4750807762177,0.,231.268444995215));
#901=CARTESIAN_POINT('Ctrl Pts',(12.1732758251554,0.,229.851175804718));
#902=CARTESIAN_POINT('Ctrl Pts',(12.1732758251554,12.1732758251554,229.851175804718));
#903=CARTESIAN_POINT('Ctrl Pts',(0.,12.1732758251554,229.851175804718));
#904=CARTESIAN_POINT('Ctrl Pts',(-12.1732758251554,12.1732758251554,229.851175804718));
#905=CARTESIAN_POINT('Ctrl Pts',(-12.1732758251554,0.,229.851175804718));
#906=CARTESIAN_POINT('Ctrl Pts',(-12.1732758251554,-12.1732758251554,229.851175804718));
#907=CARTESIAN_POINT('Ctrl Pts',(0.,-12.1732758251554,229.851175804718));
#908=CARTESIAN_POINT('Ctrl Pts',(12.1732758251554,-12.1732758251554,229.851175804718));
#909=CARTESIAN_POINT('Ctrl Pts',(12.1732758251554,0.,229.851175804718));
#910=CARTESIAN_POINT('Ctrl Pts',(12.8979407722428,0.,228.300349117982));
#911=CARTESIAN_POINT('Ctrl Pts',(12.8979407722428,12.8979407722428,228.300349117982));
#912=CARTESIAN_POINT('Ctrl Pts',(0.,12.8979407722428,228.300349117982));
#913=CARTESIAN_POINT('Ctrl Pts',(-12.8979407722428,12.8979407722428,228.300349117982));
#914=CARTESIAN_POINT('Ctrl Pts',(-12.8979407722428,0.,228.300349117982));
#915=CARTESIAN_POINT('Ctrl Pts',(-12.8979407722428,-12.8979407722428,228.300349117982));
#916=CARTESIAN_POINT('Ctrl Pts',(0.,-12.8979407722428,228.300349117982));
#917=CARTESIAN_POINT('Ctrl Pts',(12.8979407722428,-12.8979407722428,228.300349117982));
#918=CARTESIAN_POINT('Ctrl Pts',(12.8979407722428,0.,228.300349117982));
#919=CARTESIAN_POINT('Ctrl Pts',(13.3753404620107,0.,226.784238998897));
#920=CARTESIAN_POINT('Ctrl Pts',(13.3753404620107,13.3753404620107,226.784238998897));
#921=CARTESIAN_POINT('Ctrl Pts',(0.,13.3753404620107,226.784238998897));
#922=CARTESIAN_POINT('Ctrl Pts',(-13.3753404620107,13.3753404620107,226.784238998897));
#923=CARTESIAN_POINT('Ctrl Pts',(-13.3753404620107,0.,226.784238998897));
#924=CARTESIAN_POINT('Ctrl Pts',(-13.3753404620107,-13.3753404620107,226.784238998897));
#925=CARTESIAN_POINT('Ctrl Pts',(0.,-13.3753404620107,226.784238998897));
#926=CARTESIAN_POINT('Ctrl Pts',(13.3753404620107,-13.3753404620107,226.784238998897));
#927=CARTESIAN_POINT('Ctrl Pts',(13.3753404620107,0.,226.784238998897));
#928=CARTESIAN_POINT('Ctrl Pts',(13.320769015581,0.,225.546508456833));
#929=CARTESIAN_POINT('Ctrl Pts',(13.320769015581,13.320769015581,225.546508456833));
#930=CARTESIAN_POINT('Ctrl Pts',(0.,13.320769015581,225.546508456833));
#931=CARTESIAN_POINT('Ctrl Pts',(-13.320769015581,13.320769015581,225.546508456833));
#932=CARTESIAN_POINT('Ctrl Pts',(-13.320769015581,0.,225.546508456833));
#933=CARTESIAN_POINT('Ctrl Pts',(-13.320769015581,-13.320769015581,225.546508456833));
#934=CARTESIAN_POINT('Ctrl Pts',(0.,-13.320769015581,225.546508456833));
#935=CARTESIAN_POINT('Ctrl Pts',(13.320769015581,-13.320769015581,225.546508456833));
#936=CARTESIAN_POINT('Ctrl Pts',(13.320769015581,0.,225.546508456833));
#937=CARTESIAN_POINT('Ctrl Pts',(12.6334803098611,0.,224.728222406518));
#938=CARTESIAN_POINT('Ctrl Pts',(12.6334803098611,12.6334803098611,224.728222406518));
#939=CARTESIAN_POINT('Ctrl Pts',(0.,12.6334803098611,224.728222406518));
#940=CARTESIAN_POINT('Ctrl Pts',(-12.6334803098611,12.6334803098611,224.728222406518));
#941=CARTESIAN_POINT('Ctrl Pts',(-12.6334803098611,0.,224.728222406518));
#942=CARTESIAN_POINT('Ctrl Pts',(-12.6334803098611,-12.6334803098611,224.728222406518));
#943=CARTESIAN_POINT('Ctrl Pts',(0.,-12.6334803098611,224.728222406518));
#944=CARTESIAN_POINT('Ctrl Pts',(12.6334803098611,-12.6334803098611,224.728222406518));
#945=CARTESIAN_POINT('Ctrl Pts',(12.6334803098611,0.,224.728222406518));
#946=CARTESIAN_POINT('Ctrl Pts',(11.6272088869135,0.,224.204518098943));
#947=CARTESIAN_POINT('Ctrl Pts',(11.6272088869135,11.6272088869135,224.204518098943));
#948=CARTESIAN_POINT('Ctrl Pts',(0.,11.6272088869135,224.204518098943));
#949=CARTESIAN_POINT('Ctrl Pts',(-11.6272088869135,11.6272088869135,224.204518098943));
#950=CARTESIAN_POINT('Ctrl Pts',(-11.6272088869135,0.,224.204518098943));
#951=CARTESIAN_POINT('Ctrl Pts',(-11.6272088869135,-11.6272088869135,224.204518098943));
#952=CARTESIAN_POINT('Ctrl Pts',(0.,-11.6272088869135,224.204518098943));
#953=CARTESIAN_POINT('Ctrl Pts',(11.6272088869135,-11.6272088869135,224.204518098943));
#954=CARTESIAN_POINT('Ctrl Pts',(11.6272088869135,0.,224.204518098943));
#955=CARTESIAN_POINT('Ctrl Pts',(11.1430663914935,0.,223.435737959642));
#956=CARTESIAN_POINT('Ctrl Pts',(11.1430663914935,11.1430663914935,223.435737959642));
#957=CARTESIAN_POINT('Ctrl Pts',(0.,11.1430663914935,223.435737959642));
#958=CARTESIAN_POINT('Ctrl Pts',(-11.1430663914935,11.1430663914935,223.435737959642));
#959=CARTESIAN_POINT('Ctrl Pts',(-11.1430663914935,0.,223.435737959642));
#960=CARTESIAN_POINT('Ctrl Pts',(-11.1430663914935,-11.1430663914935,223.435737959642));
#961=CARTESIAN_POINT('Ctrl Pts',(0.,-11.1430663914935,223.435737959642));
#962=CARTESIAN_POINT('Ctrl Pts',(11.1430663914935,-11.1430663914935,223.435737959642));
#963=CARTESIAN_POINT('Ctrl Pts',(11.1430663914935,0.,223.435737959642));
#964=CARTESIAN_POINT('Ctrl Pts',(11.1002992406866,0.,222.26539027014));
#965=CARTESIAN_POINT('Ctrl Pts',(11.1002992406866,11.1002992406866,222.26539027014));
#966=CARTESIAN_POINT('Ctrl Pts',(0.,11.1002992406866,222.26539027014));
#967=CARTESIAN_POINT('Ctrl Pts',(-11.1002992406866,11.1002992406866,222.26539027014));
#968=CARTESIAN_POINT('Ctrl Pts',(-11.1002992406866,0.,222.26539027014));
#969=CARTESIAN_POINT('Ctrl Pts',(-11.1002992406866,-11.1002992406866,222.26539027014));
#970=CARTESIAN_POINT('Ctrl Pts',(0.,-11.1002992406866,222.26539027014));
#971=CARTESIAN_POINT('Ctrl Pts',(11.1002992406866,-11.1002992406866,222.26539027014));
#972=CARTESIAN_POINT('Ctrl Pts',(11.1002992406866,0.,222.26539027014));
#973=CARTESIAN_POINT('Ctrl Pts',(11.1968761491978,0.,220.678835721814));
#974=CARTESIAN_POINT('Ctrl Pts',(11.1968761491978,11.1968761491978,220.678835721814));
#975=CARTESIAN_POINT('Ctrl Pts',(0.,11.1968761491978,220.678835721814));
#976=CARTESIAN_POINT('Ctrl Pts',(-11.1968761491978,11.1968761491978,220.678835721814));
#977=CARTESIAN_POINT('Ctrl Pts',(-11.1968761491978,0.,220.678835721814));
#978=CARTESIAN_POINT('Ctrl Pts',(-11.1968761491978,-11.1968761491978,220.678835721814));
#979=CARTESIAN_POINT('Ctrl Pts',(0.,-11.1968761491978,220.678835721814));
#980=CARTESIAN_POINT('Ctrl Pts',(11.1968761491978,-11.1968761491978,220.678835721814));
#981=CARTESIAN_POINT('Ctrl Pts',(11.1968761491978,0.,220.678835721814));
#982=CARTESIAN_POINT('Ctrl Pts',(11.2149187910952,0.,218.814858654878));
#983=CARTESIAN_POINT('Ctrl Pts',(11.2149187910952,11.2149187910952,218.814858654878));
#984=CARTESIAN_POINT('Ctrl Pts',(0.,11.2149187910952,218.814858654878));
#985=CARTESIAN_POINT('Ctrl Pts',(-11.2149187910952,11.2149187910952,218.814858654878));
#986=CARTESIAN_POINT('Ctrl Pts',(-11.2149187910952,0.,218.814858654878));
#987=CARTESIAN_POINT('Ctrl Pts',(-11.2149187910952,-11.2149187910952,218.814858654878));
#988=CARTESIAN_POINT('Ctrl Pts',(0.,-11.2149187910952,218.814858654878));
#989=CARTESIAN_POINT('Ctrl Pts',(11.2149187910952,-11.2149187910952,218.814858654878));
#990=CARTESIAN_POINT('Ctrl Pts',(11.2149187910952,0.,218.814858654878));
#991=CARTESIAN_POINT('Ctrl Pts',(11.2513789603793,0.,216.830890451215));
#992=CARTESIAN_POINT('Ctrl Pts',(11.2513789603792,11.2513789603792,216.830890451215));
#993=CARTESIAN_POINT('Ctrl Pts',(0.,11.2513789603793,216.830890451215));
#994=CARTESIAN_POINT('Ctrl Pts',(-11.2513789603792,11.2513789603792,216.830890451215));
#995=CARTESIAN_POINT('Ctrl Pts',(-11.2513789603793,0.,216.830890451215));
#996=CARTESIAN_POINT('Ctrl Pts',(-11.2513789603792,-11.2513789603792,216.830890451215));
#997=CARTESIAN_POINT('Ctrl Pts',(0.,-11.2513789603793,216.830890451215));
#998=CARTESIAN_POINT('Ctrl Pts',(11.2513789603792,-11.2513789603792,216.830890451215));
#999=CARTESIAN_POINT('Ctrl Pts',(11.2513789603793,0.,216.830890451215));
#1000=CARTESIAN_POINT('Ctrl Pts',(11.2860128117344,0.,214.838102108017));
#1001=CARTESIAN_POINT('Ctrl Pts',(11.2860128117344,11.2860128117344,214.838102108017));
#1002=CARTESIAN_POINT('Ctrl Pts',(0.,11.2860128117344,214.838102108017));
#1003=CARTESIAN_POINT('Ctrl Pts',(-11.2860128117344,11.2860128117344,214.838102108017));
#1004=CARTESIAN_POINT('Ctrl Pts',(-11.2860128117344,0.,214.838102108017));
#1005=CARTESIAN_POINT('Ctrl Pts',(-11.2860128117344,-11.2860128117344,214.838102108017));
#1006=CARTESIAN_POINT('Ctrl Pts',(0.,-11.2860128117344,214.838102108017));
#1007=CARTESIAN_POINT('Ctrl Pts',(11.2860128117344,-11.2860128117344,214.838102108017));
#1008=CARTESIAN_POINT('Ctrl Pts',(11.2860128117344,0.,214.838102108017));
#1009=CARTESIAN_POINT('Ctrl Pts',(11.3280043469261,0.,212.91999797506));
#1010=CARTESIAN_POINT('Ctrl Pts',(11.3280043469261,11.3280043469261,212.91999797506));
#1011=CARTESIAN_POINT('Ctrl Pts',(0.,11.3280043469261,212.91999797506));
#1012=CARTESIAN_POINT('Ctrl Pts',(-11.3280043469261,11.3280043469261,212.91999797506));
#1013=CARTESIAN_POINT('Ctrl Pts',(-11.3280043469261,0.,212.91999797506));
#1014=CARTESIAN_POINT('Ctrl Pts',(-11.3280043469261,-11.3280043469261,212.91999797506));
#1015=CARTESIAN_POINT('Ctrl Pts',(0.,-11.3280043469261,212.91999797506));
#1016=CARTESIAN_POINT('Ctrl Pts',(11.3280043469261,-11.3280043469261,212.91999797506));
#1017=CARTESIAN_POINT('Ctrl Pts',(11.3280043469261,0.,212.91999797506));
#1018=CARTESIAN_POINT('Ctrl Pts',(11.365055662018,0.,211.124372472666));
#1019=CARTESIAN_POINT('Ctrl Pts',(11.365055662018,11.365055662018,211.124372472666));
#1020=CARTESIAN_POINT('Ctrl Pts',(0.,11.365055662018,211.124372472666));
#1021=CARTESIAN_POINT('Ctrl Pts',(-11.365055662018,11.365055662018,211.124372472666));
#1022=CARTESIAN_POINT('Ctrl Pts',(-11.365055662018,0.,211.124372472666));
#1023=CARTESIAN_POINT('Ctrl Pts',(-11.365055662018,-11.365055662018,211.124372472666));
#1024=CARTESIAN_POINT('Ctrl Pts',(0.,-11.365055662018,211.124372472666));
#1025=CARTESIAN_POINT('Ctrl Pts',(11.365055662018,-11.365055662018,211.124372472666));
#1026=CARTESIAN_POINT('Ctrl Pts',(11.365055662018,0.,211.124372472666));
#1027=CARTESIAN_POINT('Ctrl Pts',(11.3954587452402,0.,209.46610216238));
#1028=CARTESIAN_POINT('Ctrl Pts',(11.3954587452402,11.3954587452402,209.46610216238));
#1029=CARTESIAN_POINT('Ctrl Pts',(0.,11.3954587452402,209.46610216238));
#1030=CARTESIAN_POINT('Ctrl Pts',(-11.3954587452402,11.3954587452402,209.46610216238));
#1031=CARTESIAN_POINT('Ctrl Pts',(-11.3954587452402,0.,209.46610216238));
#1032=CARTESIAN_POINT('Ctrl Pts',(-11.3954587452402,-11.3954587452402,209.46610216238));
#1033=CARTESIAN_POINT('Ctrl Pts',(0.,-11.3954587452402,209.46610216238));
#1034=CARTESIAN_POINT('Ctrl Pts',(11.3954587452402,-11.3954587452402,209.46610216238));
#1035=CARTESIAN_POINT('Ctrl Pts',(11.3954587452402,0.,209.46610216238));
#1036=CARTESIAN_POINT('Ctrl Pts',(11.42417520211,0.,207.925684574506));
#1037=CARTESIAN_POINT('Ctrl Pts',(11.42417520211,11.42417520211,207.925684574506));
#1038=CARTESIAN_POINT('Ctrl Pts',(0.,11.42417520211,207.925684574506));
#1039=CARTESIAN_POINT('Ctrl Pts',(-11.42417520211,11.42417520211,207.925684574506));
#1040=CARTESIAN_POINT('Ctrl Pts',(-11.42417520211,0.,207.925684574506));
#1041=CARTESIAN_POINT('Ctrl Pts',(-11.42417520211,-11.42417520211,207.925684574506));
#1042=CARTESIAN_POINT('Ctrl Pts',(0.,-11.42417520211,207.925684574506));
#1043=CARTESIAN_POINT('Ctrl Pts',(11.42417520211,-11.42417520211,207.925684574506));
#1044=CARTESIAN_POINT('Ctrl Pts',(11.42417520211,0.,207.925684574506));
#1045=CARTESIAN_POINT('Ctrl Pts',(11.4753838496257,0.,206.448367956522));
#1046=CARTESIAN_POINT('Ctrl Pts',(11.4753838496257,11.4753838496257,206.448367956522));
#1047=CARTESIAN_POINT('Ctrl Pts',(0.,11.4753838496257,206.448367956522));
#1048=CARTESIAN_POINT('Ctrl Pts',(-11.4753838496257,11.4753838496257,206.448367956522));
#1049=CARTESIAN_POINT('Ctrl Pts',(-11.4753838496257,0.,206.448367956522));
#1050=CARTESIAN_POINT('Ctrl Pts',(-11.4753838496257,-11.4753838496257,206.448367956522));
#1051=CARTESIAN_POINT('Ctrl Pts',(0.,-11.4753838496257,206.448367956522));
#1052=CARTESIAN_POINT('Ctrl Pts',(11.4753838496257,-11.4753838496257,206.448367956522));
#1053=CARTESIAN_POINT('Ctrl Pts',(11.4753838496257,0.,206.448367956522));
#1054=CARTESIAN_POINT('Ctrl Pts',(11.5807060390508,0.,204.963957483222));
#1055=CARTESIAN_POINT('Ctrl Pts',(11.5807060390508,11.5807060390508,204.963957483222));
#1056=CARTESIAN_POINT('Ctrl Pts',(0.,11.5807060390508,204.963957483222));
#1057=CARTESIAN_POINT('Ctrl Pts',(-11.5807060390508,11.5807060390508,204.963957483222));
#1058=CARTESIAN_POINT('Ctrl Pts',(-11.5807060390508,0.,204.963957483222));
#1059=CARTESIAN_POINT('Ctrl Pts',(-11.5807060390508,-11.5807060390508,204.963957483222));
#1060=CARTESIAN_POINT('Ctrl Pts',(0.,-11.5807060390508,204.963957483222));
#1061=CARTESIAN_POINT('Ctrl Pts',(11.5807060390508,-11.5807060390508,204.963957483222));
#1062=CARTESIAN_POINT('Ctrl Pts',(11.5807060390508,0.,204.963957483222));
#1063=CARTESIAN_POINT('Ctrl Pts',(11.769131550047,0.,203.408228419317));
#1064=CARTESIAN_POINT('Ctrl Pts',(11.769131550047,11.769131550047,203.408228419317));
#1065=CARTESIAN_POINT('Ctrl Pts',(0.,11.769131550047,203.408228419317));
#1066=CARTESIAN_POINT('Ctrl Pts',(-11.769131550047,11.769131550047,203.408228419317));
#1067=CARTESIAN_POINT('Ctrl Pts',(-11.769131550047,0.,203.408228419317));
#1068=CARTESIAN_POINT('Ctrl Pts',(-11.769131550047,-11.769131550047,203.408228419317));
#1069=CARTESIAN_POINT('Ctrl Pts',(0.,-11.769131550047,203.408228419317));
#1070=CARTESIAN_POINT('Ctrl Pts',(11.769131550047,-11.769131550047,203.408228419317));
#1071=CARTESIAN_POINT('Ctrl Pts',(11.769131550047,0.,203.408228419317));
#1072=CARTESIAN_POINT('Ctrl Pts',(12.05574132722,0.,201.744495952602));
#1073=CARTESIAN_POINT('Ctrl Pts',(12.05574132722,12.05574132722,201.744495952602));
#1074=CARTESIAN_POINT('Ctrl Pts',(0.,12.05574132722,201.744495952602));
#1075=CARTESIAN_POINT('Ctrl Pts',(-12.05574132722,12.05574132722,201.744495952602));
#1076=CARTESIAN_POINT('Ctrl Pts',(-12.05574132722,0.,201.744495952602));
#1077=CARTESIAN_POINT('Ctrl Pts',(-12.05574132722,-12.05574132722,201.744495952602));
#1078=CARTESIAN_POINT('Ctrl Pts',(0.,-12.05574132722,201.744495952602));
#1079=CARTESIAN_POINT('Ctrl Pts',(12.05574132722,-12.05574132722,201.744495952602));
#1080=CARTESIAN_POINT('Ctrl Pts',(12.05574132722,0.,201.744495952602));
#1081=CARTESIAN_POINT('Ctrl Pts',(12.4318287012464,0.,199.983402099178));
#1082=CARTESIAN_POINT('Ctrl Pts',(12.4318287012464,12.4318287012464,199.983402099178));
#1083=CARTESIAN_POINT('Ctrl Pts',(0.,12.4318287012464,199.983402099178));
#1084=CARTESIAN_POINT('Ctrl Pts',(-12.4318287012464,12.4318287012464,199.983402099178));
#1085=CARTESIAN_POINT('Ctrl Pts',(-12.4318287012464,0.,199.983402099178));
#1086=CARTESIAN_POINT('Ctrl Pts',(-12.4318287012464,-12.4318287012464,199.983402099178));
#1087=CARTESIAN_POINT('Ctrl Pts',(0.,-12.4318287012464,199.983402099178));
#1088=CARTESIAN_POINT('Ctrl Pts',(12.4318287012464,-12.4318287012464,199.983402099178));
#1089=CARTESIAN_POINT('Ctrl Pts',(12.4318287012464,0.,199.983402099178));
#1090=CARTESIAN_POINT('Ctrl Pts',(12.8519674487993,0.,198.208315219463));
#1091=CARTESIAN_POINT('Ctrl Pts',(12.8519674487993,12.8519674487993,198.208315219463));
#1092=CARTESIAN_POINT('Ctrl Pts',(0.,12.8519674487993,198.208315219463));
#1093=CARTESIAN_POINT('Ctrl Pts',(-12.8519674487993,12.8519674487993,198.208315219463));
#1094=CARTESIAN_POINT('Ctrl Pts',(-12.8519674487993,0.,198.208315219463));
#1095=CARTESIAN_POINT('Ctrl Pts',(-12.8519674487993,-12.8519674487993,198.208315219463));
#1096=CARTESIAN_POINT('Ctrl Pts',(0.,-12.8519674487993,198.208315219463));
#1097=CARTESIAN_POINT('Ctrl Pts',(12.8519674487993,-12.8519674487993,198.208315219463));
#1098=CARTESIAN_POINT('Ctrl Pts',(12.8519674487993,0.,198.208315219463));
#1099=CARTESIAN_POINT('Ctrl Pts',(13.2524945585338,0.,196.535169427648));
#1100=CARTESIAN_POINT('Ctrl Pts',(13.2524945585338,13.2524945585338,196.535169427648));
#1101=CARTESIAN_POINT('Ctrl Pts',(0.,13.2524945585338,196.535169427648));
#1102=CARTESIAN_POINT('Ctrl Pts',(-13.2524945585338,13.2524945585338,196.535169427648));
#1103=CARTESIAN_POINT('Ctrl Pts',(-13.2524945585338,0.,196.535169427648));
#1104=CARTESIAN_POINT('Ctrl Pts',(-13.2524945585338,-13.2524945585338,196.535169427648));
#1105=CARTESIAN_POINT('Ctrl Pts',(0.,-13.2524945585338,196.535169427648));
#1106=CARTESIAN_POINT('Ctrl Pts',(13.2524945585338,-13.2524945585338,196.535169427648));
#1107=CARTESIAN_POINT('Ctrl Pts',(13.2524945585338,0.,196.535169427648));
#1108=CARTESIAN_POINT('Ctrl Pts',(13.576752261139,0.,195.055475020988));
#1109=CARTESIAN_POINT('Ctrl Pts',(13.576752261139,13.576752261139,195.055475020988));
#1110=CARTESIAN_POINT('Ctrl Pts',(0.,13.576752261139,195.055475020988));
#1111=CARTESIAN_POINT('Ctrl Pts',(-13.576752261139,13.576752261139,195.055475020988));
#1112=CARTESIAN_POINT('Ctrl Pts',(-13.576752261139,0.,195.055475020988));
#1113=CARTESIAN_POINT('Ctrl Pts',(-13.576752261139,-13.576752261139,195.055475020988));
#1114=CARTESIAN_POINT('Ctrl Pts',(0.,-13.576752261139,195.055475020988));
#1115=CARTESIAN_POINT('Ctrl Pts',(13.576752261139,-13.576752261139,195.055475020988));
#1116=CARTESIAN_POINT('Ctrl Pts',(13.576752261139,0.,195.055475020988));
#1117=CARTESIAN_POINT('Ctrl Pts',(13.7935438437749,0.,193.799297124107));
#1118=CARTESIAN_POINT('Ctrl Pts',(13.7935438437749,13.7935438437749,193.799297124107));
#1119=CARTESIAN_POINT('Ctrl Pts',(0.,13.7935438437749,193.799297124107));
#1120=CARTESIAN_POINT('Ctrl Pts',(-13.7935438437749,13.7935438437749,193.799297124107));
#1121=CARTESIAN_POINT('Ctrl Pts',(-13.7935438437749,0.,193.799297124107));
#1122=CARTESIAN_POINT('Ctrl Pts',(-13.7935438437749,-13.7935438437749,193.799297124107));
#1123=CARTESIAN_POINT('Ctrl Pts',(0.,-13.7935438437749,193.799297124107));
#1124=CARTESIAN_POINT('Ctrl Pts',(13.7935438437749,-13.7935438437749,193.799297124107));
#1125=CARTESIAN_POINT('Ctrl Pts',(13.7935438437749,0.,193.799297124107));
#1126=CARTESIAN_POINT('Ctrl Pts',(13.928323651363,0.,192.658323449321));
#1127=CARTESIAN_POINT('Ctrl Pts',(13.928323651363,13.928323651363,192.658323449321));
#1128=CARTESIAN_POINT('Ctrl Pts',(0.,13.928323651363,192.658323449321));
#1129=CARTESIAN_POINT('Ctrl Pts',(-13.928323651363,13.928323651363,192.658323449321));
#1130=CARTESIAN_POINT('Ctrl Pts',(-13.928323651363,0.,192.658323449321));
#1131=CARTESIAN_POINT('Ctrl Pts',(-13.928323651363,-13.928323651363,192.658323449321));
#1132=CARTESIAN_POINT('Ctrl Pts',(0.,-13.928323651363,192.658323449321));
#1133=CARTESIAN_POINT('Ctrl Pts',(13.928323651363,-13.928323651363,192.658323449321));
#1134=CARTESIAN_POINT('Ctrl Pts',(13.928323651363,0.,192.658323449321));
#1135=CARTESIAN_POINT('Ctrl Pts',(14.0667696135861,0.,191.397465278259));
#1136=CARTESIAN_POINT('Ctrl Pts',(14.0667696135861,14.0667696135861,191.397465278259));
#1137=CARTESIAN_POINT('Ctrl Pts',(0.,14.0667696135861,191.397465278259));
#1138=CARTESIAN_POINT('Ctrl Pts',(-14.0667696135861,14.0667696135861,191.397465278259));
#1139=CARTESIAN_POINT('Ctrl Pts',(-14.0667696135861,0.,191.397465278259));
#1140=CARTESIAN_POINT('Ctrl Pts',(-14.0667696135861,-14.0667696135861,191.397465278259));
#1141=CARTESIAN_POINT('Ctrl Pts',(0.,-14.0667696135861,191.397465278259));
#1142=CARTESIAN_POINT('Ctrl Pts',(14.0667696135861,-14.0667696135861,191.397465278259));
#1143=CARTESIAN_POINT('Ctrl Pts',(14.0667696135861,0.,191.397465278259));
#1144=CARTESIAN_POINT('Ctrl Pts',(14.2478812648346,0.,189.958198410684));
#1145=CARTESIAN_POINT('Ctrl Pts',(14.2478812648346,14.2478812648346,189.958198410684));
#1146=CARTESIAN_POINT('Ctrl Pts',(0.,14.2478812648346,189.958198410684));
#1147=CARTESIAN_POINT('Ctrl Pts',(-14.2478812648346,14.2478812648346,189.958198410684));
#1148=CARTESIAN_POINT('Ctrl Pts',(-14.2478812648346,0.,189.958198410684));
#1149=CARTESIAN_POINT('Ctrl Pts',(-14.2478812648346,-14.2478812648346,189.958198410684));
#1150=CARTESIAN_POINT('Ctrl Pts',(0.,-14.2478812648346,189.958198410684));
#1151=CARTESIAN_POINT('Ctrl Pts',(14.2478812648346,-14.2478812648346,189.958198410684));
#1152=CARTESIAN_POINT('Ctrl Pts',(14.2478812648346,0.,189.958198410684));
#1153=CARTESIAN_POINT('Ctrl Pts',(14.4951635201138,0.,188.338906446842));
#1154=CARTESIAN_POINT('Ctrl Pts',(14.4951635201138,14.4951635201138,188.338906446842));
#1155=CARTESIAN_POINT('Ctrl Pts',(0.,14.4951635201138,188.338906446842));
#1156=CARTESIAN_POINT('Ctrl Pts',(-14.4951635201138,14.4951635201138,188.338906446842));
#1157=CARTESIAN_POINT('Ctrl Pts',(-14.4951635201138,0.,188.338906446842));
#1158=CARTESIAN_POINT('Ctrl Pts',(-14.4951635201138,-14.4951635201138,188.338906446842));
#1159=CARTESIAN_POINT('Ctrl Pts',(0.,-14.4951635201138,188.338906446842));
#1160=CARTESIAN_POINT('Ctrl Pts',(14.4951635201138,-14.4951635201138,188.338906446842));
#1161=CARTESIAN_POINT('Ctrl Pts',(14.4951635201138,0.,188.338906446842));
#1162=CARTESIAN_POINT('Ctrl Pts',(14.8088014509349,0.,186.594760106363));
#1163=CARTESIAN_POINT('Ctrl Pts',(14.8088014509349,14.8088014509349,186.594760106363));
#1164=CARTESIAN_POINT('Ctrl Pts',(0.,14.8088014509349,186.594760106363));
#1165=CARTESIAN_POINT('Ctrl Pts',(-14.8088014509349,14.8088014509349,186.594760106363));
#1166=CARTESIAN_POINT('Ctrl Pts',(-14.8088014509349,0.,186.594760106363));
#1167=CARTESIAN_POINT('Ctrl Pts',(-14.8088014509349,-14.8088014509349,186.594760106363));
#1168=CARTESIAN_POINT('Ctrl Pts',(0.,-14.8088014509349,186.594760106363));
#1169=CARTESIAN_POINT('Ctrl Pts',(14.8088014509349,-14.8088014509349,186.594760106363));
#1170=CARTESIAN_POINT('Ctrl Pts',(14.8088014509349,0.,186.594760106363));
#1171=CARTESIAN_POINT('Ctrl Pts',(15.1739740760014,0.,184.789407200495));
#1172=CARTESIAN_POINT('Ctrl Pts',(15.1739740760014,15.1739740760014,184.789407200495));
#1173=CARTESIAN_POINT('Ctrl Pts',(0.,15.1739740760014,184.789407200495));
#1174=CARTESIAN_POINT('Ctrl Pts',(-15.1739740760014,15.1739740760014,184.789407200495));
#1175=CARTESIAN_POINT('Ctrl Pts',(-15.1739740760014,0.,184.789407200495));
#1176=CARTESIAN_POINT('Ctrl Pts',(-15.1739740760014,-15.1739740760014,184.789407200495));
#1177=CARTESIAN_POINT('Ctrl Pts',(0.,-15.1739740760014,184.789407200495));
#1178=CARTESIAN_POINT('Ctrl Pts',(15.1739740760014,-15.1739740760014,184.789407200495));
#1179=CARTESIAN_POINT('Ctrl Pts',(15.1739740760014,0.,184.789407200495));
#1180=CARTESIAN_POINT('Ctrl Pts',(15.5617132149865,0.,182.965545286288));
#1181=CARTESIAN_POINT('Ctrl Pts',(15.5617132149864,15.5617132149864,182.965545286288));
#1182=CARTESIAN_POINT('Ctrl Pts',(0.,15.5617132149865,182.965545286288));
#1183=CARTESIAN_POINT('Ctrl Pts',(-15.5617132149864,15.5617132149864,182.965545286288));
#1184=CARTESIAN_POINT('Ctrl Pts',(-15.5617132149865,0.,182.965545286288));
#1185=CARTESIAN_POINT('Ctrl Pts',(-15.5617132149864,-15.5617132149864,182.965545286288));
#1186=CARTESIAN_POINT('Ctrl Pts',(0.,-15.5617132149865,182.965545286288));
#1187=CARTESIAN_POINT('Ctrl Pts',(15.5617132149864,-15.5617132149864,182.965545286288));
#1188=CARTESIAN_POINT('Ctrl Pts',(15.5617132149865,0.,182.965545286288));
#1189=CARTESIAN_POINT('Ctrl Pts',(15.93815133056,0.,181.144639302796));
#1190=CARTESIAN_POINT('Ctrl Pts',(15.93815133056,15.93815133056,181.144639302796));
#1191=CARTESIAN_POINT('Ctrl Pts',(0.,15.93815133056,181.144639302796));
#1192=CARTESIAN_POINT('Ctrl Pts',(-15.93815133056,15.93815133056,181.144639302796));
#1193=CARTESIAN_POINT('Ctrl Pts',(-15.93815133056,0.,181.144639302796));
#1194=CARTESIAN_POINT('Ctrl Pts',(-15.93815133056,-15.93815133056,181.144639302796));
#1195=CARTESIAN_POINT('Ctrl Pts',(0.,-15.93815133056,181.144639302796));
#1196=CARTESIAN_POINT('Ctrl Pts',(15.93815133056,-15.93815133056,181.144639302796));
#1197=CARTESIAN_POINT('Ctrl Pts',(15.93815133056,0.,181.144639302796));
#1198=CARTESIAN_POINT('Ctrl Pts',(16.2708635651689,0.,179.333384729018));
#1199=CARTESIAN_POINT('Ctrl Pts',(16.2708635651689,16.2708635651689,179.333384729018));
#1200=CARTESIAN_POINT('Ctrl Pts',(0.,16.2708635651689,179.333384729018));
#1201=CARTESIAN_POINT('Ctrl Pts',(-16.2708635651689,16.2708635651689,179.333384729018));
#1202=CARTESIAN_POINT('Ctrl Pts',(-16.2708635651689,0.,179.333384729018));
#1203=CARTESIAN_POINT('Ctrl Pts',(-16.2708635651689,-16.2708635651689,179.333384729018));
#1204=CARTESIAN_POINT('Ctrl Pts',(0.,-16.2708635651689,179.333384729018));
#1205=CARTESIAN_POINT('Ctrl Pts',(16.2708635651689,-16.2708635651689,179.333384729018));
#1206=CARTESIAN_POINT('Ctrl Pts',(16.2708635651689,0.,179.333384729018));
#1207=CARTESIAN_POINT('Ctrl Pts',(16.5401742714648,0.,177.526886128621));
#1208=CARTESIAN_POINT('Ctrl Pts',(16.5401742714648,16.5401742714648,177.526886128621));
#1209=CARTESIAN_POINT('Ctrl Pts',(0.,16.5401742714648,177.526886128621));
#1210=CARTESIAN_POINT('Ctrl Pts',(-16.5401742714648,16.5401742714648,177.526886128621));
#1211=CARTESIAN_POINT('Ctrl Pts',(-16.5401742714648,0.,177.526886128621));
#1212=CARTESIAN_POINT('Ctrl Pts',(-16.5401742714648,-16.5401742714648,177.526886128621));
#1213=CARTESIAN_POINT('Ctrl Pts',(0.,-16.5401742714648,177.526886128621));
#1214=CARTESIAN_POINT('Ctrl Pts',(16.5401742714648,-16.5401742714648,177.526886128621));
#1215=CARTESIAN_POINT('Ctrl Pts',(16.5401742714648,0.,177.526886128621));
#1216=CARTESIAN_POINT('Ctrl Pts',(16.7397444337248,0.,175.714467069152));
#1217=CARTESIAN_POINT('Ctrl Pts',(16.7397444337248,16.7397444337248,175.714467069152));
#1218=CARTESIAN_POINT('Ctrl Pts',(0.,16.7397444337248,175.714467069152));
#1219=CARTESIAN_POINT('Ctrl Pts',(-16.7397444337248,16.7397444337248,175.714467069152));
#1220=CARTESIAN_POINT('Ctrl Pts',(-16.7397444337248,0.,175.714467069152));
#1221=CARTESIAN_POINT('Ctrl Pts',(-16.7397444337248,-16.7397444337248,175.714467069152));
#1222=CARTESIAN_POINT('Ctrl Pts',(0.,-16.7397444337248,175.714467069152));
#1223=CARTESIAN_POINT('Ctrl Pts',(16.7397444337248,-16.7397444337248,175.714467069152));
#1224=CARTESIAN_POINT('Ctrl Pts',(16.7397444337248,0.,175.714467069152));
#1225=CARTESIAN_POINT('Ctrl Pts',(16.902184752344,0.,173.881388143839));
#1226=CARTESIAN_POINT('Ctrl Pts',(16.902184752344,16.902184752344,173.881388143839));
#1227=CARTESIAN_POINT('Ctrl Pts',(0.,16.902184752344,173.881388143839));
#1228=CARTESIAN_POINT('Ctrl Pts',(-16.902184752344,16.902184752344,173.881388143839));
#1229=CARTESIAN_POINT('Ctrl Pts',(-16.902184752344,0.,173.881388143839));
#1230=CARTESIAN_POINT('Ctrl Pts',(-16.902184752344,-16.902184752344,173.881388143839));
#1231=CARTESIAN_POINT('Ctrl Pts',(0.,-16.902184752344,173.881388143839));
#1232=CARTESIAN_POINT('Ctrl Pts',(16.902184752344,-16.902184752344,173.881388143839));
#1233=CARTESIAN_POINT('Ctrl Pts',(16.902184752344,0.,173.881388143839));
#1234=CARTESIAN_POINT('Ctrl Pts',(17.0565608536794,0.,172.02061756059));
#1235=CARTESIAN_POINT('Ctrl Pts',(17.0565608536794,17.0565608536794,172.02061756059));
#1236=CARTESIAN_POINT('Ctrl Pts',(0.,17.0565608536794,172.02061756059));
#1237=CARTESIAN_POINT('Ctrl Pts',(-17.0565608536794,17.0565608536794,172.02061756059));
#1238=CARTESIAN_POINT('Ctrl Pts',(-17.0565608536794,0.,172.02061756059));
#1239=CARTESIAN_POINT('Ctrl Pts',(-17.0565608536794,-17.0565608536794,172.02061756059));
#1240=CARTESIAN_POINT('Ctrl Pts',(0.,-17.0565608536794,172.02061756059));
#1241=CARTESIAN_POINT('Ctrl Pts',(17.0565608536794,-17.0565608536794,172.02061756059));
#1242=CARTESIAN_POINT('Ctrl Pts',(17.0565608536794,0.,172.02061756059));
#1243=CARTESIAN_POINT('Ctrl Pts',(17.1950740875707,0.,170.136397342087));
#1244=CARTESIAN_POINT('Ctrl Pts',(17.1950740875707,17.1950740875707,170.136397342087));
#1245=CARTESIAN_POINT('Ctrl Pts',(0.,17.1950740875707,170.136397342087));
#1246=CARTESIAN_POINT('Ctrl Pts',(-17.1950740875707,17.1950740875707,170.136397342087));
#1247=CARTESIAN_POINT('Ctrl Pts',(-17.1950740875707,0.,170.136397342087));
#1248=CARTESIAN_POINT('Ctrl Pts',(-17.1950740875707,-17.1950740875707,170.136397342087));
#1249=CARTESIAN_POINT('Ctrl Pts',(0.,-17.1950740875707,170.136397342087));
#1250=CARTESIAN_POINT('Ctrl Pts',(17.1950740875707,-17.1950740875707,170.136397342087));
#1251=CARTESIAN_POINT('Ctrl Pts',(17.1950740875707,0.,170.136397342087));
#1252=CARTESIAN_POINT('Ctrl Pts',(17.3016439071763,0.,168.238907628536));
#1253=CARTESIAN_POINT('Ctrl Pts',(17.3016439071763,17.3016439071763,168.238907628536));
#1254=CARTESIAN_POINT('Ctrl Pts',(0.,17.3016439071763,168.238907628536));
#1255=CARTESIAN_POINT('Ctrl Pts',(-17.3016439071763,17.3016439071763,168.238907628536));
#1256=CARTESIAN_POINT('Ctrl Pts',(-17.3016439071763,0.,168.238907628536));
#1257=CARTESIAN_POINT('Ctrl Pts',(-17.3016439071763,-17.3016439071763,168.238907628536));
#1258=CARTESIAN_POINT('Ctrl Pts',(0.,-17.3016439071763,168.238907628536));
#1259=CARTESIAN_POINT('Ctrl Pts',(17.3016439071763,-17.3016439071763,168.238907628536));
#1260=CARTESIAN_POINT('Ctrl Pts',(17.3016439071763,0.,168.238907628536));
#1261=CARTESIAN_POINT('Ctrl Pts',(17.3572370450256,0.,166.342279803486));
#1262=CARTESIAN_POINT('Ctrl Pts',(17.3572370450256,17.3572370450256,166.342279803486));
#1263=CARTESIAN_POINT('Ctrl Pts',(0.,17.3572370450256,166.342279803486));
#1264=CARTESIAN_POINT('Ctrl Pts',(-17.3572370450256,17.3572370450256,166.342279803486));
#1265=CARTESIAN_POINT('Ctrl Pts',(-17.3572370450256,0.,166.342279803486));
#1266=CARTESIAN_POINT('Ctrl Pts',(-17.3572370450256,-17.3572370450256,166.342279803486));
#1267=CARTESIAN_POINT('Ctrl Pts',(0.,-17.3572370450256,166.342279803486));
#1268=CARTESIAN_POINT('Ctrl Pts',(17.3572370450256,-17.3572370450256,166.342279803486));
#1269=CARTESIAN_POINT('Ctrl Pts',(17.3572370450256,0.,166.342279803486));
#1270=CARTESIAN_POINT('Ctrl Pts',(17.3550794173237,0.,164.4611932137));
#1271=CARTESIAN_POINT('Ctrl Pts',(17.3550794173237,17.3550794173237,164.4611932137));
#1272=CARTESIAN_POINT('Ctrl Pts',(0.,17.3550794173237,164.4611932137));
#1273=CARTESIAN_POINT('Ctrl Pts',(-17.3550794173237,17.3550794173237,164.4611932137));
#1274=CARTESIAN_POINT('Ctrl Pts',(-17.3550794173237,0.,164.4611932137));
#1275=CARTESIAN_POINT('Ctrl Pts',(-17.3550794173237,-17.3550794173237,164.4611932137));
#1276=CARTESIAN_POINT('Ctrl Pts',(0.,-17.3550794173237,164.4611932137));
#1277=CARTESIAN_POINT('Ctrl Pts',(17.3550794173237,-17.3550794173237,164.4611932137));
#1278=CARTESIAN_POINT('Ctrl Pts',(17.3550794173237,0.,164.4611932137));
#1279=CARTESIAN_POINT('Ctrl Pts',(17.3115724588932,0.,162.608088882094));
#1280=CARTESIAN_POINT('Ctrl Pts',(17.3115724588932,17.3115724588932,162.608088882094));
#1281=CARTESIAN_POINT('Ctrl Pts',(0.,17.3115724588932,162.608088882094));
#1282=CARTESIAN_POINT('Ctrl Pts',(-17.3115724588932,17.3115724588932,162.608088882094));
#1283=CARTESIAN_POINT('Ctrl Pts',(-17.3115724588932,0.,162.608088882094));
#1284=CARTESIAN_POINT('Ctrl Pts',(-17.3115724588932,-17.3115724588932,162.608088882094));
#1285=CARTESIAN_POINT('Ctrl Pts',(0.,-17.3115724588932,162.608088882094));
#1286=CARTESIAN_POINT('Ctrl Pts',(17.3115724588932,-17.3115724588932,162.608088882094));
#1287=CARTESIAN_POINT('Ctrl Pts',(17.3115724588932,0.,162.608088882094));
#1288=CARTESIAN_POINT('Ctrl Pts',(17.2792413112571,0.,160.790099546285));
#1289=CARTESIAN_POINT('Ctrl Pts',(17.2792413112571,17.2792413112571,160.790099546285));
#1290=CARTESIAN_POINT('Ctrl Pts',(0.,17.2792413112571,160.790099546285));
#1291=CARTESIAN_POINT('Ctrl Pts',(-17.2792413112571,17.2792413112571,160.790099546285));
#1292=CARTESIAN_POINT('Ctrl Pts',(-17.2792413112571,0.,160.790099546285));
#1293=CARTESIAN_POINT('Ctrl Pts',(-17.2792413112571,-17.2792413112571,160.790099546285));
#1294=CARTESIAN_POINT('Ctrl Pts',(0.,-17.2792413112571,160.790099546285));
#1295=CARTESIAN_POINT('Ctrl Pts',(17.2792413112571,-17.2792413112571,160.790099546285));
#1296=CARTESIAN_POINT('Ctrl Pts',(17.2792413112571,0.,160.790099546285));
#1297=CARTESIAN_POINT('Ctrl Pts',(17.331417426384,0.,159.009736119114));
#1298=CARTESIAN_POINT('Ctrl Pts',(17.331417426384,17.331417426384,159.009736119114));
#1299=CARTESIAN_POINT('Ctrl Pts',(0.,17.331417426384,159.009736119114));
#1300=CARTESIAN_POINT('Ctrl Pts',(-17.331417426384,17.331417426384,159.009736119114));
#1301=CARTESIAN_POINT('Ctrl Pts',(-17.331417426384,0.,159.009736119114));
#1302=CARTESIAN_POINT('Ctrl Pts',(-17.331417426384,-17.331417426384,159.009736119114));
#1303=CARTESIAN_POINT('Ctrl Pts',(0.,-17.331417426384,159.009736119114));
#1304=CARTESIAN_POINT('Ctrl Pts',(17.331417426384,-17.331417426384,159.009736119114));
#1305=CARTESIAN_POINT('Ctrl Pts',(17.331417426384,0.,159.009736119114));
#1306=CARTESIAN_POINT('Ctrl Pts',(17.5473543177599,0.,157.265540593076));
#1307=CARTESIAN_POINT('Ctrl Pts',(17.5473543177599,17.5473543177599,157.265540593076));
#1308=CARTESIAN_POINT('Ctrl Pts',(0.,17.5473543177599,157.265540593076));
#1309=CARTESIAN_POINT('Ctrl Pts',(-17.5473543177599,17.5473543177599,157.265540593076));
#1310=CARTESIAN_POINT('Ctrl Pts',(-17.5473543177599,0.,157.265540593076));
#1311=CARTESIAN_POINT('Ctrl Pts',(-17.5473543177599,-17.5473543177599,157.265540593076));
#1312=CARTESIAN_POINT('Ctrl Pts',(0.,-17.5473543177599,157.265540593076));
#1313=CARTESIAN_POINT('Ctrl Pts',(17.5473543177599,-17.5473543177599,157.265540593076));
#1314=CARTESIAN_POINT('Ctrl Pts',(17.5473543177599,0.,157.265540593076));
#1315=CARTESIAN_POINT('Ctrl Pts',(17.9967475189608,0.,155.552747248043));
#1316=CARTESIAN_POINT('Ctrl Pts',(17.9967475189608,17.9967475189608,155.552747248043));
#1317=CARTESIAN_POINT('Ctrl Pts',(0.,17.9967475189608,155.552747248043));
#1318=CARTESIAN_POINT('Ctrl Pts',(-17.9967475189608,17.9967475189608,155.552747248043));
#1319=CARTESIAN_POINT('Ctrl Pts',(-17.9967475189608,0.,155.552747248043));
#1320=CARTESIAN_POINT('Ctrl Pts',(-17.9967475189608,-17.9967475189608,155.552747248043));
#1321=CARTESIAN_POINT('Ctrl Pts',(0.,-17.9967475189608,155.552747248043));
#1322=CARTESIAN_POINT('Ctrl Pts',(17.9967475189608,-17.9967475189608,155.552747248043));
#1323=CARTESIAN_POINT('Ctrl Pts',(17.9967475189608,0.,155.552747248043));
#1324=CARTESIAN_POINT('Ctrl Pts',(18.7254704421334,0.,153.86393754324));
#1325=CARTESIAN_POINT('Ctrl Pts',(18.7254704421334,18.7254704421334,153.86393754324));
#1326=CARTESIAN_POINT('Ctrl Pts',(0.,18.7254704421334,153.86393754324));
#1327=CARTESIAN_POINT('Ctrl Pts',(-18.7254704421334,18.7254704421334,153.86393754324));
#1328=CARTESIAN_POINT('Ctrl Pts',(-18.7254704421334,0.,153.86393754324));
#1329=CARTESIAN_POINT('Ctrl Pts',(-18.7254704421334,-18.7254704421334,153.86393754324));
#1330=CARTESIAN_POINT('Ctrl Pts',(0.,-18.7254704421334,153.86393754324));
#1331=CARTESIAN_POINT('Ctrl Pts',(18.7254704421334,-18.7254704421334,153.86393754324));
#1332=CARTESIAN_POINT('Ctrl Pts',(18.7254704421334,0.,153.86393754324));
#1333=CARTESIAN_POINT('Ctrl Pts',(19.7384293919891,0.,152.189687240188));
#1334=CARTESIAN_POINT('Ctrl Pts',(19.7384293919891,19.7384293919891,152.189687240188));
#1335=CARTESIAN_POINT('Ctrl Pts',(0.,19.7384293919891,152.189687240188));
#1336=CARTESIAN_POINT('Ctrl Pts',(-19.7384293919891,19.7384293919891,152.189687240188));
#1337=CARTESIAN_POINT('Ctrl Pts',(-19.7384293919891,0.,152.189687240188));
#1338=CARTESIAN_POINT('Ctrl Pts',(-19.7384293919891,-19.7384293919891,152.189687240188));
#1339=CARTESIAN_POINT('Ctrl Pts',(0.,-19.7384293919891,152.189687240188));
#1340=CARTESIAN_POINT('Ctrl Pts',(19.7384293919891,-19.7384293919891,152.189687240188));
#1341=CARTESIAN_POINT('Ctrl Pts',(19.7384293919891,0.,152.189687240188));
#1342=CARTESIAN_POINT('Ctrl Pts',(20.9909508003164,0.,150.519232630447));
#1343=CARTESIAN_POINT('Ctrl Pts',(20.9909508003164,20.9909508003164,150.519232630447));
#1344=CARTESIAN_POINT('Ctrl Pts',(0.,20.9909508003164,150.519232630447));
#1345=CARTESIAN_POINT('Ctrl Pts',(-20.9909508003164,20.9909508003164,150.519232630447));
#1346=CARTESIAN_POINT('Ctrl Pts',(-20.9909508003164,0.,150.519232630447));
#1347=CARTESIAN_POINT('Ctrl Pts',(-20.9909508003164,-20.9909508003164,150.519232630447));
#1348=CARTESIAN_POINT('Ctrl Pts',(0.,-20.9909508003164,150.519232630447));
#1349=CARTESIAN_POINT('Ctrl Pts',(20.9909508003164,-20.9909508003164,150.519232630447));
#1350=CARTESIAN_POINT('Ctrl Pts',(20.9909508003164,0.,150.519232630447));
#1351=CARTESIAN_POINT('Ctrl Pts',(22.4058032721378,0.,148.841194987679));
#1352=CARTESIAN_POINT('Ctrl Pts',(22.4058032721378,22.4058032721378,148.841194987679));
#1353=CARTESIAN_POINT('Ctrl Pts',(0.,22.4058032721378,148.841194987679));
#1354=CARTESIAN_POINT('Ctrl Pts',(-22.4058032721378,22.4058032721378,148.841194987679));
#1355=CARTESIAN_POINT('Ctrl Pts',(-22.4058032721378,0.,148.841194987679));
#1356=CARTESIAN_POINT('Ctrl Pts',(-22.4058032721378,-22.4058032721378,148.841194987679));
#1357=CARTESIAN_POINT('Ctrl Pts',(0.,-22.4058032721378,148.841194987679));
#1358=CARTESIAN_POINT('Ctrl Pts',(22.4058032721378,-22.4058032721378,148.841194987679));
#1359=CARTESIAN_POINT('Ctrl Pts',(22.4058032721378,0.,148.841194987679));
#1360=CARTESIAN_POINT('Ctrl Pts',(23.8858120444263,0.,147.14430146276));
#1361=CARTESIAN_POINT('Ctrl Pts',(23.8858120444263,23.8858120444263,147.14430146276));
#1362=CARTESIAN_POINT('Ctrl Pts',(0.,23.8858120444263,147.14430146276));
#1363=CARTESIAN_POINT('Ctrl Pts',(-23.8858120444263,23.8858120444263,147.14430146276));
#1364=CARTESIAN_POINT('Ctrl Pts',(-23.8858120444263,0.,147.14430146276));
#1365=CARTESIAN_POINT('Ctrl Pts',(-23.8858120444263,-23.8858120444263,147.14430146276));
#1366=CARTESIAN_POINT('Ctrl Pts',(0.,-23.8858120444263,147.14430146276));
#1367=CARTESIAN_POINT('Ctrl Pts',(23.8858120444263,-23.8858120444263,147.14430146276));
#1368=CARTESIAN_POINT('Ctrl Pts',(23.8858120444263,0.,147.14430146276));
#1369=CARTESIAN_POINT('Ctrl Pts',(25.3279265628784,0.,145.418091365804));
#1370=CARTESIAN_POINT('Ctrl Pts',(25.3279265628784,25.3279265628784,145.418091365804));
#1371=CARTESIAN_POINT('Ctrl Pts',(0.,25.3279265628784,145.418091365804));
#1372=CARTESIAN_POINT('Ctrl Pts',(-25.3279265628784,25.3279265628784,145.418091365804));
#1373=CARTESIAN_POINT('Ctrl Pts',(-25.3279265628784,0.,145.418091365804));
#1374=CARTESIAN_POINT('Ctrl Pts',(-25.3279265628784,-25.3279265628784,145.418091365804));
#1375=CARTESIAN_POINT('Ctrl Pts',(0.,-25.3279265628784,145.418091365804));
#1376=CARTESIAN_POINT('Ctrl Pts',(25.3279265628784,-25.3279265628784,145.418091365804));
#1377=CARTESIAN_POINT('Ctrl Pts',(25.3279265628784,0.,145.418091365804));
#1378=CARTESIAN_POINT('Ctrl Pts',(26.6372276436666,0.,143.653666025355));
#1379=CARTESIAN_POINT('Ctrl Pts',(26.6372276436666,26.6372276436666,143.653666025355));
#1380=CARTESIAN_POINT('Ctrl Pts',(0.,26.6372276436666,143.653666025355));
#1381=CARTESIAN_POINT('Ctrl Pts',(-26.6372276436666,26.6372276436666,143.653666025355));
#1382=CARTESIAN_POINT('Ctrl Pts',(-26.6372276436666,0.,143.653666025355));
#1383=CARTESIAN_POINT('Ctrl Pts',(-26.6372276436666,-26.6372276436666,143.653666025355));
#1384=CARTESIAN_POINT('Ctrl Pts',(0.,-26.6372276436666,143.653666025355));
#1385=CARTESIAN_POINT('Ctrl Pts',(26.6372276436666,-26.6372276436666,143.653666025355));
#1386=CARTESIAN_POINT('Ctrl Pts',(26.6372276436666,0.,143.653666025355));
#1387=CARTESIAN_POINT('Ctrl Pts',(27.7396268419299,0.,141.844337203814));
#1388=CARTESIAN_POINT('Ctrl Pts',(27.7396268419299,27.7396268419299,141.844337203814));
#1389=CARTESIAN_POINT('Ctrl Pts',(0.,27.7396268419299,141.844337203814));
#1390=CARTESIAN_POINT('Ctrl Pts',(-27.7396268419299,27.7396268419299,141.844337203814));
#1391=CARTESIAN_POINT('Ctrl Pts',(-27.7396268419299,0.,141.844337203814));
#1392=CARTESIAN_POINT('Ctrl Pts',(-27.7396268419299,-27.7396268419299,141.844337203814));
#1393=CARTESIAN_POINT('Ctrl Pts',(0.,-27.7396268419299,141.844337203814));
#1394=CARTESIAN_POINT('Ctrl Pts',(27.7396268419299,-27.7396268419299,141.844337203814));
#1395=CARTESIAN_POINT('Ctrl Pts',(27.7396268419299,0.,141.844337203814));
#1396=CARTESIAN_POINT('Ctrl Pts',(28.5984389105912,0.,139.986530292152));
#1397=CARTESIAN_POINT('Ctrl Pts',(28.5984389105912,28.5984389105912,139.986530292152));
#1398=CARTESIAN_POINT('Ctrl Pts',(0.,28.5984389105912,139.986530292152));
#1399=CARTESIAN_POINT('Ctrl Pts',(-28.5984389105912,28.5984389105912,139.986530292152));
#1400=CARTESIAN_POINT('Ctrl Pts',(-28.5984389105912,0.,139.986530292152));
#1401=CARTESIAN_POINT('Ctrl Pts',(-28.5984389105912,-28.5984389105912,139.986530292152));
#1402=CARTESIAN_POINT('Ctrl Pts',(0.,-28.5984389105912,139.986530292152));
#1403=CARTESIAN_POINT('Ctrl Pts',(28.5984389105912,-28.5984389105912,139.986530292152));
#1404=CARTESIAN_POINT('Ctrl Pts',(28.5984389105912,0.,139.986530292152));
#1405=CARTESIAN_POINT('Ctrl Pts',(29.2172259958641,0.,138.079815628533));
#1406=CARTESIAN_POINT('Ctrl Pts',(29.2172259958641,29.2172259958641,138.079815628533));
#1407=CARTESIAN_POINT('Ctrl Pts',(0.,29.2172259958641,138.079815628533));
#1408=CARTESIAN_POINT('Ctrl Pts',(-29.2172259958641,29.2172259958641,138.079815628533));
#1409=CARTESIAN_POINT('Ctrl Pts',(-29.2172259958641,0.,138.079815628533));
#1410=CARTESIAN_POINT('Ctrl Pts',(-29.2172259958641,-29.2172259958641,138.079815628533));
#1411=CARTESIAN_POINT('Ctrl Pts',(0.,-29.2172259958641,138.079815628533));
#1412=CARTESIAN_POINT('Ctrl Pts',(29.2172259958641,-29.2172259958641,138.079815628533));
#1413=CARTESIAN_POINT('Ctrl Pts',(29.2172259958641,0.,138.079815628533));
#1414=CARTESIAN_POINT('Ctrl Pts',(29.6248049942449,0.,136.125812954158));
#1415=CARTESIAN_POINT('Ctrl Pts',(29.6248049942449,29.6248049942449,136.125812954158));
#1416=CARTESIAN_POINT('Ctrl Pts',(0.,29.6248049942449,136.125812954158));
#1417=CARTESIAN_POINT('Ctrl Pts',(-29.6248049942449,29.6248049942449,136.125812954158));
#1418=CARTESIAN_POINT('Ctrl Pts',(-29.6248049942449,0.,136.125812954158));
#1419=CARTESIAN_POINT('Ctrl Pts',(-29.6248049942449,-29.6248049942449,136.125812954158));
#1420=CARTESIAN_POINT('Ctrl Pts',(0.,-29.6248049942449,136.125812954158));
#1421=CARTESIAN_POINT('Ctrl Pts',(29.6248049942449,-29.6248049942449,136.125812954158));
#1422=CARTESIAN_POINT('Ctrl Pts',(29.6248049942449,0.,136.125812954158));
#1423=CARTESIAN_POINT('Ctrl Pts',(29.8647757573214,0.,134.127382016631));
#1424=CARTESIAN_POINT('Ctrl Pts',(29.8647757573214,29.8647757573214,134.127382016631));
#1425=CARTESIAN_POINT('Ctrl Pts',(0.,29.8647757573214,134.127382016631));
#1426=CARTESIAN_POINT('Ctrl Pts',(-29.8647757573214,29.8647757573214,134.127382016631));
#1427=CARTESIAN_POINT('Ctrl Pts',(-29.8647757573214,0.,134.127382016631));
#1428=CARTESIAN_POINT('Ctrl Pts',(-29.8647757573214,-29.8647757573214,134.127382016631));
#1429=CARTESIAN_POINT('Ctrl Pts',(0.,-29.8647757573214,134.127382016631));
#1430=CARTESIAN_POINT('Ctrl Pts',(29.8647757573214,-29.8647757573214,134.127382016631));
#1431=CARTESIAN_POINT('Ctrl Pts',(29.8647757573214,0.,134.127382016631));
#1432=CARTESIAN_POINT('Ctrl Pts',(29.9595460266042,0.,132.495635855461));
#1433=CARTESIAN_POINT('Ctrl Pts',(29.9595460266042,29.9595460266042,132.495635855461));
#1434=CARTESIAN_POINT('Ctrl Pts',(0.,29.9595460266042,132.495635855461));
#1435=CARTESIAN_POINT('Ctrl Pts',(-29.9595460266042,29.9595460266042,132.495635855461));
#1436=CARTESIAN_POINT('Ctrl Pts',(-29.9595460266042,0.,132.495635855461));
#1437=CARTESIAN_POINT('Ctrl Pts',(-29.9595460266042,-29.9595460266042,132.495635855461));
#1438=CARTESIAN_POINT('Ctrl Pts',(0.,-29.9595460266042,132.495635855461));
#1439=CARTESIAN_POINT('Ctrl Pts',(29.9595460266042,-29.9595460266042,132.495635855461));
#1440=CARTESIAN_POINT('Ctrl Pts',(29.9595460266042,0.,132.495635855461));
#1441=CARTESIAN_POINT('Ctrl Pts',(29.9926448764929,0.,131.254442100584));
#1442=CARTESIAN_POINT('Ctrl Pts',(29.9926448764929,29.9926448764929,131.254442100584));
#1443=CARTESIAN_POINT('Ctrl Pts',(0.,29.9926448764929,131.254442100584));
#1444=CARTESIAN_POINT('Ctrl Pts',(-29.9926448764929,29.9926448764929,131.254442100584));
#1445=CARTESIAN_POINT('Ctrl Pts',(-29.9926448764929,0.,131.254442100584));
#1446=CARTESIAN_POINT('Ctrl Pts',(-29.9926448764929,-29.9926448764929,131.254442100584));
#1447=CARTESIAN_POINT('Ctrl Pts',(0.,-29.9926448764929,131.254442100584));
#1448=CARTESIAN_POINT('Ctrl Pts',(29.9926448764929,-29.9926448764929,131.254442100584));
#1449=CARTESIAN_POINT('Ctrl Pts',(29.9926448764929,0.,131.254442100584));
#1450=CARTESIAN_POINT('Ctrl Pts',(30.,0.,130.419409109286));
#1451=CARTESIAN_POINT('Ctrl Pts',(30.,30.,130.419409109286));
#1452=CARTESIAN_POINT('Ctrl Pts',(0.,30.,130.419409109286));
#1453=CARTESIAN_POINT('Ctrl Pts',(-30.,30.,130.419409109286));
#1454=CARTESIAN_POINT('Ctrl Pts',(-30.,0.,130.419409109286));
#1455=CARTESIAN_POINT('Ctrl Pts',(-30.,-30.,130.419409109286));
#1456=CARTESIAN_POINT('Ctrl Pts',(0.,-30.,130.419409109286));
#1457=CARTESIAN_POINT('Ctrl Pts',(30.,-30.,130.419409109286));
#1458=CARTESIAN_POINT('Ctrl Pts',(30.,0.,130.419409109286));
#1459=CARTESIAN_POINT('Ctrl Pts',(30.,0.,130.));
#1460=CARTESIAN_POINT('Ctrl Pts',(30.,30.,130.));
#1461=CARTESIAN_POINT('Ctrl Pts',(0.,30.,130.));
#1462=CARTESIAN_POINT('Ctrl Pts',(-30.,30.,130.));
#1463=CARTESIAN_POINT('Ctrl Pts',(-30.,0.,130.));
#1464=CARTESIAN_POINT('Ctrl Pts',(-30.,-30.,130.));
#1465=CARTESIAN_POINT('Ctrl Pts',(0.,-30.,130.));
#1466=CARTESIAN_POINT('Ctrl Pts',(30.,-30.,130.));
#1467=CARTESIAN_POINT('Ctrl Pts',(30.,0.,130.));
#1468=CARTESIAN_POINT('',(30.,0.,130.));
#1469=CARTESIAN_POINT('Ctrl Pts',(30.,0.,130.));
#1470=CARTESIAN_POINT('Ctrl Pts',(30.,0.,130.419409109286));
#1471=CARTESIAN_POINT('Ctrl Pts',(29.9926448764929,0.,131.254442100584));
#1472=CARTESIAN_POINT('Ctrl Pts',(29.9595460266042,0.,132.495635855461));
#1473=CARTESIAN_POINT('Ctrl Pts',(29.8647757573214,0.,134.127382016631));
#1474=CARTESIAN_POINT('Ctrl Pts',(29.6248049942449,0.,136.125812954158));
#1475=CARTESIAN_POINT('Ctrl Pts',(29.2172259958641,0.,138.079815628533));
#1476=CARTESIAN_POINT('Ctrl Pts',(28.5984389105912,0.,139.986530292152));
#1477=CARTESIAN_POINT('Ctrl Pts',(27.7396268419299,0.,141.844337203814));
#1478=CARTESIAN_POINT('Ctrl Pts',(26.6372276436666,0.,143.653666025355));
#1479=CARTESIAN_POINT('Ctrl Pts',(25.3279265628784,0.,145.418091365804));
#1480=CARTESIAN_POINT('Ctrl Pts',(23.8858120444263,0.,147.14430146276));
#1481=CARTESIAN_POINT('Ctrl Pts',(22.4058032721378,0.,148.841194987679));
#1482=CARTESIAN_POINT('Ctrl Pts',(20.9909508003164,0.,150.519232630447));
#1483=CARTESIAN_POINT('Ctrl Pts',(19.7384293919891,0.,152.189687240188));
#1484=CARTESIAN_POINT('Ctrl Pts',(18.7254704421334,0.,153.86393754324));
#1485=CARTESIAN_POINT('Ctrl Pts',(17.9967475189608,0.,155.552747248043));
#1486=CARTESIAN_POINT('Ctrl Pts',(17.5473543177599,0.,157.265540593076));
#1487=CARTESIAN_POINT('Ctrl Pts',(17.331417426384,0.,159.009736119114));
#1488=CARTESIAN_POINT('Ctrl Pts',(17.2792413112571,0.,160.790099546285));
#1489=CARTESIAN_POINT('Ctrl Pts',(17.3115724588932,0.,162.608088882094));
#1490=CARTESIAN_POINT('Ctrl Pts',(17.3550794173237,0.,164.4611932137));
#1491=CARTESIAN_POINT('Ctrl Pts',(17.3572370450256,0.,166.342279803486));
#1492=CARTESIAN_POINT('Ctrl Pts',(17.3016439071763,0.,168.238907628536));
#1493=CARTESIAN_POINT('Ctrl Pts',(17.1950740875707,0.,170.136397342087));
#1494=CARTESIAN_POINT('Ctrl Pts',(17.0565608536794,0.,172.02061756059));
#1495=CARTESIAN_POINT('Ctrl Pts',(16.902184752344,0.,173.881388143839));
#1496=CARTESIAN_POINT('Ctrl Pts',(16.7397444337248,0.,175.714467069152));
#1497=CARTESIAN_POINT('Ctrl Pts',(16.5401742714648,0.,177.526886128621));
#1498=CARTESIAN_POINT('Ctrl Pts',(16.2708635651689,0.,179.333384729018));
#1499=CARTESIAN_POINT('Ctrl Pts',(15.93815133056,0.,181.144639302796));
#1500=CARTESIAN_POINT('Ctrl Pts',(15.5617132149865,0.,182.965545286288));
#1501=CARTESIAN_POINT('Ctrl Pts',(15.1739740760014,0.,184.789407200495));
#1502=CARTESIAN_POINT('Ctrl Pts',(14.8088014509349,0.,186.594760106363));
#1503=CARTESIAN_POINT('Ctrl Pts',(14.4951635201138,0.,188.338906446842));
#1504=CARTESIAN_POINT('Ctrl Pts',(14.2478812648346,0.,189.958198410684));
#1505=CARTESIAN_POINT('Ctrl Pts',(14.0667696135861,0.,191.397465278259));
#1506=CARTESIAN_POINT('Ctrl Pts',(13.928323651363,0.,192.658323449321));
#1507=CARTESIAN_POINT('Ctrl Pts',(13.7935438437749,0.,193.799297124107));
#1508=CARTESIAN_POINT('Ctrl Pts',(13.576752261139,0.,195.055475020988));
#1509=CARTESIAN_POINT('Ctrl Pts',(13.2524945585338,0.,196.535169427648));
#1510=CARTESIAN_POINT('Ctrl Pts',(12.8519674487993,0.,198.208315219463));
#1511=CARTESIAN_POINT('Ctrl Pts',(12.4318287012464,0.,199.983402099178));
#1512=CARTESIAN_POINT('Ctrl Pts',(12.05574132722,0.,201.744495952602));
#1513=CARTESIAN_POINT('Ctrl Pts',(11.769131550047,0.,203.408228419317));
#1514=CARTESIAN_POINT('Ctrl Pts',(11.5807060390508,0.,204.963957483222));
#1515=CARTESIAN_POINT('Ctrl Pts',(11.4753838496257,0.,206.448367956522));
#1516=CARTESIAN_POINT('Ctrl Pts',(11.42417520211,0.,207.925684574506));
#1517=CARTESIAN_POINT('Ctrl Pts',(11.3954587452402,0.,209.46610216238));
#1518=CARTESIAN_POINT('Ctrl Pts',(11.365055662018,0.,211.124372472666));
#1519=CARTESIAN_POINT('Ctrl Pts',(11.3280043469261,0.,212.91999797506));
#1520=CARTESIAN_POINT('Ctrl Pts',(11.2860128117344,0.,214.838102108017));
#1521=CARTESIAN_POINT('Ctrl Pts',(11.2513789603793,0.,216.830890451215));
#1522=CARTESIAN_POINT('Ctrl Pts',(11.2149187910952,0.,218.814858654878));
#1523=CARTESIAN_POINT('Ctrl Pts',(11.1968761491978,0.,220.678835721814));
#1524=CARTESIAN_POINT('Ctrl Pts',(11.1002992406866,0.,222.26539027014));
#1525=CARTESIAN_POINT('Ctrl Pts',(11.1430663914935,0.,223.435737959642));
#1526=CARTESIAN_POINT('Ctrl Pts',(11.6272088869135,0.,224.204518098943));
#1527=CARTESIAN_POINT('Ctrl Pts',(12.6334803098611,0.,224.728222406518));
#1528=CARTESIAN_POINT('Ctrl Pts',(13.320769015581,0.,225.546508456833));
#1529=CARTESIAN_POINT('Ctrl Pts',(13.3753404620107,0.,226.784238998897));
#1530=CARTESIAN_POINT('Ctrl Pts',(12.8979407722428,0.,228.300349117982));
#1531=CARTESIAN_POINT('Ctrl Pts',(12.1732758251554,0.,229.851175804718));
#1532=CARTESIAN_POINT('Ctrl Pts',(11.4750807762177,0.,231.268444995215));
#1533=CARTESIAN_POINT('Ctrl Pts',(10.973531899167,0.,232.510872448305));
#1534=CARTESIAN_POINT('Ctrl Pts',(10.7616093177865,0.,233.601646752725));
#1535=CARTESIAN_POINT('Ctrl Pts',(10.8472642511405,0.,234.601154231892));
#1536=CARTESIAN_POINT('Ctrl Pts',(11.1555004138974,0.,235.560816642646));
#1537=CARTESIAN_POINT('Ctrl Pts',(11.5392643409846,0.,236.499213669216));
#1538=CARTESIAN_POINT('Ctrl Pts',(11.8320441105403,0.,237.417941199373));
#1539=CARTESIAN_POINT('Ctrl Pts',(11.8857103996354,0.,238.214240424725));
#1540=CARTESIAN_POINT('Ctrl Pts',(11.7461655812975,0.,238.814604686416));
#1541=CARTESIAN_POINT('Ctrl Pts',(11.5495697589952,0.,239.232413207308));
#1542=CARTESIAN_POINT('Ctrl Pts',(11.3982508782291,0.,239.477205947348));
#1543=CARTESIAN_POINT('Ctrl Pts',(11.3470961261259,0.,239.55406508998));
#1544=CARTESIAN_POINT('',(-30.,-3.67394039744206E-15,130.));
#1545=CARTESIAN_POINT('Origin',(0.,0.,130.));
#1546=CARTESIAN_POINT('Origin',(0.,0.,130.));
#1547=CARTESIAN_POINT('Origin',(0.,0.,5.));
#1548=CARTESIAN_POINT('',(-25.,-3.06161699786838E-15,2.5));
#1549=CARTESIAN_POINT('Origin',(0.,0.,2.5));
#1550=CARTESIAN_POINT('',(-27.5,-3.36777869765522E-15,5.));
#1551=CARTESIAN_POINT('Origin',(-25.,-3.06161699786838E-15,5.));
#1552=CARTESIAN_POINT('Origin',(0.,0.,5.));
#1553=CARTESIAN_POINT('Origin',(30.,0.,2.5));
#1554=CARTESIAN_POINT('Origin',(0.,0.,65.));
#1555=CARTESIAN_POINT('',(-27.5,-3.36777869765522E-15,130.));
#1556=CARTESIAN_POINT('',(-27.5,-3.36777869765522E-15,65.));
#1557=CARTESIAN_POINT('',(27.5,0.,130.));
#1558=CARTESIAN_POINT('Origin',(0.,0.,130.));
#1559=CARTESIAN_POINT('Origin',(0.,0.,130.));
#1560=CARTESIAN_POINT('Ctrl Pts',(10.9349359210369,0.,226.700982879118));
#1561=CARTESIAN_POINT('Ctrl Pts',(10.9349359210369,10.9349359210369,226.700982879118));
#1562=CARTESIAN_POINT('Ctrl Pts',(0.,10.9349359210369,226.700982879118));
#1563=CARTESIAN_POINT('Ctrl Pts',(-10.9349359210369,10.9349359210369,226.700982879118));
#1564=CARTESIAN_POINT('Ctrl Pts',(-10.9349359210369,0.,226.700982879118));
#1565=CARTESIAN_POINT('Ctrl Pts',(-10.9349359210369,-10.9349359210369,226.700982879118));
#1566=CARTESIAN_POINT('Ctrl Pts',(0.,-10.9349359210369,226.700982879118));
#1567=CARTESIAN_POINT('Ctrl Pts',(10.9349359210369,-10.9349359210369,226.700982879118));
#1568=CARTESIAN_POINT('Ctrl Pts',(10.9349359210369,0.,226.700982879118));
#1569=CARTESIAN_POINT('Ctrl Pts',(10.9308163554589,0.,226.696820679689));
#1570=CARTESIAN_POINT('Ctrl Pts',(10.9308163554589,10.9308163554589,226.696820679689));
#1571=CARTESIAN_POINT('Ctrl Pts',(0.,10.9308163554589,226.696820679689));
#1572=CARTESIAN_POINT('Ctrl Pts',(-10.9308163554589,10.9308163554589,226.696820679689));
#1573=CARTESIAN_POINT('Ctrl Pts',(-10.9308163554589,0.,226.696820679689));
#1574=CARTESIAN_POINT('Ctrl Pts',(-10.9308163554589,-10.9308163554589,226.696820679689));
#1575=CARTESIAN_POINT('Ctrl Pts',(0.,-10.9308163554589,226.696820679689));
#1576=CARTESIAN_POINT('Ctrl Pts',(10.9308163554589,-10.9308163554589,226.696820679689));
#1577=CARTESIAN_POINT('Ctrl Pts',(10.9308163554589,0.,226.696820679689));
#1578=CARTESIAN_POINT('Ctrl Pts',(10.7425541191773,0.,226.560927348085));
#1579=CARTESIAN_POINT('Ctrl Pts',(10.7425541191773,10.7425541191773,226.560927348085));
#1580=CARTESIAN_POINT('Ctrl Pts',(0.,10.7425541191773,226.560927348085));
#1581=CARTESIAN_POINT('Ctrl Pts',(-10.7425541191773,10.7425541191773,226.560927348085));
#1582=CARTESIAN_POINT('Ctrl Pts',(-10.7425541191773,0.,226.560927348085));
#1583=CARTESIAN_POINT('Ctrl Pts',(-10.7425541191773,-10.7425541191773,226.560927348085));
#1584=CARTESIAN_POINT('Ctrl Pts',(0.,-10.7425541191773,226.560927348085));
#1585=CARTESIAN_POINT('Ctrl Pts',(10.7425541191773,-10.7425541191773,226.560927348085));
#1586=CARTESIAN_POINT('Ctrl Pts',(10.7425541191773,0.,226.560927348085));
#1587=CARTESIAN_POINT('Ctrl Pts',(10.3484450480435,0.,226.239533686138));
#1588=CARTESIAN_POINT('Ctrl Pts',(10.3484450480435,10.3484450480435,226.239533686138));
#1589=CARTESIAN_POINT('Ctrl Pts',(0.,10.3484450480435,226.239533686138));
#1590=CARTESIAN_POINT('Ctrl Pts',(-10.3484450480435,10.3484450480435,226.239533686138));
#1591=CARTESIAN_POINT('Ctrl Pts',(-10.3484450480435,0.,226.239533686138));
#1592=CARTESIAN_POINT('Ctrl Pts',(-10.3484450480435,-10.3484450480435,226.239533686138));
#1593=CARTESIAN_POINT('Ctrl Pts',(0.,-10.3484450480435,226.239533686138));
#1594=CARTESIAN_POINT('Ctrl Pts',(10.3484450480435,-10.3484450480435,226.239533686138));
#1595=CARTESIAN_POINT('Ctrl Pts',(10.3484450480435,0.,226.239533686138));
#1596=CARTESIAN_POINT('Ctrl Pts',(9.99747047675162,0.,225.953315958661));
#1597=CARTESIAN_POINT('Ctrl Pts',(9.99747047675162,9.99747047675162,225.953315958661));
#1598=CARTESIAN_POINT('Ctrl Pts',(0.,9.99747047675162,225.953315958661));
#1599=CARTESIAN_POINT('Ctrl Pts',(-9.99747047675162,9.99747047675162,225.953315958661));
#1600=CARTESIAN_POINT('Ctrl Pts',(-9.99747047675162,0.,225.953315958661));
#1601=CARTESIAN_POINT('Ctrl Pts',(-9.99747047675162,-9.99747047675162,225.953315958661));
#1602=CARTESIAN_POINT('Ctrl Pts',(0.,-9.99747047675162,225.953315958661));
#1603=CARTESIAN_POINT('Ctrl Pts',(9.99747047675162,-9.99747047675162,225.953315958661));
#1604=CARTESIAN_POINT('Ctrl Pts',(9.99747047675162,0.,225.953315958661));
#1605=CARTESIAN_POINT('Ctrl Pts',(9.50057831183021,0.,225.459647413047));
#1606=CARTESIAN_POINT('Ctrl Pts',(9.50057831183021,9.50057831183021,225.459647413047));
#1607=CARTESIAN_POINT('Ctrl Pts',(0.,9.50057831183021,225.459647413047));
#1608=CARTESIAN_POINT('Ctrl Pts',(-9.50057831183021,9.50057831183021,225.459647413047));
#1609=CARTESIAN_POINT('Ctrl Pts',(-9.50057831183021,0.,225.459647413047));
#1610=CARTESIAN_POINT('Ctrl Pts',(-9.50057831183021,-9.50057831183021,225.459647413047));
#1611=CARTESIAN_POINT('Ctrl Pts',(0.,-9.50057831183021,225.459647413047));
#1612=CARTESIAN_POINT('Ctrl Pts',(9.50057831183021,-9.50057831183021,225.459647413047));
#1613=CARTESIAN_POINT('Ctrl Pts',(9.50057831183021,0.,225.459647413047));
#1614=CARTESIAN_POINT('Ctrl Pts',(9.17803022662184,0.,224.84921877685));
#1615=CARTESIAN_POINT('Ctrl Pts',(9.17803022662183,9.17803022662183,224.84921877685));
#1616=CARTESIAN_POINT('Ctrl Pts',(0.,9.17803022662184,224.84921877685));
#1617=CARTESIAN_POINT('Ctrl Pts',(-9.17803022662183,9.17803022662183,224.84921877685));
#1618=CARTESIAN_POINT('Ctrl Pts',(-9.17803022662184,0.,224.84921877685));
#1619=CARTESIAN_POINT('Ctrl Pts',(-9.17803022662183,-9.17803022662183,224.84921877685));
#1620=CARTESIAN_POINT('Ctrl Pts',(0.,-9.17803022662184,224.84921877685));
#1621=CARTESIAN_POINT('Ctrl Pts',(9.17803022662183,-9.17803022662183,224.84921877685));
#1622=CARTESIAN_POINT('Ctrl Pts',(9.17803022662184,0.,224.84921877685));
#1623=CARTESIAN_POINT('Ctrl Pts',(8.85329735329895,0.,224.234655385897));
#1624=CARTESIAN_POINT('Ctrl Pts',(8.85329735329895,8.85329735329895,224.234655385897));
#1625=CARTESIAN_POINT('Ctrl Pts',(0.,8.85329735329895,224.234655385897));
#1626=CARTESIAN_POINT('Ctrl Pts',(-8.85329735329895,8.85329735329895,224.234655385897));
#1627=CARTESIAN_POINT('Ctrl Pts',(-8.85329735329895,0.,224.234655385897));
#1628=CARTESIAN_POINT('Ctrl Pts',(-8.85329735329895,-8.85329735329895,224.234655385897));
#1629=CARTESIAN_POINT('Ctrl Pts',(0.,-8.85329735329895,224.234655385897));
#1630=CARTESIAN_POINT('Ctrl Pts',(8.85329735329895,-8.85329735329895,224.234655385897));
#1631=CARTESIAN_POINT('Ctrl Pts',(8.85329735329895,0.,224.234655385897));
#1632=CARTESIAN_POINT('Ctrl Pts',(8.72132382548663,0.,223.590307358239));
#1633=CARTESIAN_POINT('Ctrl Pts',(8.72132382548663,8.72132382548663,223.590307358239));
#1634=CARTESIAN_POINT('Ctrl Pts',(0.,8.72132382548663,223.590307358239));
#1635=CARTESIAN_POINT('Ctrl Pts',(-8.72132382548663,8.72132382548663,223.590307358239));
#1636=CARTESIAN_POINT('Ctrl Pts',(-8.72132382548663,0.,223.590307358239));
#1637=CARTESIAN_POINT('Ctrl Pts',(-8.72132382548663,-8.72132382548663,223.590307358239));
#1638=CARTESIAN_POINT('Ctrl Pts',(0.,-8.72132382548663,223.590307358239));
#1639=CARTESIAN_POINT('Ctrl Pts',(8.72132382548663,-8.72132382548663,223.590307358239));
#1640=CARTESIAN_POINT('Ctrl Pts',(8.72132382548663,0.,223.590307358239));
#1641=CARTESIAN_POINT('Ctrl Pts',(8.6708154841812,0.,223.054196228817));
#1642=CARTESIAN_POINT('Ctrl Pts',(8.6708154841812,8.6708154841812,223.054196228817));
#1643=CARTESIAN_POINT('Ctrl Pts',(0.,8.6708154841812,223.054196228817));
#1644=CARTESIAN_POINT('Ctrl Pts',(-8.6708154841812,8.6708154841812,223.054196228817));
#1645=CARTESIAN_POINT('Ctrl Pts',(-8.6708154841812,0.,223.054196228817));
#1646=CARTESIAN_POINT('Ctrl Pts',(-8.6708154841812,-8.6708154841812,223.054196228817));
#1647=CARTESIAN_POINT('Ctrl Pts',(0.,-8.6708154841812,223.054196228817));
#1648=CARTESIAN_POINT('Ctrl Pts',(8.6708154841812,-8.6708154841812,223.054196228817));
#1649=CARTESIAN_POINT('Ctrl Pts',(8.6708154841812,0.,223.054196228817));
#1650=CARTESIAN_POINT('Ctrl Pts',(8.58494254832695,0.,222.142714373786));
#1651=CARTESIAN_POINT('Ctrl Pts',(8.58494254832695,8.58494254832695,222.142714373786));
#1652=CARTESIAN_POINT('Ctrl Pts',(0.,8.58494254832695,222.142714373786));
#1653=CARTESIAN_POINT('Ctrl Pts',(-8.58494254832695,8.58494254832695,222.142714373786));
#1654=CARTESIAN_POINT('Ctrl Pts',(-8.58494254832695,0.,222.142714373786));
#1655=CARTESIAN_POINT('Ctrl Pts',(-8.58494254832695,-8.58494254832695,222.142714373786));
#1656=CARTESIAN_POINT('Ctrl Pts',(0.,-8.58494254832695,222.142714373786));
#1657=CARTESIAN_POINT('Ctrl Pts',(8.58494254832695,-8.58494254832695,222.142714373786));
#1658=CARTESIAN_POINT('Ctrl Pts',(8.58494254832695,0.,222.142714373786));
#1659=CARTESIAN_POINT('Ctrl Pts',(8.65298637154743,0.,221.42509722263));
#1660=CARTESIAN_POINT('Ctrl Pts',(8.65298637154742,8.65298637154742,221.42509722263));
#1661=CARTESIAN_POINT('Ctrl Pts',(0.,8.65298637154743,221.42509722263));
#1662=CARTESIAN_POINT('Ctrl Pts',(-8.65298637154742,8.65298637154742,221.42509722263));
#1663=CARTESIAN_POINT('Ctrl Pts',(-8.65298637154743,0.,221.42509722263));
#1664=CARTESIAN_POINT('Ctrl Pts',(-8.65298637154742,-8.65298637154742,221.42509722263));
#1665=CARTESIAN_POINT('Ctrl Pts',(0.,-8.65298637154743,221.42509722263));
#1666=CARTESIAN_POINT('Ctrl Pts',(8.65298637154742,-8.65298637154742,221.42509722263));
#1667=CARTESIAN_POINT('Ctrl Pts',(8.65298637154743,0.,221.42509722263));
#1668=CARTESIAN_POINT('Ctrl Pts',(8.67843256238163,0.,220.617120245196));
#1669=CARTESIAN_POINT('Ctrl Pts',(8.67843256238163,8.67843256238163,220.617120245196));
#1670=CARTESIAN_POINT('Ctrl Pts',(0.,8.67843256238163,220.617120245196));
#1671=CARTESIAN_POINT('Ctrl Pts',(-8.67843256238163,8.67843256238163,220.617120245196));
#1672=CARTESIAN_POINT('Ctrl Pts',(-8.67843256238163,0.,220.617120245196));
#1673=CARTESIAN_POINT('Ctrl Pts',(-8.67843256238163,-8.67843256238163,220.617120245196));
#1674=CARTESIAN_POINT('Ctrl Pts',(0.,-8.67843256238163,220.617120245196));
#1675=CARTESIAN_POINT('Ctrl Pts',(8.67843256238163,-8.67843256238163,220.617120245196));
#1676=CARTESIAN_POINT('Ctrl Pts',(8.67843256238163,0.,220.617120245196));
#1677=CARTESIAN_POINT('Ctrl Pts',(8.72485713105426,0.,219.143029961146));
#1678=CARTESIAN_POINT('Ctrl Pts',(8.72485713105426,8.72485713105426,219.143029961146));
#1679=CARTESIAN_POINT('Ctrl Pts',(0.,8.72485713105426,219.143029961146));
#1680=CARTESIAN_POINT('Ctrl Pts',(-8.72485713105426,8.72485713105426,219.143029961146));
#1681=CARTESIAN_POINT('Ctrl Pts',(-8.72485713105426,0.,219.143029961146));
#1682=CARTESIAN_POINT('Ctrl Pts',(-8.72485713105426,-8.72485713105426,219.143029961146));
#1683=CARTESIAN_POINT('Ctrl Pts',(0.,-8.72485713105426,219.143029961146));
#1684=CARTESIAN_POINT('Ctrl Pts',(8.72485713105426,-8.72485713105426,219.143029961146));
#1685=CARTESIAN_POINT('Ctrl Pts',(8.72485713105426,0.,219.143029961146));
#1686=CARTESIAN_POINT('Ctrl Pts',(8.74115475875719,0.,217.306985430397));
#1687=CARTESIAN_POINT('Ctrl Pts',(8.74115475875719,8.74115475875719,217.306985430397));
#1688=CARTESIAN_POINT('Ctrl Pts',(0.,8.74115475875719,217.306985430397));
#1689=CARTESIAN_POINT('Ctrl Pts',(-8.74115475875719,8.74115475875719,217.306985430397));
#1690=CARTESIAN_POINT('Ctrl Pts',(-8.74115475875719,0.,217.306985430397));
#1691=CARTESIAN_POINT('Ctrl Pts',(-8.74115475875719,-8.74115475875719,217.306985430397));
#1692=CARTESIAN_POINT('Ctrl Pts',(0.,-8.74115475875719,217.306985430397));
#1693=CARTESIAN_POINT('Ctrl Pts',(8.74115475875719,-8.74115475875719,217.306985430397));
#1694=CARTESIAN_POINT('Ctrl Pts',(8.74115475875719,0.,217.306985430397));
#1695=CARTESIAN_POINT('Ctrl Pts',(8.77407018599387,0.,215.544459652327));
#1696=CARTESIAN_POINT('Ctrl Pts',(8.77407018599387,8.77407018599387,215.544459652327));
#1697=CARTESIAN_POINT('Ctrl Pts',(0.,8.77407018599387,215.544459652327));
#1698=CARTESIAN_POINT('Ctrl Pts',(-8.77407018599387,8.77407018599387,215.544459652327));
#1699=CARTESIAN_POINT('Ctrl Pts',(-8.77407018599387,0.,215.544459652327));
#1700=CARTESIAN_POINT('Ctrl Pts',(-8.77407018599387,-8.77407018599387,215.544459652327));
#1701=CARTESIAN_POINT('Ctrl Pts',(0.,-8.77407018599387,215.544459652327));
#1702=CARTESIAN_POINT('Ctrl Pts',(8.77407018599387,-8.77407018599387,215.544459652327));
#1703=CARTESIAN_POINT('Ctrl Pts',(8.77407018599387,0.,215.544459652327));
#1704=CARTESIAN_POINT('Ctrl Pts',(8.80882745981622,0.,213.683308325114));
#1705=CARTESIAN_POINT('Ctrl Pts',(8.80882745981622,8.80882745981622,213.683308325114));
#1706=CARTESIAN_POINT('Ctrl Pts',(0.,8.80882745981622,213.683308325114));
#1707=CARTESIAN_POINT('Ctrl Pts',(-8.80882745981622,8.80882745981622,213.683308325114));
#1708=CARTESIAN_POINT('Ctrl Pts',(-8.80882745981622,0.,213.683308325114));
#1709=CARTESIAN_POINT('Ctrl Pts',(-8.80882745981622,-8.80882745981622,213.683308325114));
#1710=CARTESIAN_POINT('Ctrl Pts',(0.,-8.80882745981622,213.683308325114));
#1711=CARTESIAN_POINT('Ctrl Pts',(8.80882745981622,-8.80882745981622,213.683308325114));
#1712=CARTESIAN_POINT('Ctrl Pts',(8.80882745981622,0.,213.683308325114));
#1713=CARTESIAN_POINT('Ctrl Pts',(8.84887425699297,0.,211.914660789816));
#1714=CARTESIAN_POINT('Ctrl Pts',(8.84887425699297,8.84887425699297,211.914660789816));
#1715=CARTESIAN_POINT('Ctrl Pts',(0.,8.84887425699297,211.914660789816));
#1716=CARTESIAN_POINT('Ctrl Pts',(-8.84887425699297,8.84887425699297,211.914660789816));
#1717=CARTESIAN_POINT('Ctrl Pts',(-8.84887425699297,0.,211.914660789816));
#1718=CARTESIAN_POINT('Ctrl Pts',(-8.84887425699297,-8.84887425699297,211.914660789816));
#1719=CARTESIAN_POINT('Ctrl Pts',(0.,-8.84887425699297,211.914660789816));
#1720=CARTESIAN_POINT('Ctrl Pts',(8.84887425699297,-8.84887425699297,211.914660789816));
#1721=CARTESIAN_POINT('Ctrl Pts',(8.84887425699297,0.,211.914660789816));
#1722=CARTESIAN_POINT('Ctrl Pts',(8.87864853144399,0.,210.345238623809));
#1723=CARTESIAN_POINT('Ctrl Pts',(8.87864853144399,8.87864853144399,210.345238623809));
#1724=CARTESIAN_POINT('Ctrl Pts',(0.,8.87864853144399,210.345238623809));
#1725=CARTESIAN_POINT('Ctrl Pts',(-8.87864853144399,8.87864853144399,210.345238623809));
#1726=CARTESIAN_POINT('Ctrl Pts',(-8.87864853144399,0.,210.345238623809));
#1727=CARTESIAN_POINT('Ctrl Pts',(-8.87864853144399,-8.87864853144399,210.345238623809));
#1728=CARTESIAN_POINT('Ctrl Pts',(0.,-8.87864853144399,210.345238623809));
#1729=CARTESIAN_POINT('Ctrl Pts',(8.87864853144399,-8.87864853144399,210.345238623809));
#1730=CARTESIAN_POINT('Ctrl Pts',(8.87864853144399,0.,210.345238623809));
#1731=CARTESIAN_POINT('Ctrl Pts',(8.9134565115367,0.,208.510486425186));
#1732=CARTESIAN_POINT('Ctrl Pts',(8.91345651153669,8.91345651153669,208.510486425186));
#1733=CARTESIAN_POINT('Ctrl Pts',(0.,8.9134565115367,208.510486425186));
#1734=CARTESIAN_POINT('Ctrl Pts',(-8.91345651153669,8.91345651153669,208.510486425186));
#1735=CARTESIAN_POINT('Ctrl Pts',(-8.9134565115367,0.,208.510486425186));
#1736=CARTESIAN_POINT('Ctrl Pts',(-8.91345651153669,-8.91345651153669,208.510486425186));
#1737=CARTESIAN_POINT('Ctrl Pts',(0.,-8.9134565115367,208.510486425186));
#1738=CARTESIAN_POINT('Ctrl Pts',(8.91345651153669,-8.91345651153669,208.510486425186));
#1739=CARTESIAN_POINT('Ctrl Pts',(8.9134565115367,0.,208.510486425186));
#1740=CARTESIAN_POINT('Ctrl Pts',(8.92281802879447,0.,206.894033856355));
#1741=CARTESIAN_POINT('Ctrl Pts',(8.92281802879446,8.92281802879446,206.894033856355));
#1742=CARTESIAN_POINT('Ctrl Pts',(0.,8.92281802879447,206.894033856355));
#1743=CARTESIAN_POINT('Ctrl Pts',(-8.92281802879446,8.92281802879446,206.894033856355));
#1744=CARTESIAN_POINT('Ctrl Pts',(-8.92281802879447,0.,206.894033856355));
#1745=CARTESIAN_POINT('Ctrl Pts',(-8.92281802879446,-8.92281802879446,206.894033856355));
#1746=CARTESIAN_POINT('Ctrl Pts',(0.,-8.92281802879447,206.894033856355));
#1747=CARTESIAN_POINT('Ctrl Pts',(8.92281802879446,-8.92281802879446,206.894033856355));
#1748=CARTESIAN_POINT('Ctrl Pts',(8.92281802879447,0.,206.894033856355));
#1749=CARTESIAN_POINT('Ctrl Pts',(9.07638821742637,0.,205.104958598192));
#1750=CARTESIAN_POINT('Ctrl Pts',(9.07638821742637,9.07638821742637,205.104958598192));
#1751=CARTESIAN_POINT('Ctrl Pts',(0.,9.07638821742637,205.104958598192));
#1752=CARTESIAN_POINT('Ctrl Pts',(-9.07638821742637,9.07638821742637,205.104958598192));
#1753=CARTESIAN_POINT('Ctrl Pts',(-9.07638821742637,0.,205.104958598192));
#1754=CARTESIAN_POINT('Ctrl Pts',(-9.07638821742637,-9.07638821742637,205.104958598192));
#1755=CARTESIAN_POINT('Ctrl Pts',(0.,-9.07638821742637,205.104958598192));
#1756=CARTESIAN_POINT('Ctrl Pts',(9.07638821742637,-9.07638821742637,205.104958598192));
#1757=CARTESIAN_POINT('Ctrl Pts',(9.07638821742637,0.,205.104958598192));
#1758=CARTESIAN_POINT('Ctrl Pts',(9.20688834199188,0.,203.584646966571));
#1759=CARTESIAN_POINT('Ctrl Pts',(9.20688834199187,9.20688834199187,203.584646966571));
#1760=CARTESIAN_POINT('Ctrl Pts',(0.,9.20688834199188,203.584646966571));
#1761=CARTESIAN_POINT('Ctrl Pts',(-9.20688834199187,9.20688834199187,203.584646966571));
#1762=CARTESIAN_POINT('Ctrl Pts',(-9.20688834199188,0.,203.584646966571));
#1763=CARTESIAN_POINT('Ctrl Pts',(-9.20688834199187,-9.20688834199187,203.584646966571));
#1764=CARTESIAN_POINT('Ctrl Pts',(0.,-9.20688834199188,203.584646966571));
#1765=CARTESIAN_POINT('Ctrl Pts',(9.20688834199187,-9.20688834199187,203.584646966571));
#1766=CARTESIAN_POINT('Ctrl Pts',(9.20688834199188,0.,203.584646966571));
#1767=CARTESIAN_POINT('Ctrl Pts',(9.46845515621009,0.,201.931312212883));
#1768=CARTESIAN_POINT('Ctrl Pts',(9.46845515621008,9.46845515621008,201.931312212883));
#1769=CARTESIAN_POINT('Ctrl Pts',(0.,9.46845515621009,201.931312212883));
#1770=CARTESIAN_POINT('Ctrl Pts',(-9.46845515621008,9.46845515621008,201.931312212883));
#1771=CARTESIAN_POINT('Ctrl Pts',(-9.46845515621009,0.,201.931312212883));
#1772=CARTESIAN_POINT('Ctrl Pts',(-9.46845515621008,-9.46845515621008,201.931312212883));
#1773=CARTESIAN_POINT('Ctrl Pts',(0.,-9.46845515621009,201.931312212883));
#1774=CARTESIAN_POINT('Ctrl Pts',(9.46845515621008,-9.46845515621008,201.931312212883));
#1775=CARTESIAN_POINT('Ctrl Pts',(9.46845515621009,0.,201.931312212883));
#1776=CARTESIAN_POINT('Ctrl Pts',(9.82924695665297,0.,200.230708600883));
#1777=CARTESIAN_POINT('Ctrl Pts',(9.82924695665297,9.82924695665297,200.230708600883));
#1778=CARTESIAN_POINT('Ctrl Pts',(0.,9.82924695665297,200.230708600883));
#1779=CARTESIAN_POINT('Ctrl Pts',(-9.82924695665297,9.82924695665297,200.230708600883));
#1780=CARTESIAN_POINT('Ctrl Pts',(-9.82924695665297,0.,200.230708600883));
#1781=CARTESIAN_POINT('Ctrl Pts',(-9.82924695665297,-9.82924695665297,200.230708600883));
#1782=CARTESIAN_POINT('Ctrl Pts',(0.,-9.82924695665297,200.230708600883));
#1783=CARTESIAN_POINT('Ctrl Pts',(9.82924695665297,-9.82924695665297,200.230708600883));
#1784=CARTESIAN_POINT('Ctrl Pts',(9.82924695665297,0.,200.230708600883));
#1785=CARTESIAN_POINT('Ctrl Pts',(10.1540866124854,0.,198.69956656453));
#1786=CARTESIAN_POINT('Ctrl Pts',(10.1540866124854,10.1540866124854,198.69956656453));
#1787=CARTESIAN_POINT('Ctrl Pts',(0.,10.1540866124854,198.69956656453));
#1788=CARTESIAN_POINT('Ctrl Pts',(-10.1540866124854,10.1540866124854,198.69956656453));
#1789=CARTESIAN_POINT('Ctrl Pts',(-10.1540866124854,0.,198.69956656453));
#1790=CARTESIAN_POINT('Ctrl Pts',(-10.1540866124854,-10.1540866124854,198.69956656453));
#1791=CARTESIAN_POINT('Ctrl Pts',(0.,-10.1540866124854,198.69956656453));
#1792=CARTESIAN_POINT('Ctrl Pts',(10.1540866124854,-10.1540866124854,198.69956656453));
#1793=CARTESIAN_POINT('Ctrl Pts',(10.1540866124854,0.,198.69956656453));
#1794=CARTESIAN_POINT('Ctrl Pts',(10.5397862238051,0.,197.159909935856));
#1795=CARTESIAN_POINT('Ctrl Pts',(10.5397862238051,10.5397862238051,197.159909935856));
#1796=CARTESIAN_POINT('Ctrl Pts',(0.,10.5397862238051,197.159909935856));
#1797=CARTESIAN_POINT('Ctrl Pts',(-10.5397862238051,10.5397862238051,197.159909935856));
#1798=CARTESIAN_POINT('Ctrl Pts',(-10.5397862238051,0.,197.159909935856));
#1799=CARTESIAN_POINT('Ctrl Pts',(-10.5397862238051,-10.5397862238051,197.159909935856));
#1800=CARTESIAN_POINT('Ctrl Pts',(0.,-10.5397862238051,197.159909935856));
#1801=CARTESIAN_POINT('Ctrl Pts',(10.5397862238051,-10.5397862238051,197.159909935856));
#1802=CARTESIAN_POINT('Ctrl Pts',(10.5397862238051,0.,197.159909935856));
#1803=CARTESIAN_POINT('Ctrl Pts',(10.8270232527418,0.,195.891704152962));
#1804=CARTESIAN_POINT('Ctrl Pts',(10.8270232527418,10.8270232527418,195.891704152962));
#1805=CARTESIAN_POINT('Ctrl Pts',(0.,10.8270232527418,195.891704152962));
#1806=CARTESIAN_POINT('Ctrl Pts',(-10.8270232527418,10.8270232527418,195.891704152962));
#1807=CARTESIAN_POINT('Ctrl Pts',(-10.8270232527418,0.,195.891704152962));
#1808=CARTESIAN_POINT('Ctrl Pts',(-10.8270232527418,-10.8270232527418,195.891704152962));
#1809=CARTESIAN_POINT('Ctrl Pts',(0.,-10.8270232527418,195.891704152962));
#1810=CARTESIAN_POINT('Ctrl Pts',(10.8270232527418,-10.8270232527418,195.891704152962));
#1811=CARTESIAN_POINT('Ctrl Pts',(10.8270232527418,0.,195.891704152962));
#1812=CARTESIAN_POINT('Ctrl Pts',(11.0483956877692,0.,194.914303003416));
#1813=CARTESIAN_POINT('Ctrl Pts',(11.0483956877692,11.0483956877692,194.914303003416));
#1814=CARTESIAN_POINT('Ctrl Pts',(0.,11.0483956877692,194.914303003416));
#1815=CARTESIAN_POINT('Ctrl Pts',(-11.0483956877692,11.0483956877692,194.914303003416));
#1816=CARTESIAN_POINT('Ctrl Pts',(-11.0483956877692,0.,194.914303003416));
#1817=CARTESIAN_POINT('Ctrl Pts',(-11.0483956877692,-11.0483956877692,194.914303003416));
#1818=CARTESIAN_POINT('Ctrl Pts',(0.,-11.0483956877692,194.914303003416));
#1819=CARTESIAN_POINT('Ctrl Pts',(11.0483956877692,-11.0483956877692,194.914303003416));
#1820=CARTESIAN_POINT('Ctrl Pts',(11.0483956877692,0.,194.914303003416));
#1821=CARTESIAN_POINT('Ctrl Pts',(11.2021658847722,0.,194.130089762909));
#1822=CARTESIAN_POINT('Ctrl Pts',(11.2021658847722,11.2021658847722,194.130089762909));
#1823=CARTESIAN_POINT('Ctrl Pts',(0.,11.2021658847722,194.130089762909));
#1824=CARTESIAN_POINT('Ctrl Pts',(-11.2021658847722,11.2021658847722,194.130089762909));
#1825=CARTESIAN_POINT('Ctrl Pts',(-11.2021658847722,0.,194.130089762909));
#1826=CARTESIAN_POINT('Ctrl Pts',(-11.2021658847722,-11.2021658847722,194.130089762909));
#1827=CARTESIAN_POINT('Ctrl Pts',(0.,-11.2021658847722,194.130089762909));
#1828=CARTESIAN_POINT('Ctrl Pts',(11.2021658847722,-11.2021658847722,194.130089762909));
#1829=CARTESIAN_POINT('Ctrl Pts',(11.2021658847722,0.,194.130089762909));
#1830=CARTESIAN_POINT('Ctrl Pts',(11.3067211151607,0.,193.418835898602));
#1831=CARTESIAN_POINT('Ctrl Pts',(11.3067211151607,11.3067211151607,193.418835898602));
#1832=CARTESIAN_POINT('Ctrl Pts',(0.,11.3067211151607,193.418835898602));
#1833=CARTESIAN_POINT('Ctrl Pts',(-11.3067211151607,11.3067211151607,193.418835898602));
#1834=CARTESIAN_POINT('Ctrl Pts',(-11.3067211151607,0.,193.418835898602));
#1835=CARTESIAN_POINT('Ctrl Pts',(-11.3067211151607,-11.3067211151607,193.418835898602));
#1836=CARTESIAN_POINT('Ctrl Pts',(0.,-11.3067211151607,193.418835898602));
#1837=CARTESIAN_POINT('Ctrl Pts',(11.3067211151607,-11.3067211151607,193.418835898602));
#1838=CARTESIAN_POINT('Ctrl Pts',(11.3067211151607,0.,193.418835898602));
#1839=CARTESIAN_POINT('Ctrl Pts',(11.4117883936173,0.,192.7040987445));
#1840=CARTESIAN_POINT('Ctrl Pts',(11.4117883936173,11.4117883936173,192.7040987445));
#1841=CARTESIAN_POINT('Ctrl Pts',(0.,11.4117883936173,192.7040987445));
#1842=CARTESIAN_POINT('Ctrl Pts',(-11.4117883936173,11.4117883936173,192.7040987445));
#1843=CARTESIAN_POINT('Ctrl Pts',(-11.4117883936173,0.,192.7040987445));
#1844=CARTESIAN_POINT('Ctrl Pts',(-11.4117883936173,-11.4117883936173,192.7040987445));
#1845=CARTESIAN_POINT('Ctrl Pts',(0.,-11.4117883936173,192.7040987445));
#1846=CARTESIAN_POINT('Ctrl Pts',(11.4117883936173,-11.4117883936173,192.7040987445));
#1847=CARTESIAN_POINT('Ctrl Pts',(11.4117883936173,0.,192.7040987445));
#1848=CARTESIAN_POINT('Ctrl Pts',(11.4855853057384,0.,191.968436506621));
#1849=CARTESIAN_POINT('Ctrl Pts',(11.4855853057384,11.4855853057384,191.968436506621));
#1850=CARTESIAN_POINT('Ctrl Pts',(0.,11.4855853057384,191.968436506621));
#1851=CARTESIAN_POINT('Ctrl Pts',(-11.4855853057384,11.4855853057384,191.968436506621));
#1852=CARTESIAN_POINT('Ctrl Pts',(-11.4855853057384,0.,191.968436506621));
#1853=CARTESIAN_POINT('Ctrl Pts',(-11.4855853057384,-11.4855853057384,191.968436506621));
#1854=CARTESIAN_POINT('Ctrl Pts',(0.,-11.4855853057384,191.968436506621));
#1855=CARTESIAN_POINT('Ctrl Pts',(11.4855853057384,-11.4855853057384,191.968436506621));
#1856=CARTESIAN_POINT('Ctrl Pts',(11.4855853057384,0.,191.968436506621));
#1857=CARTESIAN_POINT('Ctrl Pts',(11.5941700111514,0.,191.063346818545));
#1858=CARTESIAN_POINT('Ctrl Pts',(11.5941700111514,11.5941700111514,191.063346818545));
#1859=CARTESIAN_POINT('Ctrl Pts',(0.,11.5941700111514,191.063346818545));
#1860=CARTESIAN_POINT('Ctrl Pts',(-11.5941700111514,11.5941700111514,191.063346818545));
#1861=CARTESIAN_POINT('Ctrl Pts',(-11.5941700111514,0.,191.063346818545));
#1862=CARTESIAN_POINT('Ctrl Pts',(-11.5941700111514,-11.5941700111514,191.063346818545));
#1863=CARTESIAN_POINT('Ctrl Pts',(0.,-11.5941700111514,191.063346818545));
#1864=CARTESIAN_POINT('Ctrl Pts',(11.5941700111514,-11.5941700111514,191.063346818545));
#1865=CARTESIAN_POINT('Ctrl Pts',(11.5941700111514,0.,191.063346818545));
#1866=CARTESIAN_POINT('Ctrl Pts',(11.7848553644703,0.,189.473920883285));
#1867=CARTESIAN_POINT('Ctrl Pts',(11.7848553644703,11.7848553644703,189.473920883285));
#1868=CARTESIAN_POINT('Ctrl Pts',(0.,11.7848553644703,189.473920883285));
#1869=CARTESIAN_POINT('Ctrl Pts',(-11.7848553644703,11.7848553644703,189.473920883285));
#1870=CARTESIAN_POINT('Ctrl Pts',(-11.7848553644703,0.,189.473920883285));
#1871=CARTESIAN_POINT('Ctrl Pts',(-11.7848553644703,-11.7848553644703,189.473920883285));
#1872=CARTESIAN_POINT('Ctrl Pts',(0.,-11.7848553644703,189.473920883285));
#1873=CARTESIAN_POINT('Ctrl Pts',(11.7848553644703,-11.7848553644703,189.473920883285));
#1874=CARTESIAN_POINT('Ctrl Pts',(11.7848553644703,0.,189.473920883285));
#1875=CARTESIAN_POINT('Ctrl Pts',(12.102010203374,0.,187.422386124553));
#1876=CARTESIAN_POINT('Ctrl Pts',(12.102010203374,12.102010203374,187.422386124553));
#1877=CARTESIAN_POINT('Ctrl Pts',(0.,12.102010203374,187.422386124553));
#1878=CARTESIAN_POINT('Ctrl Pts',(-12.102010203374,12.102010203374,187.422386124553));
#1879=CARTESIAN_POINT('Ctrl Pts',(-12.102010203374,0.,187.422386124553));
#1880=CARTESIAN_POINT('Ctrl Pts',(-12.102010203374,-12.102010203374,187.422386124553));
#1881=CARTESIAN_POINT('Ctrl Pts',(0.,-12.102010203374,187.422386124553));
#1882=CARTESIAN_POINT('Ctrl Pts',(12.102010203374,-12.102010203374,187.422386124553));
#1883=CARTESIAN_POINT('Ctrl Pts',(12.102010203374,0.,187.422386124553));
#1884=CARTESIAN_POINT('Ctrl Pts',(12.5195303568296,0.,185.322351624063));
#1885=CARTESIAN_POINT('Ctrl Pts',(12.5195303568296,12.5195303568296,185.322351624063));
#1886=CARTESIAN_POINT('Ctrl Pts',(0.,12.5195303568296,185.322351624063));
#1887=CARTESIAN_POINT('Ctrl Pts',(-12.5195303568296,12.5195303568296,185.322351624063));
#1888=CARTESIAN_POINT('Ctrl Pts',(-12.5195303568296,0.,185.322351624063));
#1889=CARTESIAN_POINT('Ctrl Pts',(-12.5195303568296,-12.5195303568296,185.322351624063));
#1890=CARTESIAN_POINT('Ctrl Pts',(0.,-12.5195303568296,185.322351624063));
#1891=CARTESIAN_POINT('Ctrl Pts',(12.5195303568296,-12.5195303568296,185.322351624063));
#1892=CARTESIAN_POINT('Ctrl Pts',(12.5195303568296,0.,185.322351624063));
#1893=CARTESIAN_POINT('Ctrl Pts',(12.9189619682064,0.,183.313298510016));
#1894=CARTESIAN_POINT('Ctrl Pts',(12.9189619682064,12.9189619682064,183.313298510016));
#1895=CARTESIAN_POINT('Ctrl Pts',(0.,12.9189619682064,183.313298510016));
#1896=CARTESIAN_POINT('Ctrl Pts',(-12.9189619682064,12.9189619682064,183.313298510016));
#1897=CARTESIAN_POINT('Ctrl Pts',(-12.9189619682064,0.,183.313298510016));
#1898=CARTESIAN_POINT('Ctrl Pts',(-12.9189619682064,-12.9189619682064,183.313298510016));
#1899=CARTESIAN_POINT('Ctrl Pts',(0.,-12.9189619682064,183.313298510016));
#1900=CARTESIAN_POINT('Ctrl Pts',(12.9189619682064,-12.9189619682064,183.313298510016));
#1901=CARTESIAN_POINT('Ctrl Pts',(12.9189619682064,0.,183.313298510016));
#1902=CARTESIAN_POINT('Ctrl Pts',(13.3733852604193,0.,181.314784473102));
#1903=CARTESIAN_POINT('Ctrl Pts',(13.3733852604193,13.3733852604193,181.314784473102));
#1904=CARTESIAN_POINT('Ctrl Pts',(0.,13.3733852604193,181.314784473102));
#1905=CARTESIAN_POINT('Ctrl Pts',(-13.3733852604193,13.3733852604193,181.314784473102));
#1906=CARTESIAN_POINT('Ctrl Pts',(-13.3733852604193,0.,181.314784473102));
#1907=CARTESIAN_POINT('Ctrl Pts',(-13.3733852604193,-13.3733852604193,181.314784473102));
#1908=CARTESIAN_POINT('Ctrl Pts',(0.,-13.3733852604193,181.314784473102));
#1909=CARTESIAN_POINT('Ctrl Pts',(13.3733852604193,-13.3733852604193,181.314784473102));
#1910=CARTESIAN_POINT('Ctrl Pts',(13.3733852604193,0.,181.314784473102));
#1911=CARTESIAN_POINT('Ctrl Pts',(13.7061504556843,0.,179.41082205531));
#1912=CARTESIAN_POINT('Ctrl Pts',(13.7061504556843,13.7061504556843,179.41082205531));
#1913=CARTESIAN_POINT('Ctrl Pts',(0.,13.7061504556843,179.41082205531));
#1914=CARTESIAN_POINT('Ctrl Pts',(-13.7061504556843,13.7061504556843,179.41082205531));
#1915=CARTESIAN_POINT('Ctrl Pts',(-13.7061504556843,0.,179.41082205531));
#1916=CARTESIAN_POINT('Ctrl Pts',(-13.7061504556843,-13.7061504556843,179.41082205531));
#1917=CARTESIAN_POINT('Ctrl Pts',(0.,-13.7061504556843,179.41082205531));
#1918=CARTESIAN_POINT('Ctrl Pts',(13.7061504556843,-13.7061504556843,179.41082205531));
#1919=CARTESIAN_POINT('Ctrl Pts',(13.7061504556843,0.,179.41082205531));
#1920=CARTESIAN_POINT('Ctrl Pts',(14.0233944702132,0.,177.595666235149));
#1921=CARTESIAN_POINT('Ctrl Pts',(14.0233944702131,14.0233944702131,177.595666235149));
#1922=CARTESIAN_POINT('Ctrl Pts',(0.,14.0233944702132,177.595666235149));
#1923=CARTESIAN_POINT('Ctrl Pts',(-14.0233944702131,14.0233944702131,177.595666235149));
#1924=CARTESIAN_POINT('Ctrl Pts',(-14.0233944702132,0.,177.595666235149));
#1925=CARTESIAN_POINT('Ctrl Pts',(-14.0233944702131,-14.0233944702131,177.595666235149));
#1926=CARTESIAN_POINT('Ctrl Pts',(0.,-14.0233944702132,177.595666235149));
#1927=CARTESIAN_POINT('Ctrl Pts',(14.0233944702131,-14.0233944702131,177.595666235149));
#1928=CARTESIAN_POINT('Ctrl Pts',(14.0233944702132,0.,177.595666235149));
#1929=CARTESIAN_POINT('Ctrl Pts',(14.2196706995165,0.,175.824263176916));
#1930=CARTESIAN_POINT('Ctrl Pts',(14.2196706995165,14.2196706995165,175.824263176916));
#1931=CARTESIAN_POINT('Ctrl Pts',(0.,14.2196706995165,175.824263176916));
#1932=CARTESIAN_POINT('Ctrl Pts',(-14.2196706995165,14.2196706995165,175.824263176916));
#1933=CARTESIAN_POINT('Ctrl Pts',(-14.2196706995165,0.,175.824263176916));
#1934=CARTESIAN_POINT('Ctrl Pts',(-14.2196706995165,-14.2196706995165,175.824263176916));
#1935=CARTESIAN_POINT('Ctrl Pts',(0.,-14.2196706995165,175.824263176916));
#1936=CARTESIAN_POINT('Ctrl Pts',(14.2196706995165,-14.2196706995165,175.824263176916));
#1937=CARTESIAN_POINT('Ctrl Pts',(14.2196706995165,0.,175.824263176916));
#1938=CARTESIAN_POINT('Ctrl Pts',(14.3861709689736,0.,173.923657088193));
#1939=CARTESIAN_POINT('Ctrl Pts',(14.3861709689736,14.3861709689736,173.923657088193));
#1940=CARTESIAN_POINT('Ctrl Pts',(0.,14.3861709689736,173.923657088193));
#1941=CARTESIAN_POINT('Ctrl Pts',(-14.3861709689736,14.3861709689736,173.923657088193));
#1942=CARTESIAN_POINT('Ctrl Pts',(-14.3861709689736,0.,173.923657088193));
#1943=CARTESIAN_POINT('Ctrl Pts',(-14.3861709689736,-14.3861709689736,173.923657088193));
#1944=CARTESIAN_POINT('Ctrl Pts',(0.,-14.3861709689736,173.923657088193));
#1945=CARTESIAN_POINT('Ctrl Pts',(14.3861709689736,-14.3861709689736,173.923657088193));
#1946=CARTESIAN_POINT('Ctrl Pts',(14.3861709689736,0.,173.923657088193));
#1947=CARTESIAN_POINT('Ctrl Pts',(14.5818741977967,0.,171.689698251391));
#1948=CARTESIAN_POINT('Ctrl Pts',(14.5818741977967,14.5818741977967,171.689698251391));
#1949=CARTESIAN_POINT('Ctrl Pts',(0.,14.5818741977967,171.689698251391));
#1950=CARTESIAN_POINT('Ctrl Pts',(-14.5818741977967,14.5818741977967,171.689698251391));
#1951=CARTESIAN_POINT('Ctrl Pts',(-14.5818741977967,0.,171.689698251391));
#1952=CARTESIAN_POINT('Ctrl Pts',(-14.5818741977967,-14.5818741977967,171.689698251391));
#1953=CARTESIAN_POINT('Ctrl Pts',(0.,-14.5818741977967,171.689698251391));
#1954=CARTESIAN_POINT('Ctrl Pts',(14.5818741977967,-14.5818741977967,171.689698251391));
#1955=CARTESIAN_POINT('Ctrl Pts',(14.5818741977967,0.,171.689698251391));
#1956=CARTESIAN_POINT('Ctrl Pts',(14.7641755426289,0.,169.385655660731));
#1957=CARTESIAN_POINT('Ctrl Pts',(14.7641755426289,14.7641755426289,169.385655660731));
#1958=CARTESIAN_POINT('Ctrl Pts',(0.,14.7641755426289,169.385655660731));
#1959=CARTESIAN_POINT('Ctrl Pts',(-14.7641755426289,14.7641755426289,169.385655660731));
#1960=CARTESIAN_POINT('Ctrl Pts',(-14.7641755426289,0.,169.385655660731));
#1961=CARTESIAN_POINT('Ctrl Pts',(-14.7641755426289,-14.7641755426289,169.385655660731));
#1962=CARTESIAN_POINT('Ctrl Pts',(0.,-14.7641755426289,169.385655660731));
#1963=CARTESIAN_POINT('Ctrl Pts',(14.7641755426289,-14.7641755426289,169.385655660731));
#1964=CARTESIAN_POINT('Ctrl Pts',(14.7641755426289,0.,169.385655660731));
#1965=CARTESIAN_POINT('Ctrl Pts',(14.8257293450046,0.,167.146980800871));
#1966=CARTESIAN_POINT('Ctrl Pts',(14.8257293450046,14.8257293450046,167.146980800871));
#1967=CARTESIAN_POINT('Ctrl Pts',(0.,14.8257293450046,167.146980800871));
#1968=CARTESIAN_POINT('Ctrl Pts',(-14.8257293450046,14.8257293450046,167.146980800871));
#1969=CARTESIAN_POINT('Ctrl Pts',(-14.8257293450046,0.,167.146980800871));
#1970=CARTESIAN_POINT('Ctrl Pts',(-14.8257293450046,-14.8257293450046,167.146980800871));
#1971=CARTESIAN_POINT('Ctrl Pts',(0.,-14.8257293450046,167.146980800871));
#1972=CARTESIAN_POINT('Ctrl Pts',(14.8257293450046,-14.8257293450046,167.146980800871));
#1973=CARTESIAN_POINT('Ctrl Pts',(14.8257293450046,0.,167.146980800871));
#1974=CARTESIAN_POINT('Ctrl Pts',(14.8807767843109,0.,165.144938461998));
#1975=CARTESIAN_POINT('Ctrl Pts',(14.8807767843109,14.8807767843109,165.144938461998));
#1976=CARTESIAN_POINT('Ctrl Pts',(0.,14.8807767843109,165.144938461998));
#1977=CARTESIAN_POINT('Ctrl Pts',(-14.8807767843109,14.8807767843109,165.144938461998));
#1978=CARTESIAN_POINT('Ctrl Pts',(-14.8807767843109,0.,165.144938461998));
#1979=CARTESIAN_POINT('Ctrl Pts',(-14.8807767843109,-14.8807767843109,165.144938461998));
#1980=CARTESIAN_POINT('Ctrl Pts',(0.,-14.8807767843109,165.144938461998));
#1981=CARTESIAN_POINT('Ctrl Pts',(14.8807767843109,-14.8807767843109,165.144938461998));
#1982=CARTESIAN_POINT('Ctrl Pts',(14.8807767843109,0.,165.144938461998));
#1983=CARTESIAN_POINT('Ctrl Pts',(14.7950773656591,0.,163.18554971724));
#1984=CARTESIAN_POINT('Ctrl Pts',(14.7950773656591,14.7950773656591,163.18554971724));
#1985=CARTESIAN_POINT('Ctrl Pts',(0.,14.7950773656591,163.18554971724));
#1986=CARTESIAN_POINT('Ctrl Pts',(-14.7950773656591,14.7950773656591,163.18554971724));
#1987=CARTESIAN_POINT('Ctrl Pts',(-14.7950773656591,0.,163.18554971724));
#1988=CARTESIAN_POINT('Ctrl Pts',(-14.7950773656591,-14.7950773656591,163.18554971724));
#1989=CARTESIAN_POINT('Ctrl Pts',(0.,-14.7950773656591,163.18554971724));
#1990=CARTESIAN_POINT('Ctrl Pts',(14.7950773656591,-14.7950773656591,163.18554971724));
#1991=CARTESIAN_POINT('Ctrl Pts',(14.7950773656591,0.,163.18554971724));
#1992=CARTESIAN_POINT('Ctrl Pts',(14.7988439048888,0.,161.091359503254));
#1993=CARTESIAN_POINT('Ctrl Pts',(14.7988439048888,14.7988439048888,161.091359503254));
#1994=CARTESIAN_POINT('Ctrl Pts',(0.,14.7988439048888,161.091359503254));
#1995=CARTESIAN_POINT('Ctrl Pts',(-14.7988439048888,14.7988439048888,161.091359503254));
#1996=CARTESIAN_POINT('Ctrl Pts',(-14.7988439048888,0.,161.091359503254));
#1997=CARTESIAN_POINT('Ctrl Pts',(-14.7988439048888,-14.7988439048888,161.091359503254));
#1998=CARTESIAN_POINT('Ctrl Pts',(0.,-14.7988439048888,161.091359503254));
#1999=CARTESIAN_POINT('Ctrl Pts',(14.7988439048888,-14.7988439048888,161.091359503254));
#2000=CARTESIAN_POINT('Ctrl Pts',(14.7988439048888,0.,161.091359503254));
#2001=CARTESIAN_POINT('Ctrl Pts',(14.8020679261081,0.,159.29880849673));
#2002=CARTESIAN_POINT('Ctrl Pts',(14.8020679261081,14.8020679261081,159.29880849673));
#2003=CARTESIAN_POINT('Ctrl Pts',(0.,14.8020679261081,159.29880849673));
#2004=CARTESIAN_POINT('Ctrl Pts',(-14.8020679261081,14.8020679261081,159.29880849673));
#2005=CARTESIAN_POINT('Ctrl Pts',(-14.8020679261081,0.,159.29880849673));
#2006=CARTESIAN_POINT('Ctrl Pts',(-14.8020679261081,-14.8020679261081,159.29880849673));
#2007=CARTESIAN_POINT('Ctrl Pts',(0.,-14.8020679261081,159.29880849673));
#2008=CARTESIAN_POINT('Ctrl Pts',(14.8020679261081,-14.8020679261081,159.29880849673));
#2009=CARTESIAN_POINT('Ctrl Pts',(14.8020679261081,0.,159.29880849673));
#2010=CARTESIAN_POINT('Ctrl Pts',(14.9141384117664,0.,157.379537312265));
#2011=CARTESIAN_POINT('Ctrl Pts',(14.9141384117664,14.9141384117664,157.379537312265));
#2012=CARTESIAN_POINT('Ctrl Pts',(0.,14.9141384117664,157.379537312265));
#2013=CARTESIAN_POINT('Ctrl Pts',(-14.9141384117664,14.9141384117664,157.379537312265));
#2014=CARTESIAN_POINT('Ctrl Pts',(-14.9141384117664,0.,157.379537312265));
#2015=CARTESIAN_POINT('Ctrl Pts',(-14.9141384117664,-14.9141384117664,157.379537312265));
#2016=CARTESIAN_POINT('Ctrl Pts',(0.,-14.9141384117664,157.379537312265));
#2017=CARTESIAN_POINT('Ctrl Pts',(14.9141384117664,-14.9141384117664,157.379537312265));
#2018=CARTESIAN_POINT('Ctrl Pts',(14.9141384117664,0.,157.379537312265));
#2019=CARTESIAN_POINT('Ctrl Pts',(15.4791523080171,0.,155.444300835001));
#2020=CARTESIAN_POINT('Ctrl Pts',(15.4791523080171,15.4791523080171,155.444300835001));
#2021=CARTESIAN_POINT('Ctrl Pts',(0.,15.4791523080171,155.444300835001));
#2022=CARTESIAN_POINT('Ctrl Pts',(-15.4791523080171,15.4791523080171,155.444300835001));
#2023=CARTESIAN_POINT('Ctrl Pts',(-15.4791523080171,0.,155.444300835001));
#2024=CARTESIAN_POINT('Ctrl Pts',(-15.4791523080171,-15.4791523080171,155.444300835001));
#2025=CARTESIAN_POINT('Ctrl Pts',(0.,-15.4791523080171,155.444300835001));
#2026=CARTESIAN_POINT('Ctrl Pts',(15.4791523080171,-15.4791523080171,155.444300835001));
#2027=CARTESIAN_POINT('Ctrl Pts',(15.4791523080171,0.,155.444300835001));
#2028=CARTESIAN_POINT('Ctrl Pts',(16.019493096774,0.,153.593572540537));
#2029=CARTESIAN_POINT('Ctrl Pts',(16.019493096774,16.019493096774,153.593572540537));
#2030=CARTESIAN_POINT('Ctrl Pts',(0.,16.019493096774,153.593572540537));
#2031=CARTESIAN_POINT('Ctrl Pts',(-16.019493096774,16.019493096774,153.593572540537));
#2032=CARTESIAN_POINT('Ctrl Pts',(-16.019493096774,0.,153.593572540537));
#2033=CARTESIAN_POINT('Ctrl Pts',(-16.019493096774,-16.019493096774,153.593572540537));
#2034=CARTESIAN_POINT('Ctrl Pts',(0.,-16.019493096774,153.593572540537));
#2035=CARTESIAN_POINT('Ctrl Pts',(16.019493096774,-16.019493096774,153.593572540537));
#2036=CARTESIAN_POINT('Ctrl Pts',(16.019493096774,0.,153.593572540537));
#2037=CARTESIAN_POINT('Ctrl Pts',(16.9900587350581,0.,151.791028327645));
#2038=CARTESIAN_POINT('Ctrl Pts',(16.9900587350581,16.9900587350581,151.791028327645));
#2039=CARTESIAN_POINT('Ctrl Pts',(0.,16.9900587350581,151.791028327645));
#2040=CARTESIAN_POINT('Ctrl Pts',(-16.9900587350581,16.9900587350581,151.791028327645));
#2041=CARTESIAN_POINT('Ctrl Pts',(-16.9900587350581,0.,151.791028327645));
#2042=CARTESIAN_POINT('Ctrl Pts',(-16.9900587350581,-16.9900587350581,151.791028327645));
#2043=CARTESIAN_POINT('Ctrl Pts',(0.,-16.9900587350581,151.791028327645));
#2044=CARTESIAN_POINT('Ctrl Pts',(16.9900587350581,-16.9900587350581,151.791028327645));
#2045=CARTESIAN_POINT('Ctrl Pts',(16.9900587350581,0.,151.791028327645));
#2046=CARTESIAN_POINT('Ctrl Pts',(18.1837484480963,0.,150.136090667318));
#2047=CARTESIAN_POINT('Ctrl Pts',(18.1837484480963,18.1837484480963,150.136090667318));
#2048=CARTESIAN_POINT('Ctrl Pts',(0.,18.1837484480963,150.136090667318));
#2049=CARTESIAN_POINT('Ctrl Pts',(-18.1837484480963,18.1837484480963,150.136090667318));
#2050=CARTESIAN_POINT('Ctrl Pts',(-18.1837484480963,0.,150.136090667318));
#2051=CARTESIAN_POINT('Ctrl Pts',(-18.1837484480963,-18.1837484480963,150.136090667318));
#2052=CARTESIAN_POINT('Ctrl Pts',(0.,-18.1837484480963,150.136090667318));
#2053=CARTESIAN_POINT('Ctrl Pts',(18.1837484480963,-18.1837484480963,150.136090667318));
#2054=CARTESIAN_POINT('Ctrl Pts',(18.1837484480963,0.,150.136090667318));
#2055=CARTESIAN_POINT('Ctrl Pts',(19.7270160124985,0.,147.99649644581));
#2056=CARTESIAN_POINT('Ctrl Pts',(19.7270160124985,19.7270160124985,147.99649644581));
#2057=CARTESIAN_POINT('Ctrl Pts',(0.,19.7270160124985,147.99649644581));
#2058=CARTESIAN_POINT('Ctrl Pts',(-19.7270160124985,19.7270160124985,147.99649644581));
#2059=CARTESIAN_POINT('Ctrl Pts',(-19.7270160124985,0.,147.99649644581));
#2060=CARTESIAN_POINT('Ctrl Pts',(-19.7270160124985,-19.7270160124985,147.99649644581));
#2061=CARTESIAN_POINT('Ctrl Pts',(0.,-19.7270160124985,147.99649644581));
#2062=CARTESIAN_POINT('Ctrl Pts',(19.7270160124985,-19.7270160124985,147.99649644581));
#2063=CARTESIAN_POINT('Ctrl Pts',(19.7270160124985,0.,147.99649644581));
#2064=CARTESIAN_POINT('Ctrl Pts',(21.6006062444424,0.,146.033043516859));
#2065=CARTESIAN_POINT('Ctrl Pts',(21.6006062444424,21.6006062444424,146.033043516859));
#2066=CARTESIAN_POINT('Ctrl Pts',(0.,21.6006062444424,146.033043516859));
#2067=CARTESIAN_POINT('Ctrl Pts',(-21.6006062444424,21.6006062444424,146.033043516859));
#2068=CARTESIAN_POINT('Ctrl Pts',(-21.6006062444424,0.,146.033043516859));
#2069=CARTESIAN_POINT('Ctrl Pts',(-21.6006062444424,-21.6006062444424,146.033043516859));
#2070=CARTESIAN_POINT('Ctrl Pts',(0.,-21.6006062444424,146.033043516859));
#2071=CARTESIAN_POINT('Ctrl Pts',(21.6006062444424,-21.6006062444424,146.033043516859));
#2072=CARTESIAN_POINT('Ctrl Pts',(21.6006062444424,0.,146.033043516859));
#2073=CARTESIAN_POINT('Ctrl Pts',(23.1220882706823,0.,144.125756363973));
#2074=CARTESIAN_POINT('Ctrl Pts',(23.1220882706823,23.1220882706823,144.125756363973));
#2075=CARTESIAN_POINT('Ctrl Pts',(0.,23.1220882706823,144.125756363973));
#2076=CARTESIAN_POINT('Ctrl Pts',(-23.1220882706823,23.1220882706823,144.125756363973));
#2077=CARTESIAN_POINT('Ctrl Pts',(-23.1220882706823,0.,144.125756363973));
#2078=CARTESIAN_POINT('Ctrl Pts',(-23.1220882706823,-23.1220882706823,144.125756363973));
#2079=CARTESIAN_POINT('Ctrl Pts',(0.,-23.1220882706823,144.125756363973));
#2080=CARTESIAN_POINT('Ctrl Pts',(23.1220882706823,-23.1220882706823,144.125756363973));
#2081=CARTESIAN_POINT('Ctrl Pts',(23.1220882706823,0.,144.125756363973));
#2082=CARTESIAN_POINT('Ctrl Pts',(24.4195839906985,0.,142.499252156213));
#2083=CARTESIAN_POINT('Ctrl Pts',(24.4195839906985,24.4195839906985,142.499252156213));
#2084=CARTESIAN_POINT('Ctrl Pts',(0.,24.4195839906985,142.499252156213));
#2085=CARTESIAN_POINT('Ctrl Pts',(-24.4195839906985,24.4195839906985,142.499252156213));
#2086=CARTESIAN_POINT('Ctrl Pts',(-24.4195839906985,0.,142.499252156213));
#2087=CARTESIAN_POINT('Ctrl Pts',(-24.4195839906985,-24.4195839906985,142.499252156213));
#2088=CARTESIAN_POINT('Ctrl Pts',(0.,-24.4195839906985,142.499252156213));
#2089=CARTESIAN_POINT('Ctrl Pts',(24.4195839906985,-24.4195839906985,142.499252156213));
#2090=CARTESIAN_POINT('Ctrl Pts',(24.4195839906985,0.,142.499252156213));
#2091=CARTESIAN_POINT('Ctrl Pts',(25.4273148153961,0.,140.943762660279));
#2092=CARTESIAN_POINT('Ctrl Pts',(25.4273148153961,25.4273148153961,140.943762660279));
#2093=CARTESIAN_POINT('Ctrl Pts',(0.,25.4273148153961,140.943762660279));
#2094=CARTESIAN_POINT('Ctrl Pts',(-25.4273148153961,25.4273148153961,140.943762660279));
#2095=CARTESIAN_POINT('Ctrl Pts',(-25.4273148153961,0.,140.943762660279));
#2096=CARTESIAN_POINT('Ctrl Pts',(-25.4273148153961,-25.4273148153961,140.943762660279));
#2097=CARTESIAN_POINT('Ctrl Pts',(0.,-25.4273148153961,140.943762660279));
#2098=CARTESIAN_POINT('Ctrl Pts',(25.4273148153961,-25.4273148153961,140.943762660279));
#2099=CARTESIAN_POINT('Ctrl Pts',(25.4273148153961,0.,140.943762660279));
#2100=CARTESIAN_POINT('Ctrl Pts',(26.0919822479992,0.,139.3553482602));
#2101=CARTESIAN_POINT('Ctrl Pts',(26.0919822479992,26.0919822479992,139.3553482602));
#2102=CARTESIAN_POINT('Ctrl Pts',(0.,26.0919822479992,139.3553482602));
#2103=CARTESIAN_POINT('Ctrl Pts',(-26.0919822479992,26.0919822479992,139.3553482602));
#2104=CARTESIAN_POINT('Ctrl Pts',(-26.0919822479992,0.,139.3553482602));
#2105=CARTESIAN_POINT('Ctrl Pts',(-26.0919822479992,-26.0919822479992,139.3553482602));
#2106=CARTESIAN_POINT('Ctrl Pts',(0.,-26.0919822479992,139.3553482602));
#2107=CARTESIAN_POINT('Ctrl Pts',(26.0919822479992,-26.0919822479992,139.3553482602));
#2108=CARTESIAN_POINT('Ctrl Pts',(26.0919822479992,0.,139.3553482602));
#2109=CARTESIAN_POINT('Ctrl Pts',(26.8952613961861,0.,137.435681215184));
#2110=CARTESIAN_POINT('Ctrl Pts',(26.8952613961861,26.8952613961861,137.435681215184));
#2111=CARTESIAN_POINT('Ctrl Pts',(0.,26.8952613961861,137.435681215184));
#2112=CARTESIAN_POINT('Ctrl Pts',(-26.8952613961861,26.8952613961861,137.435681215184));
#2113=CARTESIAN_POINT('Ctrl Pts',(-26.8952613961861,0.,137.435681215184));
#2114=CARTESIAN_POINT('Ctrl Pts',(-26.8952613961861,-26.8952613961861,137.435681215184));
#2115=CARTESIAN_POINT('Ctrl Pts',(0.,-26.8952613961861,137.435681215184));
#2116=CARTESIAN_POINT('Ctrl Pts',(26.8952613961861,-26.8952613961861,137.435681215184));
#2117=CARTESIAN_POINT('Ctrl Pts',(26.8952613961861,0.,137.435681215184));
#2118=CARTESIAN_POINT('Ctrl Pts',(27.2530744644641,0.,135.398237622305));
#2119=CARTESIAN_POINT('Ctrl Pts',(27.2530744644641,27.2530744644641,135.398237622305));
#2120=CARTESIAN_POINT('Ctrl Pts',(0.,27.2530744644641,135.398237622305));
#2121=CARTESIAN_POINT('Ctrl Pts',(-27.2530744644641,27.2530744644641,135.398237622305));
#2122=CARTESIAN_POINT('Ctrl Pts',(-27.2530744644641,0.,135.398237622305));
#2123=CARTESIAN_POINT('Ctrl Pts',(-27.2530744644641,-27.2530744644641,135.398237622305));
#2124=CARTESIAN_POINT('Ctrl Pts',(0.,-27.2530744644641,135.398237622305));
#2125=CARTESIAN_POINT('Ctrl Pts',(27.2530744644641,-27.2530744644641,135.398237622305));
#2126=CARTESIAN_POINT('Ctrl Pts',(27.2530744644641,0.,135.398237622305));
#2127=CARTESIAN_POINT('Ctrl Pts',(27.4048982592536,0.,133.119469441739));
#2128=CARTESIAN_POINT('Ctrl Pts',(27.4048982592536,27.4048982592536,133.119469441739));
#2129=CARTESIAN_POINT('Ctrl Pts',(0.,27.4048982592536,133.119469441739));
#2130=CARTESIAN_POINT('Ctrl Pts',(-27.4048982592536,27.4048982592536,133.119469441739));
#2131=CARTESIAN_POINT('Ctrl Pts',(-27.4048982592536,0.,133.119469441739));
#2132=CARTESIAN_POINT('Ctrl Pts',(-27.4048982592536,-27.4048982592536,133.119469441739));
#2133=CARTESIAN_POINT('Ctrl Pts',(0.,-27.4048982592536,133.119469441739));
#2134=CARTESIAN_POINT('Ctrl Pts',(27.4048982592536,-27.4048982592536,133.119469441739));
#2135=CARTESIAN_POINT('Ctrl Pts',(27.4048982592536,0.,133.119469441739));
#2136=CARTESIAN_POINT('Ctrl Pts',(27.4720528492479,0.,132.111526364898));
#2137=CARTESIAN_POINT('Ctrl Pts',(27.4720528492479,27.4720528492479,132.111526364898));
#2138=CARTESIAN_POINT('Ctrl Pts',(0.,27.4720528492479,132.111526364898));
#2139=CARTESIAN_POINT('Ctrl Pts',(-27.4720528492479,27.4720528492479,132.111526364898));
#2140=CARTESIAN_POINT('Ctrl Pts',(-27.4720528492479,0.,132.111526364898));
#2141=CARTESIAN_POINT('Ctrl Pts',(-27.4720528492479,-27.4720528492479,132.111526364898));
#2142=CARTESIAN_POINT('Ctrl Pts',(0.,-27.4720528492479,132.111526364898));
#2143=CARTESIAN_POINT('Ctrl Pts',(27.4720528492479,-27.4720528492479,132.111526364898));
#2144=CARTESIAN_POINT('Ctrl Pts',(27.4720528492479,0.,132.111526364898));
#2145=CARTESIAN_POINT('Ctrl Pts',(27.5,0.,131.064881376508));
#2146=CARTESIAN_POINT('Ctrl Pts',(27.5,27.5,131.064881376508));
#2147=CARTESIAN_POINT('Ctrl Pts',(0.,27.5,131.064881376508));
#2148=CARTESIAN_POINT('Ctrl Pts',(-27.5,27.5,131.064881376508));
#2149=CARTESIAN_POINT('Ctrl Pts',(-27.5,0.,131.064881376508));
#2150=CARTESIAN_POINT('Ctrl Pts',(-27.5,-27.5,131.064881376508));
#2151=CARTESIAN_POINT('Ctrl Pts',(0.,-27.5,131.064881376508));
#2152=CARTESIAN_POINT('Ctrl Pts',(27.5,-27.5,131.064881376508));
#2153=CARTESIAN_POINT('Ctrl Pts',(27.5,0.,131.064881376508));
#2154=CARTESIAN_POINT('Ctrl Pts',(27.5,0.,130.));
#2155=CARTESIAN_POINT('Ctrl Pts',(27.5,27.5,130.));
#2156=CARTESIAN_POINT('Ctrl Pts',(0.,27.5,130.));
#2157=CARTESIAN_POINT('Ctrl Pts',(-27.5,27.5,130.));
#2158=CARTESIAN_POINT('Ctrl Pts',(-27.5,0.,130.));
#2159=CARTESIAN_POINT('Ctrl Pts',(-27.5,-27.5,130.));
#2160=CARTESIAN_POINT('Ctrl Pts',(0.,-27.5,130.));
#2161=CARTESIAN_POINT('Ctrl Pts',(27.5,-27.5,130.));
#2162=CARTESIAN_POINT('Ctrl Pts',(27.5,0.,130.));
#2163=CARTESIAN_POINT('Ctrl Pts',(27.5,-6.73555739531044E-15,130.));
#2164=CARTESIAN_POINT('Ctrl Pts',(27.5,-6.73555739531044E-15,131.064881376508));
#2165=CARTESIAN_POINT('Ctrl Pts',(27.4720528492479,-6.72871231756767E-15,
132.111526364898));
#2166=CARTESIAN_POINT('Ctrl Pts',(27.4048982592536,-6.71226418683077E-15,
133.119469441739));
#2167=CARTESIAN_POINT('Ctrl Pts',(27.2530744644641,-6.67507808196609E-15,
135.398237622305));
#2168=CARTESIAN_POINT('Ctrl Pts',(26.8952613961861,-6.58743915621414E-15,
137.435681215184));
#2169=CARTESIAN_POINT('Ctrl Pts',(26.0919822479992,-6.39069250868436E-15,
139.3553482602));
#2170=CARTESIAN_POINT('Ctrl Pts',(25.4273148153961,-6.22789593991738E-15,
140.943762660279));
#2171=CARTESIAN_POINT('Ctrl Pts',(24.4195839906985,-5.98107307414378E-15,
142.499252156213));
#2172=CARTESIAN_POINT('Ctrl Pts',(23.1220882706823,-5.66327827805873E-15,
144.125756363973));
#2173=CARTESIAN_POINT('Ctrl Pts',(21.6006062444424,-5.29062265937975E-15,
146.033043516859));
#2174=CARTESIAN_POINT('Ctrl Pts',(19.7270160124985,-4.83172540328698E-15,
147.99649644581));
#2175=CARTESIAN_POINT('Ctrl Pts',(18.1837484480963,-4.45373386669236E-15,
150.136090667318));
#2176=CARTESIAN_POINT('Ctrl Pts',(16.9900587350581,-4.16136420944288E-15,
151.791028327645));
#2177=CARTESIAN_POINT('Ctrl Pts',(16.019493096774,-3.92364418898548E-15,
153.593572540537));
#2178=CARTESIAN_POINT('Ctrl Pts',(15.4791523080171,-3.79129886550551E-15,
155.444300835001));
#2179=CARTESIAN_POINT('Ctrl Pts',(14.9141384117664,-3.65291037360207E-15,
157.379537312265));
#2180=CARTESIAN_POINT('Ctrl Pts',(14.8020679261081,-3.62546102129401E-15,
159.29880849673));
#2181=CARTESIAN_POINT('Ctrl Pts',(14.7988439048888,-3.62467136384067E-15,
161.091359503254));
#2182=CARTESIAN_POINT('Ctrl Pts',(14.7950773656591,-3.62374882779838E-15,
163.18554971724));
#2183=CARTESIAN_POINT('Ctrl Pts',(14.8807767843109,-3.64473913154651E-15,
165.144938461998));
#2184=CARTESIAN_POINT('Ctrl Pts',(14.8257293450046,-3.63125639747696E-15,
167.146980800871));
#2185=CARTESIAN_POINT('Ctrl Pts',(14.7641755426289,-3.61618006406603E-15,
169.385655660731));
#2186=CARTESIAN_POINT('Ctrl Pts',(14.5818741977967,-3.57152911238021E-15,
171.689698251391));
#2187=CARTESIAN_POINT('Ctrl Pts',(14.3861709689736,-3.52359564582803E-15,
173.923657088193));
#2188=CARTESIAN_POINT('Ctrl Pts',(14.2196706995165,-3.48281484141847E-15,
175.824263176916));
#2189=CARTESIAN_POINT('Ctrl Pts',(14.0233944702132,-3.43474103022545E-15,
177.595666235149));
#2190=CARTESIAN_POINT('Ctrl Pts',(13.7061504556843,-3.35703865683715E-15,
179.41082205531));
#2191=CARTESIAN_POINT('Ctrl Pts',(13.3733852604193,-3.27553469058737E-15,
181.314784473102));
#2192=CARTESIAN_POINT('Ctrl Pts',(12.9189619682064,-3.16423308453408E-15,
183.313298510016));
#2193=CARTESIAN_POINT('Ctrl Pts',(12.5195303568296,-3.0664005556639E-15,
185.322351624063));
#2194=CARTESIAN_POINT('Ctrl Pts',(12.102010203374,-2.96413761176211E-15,
187.422386124553));
#2195=CARTESIAN_POINT('Ctrl Pts',(11.7848553644703,-2.88645708010261E-15,
189.473920883285));
#2196=CARTESIAN_POINT('Ctrl Pts',(11.5941700111514,-2.83975263858536E-15,
191.063346818545));
#2197=CARTESIAN_POINT('Ctrl Pts',(11.4855853057384,-2.81315705620128E-15,
191.968436506621));
#2198=CARTESIAN_POINT('Ctrl Pts',(11.4117883936173,-2.79508202575807E-15,
192.7040987445));
#2199=CARTESIAN_POINT('Ctrl Pts',(11.3067211151607,-2.76934796450668E-15,
193.418835898602));
#2200=CARTESIAN_POINT('Ctrl Pts',(11.2021658847722,-2.74373931886079E-15,
194.130089762909));
#2201=CARTESIAN_POINT('Ctrl Pts',(11.0483956877692,-2.70607648294799E-15,
194.914303003416));
#2202=CARTESIAN_POINT('Ctrl Pts',(10.8270232527418,-2.65185587415285E-15,
195.891704152962));
#2203=CARTESIAN_POINT('Ctrl Pts',(10.5397862238051,-2.58150309253605E-15,
197.159909935856));
#2204=CARTESIAN_POINT('Ctrl Pts',(10.1540866124854,-2.48703393364904E-15,
198.69956656453));
#2205=CARTESIAN_POINT('Ctrl Pts',(9.82924695665297,-2.40747116469878E-15,
200.230708600883));
#2206=CARTESIAN_POINT('Ctrl Pts',(9.46845515621009,-2.31910265998459E-15,
201.931312212883));
#2207=CARTESIAN_POINT('Ctrl Pts',(9.20688834199188,-2.25503726762549E-15,
203.584646966571));
#2208=CARTESIAN_POINT('Ctrl Pts',(9.07638821742637,-2.22307395565799E-15,
205.104958598192));
#2209=CARTESIAN_POINT('Ctrl Pts',(8.92281802879447,-2.18546010766749E-15,
206.894033856355));
#2210=CARTESIAN_POINT('Ctrl Pts',(8.9134565115367,-2.18316719723851E-15,
208.510486425186));
#2211=CARTESIAN_POINT('Ctrl Pts',(8.87864853144399,-2.17464170095745E-15,
210.345238623809));
#2212=CARTESIAN_POINT('Ctrl Pts',(8.84887425699297,-2.16734910697677E-15,
211.914660789816));
#2213=CARTESIAN_POINT('Ctrl Pts',(8.80882745981622,-2.15754047058105E-15,
213.683308325114));
#2214=CARTESIAN_POINT('Ctrl Pts',(8.77407018599387,-2.14902739375432E-15,
215.544459652327));
#2215=CARTESIAN_POINT('Ctrl Pts',(8.74115475875719,-2.14096543923273E-15,
217.306985430397));
#2216=CARTESIAN_POINT('Ctrl Pts',(8.72485713105426,-2.13697367171271E-15,
219.143029961146));
#2217=CARTESIAN_POINT('Ctrl Pts',(8.67843256238163,-2.12560293182737E-15,
220.617120245196));
#2218=CARTESIAN_POINT('Ctrl Pts',(8.65298637154743,-2.11937041259624E-15,
221.42509722263));
#2219=CARTESIAN_POINT('Ctrl Pts',(8.58494254832695,-2.10270448253451E-15,
222.142714373786));
#2220=CARTESIAN_POINT('Ctrl Pts',(8.6708154841812,-2.12373728573996E-15,
223.054196228817));
#2221=CARTESIAN_POINT('Ctrl Pts',(8.72132382548663,-2.13610826144195E-15,
223.590307358239));
#2222=CARTESIAN_POINT('Ctrl Pts',(8.85329735329895,-2.16843245312346E-15,
224.234655385897));
#2223=CARTESIAN_POINT('Ctrl Pts',(9.17803022662184,-2.24796906790202E-15,
224.84921877685));
#2224=CARTESIAN_POINT('Ctrl Pts',(9.50057831183021,-2.32697056392633E-15,
225.459647413047));
#2225=CARTESIAN_POINT('Ctrl Pts',(9.99747047675162,-2.44867404378481E-15,
225.953315958661));
#2226=CARTESIAN_POINT('Ctrl Pts',(10.3484450480435,-2.53463802084775E-15,
226.239533686138));
#2227=CARTESIAN_POINT('Ctrl Pts',(10.5225178152468,-2.57727355228259E-15,
226.38148901829));
#2228=CARTESIAN_POINT('Ctrl Pts',(10.6633916382521,-2.61177768756802E-15,
226.484534731382));
#2229=CARTESIAN_POINT('Ctrl Pts',(10.7595209495452,-2.63532257824389E-15,
226.558093626303));
#2230=CARTESIAN_POINT('Origin',(0.,0.,5.));
#2231=CARTESIAN_POINT('',(-30.,-3.67394039744206E-15,5.));
#2232=CARTESIAN_POINT('Origin',(0.,0.,5.));
#2233=CARTESIAN_POINT('',(-25.,-3.06161699786838E-15,0.));
#2234=CARTESIAN_POINT('Origin',(-25.,-3.06161699786838E-15,5.));
#2235=CARTESIAN_POINT('Origin',(0.,0.,0.));
#2236=CARTESIAN_POINT('Origin',(30.,0.,0.));
#2237=CARTESIAN_POINT('Origin',(0.,0.,65.));
#2238=CARTESIAN_POINT('',(-30.,-3.67394039744206E-15,65.));
#2239=UNCERTAINTY_MEASURE_WITH_UNIT(LENGTH_MEASURE(0.01),#2243,
'DISTANCE_ACCURACY_VALUE',
'Maximum model space distance between geometric entities at asserted c
onnectivities');
#2240=UNCERTAINTY_MEASURE_WITH_UNIT(LENGTH_MEASURE(0.01),#2243,
'DISTANCE_ACCURACY_VALUE',
'Maximum model space distance between geometric entities at asserted c
onnectivities');
#2241=(
GEOMETRIC_REPRESENTATION_CONTEXT(3)
GLOBAL_UNCERTAINTY_ASSIGNED_CONTEXT((#2239))
GLOBAL_UNIT_ASSIGNED_CONTEXT((#2243,#2245,#2246))
REPRESENTATION_CONTEXT('','3D')
);
#2242=(
GEOMETRIC_REPRESENTATION_CONTEXT(3)
GLOBAL_UNCERTAINTY_ASSIGNED_CONTEXT((#2240))
GLOBAL_UNIT_ASSIGNED_CONTEXT((#2243,#2245,#2246))
REPRESENTATION_CONTEXT('','3D')
);
#2243=(
LENGTH_UNIT()
NAMED_UNIT(*)
SI_UNIT(.MILLI.,.METRE.)
);
#2244=(
LENGTH_UNIT()
NAMED_UNIT(*)
SI_UNIT($,.METRE.)
);
#2245=(
NAMED_UNIT(*)
PLANE_ANGLE_UNIT()
SI_UNIT($,.RADIAN.)
);
#2246=(
NAMED_UNIT(*)
SI_UNIT($,.STERADIAN.)
SOLID_ANGLE_UNIT()
);
#2247=SHAPE_DEFINITION_REPRESENTATION(#2248,#2249);
#2248=PRODUCT_DEFINITION_SHAPE('',$,#2251);
#2249=SHAPE_REPRESENTATION('',(#181),#2241);
#2250=PRODUCT_DEFINITION_CONTEXT('part definition',#2255,'design');
#2251=PRODUCT_DEFINITION('2026-08-24-19-18-47-362',
'Day 2 Glass Soda Bottle',#2252,#2250);
#2252=PRODUCT_DEFINITION_FORMATION('',$,#2257);
#2253=PRODUCT_RELATED_PRODUCT_CATEGORY('Day 2 Glass Soda Bottle',
'Day 2 Glass Soda Bottle',(#2257));
#2254=APPLICATION_PROTOCOL_DEFINITION('international standard',
'automotive_design',2009,#2255);
#2255=APPLICATION_CONTEXT(
'Core Data for Automotive Mechanical Design Process');
#2256=PRODUCT_CONTEXT('part definition',#2255,'mechanical');
#2257=PRODUCT('2026-08-24-19-18-47-362','Day 2 Glass Soda Bottle',$,(#2256));
#2258=PRESENTATION_STYLE_ASSIGNMENT((#2260));
#2259=PRESENTATION_STYLE_ASSIGNMENT((#2261));
#2260=SURFACE_STYLE_USAGE(.BOTH.,#2262);
#2261=SURFACE_STYLE_USAGE(.BOTH.,#2263);
#2262=SURFACE_SIDE_STYLE('',(#2264));
#2263=SURFACE_SIDE_STYLE('',(#2265));
#2264=SURFACE_STYLE_FILL_AREA(#2266);
#2265=SURFACE_STYLE_FILL_AREA(#2267);
#2266=FILL_AREA_STYLE('Steel - Satin',(#2268));
#2267=FILL_AREA_STYLE('Glass - Window',(#2269));
#2268=FILL_AREA_STYLE_COLOUR('Steel - Satin',#2270);
#2269=FILL_AREA_STYLE_COLOUR('Glass - Window',#2271);
#2270=COLOUR_RGB('Steel - Satin',0.627450980392157,0.627450980392157,0.627450980392157);
#2271=COLOUR_RGB('Glass - Window',0.423529411764706,0.768627450980392,0.854901960784314);
ENDSEC;
END-ISO-10303-21;
