ISO-10303-21;
HEADER;
/* Generated by software containing ST-Developer
 * from STEP Tools, Inc. (www.steptools.com) 
 */

FILE_DESCRIPTION(
/* description */ (''),
/* implementation_level */ '2;1');

FILE_NAME(
/* name */ 'Day08-DoorStop.step',
/* time_stamp */ '2026-09-09T14:48:18+05:30',
/* author */ (''),
/* organization */ (''),
/* preprocessor_version */ 'ST-DEVELOPER v20.1',
/* originating_system */ 'Autodesk Translation Framework v15.8.0.0',
/* authorisation */ '');

FILE_SCHEMA (('AUTOMOTIVE_DESIGN { 1 0 10303 214 3 1 1 }'));
ENDSEC;

DATA;
#10=MECHANICAL_DESIGN_GEOMETRIC_PRESENTATION_REPRESENTATION('',(#13),#3143);
#11=SHAPE_REPRESENTATION_RELATIONSHIP('SRR','None',#3150,#12);
#12=ADVANCED_BREP_SHAPE_REPRESENTATION('',(#14),#3142);
#13=STYLED_ITEM('',(#3159),#14);
#14=MANIFOLD_SOLID_BREP('Body1',#1831);
#15=FACE_BOUND('',#174,.T.);
#16=FACE_BOUND('',#175,.T.);
#17=FACE_BOUND('',#176,.T.);
#18=FACE_BOUND('',#177,.T.);
#19=FACE_BOUND('',#178,.T.);
#20=FACE_BOUND('',#182,.T.);
#21=FACE_BOUND('',#183,.T.);
#22=FACE_BOUND('',#184,.T.);
#23=FACE_BOUND('',#185,.T.);
#24=FACE_BOUND('',#186,.T.);
#25=PLANE('',#1884);
#26=PLANE('',#1885);
#27=PLANE('',#1886);
#28=PLANE('',#1927);
#29=PLANE('',#1928);
#30=PLANE('',#1966);
#31=PLANE('',#1968);
#32=PLANE('',#1970);
#33=PLANE('',#1972);
#34=PLANE('',#1974);
#35=PLANE('',#1976);
#36=PLANE('',#1978);
#37=PLANE('',#1980);
#38=PLANE('',#1982);
#39=PLANE('',#1984);
#40=PLANE('',#1986);
#41=PLANE('',#1988);
#42=PLANE('',#1990);
#43=PLANE('',#1992);
#44=PLANE('',#1994);
#45=PLANE('',#1996);
#46=PLANE('',#1998);
#47=PLANE('',#2000);
#48=PLANE('',#2002);
#49=PLANE('',#2004);
#50=PLANE('',#2006);
#51=PLANE('',#2008);
#52=PLANE('',#2010);
#53=PLANE('',#2012);
#54=PLANE('',#2014);
#55=PLANE('',#2016);
#56=PLANE('',#2018);
#57=PLANE('',#2020);
#58=PLANE('',#2022);
#59=PLANE('',#2024);
#60=PLANE('',#2026);
#61=PLANE('',#2030);
#62=PLANE('',#2032);
#63=PLANE('',#2035);
#64=PLANE('',#2037);
#65=PLANE('',#2038);
#66=FACE_OUTER_BOUND('',#158,.T.);
#67=FACE_OUTER_BOUND('',#159,.T.);
#68=FACE_OUTER_BOUND('',#160,.T.);
#69=FACE_OUTER_BOUND('',#161,.T.);
#70=FACE_OUTER_BOUND('',#162,.T.);
#71=FACE_OUTER_BOUND('',#163,.T.);
#72=FACE_OUTER_BOUND('',#164,.T.);
#73=FACE_OUTER_BOUND('',#165,.T.);
#74=FACE_OUTER_BOUND('',#166,.T.);
#75=FACE_OUTER_BOUND('',#167,.T.);
#76=FACE_OUTER_BOUND('',#168,.T.);
#77=FACE_OUTER_BOUND('',#169,.T.);
#78=FACE_OUTER_BOUND('',#170,.T.);
#79=FACE_OUTER_BOUND('',#171,.T.);
#80=FACE_OUTER_BOUND('',#172,.T.);
#81=FACE_OUTER_BOUND('',#173,.T.);
#82=FACE_OUTER_BOUND('',#179,.T.);
#83=FACE_OUTER_BOUND('',#180,.T.);
#84=FACE_OUTER_BOUND('',#181,.T.);
#85=FACE_OUTER_BOUND('',#187,.T.);
#86=FACE_OUTER_BOUND('',#188,.T.);
#87=FACE_OUTER_BOUND('',#189,.T.);
#88=FACE_OUTER_BOUND('',#190,.T.);
#89=FACE_OUTER_BOUND('',#191,.T.);
#90=FACE_OUTER_BOUND('',#192,.T.);
#91=FACE_OUTER_BOUND('',#193,.T.);
#92=FACE_OUTER_BOUND('',#194,.T.);
#93=FACE_OUTER_BOUND('',#195,.T.);
#94=FACE_OUTER_BOUND('',#196,.T.);
#95=FACE_OUTER_BOUND('',#197,.T.);
#96=FACE_OUTER_BOUND('',#198,.T.);
#97=FACE_OUTER_BOUND('',#199,.T.);
#98=FACE_OUTER_BOUND('',#200,.T.);
#99=FACE_OUTER_BOUND('',#201,.T.);
#100=FACE_OUTER_BOUND('',#202,.T.);
#101=FACE_OUTER_BOUND('',#203,.T.);
#102=FACE_OUTER_BOUND('',#204,.T.);
#103=FACE_OUTER_BOUND('',#205,.T.);
#104=FACE_OUTER_BOUND('',#206,.T.);
#105=FACE_OUTER_BOUND('',#207,.T.);
#106=FACE_OUTER_BOUND('',#208,.T.);
#107=FACE_OUTER_BOUND('',#209,.T.);
#108=FACE_OUTER_BOUND('',#210,.T.);
#109=FACE_OUTER_BOUND('',#211,.T.);
#110=FACE_OUTER_BOUND('',#212,.T.);
#111=FACE_OUTER_BOUND('',#213,.T.);
#112=FACE_OUTER_BOUND('',#214,.T.);
#113=FACE_OUTER_BOUND('',#215,.T.);
#114=FACE_OUTER_BOUND('',#216,.T.);
#115=FACE_OUTER_BOUND('',#217,.T.);
#116=FACE_OUTER_BOUND('',#218,.T.);
#117=FACE_OUTER_BOUND('',#219,.T.);
#118=FACE_OUTER_BOUND('',#220,.T.);
#119=FACE_OUTER_BOUND('',#221,.T.);
#120=FACE_OUTER_BOUND('',#222,.T.);
#121=FACE_OUTER_BOUND('',#223,.T.);
#122=FACE_OUTER_BOUND('',#224,.T.);
#123=FACE_OUTER_BOUND('',#225,.T.);
#124=FACE_OUTER_BOUND('',#226,.T.);
#125=FACE_OUTER_BOUND('',#227,.T.);
#126=FACE_OUTER_BOUND('',#228,.T.);
#127=FACE_OUTER_BOUND('',#229,.T.);
#128=FACE_OUTER_BOUND('',#230,.T.);
#129=FACE_OUTER_BOUND('',#231,.T.);
#130=FACE_OUTER_BOUND('',#232,.T.);
#131=FACE_OUTER_BOUND('',#233,.T.);
#132=FACE_OUTER_BOUND('',#234,.T.);
#133=FACE_OUTER_BOUND('',#235,.T.);
#134=FACE_OUTER_BOUND('',#236,.T.);
#135=FACE_OUTER_BOUND('',#237,.T.);
#136=FACE_OUTER_BOUND('',#238,.T.);
#137=FACE_OUTER_BOUND('',#239,.T.);
#138=FACE_OUTER_BOUND('',#240,.T.);
#139=FACE_OUTER_BOUND('',#241,.T.);
#140=FACE_OUTER_BOUND('',#242,.T.);
#141=FACE_OUTER_BOUND('',#243,.T.);
#142=FACE_OUTER_BOUND('',#244,.T.);
#143=FACE_OUTER_BOUND('',#245,.T.);
#144=FACE_OUTER_BOUND('',#246,.T.);
#145=FACE_OUTER_BOUND('',#247,.T.);
#146=FACE_OUTER_BOUND('',#248,.T.);
#147=FACE_OUTER_BOUND('',#249,.T.);
#148=FACE_OUTER_BOUND('',#250,.T.);
#149=FACE_OUTER_BOUND('',#251,.T.);
#150=FACE_OUTER_BOUND('',#252,.T.);
#151=FACE_OUTER_BOUND('',#253,.T.);
#152=FACE_OUTER_BOUND('',#254,.T.);
#153=FACE_OUTER_BOUND('',#255,.T.);
#154=FACE_OUTER_BOUND('',#256,.T.);
#155=FACE_OUTER_BOUND('',#257,.T.);
#156=FACE_OUTER_BOUND('',#258,.T.);
#157=FACE_OUTER_BOUND('',#259,.T.);
#158=EDGE_LOOP('',(#1148,#1149,#1150,#1151));
#159=EDGE_LOOP('',(#1152,#1153,#1154,#1155));
#160=EDGE_LOOP('',(#1156,#1157,#1158,#1159));
#161=EDGE_LOOP('',(#1160,#1161,#1162,#1163));
#162=EDGE_LOOP('',(#1164,#1165,#1166,#1167));
#163=EDGE_LOOP('',(#1168,#1169,#1170,#1171));
#164=EDGE_LOOP('',(#1172,#1173,#1174,#1175));
#165=EDGE_LOOP('',(#1176,#1177,#1178,#1179));
#166=EDGE_LOOP('',(#1180,#1181,#1182,#1183));
#167=EDGE_LOOP('',(#1184,#1185,#1186,#1187));
#168=EDGE_LOOP('',(#1188,#1189,#1190,#1191));
#169=EDGE_LOOP('',(#1192,#1193,#1194,#1195));
#170=EDGE_LOOP('',(#1196,#1197,#1198,#1199));
#171=EDGE_LOOP('',(#1200,#1201,#1202,#1203));
#172=EDGE_LOOP('',(#1204,#1205,#1206,#1207));
#173=EDGE_LOOP('',(#1208,#1209,#1210,#1211,#1212,#1213,#1214,#1215,#1216,
#1217,#1218,#1219,#1220,#1221,#1222,#1223,#1224,#1225,#1226,#1227,#1228,
#1229,#1230,#1231,#1232,#1233,#1234,#1235,#1236,#1237,#1238,#1239,#1240,
#1241,#1242,#1243,#1244,#1245,#1246,#1247,#1248,#1249,#1250,#1251,#1252,
#1253,#1254,#1255,#1256,#1257,#1258,#1259,#1260,#1261,#1262,#1263,#1264,
#1265,#1266,#1267,#1268,#1269,#1270,#1271,#1272,#1273,#1274));
#174=EDGE_LOOP('',(#1275,#1276,#1277,#1278,#1279,#1280,#1281,#1282));
#175=EDGE_LOOP('',(#1283));
#176=EDGE_LOOP('',(#1284,#1285,#1286,#1287,#1288));
#177=EDGE_LOOP('',(#1289));
#178=EDGE_LOOP('',(#1290,#1291,#1292,#1293,#1294,#1295,#1296,#1297));
#179=EDGE_LOOP('',(#1298,#1299,#1300,#1301));
#180=EDGE_LOOP('',(#1302,#1303,#1304,#1305));
#181=EDGE_LOOP('',(#1306,#1307,#1308,#1309,#1310,#1311,#1312,#1313,#1314,
#1315,#1316,#1317,#1318,#1319,#1320,#1321,#1322,#1323,#1324,#1325,#1326,
#1327,#1328,#1329,#1330,#1331,#1332,#1333,#1334,#1335,#1336,#1337,#1338,
#1339,#1340,#1341,#1342,#1343,#1344,#1345,#1346,#1347,#1348,#1349,#1350,
#1351,#1352,#1353,#1354,#1355,#1356,#1357,#1358,#1359,#1360,#1361,#1362,
#1363,#1364,#1365,#1366,#1367,#1368,#1369,#1370,#1371,#1372));
#182=EDGE_LOOP('',(#1373,#1374,#1375,#1376,#1377,#1378,#1379,#1380));
#183=EDGE_LOOP('',(#1381));
#184=EDGE_LOOP('',(#1382,#1383,#1384,#1385,#1386,#1387,#1388,#1389));
#185=EDGE_LOOP('',(#1390,#1391,#1392,#1393,#1394));
#186=EDGE_LOOP('',(#1395));
#187=EDGE_LOOP('',(#1396,#1397,#1398,#1399));
#188=EDGE_LOOP('',(#1400,#1401,#1402,#1403));
#189=EDGE_LOOP('',(#1404,#1405,#1406,#1407));
#190=EDGE_LOOP('',(#1408,#1409,#1410,#1411));
#191=EDGE_LOOP('',(#1412,#1413,#1414,#1415));
#192=EDGE_LOOP('',(#1416,#1417,#1418,#1419));
#193=EDGE_LOOP('',(#1420,#1421,#1422,#1423));
#194=EDGE_LOOP('',(#1424,#1425,#1426,#1427));
#195=EDGE_LOOP('',(#1428,#1429,#1430,#1431));
#196=EDGE_LOOP('',(#1432,#1433,#1434,#1435));
#197=EDGE_LOOP('',(#1436,#1437,#1438,#1439));
#198=EDGE_LOOP('',(#1440,#1441,#1442,#1443));
#199=EDGE_LOOP('',(#1444,#1445,#1446,#1447));
#200=EDGE_LOOP('',(#1448,#1449,#1450,#1451));
#201=EDGE_LOOP('',(#1452,#1453,#1454,#1455));
#202=EDGE_LOOP('',(#1456,#1457,#1458,#1459));
#203=EDGE_LOOP('',(#1460,#1461,#1462,#1463));
#204=EDGE_LOOP('',(#1464,#1465,#1466,#1467));
#205=EDGE_LOOP('',(#1468,#1469,#1470,#1471));
#206=EDGE_LOOP('',(#1472,#1473,#1474,#1475));
#207=EDGE_LOOP('',(#1476,#1477,#1478,#1479));
#208=EDGE_LOOP('',(#1480,#1481,#1482,#1483));
#209=EDGE_LOOP('',(#1484,#1485,#1486,#1487));
#210=EDGE_LOOP('',(#1488,#1489,#1490,#1491));
#211=EDGE_LOOP('',(#1492,#1493,#1494,#1495));
#212=EDGE_LOOP('',(#1496,#1497,#1498,#1499));
#213=EDGE_LOOP('',(#1500,#1501,#1502,#1503));
#214=EDGE_LOOP('',(#1504,#1505,#1506,#1507));
#215=EDGE_LOOP('',(#1508,#1509,#1510,#1511));
#216=EDGE_LOOP('',(#1512,#1513,#1514,#1515));
#217=EDGE_LOOP('',(#1516,#1517,#1518,#1519));
#218=EDGE_LOOP('',(#1520,#1521,#1522,#1523));
#219=EDGE_LOOP('',(#1524,#1525,#1526,#1527));
#220=EDGE_LOOP('',(#1528,#1529,#1530,#1531));
#221=EDGE_LOOP('',(#1532,#1533,#1534,#1535));
#222=EDGE_LOOP('',(#1536,#1537,#1538,#1539));
#223=EDGE_LOOP('',(#1540,#1541,#1542,#1543));
#224=EDGE_LOOP('',(#1544,#1545,#1546,#1547));
#225=EDGE_LOOP('',(#1548,#1549,#1550,#1551));
#226=EDGE_LOOP('',(#1552,#1553,#1554,#1555));
#227=EDGE_LOOP('',(#1556,#1557,#1558,#1559));
#228=EDGE_LOOP('',(#1560,#1561,#1562,#1563));
#229=EDGE_LOOP('',(#1564,#1565,#1566,#1567));
#230=EDGE_LOOP('',(#1568,#1569,#1570,#1571));
#231=EDGE_LOOP('',(#1572,#1573,#1574,#1575));
#232=EDGE_LOOP('',(#1576,#1577,#1578,#1579));
#233=EDGE_LOOP('',(#1580,#1581,#1582,#1583));
#234=EDGE_LOOP('',(#1584,#1585,#1586,#1587));
#235=EDGE_LOOP('',(#1588,#1589,#1590,#1591));
#236=EDGE_LOOP('',(#1592,#1593,#1594,#1595));
#237=EDGE_LOOP('',(#1596,#1597,#1598,#1599));
#238=EDGE_LOOP('',(#1600,#1601,#1602,#1603));
#239=EDGE_LOOP('',(#1604,#1605,#1606,#1607));
#240=EDGE_LOOP('',(#1608,#1609,#1610,#1611));
#241=EDGE_LOOP('',(#1612,#1613,#1614,#1615));
#242=EDGE_LOOP('',(#1616,#1617,#1618,#1619));
#243=EDGE_LOOP('',(#1620,#1621,#1622,#1623));
#244=EDGE_LOOP('',(#1624,#1625,#1626,#1627));
#245=EDGE_LOOP('',(#1628,#1629,#1630,#1631));
#246=EDGE_LOOP('',(#1632,#1633,#1634,#1635));
#247=EDGE_LOOP('',(#1636,#1637,#1638,#1639));
#248=EDGE_LOOP('',(#1640,#1641,#1642,#1643));
#249=EDGE_LOOP('',(#1644,#1645,#1646,#1647));
#250=EDGE_LOOP('',(#1648,#1649,#1650,#1651));
#251=EDGE_LOOP('',(#1652,#1653,#1654,#1655));
#252=EDGE_LOOP('',(#1656,#1657,#1658,#1659));
#253=EDGE_LOOP('',(#1660,#1661,#1662,#1663));
#254=EDGE_LOOP('',(#1664,#1665,#1666,#1667));
#255=EDGE_LOOP('',(#1668,#1669,#1670,#1671));
#256=EDGE_LOOP('',(#1672,#1673,#1674,#1675));
#257=EDGE_LOOP('',(#1676,#1677,#1678,#1679));
#258=EDGE_LOOP('',(#1680,#1681,#1682,#1683));
#259=EDGE_LOOP('',(#1684,#1685,#1686,#1687));
#260=LINE('',#2603,#428);
#261=LINE('',#2606,#429);
#262=LINE('',#2611,#430);
#263=LINE('',#2618,#431);
#264=LINE('',#2624,#432);
#265=LINE('',#2627,#433);
#266=LINE('',#2632,#434);
#267=LINE('',#2639,#435);
#268=LINE('',#2645,#436);
#269=LINE('',#2648,#437);
#270=LINE('',#2653,#438);
#271=LINE('',#2660,#439);
#272=LINE('',#2666,#440);
#273=LINE('',#2669,#441);
#274=LINE('',#2674,#442);
#275=LINE('',#2681,#443);
#276=LINE('',#2686,#444);
#277=LINE('',#2689,#445);
#278=LINE('',#2690,#446);
#279=LINE('',#2692,#447);
#280=LINE('',#2693,#448);
#281=LINE('',#2701,#449);
#282=LINE('',#2705,#450);
#283=LINE('',#2709,#451);
#284=LINE('',#2713,#452);
#285=LINE('',#2717,#453);
#286=LINE('',#2721,#454);
#287=LINE('',#2725,#455);
#288=LINE('',#2729,#456);
#289=LINE('',#2733,#457);
#290=LINE('',#2737,#458);
#291=LINE('',#2741,#459);
#292=LINE('',#2745,#460);
#293=LINE('',#2749,#461);
#294=LINE('',#2753,#462);
#295=LINE('',#2757,#463);
#296=LINE('',#2765,#464);
#297=LINE('',#2769,#465);
#298=LINE('',#2773,#466);
#299=LINE('',#2777,#467);
#300=LINE('',#2781,#468);
#301=LINE('',#2785,#469);
#302=LINE('',#2789,#470);
#303=LINE('',#2793,#471);
#304=LINE('',#2797,#472);
#305=LINE('',#2801,#473);
#306=LINE('',#2805,#474);
#307=LINE('',#2809,#475);
#308=LINE('',#2813,#476);
#309=LINE('',#2817,#477);
#310=LINE('',#2821,#478);
#311=LINE('',#2825,#479);
#312=LINE('',#2828,#480);
#313=LINE('',#2830,#481);
#314=LINE('',#2831,#482);
#315=LINE('',#2835,#483);
#316=LINE('',#2839,#484);
#317=LINE('',#2842,#485);
#318=LINE('',#2846,#486);
#319=LINE('',#2849,#487);
#320=LINE('',#2850,#488);
#321=LINE('',#2856,#489);
#322=LINE('',#2860,#490);
#323=LINE('',#2864,#491);
#324=LINE('',#2868,#492);
#325=LINE('',#2872,#493);
#326=LINE('',#2876,#494);
#327=LINE('',#2880,#495);
#328=LINE('',#2884,#496);
#329=LINE('',#2888,#497);
#330=LINE('',#2892,#498);
#331=LINE('',#2896,#499);
#332=LINE('',#2900,#500);
#333=LINE('',#2904,#501);
#334=LINE('',#2908,#502);
#335=LINE('',#2912,#503);
#336=LINE('',#2916,#504);
#337=LINE('',#2920,#505);
#338=LINE('',#2928,#506);
#339=LINE('',#2932,#507);
#340=LINE('',#2936,#508);
#341=LINE('',#2940,#509);
#342=LINE('',#2944,#510);
#343=LINE('',#2948,#511);
#344=LINE('',#2952,#512);
#345=LINE('',#2956,#513);
#346=LINE('',#2960,#514);
#347=LINE('',#2964,#515);
#348=LINE('',#2968,#516);
#349=LINE('',#2972,#517);
#350=LINE('',#2976,#518);
#351=LINE('',#2980,#519);
#352=LINE('',#2984,#520);
#353=LINE('',#2987,#521);
#354=LINE('',#2991,#522);
#355=LINE('',#2994,#523);
#356=LINE('',#2995,#524);
#357=LINE('',#2997,#525);
#358=LINE('',#2999,#526);
#359=LINE('',#3000,#527);
#360=LINE('',#3002,#528);
#361=LINE('',#3004,#529);
#362=LINE('',#3005,#530);
#363=LINE('',#3007,#531);
#364=LINE('',#3009,#532);
#365=LINE('',#3011,#533);
#366=LINE('',#3013,#534);
#367=LINE('',#3015,#535);
#368=LINE('',#3017,#536);
#369=LINE('',#3019,#537);
#370=LINE('',#3021,#538);
#371=LINE('',#3023,#539);
#372=LINE('',#3025,#540);
#373=LINE('',#3027,#541);
#374=LINE('',#3029,#542);
#375=LINE('',#3031,#543);
#376=LINE('',#3033,#544);
#377=LINE('',#3035,#545);
#378=LINE('',#3037,#546);
#379=LINE('',#3039,#547);
#380=LINE('',#3041,#548);
#381=LINE('',#3043,#549);
#382=LINE('',#3045,#550);
#383=LINE('',#3047,#551);
#384=LINE('',#3049,#552);
#385=LINE('',#3051,#553);
#386=LINE('',#3053,#554);
#387=LINE('',#3055,#555);
#388=LINE('',#3057,#556);
#389=LINE('',#3059,#557);
#390=LINE('',#3061,#558);
#391=LINE('',#3063,#559);
#392=LINE('',#3065,#560);
#393=LINE('',#3066,#561);
#394=LINE('',#3068,#562);
#395=LINE('',#3070,#563);
#396=LINE('',#3072,#564);
#397=LINE('',#3074,#565);
#398=LINE('',#3076,#566);
#399=LINE('',#3078,#567);
#400=LINE('',#3080,#568);
#401=LINE('',#3082,#569);
#402=LINE('',#3084,#570);
#403=LINE('',#3086,#571);
#404=LINE('',#3088,#572);
#405=LINE('',#3090,#573);
#406=LINE('',#3092,#574);
#407=LINE('',#3094,#575);
#408=LINE('',#3096,#576);
#409=LINE('',#3098,#577);
#410=LINE('',#3100,#578);
#411=LINE('',#3102,#579);
#412=LINE('',#3104,#580);
#413=LINE('',#3106,#581);
#414=LINE('',#3108,#582);
#415=LINE('',#3110,#583);
#416=LINE('',#3112,#584);
#417=LINE('',#3114,#585);
#418=LINE('',#3116,#586);
#419=LINE('',#3118,#587);
#420=LINE('',#3120,#588);
#421=LINE('',#3122,#589);
#422=LINE('',#3125,#590);
#423=LINE('',#3127,#591);
#424=LINE('',#3129,#592);
#425=LINE('',#3133,#593);
#426=LINE('',#3135,#594);
#427=LINE('',#3137,#595);
#428=VECTOR('',#2045,10.);
#429=VECTOR('',#2048,10.);
#430=VECTOR('',#2053,10.);
#431=VECTOR('',#2062,10.);
#432=VECTOR('',#2067,10.);
#433=VECTOR('',#2070,10.);
#434=VECTOR('',#2075,10.);
#435=VECTOR('',#2084,10.);
#436=VECTOR('',#2089,10.);
#437=VECTOR('',#2092,10.);
#438=VECTOR('',#2097,10.);
#439=VECTOR('',#2106,10.);
#440=VECTOR('',#2111,10.);
#441=VECTOR('',#2114,10.);
#442=VECTOR('',#2119,10.);
#443=VECTOR('',#2128,10.);
#444=VECTOR('',#2133,15.);
#445=VECTOR('',#2138,10.);
#446=VECTOR('',#2139,10.);
#447=VECTOR('',#2142,10.);
#448=VECTOR('',#2143,10.);
#449=VECTOR('',#2150,10.);
#450=VECTOR('',#2153,10.);
#451=VECTOR('',#2156,10.);
#452=VECTOR('',#2159,10.);
#453=VECTOR('',#2162,10.);
#454=VECTOR('',#2165,10.);
#455=VECTOR('',#2168,10.);
#456=VECTOR('',#2171,10.);
#457=VECTOR('',#2174,10.);
#458=VECTOR('',#2177,10.);
#459=VECTOR('',#2180,10.);
#460=VECTOR('',#2183,10.);
#461=VECTOR('',#2186,10.);
#462=VECTOR('',#2189,10.);
#463=VECTOR('',#2192,10.);
#464=VECTOR('',#2199,10.);
#465=VECTOR('',#2202,10.);
#466=VECTOR('',#2205,10.);
#467=VECTOR('',#2208,10.);
#468=VECTOR('',#2211,10.);
#469=VECTOR('',#2214,10.);
#470=VECTOR('',#2217,10.);
#471=VECTOR('',#2220,10.);
#472=VECTOR('',#2223,10.);
#473=VECTOR('',#2226,10.);
#474=VECTOR('',#2229,10.);
#475=VECTOR('',#2232,10.);
#476=VECTOR('',#2235,10.);
#477=VECTOR('',#2238,10.);
#478=VECTOR('',#2241,10.);
#479=VECTOR('',#2244,10.);
#480=VECTOR('',#2247,10.);
#481=VECTOR('',#2248,10.);
#482=VECTOR('',#2249,10.);
#483=VECTOR('',#2252,10.);
#484=VECTOR('',#2255,10.);
#485=VECTOR('',#2258,10.);
#486=VECTOR('',#2263,7.49999999999999);
#487=VECTOR('',#2266,10.);
#488=VECTOR('',#2267,10.);
#489=VECTOR('',#2272,10.);
#490=VECTOR('',#2275,10.);
#491=VECTOR('',#2278,10.);
#492=VECTOR('',#2281,10.);
#493=VECTOR('',#2284,10.);
#494=VECTOR('',#2287,10.);
#495=VECTOR('',#2290,10.);
#496=VECTOR('',#2293,10.);
#497=VECTOR('',#2296,10.);
#498=VECTOR('',#2299,10.);
#499=VECTOR('',#2302,10.);
#500=VECTOR('',#2305,10.);
#501=VECTOR('',#2308,10.);
#502=VECTOR('',#2311,10.);
#503=VECTOR('',#2314,10.);
#504=VECTOR('',#2317,10.);
#505=VECTOR('',#2320,10.);
#506=VECTOR('',#2327,10.);
#507=VECTOR('',#2330,10.);
#508=VECTOR('',#2333,10.);
#509=VECTOR('',#2336,10.);
#510=VECTOR('',#2339,10.);
#511=VECTOR('',#2342,10.);
#512=VECTOR('',#2345,10.);
#513=VECTOR('',#2348,10.);
#514=VECTOR('',#2351,10.);
#515=VECTOR('',#2354,10.);
#516=VECTOR('',#2357,10.);
#517=VECTOR('',#2360,10.);
#518=VECTOR('',#2363,10.);
#519=VECTOR('',#2366,10.);
#520=VECTOR('',#2369,10.);
#521=VECTOR('',#2372,10.);
#522=VECTOR('',#2375,10.);
#523=VECTOR('',#2378,10.);
#524=VECTOR('',#2379,10.);
#525=VECTOR('',#2382,10.);
#526=VECTOR('',#2385,10.);
#527=VECTOR('',#2386,10.);
#528=VECTOR('',#2389,10.);
#529=VECTOR('',#2392,10.);
#530=VECTOR('',#2393,10.);
#531=VECTOR('',#2396,10.);
#532=VECTOR('',#2399,10.);
#533=VECTOR('',#2402,10.);
#534=VECTOR('',#2405,10.);
#535=VECTOR('',#2408,10.);
#536=VECTOR('',#2411,10.);
#537=VECTOR('',#2414,10.);
#538=VECTOR('',#2417,10.);
#539=VECTOR('',#2420,10.);
#540=VECTOR('',#2423,10.);
#541=VECTOR('',#2426,10.);
#542=VECTOR('',#2429,10.);
#543=VECTOR('',#2432,10.);
#544=VECTOR('',#2435,10.);
#545=VECTOR('',#2438,10.);
#546=VECTOR('',#2441,10.);
#547=VECTOR('',#2444,10.);
#548=VECTOR('',#2447,10.);
#549=VECTOR('',#2450,10.);
#550=VECTOR('',#2453,10.);
#551=VECTOR('',#2456,10.);
#552=VECTOR('',#2459,10.);
#553=VECTOR('',#2462,10.);
#554=VECTOR('',#2465,10.);
#555=VECTOR('',#2468,10.);
#556=VECTOR('',#2471,10.);
#557=VECTOR('',#2474,10.);
#558=VECTOR('',#2477,10.);
#559=VECTOR('',#2480,10.);
#560=VECTOR('',#2483,10.);
#561=VECTOR('',#2484,10.);
#562=VECTOR('',#2487,10.);
#563=VECTOR('',#2490,10.);
#564=VECTOR('',#2493,10.);
#565=VECTOR('',#2496,10.);
#566=VECTOR('',#2499,10.);
#567=VECTOR('',#2502,10.);
#568=VECTOR('',#2505,10.);
#569=VECTOR('',#2508,10.);
#570=VECTOR('',#2511,10.);
#571=VECTOR('',#2514,10.);
#572=VECTOR('',#2517,10.);
#573=VECTOR('',#2520,10.);
#574=VECTOR('',#2523,10.);
#575=VECTOR('',#2526,10.);
#576=VECTOR('',#2529,10.);
#577=VECTOR('',#2532,10.);
#578=VECTOR('',#2535,10.);
#579=VECTOR('',#2538,10.);
#580=VECTOR('',#2541,10.);
#581=VECTOR('',#2544,10.);
#582=VECTOR('',#2547,10.);
#583=VECTOR('',#2550,10.);
#584=VECTOR('',#2553,10.);
#585=VECTOR('',#2556,10.);
#586=VECTOR('',#2559,10.);
#587=VECTOR('',#2562,10.);
#588=VECTOR('',#2565,10.);
#589=VECTOR('',#2568,10.);
#590=VECTOR('',#2573,10.);
#591=VECTOR('',#2576,10.);
#592=VECTOR('',#2579,10.);
#593=VECTOR('',#2586,10.);
#594=VECTOR('',#2589,10.);
#595=VECTOR('',#2592,10.);
#596=CIRCLE('',#1846,2.);
#597=CIRCLE('',#1847,2.);
#598=CIRCLE('',#1849,9.49999999999999);
#599=CIRCLE('',#1850,9.49999999999999);
#600=CIRCLE('',#1852,2.);
#601=CIRCLE('',#1853,2.);
#602=CIRCLE('',#1855,2.);
#603=CIRCLE('',#1856,2.);
#604=CIRCLE('',#1858,9.49999999999999);
#605=CIRCLE('',#1859,9.49999999999999);
#606=CIRCLE('',#1861,2.);
#607=CIRCLE('',#1862,2.);
#608=CIRCLE('',#1864,3.);
#609=CIRCLE('',#1865,3.);
#610=CIRCLE('',#1867,17.);
#611=CIRCLE('',#1868,17.);
#612=CIRCLE('',#1870,3.);
#613=CIRCLE('',#1871,3.);
#614=CIRCLE('',#1873,3.);
#615=CIRCLE('',#1874,3.);
#616=CIRCLE('',#1876,17.);
#617=CIRCLE('',#1877,17.);
#618=CIRCLE('',#1879,3.);
#619=CIRCLE('',#1880,3.);
#620=CIRCLE('',#1882,13.);
#621=CIRCLE('',#1883,13.);
#622=CIRCLE('',#1887,2.);
#623=CIRCLE('',#1888,2.);
#624=CIRCLE('',#1889,2.);
#625=CIRCLE('',#1890,2.);
#626=CIRCLE('',#1891,2.);
#627=CIRCLE('',#1892,2.);
#628=CIRCLE('',#1893,2.);
#629=CIRCLE('',#1894,2.);
#630=CIRCLE('',#1895,2.);
#631=CIRCLE('',#1896,2.);
#632=CIRCLE('',#1897,2.);
#633=CIRCLE('',#1898,2.);
#634=CIRCLE('',#1899,2.);
#635=CIRCLE('',#1900,2.);
#636=CIRCLE('',#1901,2.);
#637=CIRCLE('',#1902,2.);
#638=CIRCLE('',#1903,2.);
#639=CIRCLE('',#1904,2.);
#640=CIRCLE('',#1905,2.);
#641=CIRCLE('',#1906,2.);
#642=CIRCLE('',#1907,2.);
#643=CIRCLE('',#1908,2.);
#644=CIRCLE('',#1909,2.);
#645=CIRCLE('',#1910,2.);
#646=CIRCLE('',#1911,2.);
#647=CIRCLE('',#1912,2.);
#648=CIRCLE('',#1913,2.);
#649=CIRCLE('',#1914,2.);
#650=CIRCLE('',#1915,2.);
#651=CIRCLE('',#1916,2.);
#652=CIRCLE('',#1917,2.);
#653=CIRCLE('',#1918,2.);
#654=CIRCLE('',#1919,2.);
#655=CIRCLE('',#1920,6.);
#656=CIRCLE('',#1921,6.);
#657=CIRCLE('',#1922,5.49999999999999);
#658=CIRCLE('',#1923,3.);
#659=CIRCLE('',#1924,3.);
#660=CIRCLE('',#1926,5.49999999999999);
#661=CIRCLE('',#1929,2.);
#662=CIRCLE('',#1930,6.);
#663=CIRCLE('',#1931,6.);
#664=CIRCLE('',#1932,2.);
#665=CIRCLE('',#1933,2.);
#666=CIRCLE('',#1934,2.);
#667=CIRCLE('',#1935,2.);
#668=CIRCLE('',#1936,2.);
#669=CIRCLE('',#1937,2.);
#670=CIRCLE('',#1938,2.);
#671=CIRCLE('',#1939,2.);
#672=CIRCLE('',#1940,2.);
#673=CIRCLE('',#1941,2.);
#674=CIRCLE('',#1942,2.);
#675=CIRCLE('',#1943,2.);
#676=CIRCLE('',#1944,2.);
#677=CIRCLE('',#1945,2.);
#678=CIRCLE('',#1946,2.);
#679=CIRCLE('',#1947,2.);
#680=CIRCLE('',#1948,2.);
#681=CIRCLE('',#1949,2.);
#682=CIRCLE('',#1950,2.);
#683=CIRCLE('',#1951,2.);
#684=CIRCLE('',#1952,2.);
#685=CIRCLE('',#1953,2.);
#686=CIRCLE('',#1954,2.);
#687=CIRCLE('',#1955,2.);
#688=CIRCLE('',#1956,2.);
#689=CIRCLE('',#1957,2.);
#690=CIRCLE('',#1958,2.);
#691=CIRCLE('',#1959,2.);
#692=CIRCLE('',#1960,2.);
#693=CIRCLE('',#1961,2.);
#694=CIRCLE('',#1962,2.);
#695=CIRCLE('',#1963,2.);
#696=CIRCLE('',#1964,3.);
#697=CIRCLE('',#1965,3.);
#698=VERTEX_POINT('',#2599);
#699=VERTEX_POINT('',#2600);
#700=VERTEX_POINT('',#2602);
#701=VERTEX_POINT('',#2604);
#702=VERTEX_POINT('',#2608);
#703=VERTEX_POINT('',#2610);
#704=VERTEX_POINT('',#2614);
#705=VERTEX_POINT('',#2616);
#706=VERTEX_POINT('',#2620);
#707=VERTEX_POINT('',#2621);
#708=VERTEX_POINT('',#2623);
#709=VERTEX_POINT('',#2625);
#710=VERTEX_POINT('',#2629);
#711=VERTEX_POINT('',#2631);
#712=VERTEX_POINT('',#2635);
#713=VERTEX_POINT('',#2637);
#714=VERTEX_POINT('',#2641);
#715=VERTEX_POINT('',#2642);
#716=VERTEX_POINT('',#2644);
#717=VERTEX_POINT('',#2646);
#718=VERTEX_POINT('',#2650);
#719=VERTEX_POINT('',#2652);
#720=VERTEX_POINT('',#2656);
#721=VERTEX_POINT('',#2658);
#722=VERTEX_POINT('',#2662);
#723=VERTEX_POINT('',#2663);
#724=VERTEX_POINT('',#2665);
#725=VERTEX_POINT('',#2667);
#726=VERTEX_POINT('',#2671);
#727=VERTEX_POINT('',#2673);
#728=VERTEX_POINT('',#2677);
#729=VERTEX_POINT('',#2679);
#730=VERTEX_POINT('',#2683);
#731=VERTEX_POINT('',#2685);
#732=VERTEX_POINT('',#2695);
#733=VERTEX_POINT('',#2696);
#734=VERTEX_POINT('',#2698);
#735=VERTEX_POINT('',#2700);
#736=VERTEX_POINT('',#2702);
#737=VERTEX_POINT('',#2704);
#738=VERTEX_POINT('',#2706);
#739=VERTEX_POINT('',#2708);
#740=VERTEX_POINT('',#2710);
#741=VERTEX_POINT('',#2712);
#742=VERTEX_POINT('',#2714);
#743=VERTEX_POINT('',#2716);
#744=VERTEX_POINT('',#2718);
#745=VERTEX_POINT('',#2720);
#746=VERTEX_POINT('',#2722);
#747=VERTEX_POINT('',#2724);
#748=VERTEX_POINT('',#2726);
#749=VERTEX_POINT('',#2728);
#750=VERTEX_POINT('',#2730);
#751=VERTEX_POINT('',#2732);
#752=VERTEX_POINT('',#2734);
#753=VERTEX_POINT('',#2736);
#754=VERTEX_POINT('',#2738);
#755=VERTEX_POINT('',#2740);
#756=VERTEX_POINT('',#2742);
#757=VERTEX_POINT('',#2744);
#758=VERTEX_POINT('',#2746);
#759=VERTEX_POINT('',#2748);
#760=VERTEX_POINT('',#2750);
#761=VERTEX_POINT('',#2752);
#762=VERTEX_POINT('',#2754);
#763=VERTEX_POINT('',#2756);
#764=VERTEX_POINT('',#2758);
#765=VERTEX_POINT('',#2760);
#766=VERTEX_POINT('',#2762);
#767=VERTEX_POINT('',#2764);
#768=VERTEX_POINT('',#2766);
#769=VERTEX_POINT('',#2768);
#770=VERTEX_POINT('',#2770);
#771=VERTEX_POINT('',#2772);
#772=VERTEX_POINT('',#2774);
#773=VERTEX_POINT('',#2776);
#774=VERTEX_POINT('',#2778);
#775=VERTEX_POINT('',#2780);
#776=VERTEX_POINT('',#2782);
#777=VERTEX_POINT('',#2784);
#778=VERTEX_POINT('',#2786);
#779=VERTEX_POINT('',#2788);
#780=VERTEX_POINT('',#2790);
#781=VERTEX_POINT('',#2792);
#782=VERTEX_POINT('',#2794);
#783=VERTEX_POINT('',#2796);
#784=VERTEX_POINT('',#2798);
#785=VERTEX_POINT('',#2800);
#786=VERTEX_POINT('',#2802);
#787=VERTEX_POINT('',#2804);
#788=VERTEX_POINT('',#2806);
#789=VERTEX_POINT('',#2808);
#790=VERTEX_POINT('',#2810);
#791=VERTEX_POINT('',#2812);
#792=VERTEX_POINT('',#2814);
#793=VERTEX_POINT('',#2816);
#794=VERTEX_POINT('',#2818);
#795=VERTEX_POINT('',#2820);
#796=VERTEX_POINT('',#2822);
#797=VERTEX_POINT('',#2824);
#798=VERTEX_POINT('',#2826);
#799=VERTEX_POINT('',#2829);
#800=VERTEX_POINT('',#2832);
#801=VERTEX_POINT('',#2834);
#802=VERTEX_POINT('',#2836);
#803=VERTEX_POINT('',#2838);
#804=VERTEX_POINT('',#2840);
#805=VERTEX_POINT('',#2844);
#806=VERTEX_POINT('',#2848);
#807=VERTEX_POINT('',#2852);
#808=VERTEX_POINT('',#2853);
#809=VERTEX_POINT('',#2855);
#810=VERTEX_POINT('',#2857);
#811=VERTEX_POINT('',#2859);
#812=VERTEX_POINT('',#2861);
#813=VERTEX_POINT('',#2863);
#814=VERTEX_POINT('',#2865);
#815=VERTEX_POINT('',#2867);
#816=VERTEX_POINT('',#2869);
#817=VERTEX_POINT('',#2871);
#818=VERTEX_POINT('',#2873);
#819=VERTEX_POINT('',#2875);
#820=VERTEX_POINT('',#2877);
#821=VERTEX_POINT('',#2879);
#822=VERTEX_POINT('',#2881);
#823=VERTEX_POINT('',#2883);
#824=VERTEX_POINT('',#2885);
#825=VERTEX_POINT('',#2887);
#826=VERTEX_POINT('',#2889);
#827=VERTEX_POINT('',#2891);
#828=VERTEX_POINT('',#2893);
#829=VERTEX_POINT('',#2895);
#830=VERTEX_POINT('',#2897);
#831=VERTEX_POINT('',#2899);
#832=VERTEX_POINT('',#2901);
#833=VERTEX_POINT('',#2903);
#834=VERTEX_POINT('',#2905);
#835=VERTEX_POINT('',#2907);
#836=VERTEX_POINT('',#2909);
#837=VERTEX_POINT('',#2911);
#838=VERTEX_POINT('',#2913);
#839=VERTEX_POINT('',#2915);
#840=VERTEX_POINT('',#2917);
#841=VERTEX_POINT('',#2919);
#842=VERTEX_POINT('',#2921);
#843=VERTEX_POINT('',#2923);
#844=VERTEX_POINT('',#2925);
#845=VERTEX_POINT('',#2927);
#846=VERTEX_POINT('',#2929);
#847=VERTEX_POINT('',#2931);
#848=VERTEX_POINT('',#2933);
#849=VERTEX_POINT('',#2935);
#850=VERTEX_POINT('',#2937);
#851=VERTEX_POINT('',#2939);
#852=VERTEX_POINT('',#2941);
#853=VERTEX_POINT('',#2943);
#854=VERTEX_POINT('',#2945);
#855=VERTEX_POINT('',#2947);
#856=VERTEX_POINT('',#2949);
#857=VERTEX_POINT('',#2951);
#858=VERTEX_POINT('',#2953);
#859=VERTEX_POINT('',#2955);
#860=VERTEX_POINT('',#2957);
#861=VERTEX_POINT('',#2959);
#862=VERTEX_POINT('',#2961);
#863=VERTEX_POINT('',#2963);
#864=VERTEX_POINT('',#2965);
#865=VERTEX_POINT('',#2967);
#866=VERTEX_POINT('',#2969);
#867=VERTEX_POINT('',#2971);
#868=VERTEX_POINT('',#2973);
#869=VERTEX_POINT('',#2975);
#870=VERTEX_POINT('',#2977);
#871=VERTEX_POINT('',#2979);
#872=VERTEX_POINT('',#2981);
#873=VERTEX_POINT('',#2983);
#874=VERTEX_POINT('',#2986);
#875=VERTEX_POINT('',#2988);
#876=VERTEX_POINT('',#2990);
#877=VERTEX_POINT('',#2992);
#878=EDGE_CURVE('',#698,#699,#596,.T.);
#879=EDGE_CURVE('',#699,#700,#260,.T.);
#880=EDGE_CURVE('',#700,#701,#597,.T.);
#881=EDGE_CURVE('',#701,#698,#261,.T.);
#882=EDGE_CURVE('',#702,#699,#598,.F.);
#883=EDGE_CURVE('',#703,#702,#262,.T.);
#884=EDGE_CURVE('',#700,#703,#599,.T.);
#885=EDGE_CURVE('',#704,#703,#600,.T.);
#886=EDGE_CURVE('',#702,#705,#601,.T.);
#887=EDGE_CURVE('',#705,#704,#263,.T.);
#888=EDGE_CURVE('',#706,#707,#602,.T.);
#889=EDGE_CURVE('',#707,#708,#264,.T.);
#890=EDGE_CURVE('',#708,#709,#603,.T.);
#891=EDGE_CURVE('',#709,#706,#265,.T.);
#892=EDGE_CURVE('',#710,#707,#604,.F.);
#893=EDGE_CURVE('',#711,#710,#266,.T.);
#894=EDGE_CURVE('',#708,#711,#605,.T.);
#895=EDGE_CURVE('',#712,#711,#606,.T.);
#896=EDGE_CURVE('',#710,#713,#607,.T.);
#897=EDGE_CURVE('',#713,#712,#267,.T.);
#898=EDGE_CURVE('',#714,#715,#608,.T.);
#899=EDGE_CURVE('',#715,#716,#268,.T.);
#900=EDGE_CURVE('',#716,#717,#609,.T.);
#901=EDGE_CURVE('',#717,#714,#269,.T.);
#902=EDGE_CURVE('',#718,#715,#610,.F.);
#903=EDGE_CURVE('',#719,#718,#270,.T.);
#904=EDGE_CURVE('',#716,#719,#611,.T.);
#905=EDGE_CURVE('',#720,#719,#612,.T.);
#906=EDGE_CURVE('',#718,#721,#613,.T.);
#907=EDGE_CURVE('',#721,#720,#271,.T.);
#908=EDGE_CURVE('',#722,#723,#614,.T.);
#909=EDGE_CURVE('',#723,#724,#272,.T.);
#910=EDGE_CURVE('',#724,#725,#615,.T.);
#911=EDGE_CURVE('',#725,#722,#273,.T.);
#912=EDGE_CURVE('',#726,#723,#616,.F.);
#913=EDGE_CURVE('',#727,#726,#274,.T.);
#914=EDGE_CURVE('',#724,#727,#617,.T.);
#915=EDGE_CURVE('',#728,#727,#618,.T.);
#916=EDGE_CURVE('',#726,#729,#619,.T.);
#917=EDGE_CURVE('',#729,#728,#275,.T.);
#918=EDGE_CURVE('',#730,#730,#620,.T.);
#919=EDGE_CURVE('',#730,#731,#276,.T.);
#920=EDGE_CURVE('',#731,#731,#621,.T.);
#921=EDGE_CURVE('',#728,#701,#277,.T.);
#922=EDGE_CURVE('',#698,#729,#278,.T.);
#923=EDGE_CURVE('',#722,#705,#279,.T.);
#924=EDGE_CURVE('',#704,#725,#280,.T.);
#925=EDGE_CURVE('',#732,#733,#622,.T.);
#926=EDGE_CURVE('',#734,#732,#623,.T.);
#927=EDGE_CURVE('',#735,#734,#281,.T.);
#928=EDGE_CURVE('',#736,#735,#624,.T.);
#929=EDGE_CURVE('',#737,#736,#282,.T.);
#930=EDGE_CURVE('',#738,#737,#625,.T.);
#931=EDGE_CURVE('',#739,#738,#283,.T.);
#932=EDGE_CURVE('',#740,#739,#626,.T.);
#933=EDGE_CURVE('',#741,#740,#284,.T.);
#934=EDGE_CURVE('',#742,#741,#627,.T.);
#935=EDGE_CURVE('',#743,#742,#285,.T.);
#936=EDGE_CURVE('',#744,#743,#628,.T.);
#937=EDGE_CURVE('',#745,#744,#286,.T.);
#938=EDGE_CURVE('',#746,#745,#629,.T.);
#939=EDGE_CURVE('',#747,#746,#287,.T.);
#940=EDGE_CURVE('',#748,#747,#630,.T.);
#941=EDGE_CURVE('',#749,#748,#288,.T.);
#942=EDGE_CURVE('',#750,#749,#631,.T.);
#943=EDGE_CURVE('',#751,#750,#289,.T.);
#944=EDGE_CURVE('',#752,#751,#632,.T.);
#945=EDGE_CURVE('',#753,#752,#290,.T.);
#946=EDGE_CURVE('',#754,#753,#633,.T.);
#947=EDGE_CURVE('',#755,#754,#291,.T.);
#948=EDGE_CURVE('',#756,#755,#634,.T.);
#949=EDGE_CURVE('',#757,#756,#292,.T.);
#950=EDGE_CURVE('',#758,#757,#635,.T.);
#951=EDGE_CURVE('',#759,#758,#293,.T.);
#952=EDGE_CURVE('',#760,#759,#636,.T.);
#953=EDGE_CURVE('',#761,#760,#294,.T.);
#954=EDGE_CURVE('',#762,#761,#637,.T.);
#955=EDGE_CURVE('',#763,#762,#295,.T.);
#956=EDGE_CURVE('',#764,#763,#638,.T.);
#957=EDGE_CURVE('',#765,#764,#639,.T.);
#958=EDGE_CURVE('',#766,#765,#640,.T.);
#959=EDGE_CURVE('',#767,#766,#296,.T.);
#960=EDGE_CURVE('',#768,#767,#641,.T.);
#961=EDGE_CURVE('',#769,#768,#297,.T.);
#962=EDGE_CURVE('',#770,#769,#642,.T.);
#963=EDGE_CURVE('',#771,#770,#298,.T.);
#964=EDGE_CURVE('',#772,#771,#643,.T.);
#965=EDGE_CURVE('',#773,#772,#299,.T.);
#966=EDGE_CURVE('',#774,#773,#644,.T.);
#967=EDGE_CURVE('',#775,#774,#300,.T.);
#968=EDGE_CURVE('',#776,#775,#645,.T.);
#969=EDGE_CURVE('',#777,#776,#301,.T.);
#970=EDGE_CURVE('',#778,#777,#646,.T.);
#971=EDGE_CURVE('',#779,#778,#302,.T.);
#972=EDGE_CURVE('',#780,#779,#647,.T.);
#973=EDGE_CURVE('',#781,#780,#303,.T.);
#974=EDGE_CURVE('',#782,#781,#648,.T.);
#975=EDGE_CURVE('',#783,#782,#304,.T.);
#976=EDGE_CURVE('',#784,#783,#649,.T.);
#977=EDGE_CURVE('',#785,#784,#305,.T.);
#978=EDGE_CURVE('',#786,#785,#650,.T.);
#979=EDGE_CURVE('',#787,#786,#306,.T.);
#980=EDGE_CURVE('',#788,#787,#651,.T.);
#981=EDGE_CURVE('',#789,#788,#307,.T.);
#982=EDGE_CURVE('',#790,#789,#652,.T.);
#983=EDGE_CURVE('',#791,#790,#308,.T.);
#984=EDGE_CURVE('',#792,#791,#653,.T.);
#985=EDGE_CURVE('',#793,#792,#309,.T.);
#986=EDGE_CURVE('',#794,#793,#654,.T.);
#987=EDGE_CURVE('',#795,#794,#310,.T.);
#988=EDGE_CURVE('',#796,#795,#655,.T.);
#989=EDGE_CURVE('',#797,#796,#311,.T.);
#990=EDGE_CURVE('',#798,#797,#656,.T.);
#991=EDGE_CURVE('',#733,#798,#312,.T.);
#992=EDGE_CURVE('',#712,#799,#313,.T.);
#993=EDGE_CURVE('',#799,#709,#314,.T.);
#994=EDGE_CURVE('',#800,#800,#657,.T.);
#995=EDGE_CURVE('',#720,#801,#315,.T.);
#996=EDGE_CURVE('',#802,#801,#658,.T.);
#997=EDGE_CURVE('',#802,#803,#316,.T.);
#998=EDGE_CURVE('',#804,#803,#659,.T.);
#999=EDGE_CURVE('',#804,#717,#317,.T.);
#1000=EDGE_CURVE('',#805,#805,#660,.T.);
#1001=EDGE_CURVE('',#805,#800,#318,.T.);
#1002=EDGE_CURVE('',#799,#806,#319,.F.);
#1003=EDGE_CURVE('',#706,#806,#320,.T.);
#1004=EDGE_CURVE('',#807,#808,#661,.T.);
#1005=EDGE_CURVE('',#808,#809,#321,.T.);
#1006=EDGE_CURVE('',#810,#809,#662,.T.);
#1007=EDGE_CURVE('',#810,#811,#322,.T.);
#1008=EDGE_CURVE('',#812,#811,#663,.T.);
#1009=EDGE_CURVE('',#812,#813,#323,.T.);
#1010=EDGE_CURVE('',#813,#814,#664,.T.);
#1011=EDGE_CURVE('',#814,#815,#324,.T.);
#1012=EDGE_CURVE('',#815,#816,#665,.T.);
#1013=EDGE_CURVE('',#816,#817,#325,.T.);
#1014=EDGE_CURVE('',#817,#818,#666,.T.);
#1015=EDGE_CURVE('',#818,#819,#326,.T.);
#1016=EDGE_CURVE('',#819,#820,#667,.T.);
#1017=EDGE_CURVE('',#820,#821,#327,.T.);
#1018=EDGE_CURVE('',#821,#822,#668,.T.);
#1019=EDGE_CURVE('',#822,#823,#328,.T.);
#1020=EDGE_CURVE('',#823,#824,#669,.T.);
#1021=EDGE_CURVE('',#824,#825,#329,.T.);
#1022=EDGE_CURVE('',#825,#826,#670,.T.);
#1023=EDGE_CURVE('',#826,#827,#330,.T.);
#1024=EDGE_CURVE('',#827,#828,#671,.T.);
#1025=EDGE_CURVE('',#828,#829,#331,.T.);
#1026=EDGE_CURVE('',#829,#830,#672,.T.);
#1027=EDGE_CURVE('',#830,#831,#332,.T.);
#1028=EDGE_CURVE('',#831,#832,#673,.T.);
#1029=EDGE_CURVE('',#832,#833,#333,.T.);
#1030=EDGE_CURVE('',#833,#834,#674,.T.);
#1031=EDGE_CURVE('',#834,#835,#334,.T.);
#1032=EDGE_CURVE('',#835,#836,#675,.T.);
#1033=EDGE_CURVE('',#836,#837,#335,.T.);
#1034=EDGE_CURVE('',#837,#838,#676,.T.);
#1035=EDGE_CURVE('',#838,#839,#336,.T.);
#1036=EDGE_CURVE('',#839,#840,#677,.T.);
#1037=EDGE_CURVE('',#840,#841,#337,.T.);
#1038=EDGE_CURVE('',#841,#842,#678,.T.);
#1039=EDGE_CURVE('',#843,#842,#679,.T.);
#1040=EDGE_CURVE('',#843,#844,#680,.T.);
#1041=EDGE_CURVE('',#844,#845,#338,.T.);
#1042=EDGE_CURVE('',#845,#846,#681,.T.);
#1043=EDGE_CURVE('',#846,#847,#339,.T.);
#1044=EDGE_CURVE('',#847,#848,#682,.T.);
#1045=EDGE_CURVE('',#848,#849,#340,.T.);
#1046=EDGE_CURVE('',#849,#850,#683,.T.);
#1047=EDGE_CURVE('',#850,#851,#341,.T.);
#1048=EDGE_CURVE('',#851,#852,#684,.T.);
#1049=EDGE_CURVE('',#852,#853,#342,.T.);
#1050=EDGE_CURVE('',#853,#854,#685,.T.);
#1051=EDGE_CURVE('',#854,#855,#343,.T.);
#1052=EDGE_CURVE('',#855,#856,#686,.T.);
#1053=EDGE_CURVE('',#856,#857,#344,.T.);
#1054=EDGE_CURVE('',#857,#858,#687,.T.);
#1055=EDGE_CURVE('',#858,#859,#345,.T.);
#1056=EDGE_CURVE('',#859,#860,#688,.T.);
#1057=EDGE_CURVE('',#860,#861,#346,.T.);
#1058=EDGE_CURVE('',#861,#862,#689,.T.);
#1059=EDGE_CURVE('',#862,#863,#347,.T.);
#1060=EDGE_CURVE('',#863,#864,#690,.T.);
#1061=EDGE_CURVE('',#864,#865,#348,.T.);
#1062=EDGE_CURVE('',#865,#866,#691,.T.);
#1063=EDGE_CURVE('',#866,#867,#349,.T.);
#1064=EDGE_CURVE('',#867,#868,#692,.T.);
#1065=EDGE_CURVE('',#868,#869,#350,.T.);
#1066=EDGE_CURVE('',#869,#870,#693,.T.);
#1067=EDGE_CURVE('',#870,#871,#351,.T.);
#1068=EDGE_CURVE('',#871,#872,#694,.T.);
#1069=EDGE_CURVE('',#872,#873,#352,.T.);
#1070=EDGE_CURVE('',#873,#807,#695,.T.);
#1071=EDGE_CURVE('',#714,#874,#353,.T.);
#1072=EDGE_CURVE('',#875,#874,#696,.T.);
#1073=EDGE_CURVE('',#875,#876,#354,.T.);
#1074=EDGE_CURVE('',#877,#876,#697,.T.);
#1075=EDGE_CURVE('',#877,#721,#355,.T.);
#1076=EDGE_CURVE('',#806,#713,#356,.T.);
#1077=EDGE_CURVE('',#874,#804,#357,.T.);
#1078=EDGE_CURVE('',#732,#807,#358,.T.);
#1079=EDGE_CURVE('',#808,#733,#359,.T.);
#1080=EDGE_CURVE('',#809,#798,#360,.T.);
#1081=EDGE_CURVE('',#872,#735,#361,.T.);
#1082=EDGE_CURVE('',#736,#871,#362,.T.);
#1083=EDGE_CURVE('',#870,#737,#363,.T.);
#1084=EDGE_CURVE('',#738,#869,#364,.T.);
#1085=EDGE_CURVE('',#868,#739,#365,.T.);
#1086=EDGE_CURVE('',#740,#867,#366,.T.);
#1087=EDGE_CURVE('',#866,#741,#367,.T.);
#1088=EDGE_CURVE('',#742,#865,#368,.T.);
#1089=EDGE_CURVE('',#864,#743,#369,.T.);
#1090=EDGE_CURVE('',#744,#863,#370,.T.);
#1091=EDGE_CURVE('',#862,#745,#371,.T.);
#1092=EDGE_CURVE('',#746,#861,#372,.T.);
#1093=EDGE_CURVE('',#860,#747,#373,.T.);
#1094=EDGE_CURVE('',#748,#859,#374,.T.);
#1095=EDGE_CURVE('',#858,#749,#375,.T.);
#1096=EDGE_CURVE('',#750,#857,#376,.T.);
#1097=EDGE_CURVE('',#856,#751,#377,.T.);
#1098=EDGE_CURVE('',#752,#855,#378,.T.);
#1099=EDGE_CURVE('',#854,#753,#379,.T.);
#1100=EDGE_CURVE('',#754,#853,#380,.T.);
#1101=EDGE_CURVE('',#852,#755,#381,.T.);
#1102=EDGE_CURVE('',#756,#851,#382,.T.);
#1103=EDGE_CURVE('',#850,#757,#383,.T.);
#1104=EDGE_CURVE('',#758,#849,#384,.T.);
#1105=EDGE_CURVE('',#848,#759,#385,.T.);
#1106=EDGE_CURVE('',#760,#847,#386,.T.);
#1107=EDGE_CURVE('',#846,#761,#387,.T.);
#1108=EDGE_CURVE('',#762,#845,#388,.T.);
#1109=EDGE_CURVE('',#844,#763,#389,.T.);
#1110=EDGE_CURVE('',#764,#843,#390,.T.);
#1111=EDGE_CURVE('',#734,#873,#391,.T.);
#1112=EDGE_CURVE('',#842,#765,#392,.T.);
#1113=EDGE_CURVE('',#766,#841,#393,.T.);
#1114=EDGE_CURVE('',#840,#767,#394,.T.);
#1115=EDGE_CURVE('',#768,#839,#395,.T.);
#1116=EDGE_CURVE('',#838,#769,#396,.T.);
#1117=EDGE_CURVE('',#770,#837,#397,.T.);
#1118=EDGE_CURVE('',#836,#771,#398,.T.);
#1119=EDGE_CURVE('',#772,#835,#399,.T.);
#1120=EDGE_CURVE('',#834,#773,#400,.T.);
#1121=EDGE_CURVE('',#774,#833,#401,.T.);
#1122=EDGE_CURVE('',#832,#775,#402,.T.);
#1123=EDGE_CURVE('',#776,#831,#403,.T.);
#1124=EDGE_CURVE('',#830,#777,#404,.T.);
#1125=EDGE_CURVE('',#778,#829,#405,.T.);
#1126=EDGE_CURVE('',#828,#779,#406,.T.);
#1127=EDGE_CURVE('',#780,#827,#407,.T.);
#1128=EDGE_CURVE('',#826,#781,#408,.T.);
#1129=EDGE_CURVE('',#782,#825,#409,.T.);
#1130=EDGE_CURVE('',#824,#783,#410,.T.);
#1131=EDGE_CURVE('',#784,#823,#411,.T.);
#1132=EDGE_CURVE('',#822,#785,#412,.T.);
#1133=EDGE_CURVE('',#786,#821,#413,.T.);
#1134=EDGE_CURVE('',#820,#787,#414,.T.);
#1135=EDGE_CURVE('',#788,#819,#415,.T.);
#1136=EDGE_CURVE('',#818,#789,#416,.T.);
#1137=EDGE_CURVE('',#790,#817,#417,.T.);
#1138=EDGE_CURVE('',#816,#791,#418,.T.);
#1139=EDGE_CURVE('',#792,#815,#419,.T.);
#1140=EDGE_CURVE('',#814,#793,#420,.T.);
#1141=EDGE_CURVE('',#794,#813,#421,.T.);
#1142=EDGE_CURVE('',#803,#875,#422,.T.);
#1143=EDGE_CURVE('',#876,#802,#423,.T.);
#1144=EDGE_CURVE('',#801,#877,#424,.T.);
#1145=EDGE_CURVE('',#797,#810,#425,.T.);
#1146=EDGE_CURVE('',#811,#796,#426,.T.);
#1147=EDGE_CURVE('',#795,#812,#427,.T.);
#1148=ORIENTED_EDGE('',*,*,#878,.T.);
#1149=ORIENTED_EDGE('',*,*,#879,.T.);
#1150=ORIENTED_EDGE('',*,*,#880,.T.);
#1151=ORIENTED_EDGE('',*,*,#881,.T.);
#1152=ORIENTED_EDGE('',*,*,#879,.F.);
#1153=ORIENTED_EDGE('',*,*,#882,.F.);
#1154=ORIENTED_EDGE('',*,*,#883,.F.);
#1155=ORIENTED_EDGE('',*,*,#884,.F.);
#1156=ORIENTED_EDGE('',*,*,#885,.T.);
#1157=ORIENTED_EDGE('',*,*,#883,.T.);
#1158=ORIENTED_EDGE('',*,*,#886,.T.);
#1159=ORIENTED_EDGE('',*,*,#887,.T.);
#1160=ORIENTED_EDGE('',*,*,#888,.T.);
#1161=ORIENTED_EDGE('',*,*,#889,.T.);
#1162=ORIENTED_EDGE('',*,*,#890,.T.);
#1163=ORIENTED_EDGE('',*,*,#891,.T.);
#1164=ORIENTED_EDGE('',*,*,#889,.F.);
#1165=ORIENTED_EDGE('',*,*,#892,.F.);
#1166=ORIENTED_EDGE('',*,*,#893,.F.);
#1167=ORIENTED_EDGE('',*,*,#894,.F.);
#1168=ORIENTED_EDGE('',*,*,#895,.T.);
#1169=ORIENTED_EDGE('',*,*,#893,.T.);
#1170=ORIENTED_EDGE('',*,*,#896,.T.);
#1171=ORIENTED_EDGE('',*,*,#897,.T.);
#1172=ORIENTED_EDGE('',*,*,#898,.T.);
#1173=ORIENTED_EDGE('',*,*,#899,.T.);
#1174=ORIENTED_EDGE('',*,*,#900,.T.);
#1175=ORIENTED_EDGE('',*,*,#901,.T.);
#1176=ORIENTED_EDGE('',*,*,#899,.F.);
#1177=ORIENTED_EDGE('',*,*,#902,.F.);
#1178=ORIENTED_EDGE('',*,*,#903,.F.);
#1179=ORIENTED_EDGE('',*,*,#904,.F.);
#1180=ORIENTED_EDGE('',*,*,#905,.T.);
#1181=ORIENTED_EDGE('',*,*,#903,.T.);
#1182=ORIENTED_EDGE('',*,*,#906,.T.);
#1183=ORIENTED_EDGE('',*,*,#907,.T.);
#1184=ORIENTED_EDGE('',*,*,#908,.T.);
#1185=ORIENTED_EDGE('',*,*,#909,.T.);
#1186=ORIENTED_EDGE('',*,*,#910,.T.);
#1187=ORIENTED_EDGE('',*,*,#911,.T.);
#1188=ORIENTED_EDGE('',*,*,#909,.F.);
#1189=ORIENTED_EDGE('',*,*,#912,.F.);
#1190=ORIENTED_EDGE('',*,*,#913,.F.);
#1191=ORIENTED_EDGE('',*,*,#914,.F.);
#1192=ORIENTED_EDGE('',*,*,#915,.T.);
#1193=ORIENTED_EDGE('',*,*,#913,.T.);
#1194=ORIENTED_EDGE('',*,*,#916,.T.);
#1195=ORIENTED_EDGE('',*,*,#917,.T.);
#1196=ORIENTED_EDGE('',*,*,#918,.F.);
#1197=ORIENTED_EDGE('',*,*,#919,.T.);
#1198=ORIENTED_EDGE('',*,*,#920,.F.);
#1199=ORIENTED_EDGE('',*,*,#919,.F.);
#1200=ORIENTED_EDGE('',*,*,#881,.F.);
#1201=ORIENTED_EDGE('',*,*,#921,.F.);
#1202=ORIENTED_EDGE('',*,*,#917,.F.);
#1203=ORIENTED_EDGE('',*,*,#922,.F.);
#1204=ORIENTED_EDGE('',*,*,#887,.F.);
#1205=ORIENTED_EDGE('',*,*,#923,.F.);
#1206=ORIENTED_EDGE('',*,*,#911,.F.);
#1207=ORIENTED_EDGE('',*,*,#924,.F.);
#1208=ORIENTED_EDGE('',*,*,#925,.F.);
#1209=ORIENTED_EDGE('',*,*,#926,.F.);
#1210=ORIENTED_EDGE('',*,*,#927,.F.);
#1211=ORIENTED_EDGE('',*,*,#928,.F.);
#1212=ORIENTED_EDGE('',*,*,#929,.F.);
#1213=ORIENTED_EDGE('',*,*,#930,.F.);
#1214=ORIENTED_EDGE('',*,*,#931,.F.);
#1215=ORIENTED_EDGE('',*,*,#932,.F.);
#1216=ORIENTED_EDGE('',*,*,#933,.F.);
#1217=ORIENTED_EDGE('',*,*,#934,.F.);
#1218=ORIENTED_EDGE('',*,*,#935,.F.);
#1219=ORIENTED_EDGE('',*,*,#936,.F.);
#1220=ORIENTED_EDGE('',*,*,#937,.F.);
#1221=ORIENTED_EDGE('',*,*,#938,.F.);
#1222=ORIENTED_EDGE('',*,*,#939,.F.);
#1223=ORIENTED_EDGE('',*,*,#940,.F.);
#1224=ORIENTED_EDGE('',*,*,#941,.F.);
#1225=ORIENTED_EDGE('',*,*,#942,.F.);
#1226=ORIENTED_EDGE('',*,*,#943,.F.);
#1227=ORIENTED_EDGE('',*,*,#944,.F.);
#1228=ORIENTED_EDGE('',*,*,#945,.F.);
#1229=ORIENTED_EDGE('',*,*,#946,.F.);
#1230=ORIENTED_EDGE('',*,*,#947,.F.);
#1231=ORIENTED_EDGE('',*,*,#948,.F.);
#1232=ORIENTED_EDGE('',*,*,#949,.F.);
#1233=ORIENTED_EDGE('',*,*,#950,.F.);
#1234=ORIENTED_EDGE('',*,*,#951,.F.);
#1235=ORIENTED_EDGE('',*,*,#952,.F.);
#1236=ORIENTED_EDGE('',*,*,#953,.F.);
#1237=ORIENTED_EDGE('',*,*,#954,.F.);
#1238=ORIENTED_EDGE('',*,*,#955,.F.);
#1239=ORIENTED_EDGE('',*,*,#956,.F.);
#1240=ORIENTED_EDGE('',*,*,#957,.F.);
#1241=ORIENTED_EDGE('',*,*,#958,.F.);
#1242=ORIENTED_EDGE('',*,*,#959,.F.);
#1243=ORIENTED_EDGE('',*,*,#960,.F.);
#1244=ORIENTED_EDGE('',*,*,#961,.F.);
#1245=ORIENTED_EDGE('',*,*,#962,.F.);
#1246=ORIENTED_EDGE('',*,*,#963,.F.);
#1247=ORIENTED_EDGE('',*,*,#964,.F.);
#1248=ORIENTED_EDGE('',*,*,#965,.F.);
#1249=ORIENTED_EDGE('',*,*,#966,.F.);
#1250=ORIENTED_EDGE('',*,*,#967,.F.);
#1251=ORIENTED_EDGE('',*,*,#968,.F.);
#1252=ORIENTED_EDGE('',*,*,#969,.F.);
#1253=ORIENTED_EDGE('',*,*,#970,.F.);
#1254=ORIENTED_EDGE('',*,*,#971,.F.);
#1255=ORIENTED_EDGE('',*,*,#972,.F.);
#1256=ORIENTED_EDGE('',*,*,#973,.F.);
#1257=ORIENTED_EDGE('',*,*,#974,.F.);
#1258=ORIENTED_EDGE('',*,*,#975,.F.);
#1259=ORIENTED_EDGE('',*,*,#976,.F.);
#1260=ORIENTED_EDGE('',*,*,#977,.F.);
#1261=ORIENTED_EDGE('',*,*,#978,.F.);
#1262=ORIENTED_EDGE('',*,*,#979,.F.);
#1263=ORIENTED_EDGE('',*,*,#980,.F.);
#1264=ORIENTED_EDGE('',*,*,#981,.F.);
#1265=ORIENTED_EDGE('',*,*,#982,.F.);
#1266=ORIENTED_EDGE('',*,*,#983,.F.);
#1267=ORIENTED_EDGE('',*,*,#984,.F.);
#1268=ORIENTED_EDGE('',*,*,#985,.F.);
#1269=ORIENTED_EDGE('',*,*,#986,.F.);
#1270=ORIENTED_EDGE('',*,*,#987,.F.);
#1271=ORIENTED_EDGE('',*,*,#988,.F.);
#1272=ORIENTED_EDGE('',*,*,#989,.F.);
#1273=ORIENTED_EDGE('',*,*,#990,.F.);
#1274=ORIENTED_EDGE('',*,*,#991,.F.);
#1275=ORIENTED_EDGE('',*,*,#921,.T.);
#1276=ORIENTED_EDGE('',*,*,#880,.F.);
#1277=ORIENTED_EDGE('',*,*,#884,.T.);
#1278=ORIENTED_EDGE('',*,*,#885,.F.);
#1279=ORIENTED_EDGE('',*,*,#924,.T.);
#1280=ORIENTED_EDGE('',*,*,#910,.F.);
#1281=ORIENTED_EDGE('',*,*,#914,.T.);
#1282=ORIENTED_EDGE('',*,*,#915,.F.);
#1283=ORIENTED_EDGE('',*,*,#920,.T.);
#1284=ORIENTED_EDGE('',*,*,#894,.T.);
#1285=ORIENTED_EDGE('',*,*,#895,.F.);
#1286=ORIENTED_EDGE('',*,*,#992,.T.);
#1287=ORIENTED_EDGE('',*,*,#993,.T.);
#1288=ORIENTED_EDGE('',*,*,#890,.F.);
#1289=ORIENTED_EDGE('',*,*,#994,.T.);
#1290=ORIENTED_EDGE('',*,*,#904,.T.);
#1291=ORIENTED_EDGE('',*,*,#905,.F.);
#1292=ORIENTED_EDGE('',*,*,#995,.T.);
#1293=ORIENTED_EDGE('',*,*,#996,.F.);
#1294=ORIENTED_EDGE('',*,*,#997,.T.);
#1295=ORIENTED_EDGE('',*,*,#998,.F.);
#1296=ORIENTED_EDGE('',*,*,#999,.T.);
#1297=ORIENTED_EDGE('',*,*,#900,.F.);
#1298=ORIENTED_EDGE('',*,*,#1000,.F.);
#1299=ORIENTED_EDGE('',*,*,#1001,.T.);
#1300=ORIENTED_EDGE('',*,*,#994,.F.);
#1301=ORIENTED_EDGE('',*,*,#1001,.F.);
#1302=ORIENTED_EDGE('',*,*,#891,.F.);
#1303=ORIENTED_EDGE('',*,*,#993,.F.);
#1304=ORIENTED_EDGE('',*,*,#1002,.T.);
#1305=ORIENTED_EDGE('',*,*,#1003,.F.);
#1306=ORIENTED_EDGE('',*,*,#1004,.T.);
#1307=ORIENTED_EDGE('',*,*,#1005,.T.);
#1308=ORIENTED_EDGE('',*,*,#1006,.F.);
#1309=ORIENTED_EDGE('',*,*,#1007,.T.);
#1310=ORIENTED_EDGE('',*,*,#1008,.F.);
#1311=ORIENTED_EDGE('',*,*,#1009,.T.);
#1312=ORIENTED_EDGE('',*,*,#1010,.T.);
#1313=ORIENTED_EDGE('',*,*,#1011,.T.);
#1314=ORIENTED_EDGE('',*,*,#1012,.T.);
#1315=ORIENTED_EDGE('',*,*,#1013,.T.);
#1316=ORIENTED_EDGE('',*,*,#1014,.T.);
#1317=ORIENTED_EDGE('',*,*,#1015,.T.);
#1318=ORIENTED_EDGE('',*,*,#1016,.T.);
#1319=ORIENTED_EDGE('',*,*,#1017,.T.);
#1320=ORIENTED_EDGE('',*,*,#1018,.T.);
#1321=ORIENTED_EDGE('',*,*,#1019,.T.);
#1322=ORIENTED_EDGE('',*,*,#1020,.T.);
#1323=ORIENTED_EDGE('',*,*,#1021,.T.);
#1324=ORIENTED_EDGE('',*,*,#1022,.T.);
#1325=ORIENTED_EDGE('',*,*,#1023,.T.);
#1326=ORIENTED_EDGE('',*,*,#1024,.T.);
#1327=ORIENTED_EDGE('',*,*,#1025,.T.);
#1328=ORIENTED_EDGE('',*,*,#1026,.T.);
#1329=ORIENTED_EDGE('',*,*,#1027,.T.);
#1330=ORIENTED_EDGE('',*,*,#1028,.T.);
#1331=ORIENTED_EDGE('',*,*,#1029,.T.);
#1332=ORIENTED_EDGE('',*,*,#1030,.T.);
#1333=ORIENTED_EDGE('',*,*,#1031,.T.);
#1334=ORIENTED_EDGE('',*,*,#1032,.T.);
#1335=ORIENTED_EDGE('',*,*,#1033,.T.);
#1336=ORIENTED_EDGE('',*,*,#1034,.T.);
#1337=ORIENTED_EDGE('',*,*,#1035,.T.);
#1338=ORIENTED_EDGE('',*,*,#1036,.T.);
#1339=ORIENTED_EDGE('',*,*,#1037,.T.);
#1340=ORIENTED_EDGE('',*,*,#1038,.T.);
#1341=ORIENTED_EDGE('',*,*,#1039,.F.);
#1342=ORIENTED_EDGE('',*,*,#1040,.T.);
#1343=ORIENTED_EDGE('',*,*,#1041,.T.);
#1344=ORIENTED_EDGE('',*,*,#1042,.T.);
#1345=ORIENTED_EDGE('',*,*,#1043,.T.);
#1346=ORIENTED_EDGE('',*,*,#1044,.T.);
#1347=ORIENTED_EDGE('',*,*,#1045,.T.);
#1348=ORIENTED_EDGE('',*,*,#1046,.T.);
#1349=ORIENTED_EDGE('',*,*,#1047,.T.);
#1350=ORIENTED_EDGE('',*,*,#1048,.T.);
#1351=ORIENTED_EDGE('',*,*,#1049,.T.);
#1352=ORIENTED_EDGE('',*,*,#1050,.T.);
#1353=ORIENTED_EDGE('',*,*,#1051,.T.);
#1354=ORIENTED_EDGE('',*,*,#1052,.T.);
#1355=ORIENTED_EDGE('',*,*,#1053,.T.);
#1356=ORIENTED_EDGE('',*,*,#1054,.T.);
#1357=ORIENTED_EDGE('',*,*,#1055,.T.);
#1358=ORIENTED_EDGE('',*,*,#1056,.T.);
#1359=ORIENTED_EDGE('',*,*,#1057,.T.);
#1360=ORIENTED_EDGE('',*,*,#1058,.T.);
#1361=ORIENTED_EDGE('',*,*,#1059,.T.);
#1362=ORIENTED_EDGE('',*,*,#1060,.T.);
#1363=ORIENTED_EDGE('',*,*,#1061,.T.);
#1364=ORIENTED_EDGE('',*,*,#1062,.T.);
#1365=ORIENTED_EDGE('',*,*,#1063,.T.);
#1366=ORIENTED_EDGE('',*,*,#1064,.T.);
#1367=ORIENTED_EDGE('',*,*,#1065,.T.);
#1368=ORIENTED_EDGE('',*,*,#1066,.T.);
#1369=ORIENTED_EDGE('',*,*,#1067,.T.);
#1370=ORIENTED_EDGE('',*,*,#1068,.T.);
#1371=ORIENTED_EDGE('',*,*,#1069,.T.);
#1372=ORIENTED_EDGE('',*,*,#1070,.T.);
#1373=ORIENTED_EDGE('',*,*,#1071,.T.);
#1374=ORIENTED_EDGE('',*,*,#1072,.F.);
#1375=ORIENTED_EDGE('',*,*,#1073,.T.);
#1376=ORIENTED_EDGE('',*,*,#1074,.F.);
#1377=ORIENTED_EDGE('',*,*,#1075,.T.);
#1378=ORIENTED_EDGE('',*,*,#906,.F.);
#1379=ORIENTED_EDGE('',*,*,#902,.T.);
#1380=ORIENTED_EDGE('',*,*,#898,.F.);
#1381=ORIENTED_EDGE('',*,*,#918,.T.);
#1382=ORIENTED_EDGE('',*,*,#912,.T.);
#1383=ORIENTED_EDGE('',*,*,#908,.F.);
#1384=ORIENTED_EDGE('',*,*,#923,.T.);
#1385=ORIENTED_EDGE('',*,*,#886,.F.);
#1386=ORIENTED_EDGE('',*,*,#882,.T.);
#1387=ORIENTED_EDGE('',*,*,#878,.F.);
#1388=ORIENTED_EDGE('',*,*,#922,.T.);
#1389=ORIENTED_EDGE('',*,*,#916,.F.);
#1390=ORIENTED_EDGE('',*,*,#1003,.T.);
#1391=ORIENTED_EDGE('',*,*,#1076,.T.);
#1392=ORIENTED_EDGE('',*,*,#896,.F.);
#1393=ORIENTED_EDGE('',*,*,#892,.T.);
#1394=ORIENTED_EDGE('',*,*,#888,.F.);
#1395=ORIENTED_EDGE('',*,*,#1000,.T.);
#1396=ORIENTED_EDGE('',*,*,#901,.F.);
#1397=ORIENTED_EDGE('',*,*,#999,.F.);
#1398=ORIENTED_EDGE('',*,*,#1077,.F.);
#1399=ORIENTED_EDGE('',*,*,#1071,.F.);
#1400=ORIENTED_EDGE('',*,*,#1078,.F.);
#1401=ORIENTED_EDGE('',*,*,#925,.T.);
#1402=ORIENTED_EDGE('',*,*,#1079,.F.);
#1403=ORIENTED_EDGE('',*,*,#1004,.F.);
#1404=ORIENTED_EDGE('',*,*,#1079,.T.);
#1405=ORIENTED_EDGE('',*,*,#991,.T.);
#1406=ORIENTED_EDGE('',*,*,#1080,.F.);
#1407=ORIENTED_EDGE('',*,*,#1005,.F.);
#1408=ORIENTED_EDGE('',*,*,#928,.T.);
#1409=ORIENTED_EDGE('',*,*,#1081,.F.);
#1410=ORIENTED_EDGE('',*,*,#1068,.F.);
#1411=ORIENTED_EDGE('',*,*,#1082,.F.);
#1412=ORIENTED_EDGE('',*,*,#1082,.T.);
#1413=ORIENTED_EDGE('',*,*,#1067,.F.);
#1414=ORIENTED_EDGE('',*,*,#1083,.T.);
#1415=ORIENTED_EDGE('',*,*,#929,.T.);
#1416=ORIENTED_EDGE('',*,*,#930,.T.);
#1417=ORIENTED_EDGE('',*,*,#1083,.F.);
#1418=ORIENTED_EDGE('',*,*,#1066,.F.);
#1419=ORIENTED_EDGE('',*,*,#1084,.F.);
#1420=ORIENTED_EDGE('',*,*,#1084,.T.);
#1421=ORIENTED_EDGE('',*,*,#1065,.F.);
#1422=ORIENTED_EDGE('',*,*,#1085,.T.);
#1423=ORIENTED_EDGE('',*,*,#931,.T.);
#1424=ORIENTED_EDGE('',*,*,#932,.T.);
#1425=ORIENTED_EDGE('',*,*,#1085,.F.);
#1426=ORIENTED_EDGE('',*,*,#1064,.F.);
#1427=ORIENTED_EDGE('',*,*,#1086,.F.);
#1428=ORIENTED_EDGE('',*,*,#1086,.T.);
#1429=ORIENTED_EDGE('',*,*,#1063,.F.);
#1430=ORIENTED_EDGE('',*,*,#1087,.T.);
#1431=ORIENTED_EDGE('',*,*,#933,.T.);
#1432=ORIENTED_EDGE('',*,*,#934,.T.);
#1433=ORIENTED_EDGE('',*,*,#1087,.F.);
#1434=ORIENTED_EDGE('',*,*,#1062,.F.);
#1435=ORIENTED_EDGE('',*,*,#1088,.F.);
#1436=ORIENTED_EDGE('',*,*,#1088,.T.);
#1437=ORIENTED_EDGE('',*,*,#1061,.F.);
#1438=ORIENTED_EDGE('',*,*,#1089,.T.);
#1439=ORIENTED_EDGE('',*,*,#935,.T.);
#1440=ORIENTED_EDGE('',*,*,#936,.T.);
#1441=ORIENTED_EDGE('',*,*,#1089,.F.);
#1442=ORIENTED_EDGE('',*,*,#1060,.F.);
#1443=ORIENTED_EDGE('',*,*,#1090,.F.);
#1444=ORIENTED_EDGE('',*,*,#1090,.T.);
#1445=ORIENTED_EDGE('',*,*,#1059,.F.);
#1446=ORIENTED_EDGE('',*,*,#1091,.T.);
#1447=ORIENTED_EDGE('',*,*,#937,.T.);
#1448=ORIENTED_EDGE('',*,*,#938,.T.);
#1449=ORIENTED_EDGE('',*,*,#1091,.F.);
#1450=ORIENTED_EDGE('',*,*,#1058,.F.);
#1451=ORIENTED_EDGE('',*,*,#1092,.F.);
#1452=ORIENTED_EDGE('',*,*,#1092,.T.);
#1453=ORIENTED_EDGE('',*,*,#1057,.F.);
#1454=ORIENTED_EDGE('',*,*,#1093,.T.);
#1455=ORIENTED_EDGE('',*,*,#939,.T.);
#1456=ORIENTED_EDGE('',*,*,#940,.T.);
#1457=ORIENTED_EDGE('',*,*,#1093,.F.);
#1458=ORIENTED_EDGE('',*,*,#1056,.F.);
#1459=ORIENTED_EDGE('',*,*,#1094,.F.);
#1460=ORIENTED_EDGE('',*,*,#1094,.T.);
#1461=ORIENTED_EDGE('',*,*,#1055,.F.);
#1462=ORIENTED_EDGE('',*,*,#1095,.T.);
#1463=ORIENTED_EDGE('',*,*,#941,.T.);
#1464=ORIENTED_EDGE('',*,*,#942,.T.);
#1465=ORIENTED_EDGE('',*,*,#1095,.F.);
#1466=ORIENTED_EDGE('',*,*,#1054,.F.);
#1467=ORIENTED_EDGE('',*,*,#1096,.F.);
#1468=ORIENTED_EDGE('',*,*,#1096,.T.);
#1469=ORIENTED_EDGE('',*,*,#1053,.F.);
#1470=ORIENTED_EDGE('',*,*,#1097,.T.);
#1471=ORIENTED_EDGE('',*,*,#943,.T.);
#1472=ORIENTED_EDGE('',*,*,#944,.T.);
#1473=ORIENTED_EDGE('',*,*,#1097,.F.);
#1474=ORIENTED_EDGE('',*,*,#1052,.F.);
#1475=ORIENTED_EDGE('',*,*,#1098,.F.);
#1476=ORIENTED_EDGE('',*,*,#1098,.T.);
#1477=ORIENTED_EDGE('',*,*,#1051,.F.);
#1478=ORIENTED_EDGE('',*,*,#1099,.T.);
#1479=ORIENTED_EDGE('',*,*,#945,.T.);
#1480=ORIENTED_EDGE('',*,*,#946,.T.);
#1481=ORIENTED_EDGE('',*,*,#1099,.F.);
#1482=ORIENTED_EDGE('',*,*,#1050,.F.);
#1483=ORIENTED_EDGE('',*,*,#1100,.F.);
#1484=ORIENTED_EDGE('',*,*,#1100,.T.);
#1485=ORIENTED_EDGE('',*,*,#1049,.F.);
#1486=ORIENTED_EDGE('',*,*,#1101,.T.);
#1487=ORIENTED_EDGE('',*,*,#947,.T.);
#1488=ORIENTED_EDGE('',*,*,#948,.T.);
#1489=ORIENTED_EDGE('',*,*,#1101,.F.);
#1490=ORIENTED_EDGE('',*,*,#1048,.F.);
#1491=ORIENTED_EDGE('',*,*,#1102,.F.);
#1492=ORIENTED_EDGE('',*,*,#1102,.T.);
#1493=ORIENTED_EDGE('',*,*,#1047,.F.);
#1494=ORIENTED_EDGE('',*,*,#1103,.T.);
#1495=ORIENTED_EDGE('',*,*,#949,.T.);
#1496=ORIENTED_EDGE('',*,*,#950,.T.);
#1497=ORIENTED_EDGE('',*,*,#1103,.F.);
#1498=ORIENTED_EDGE('',*,*,#1046,.F.);
#1499=ORIENTED_EDGE('',*,*,#1104,.F.);
#1500=ORIENTED_EDGE('',*,*,#1104,.T.);
#1501=ORIENTED_EDGE('',*,*,#1045,.F.);
#1502=ORIENTED_EDGE('',*,*,#1105,.T.);
#1503=ORIENTED_EDGE('',*,*,#951,.T.);
#1504=ORIENTED_EDGE('',*,*,#952,.T.);
#1505=ORIENTED_EDGE('',*,*,#1105,.F.);
#1506=ORIENTED_EDGE('',*,*,#1044,.F.);
#1507=ORIENTED_EDGE('',*,*,#1106,.F.);
#1508=ORIENTED_EDGE('',*,*,#1106,.T.);
#1509=ORIENTED_EDGE('',*,*,#1043,.F.);
#1510=ORIENTED_EDGE('',*,*,#1107,.T.);
#1511=ORIENTED_EDGE('',*,*,#953,.T.);
#1512=ORIENTED_EDGE('',*,*,#954,.T.);
#1513=ORIENTED_EDGE('',*,*,#1107,.F.);
#1514=ORIENTED_EDGE('',*,*,#1042,.F.);
#1515=ORIENTED_EDGE('',*,*,#1108,.F.);
#1516=ORIENTED_EDGE('',*,*,#1108,.T.);
#1517=ORIENTED_EDGE('',*,*,#1041,.F.);
#1518=ORIENTED_EDGE('',*,*,#1109,.T.);
#1519=ORIENTED_EDGE('',*,*,#955,.T.);
#1520=ORIENTED_EDGE('',*,*,#956,.T.);
#1521=ORIENTED_EDGE('',*,*,#1109,.F.);
#1522=ORIENTED_EDGE('',*,*,#1040,.F.);
#1523=ORIENTED_EDGE('',*,*,#1110,.F.);
#1524=ORIENTED_EDGE('',*,*,#1081,.T.);
#1525=ORIENTED_EDGE('',*,*,#927,.T.);
#1526=ORIENTED_EDGE('',*,*,#1111,.T.);
#1527=ORIENTED_EDGE('',*,*,#1069,.F.);
#1528=ORIENTED_EDGE('',*,*,#958,.T.);
#1529=ORIENTED_EDGE('',*,*,#1112,.F.);
#1530=ORIENTED_EDGE('',*,*,#1038,.F.);
#1531=ORIENTED_EDGE('',*,*,#1113,.F.);
#1532=ORIENTED_EDGE('',*,*,#1113,.T.);
#1533=ORIENTED_EDGE('',*,*,#1037,.F.);
#1534=ORIENTED_EDGE('',*,*,#1114,.T.);
#1535=ORIENTED_EDGE('',*,*,#959,.T.);
#1536=ORIENTED_EDGE('',*,*,#960,.T.);
#1537=ORIENTED_EDGE('',*,*,#1114,.F.);
#1538=ORIENTED_EDGE('',*,*,#1036,.F.);
#1539=ORIENTED_EDGE('',*,*,#1115,.F.);
#1540=ORIENTED_EDGE('',*,*,#1115,.T.);
#1541=ORIENTED_EDGE('',*,*,#1035,.F.);
#1542=ORIENTED_EDGE('',*,*,#1116,.T.);
#1543=ORIENTED_EDGE('',*,*,#961,.T.);
#1544=ORIENTED_EDGE('',*,*,#962,.T.);
#1545=ORIENTED_EDGE('',*,*,#1116,.F.);
#1546=ORIENTED_EDGE('',*,*,#1034,.F.);
#1547=ORIENTED_EDGE('',*,*,#1117,.F.);
#1548=ORIENTED_EDGE('',*,*,#1117,.T.);
#1549=ORIENTED_EDGE('',*,*,#1033,.F.);
#1550=ORIENTED_EDGE('',*,*,#1118,.T.);
#1551=ORIENTED_EDGE('',*,*,#963,.T.);
#1552=ORIENTED_EDGE('',*,*,#964,.T.);
#1553=ORIENTED_EDGE('',*,*,#1118,.F.);
#1554=ORIENTED_EDGE('',*,*,#1032,.F.);
#1555=ORIENTED_EDGE('',*,*,#1119,.F.);
#1556=ORIENTED_EDGE('',*,*,#1119,.T.);
#1557=ORIENTED_EDGE('',*,*,#1031,.F.);
#1558=ORIENTED_EDGE('',*,*,#1120,.T.);
#1559=ORIENTED_EDGE('',*,*,#965,.T.);
#1560=ORIENTED_EDGE('',*,*,#966,.T.);
#1561=ORIENTED_EDGE('',*,*,#1120,.F.);
#1562=ORIENTED_EDGE('',*,*,#1030,.F.);
#1563=ORIENTED_EDGE('',*,*,#1121,.F.);
#1564=ORIENTED_EDGE('',*,*,#1121,.T.);
#1565=ORIENTED_EDGE('',*,*,#1029,.F.);
#1566=ORIENTED_EDGE('',*,*,#1122,.T.);
#1567=ORIENTED_EDGE('',*,*,#967,.T.);
#1568=ORIENTED_EDGE('',*,*,#968,.T.);
#1569=ORIENTED_EDGE('',*,*,#1122,.F.);
#1570=ORIENTED_EDGE('',*,*,#1028,.F.);
#1571=ORIENTED_EDGE('',*,*,#1123,.F.);
#1572=ORIENTED_EDGE('',*,*,#1123,.T.);
#1573=ORIENTED_EDGE('',*,*,#1027,.F.);
#1574=ORIENTED_EDGE('',*,*,#1124,.T.);
#1575=ORIENTED_EDGE('',*,*,#969,.T.);
#1576=ORIENTED_EDGE('',*,*,#970,.T.);
#1577=ORIENTED_EDGE('',*,*,#1124,.F.);
#1578=ORIENTED_EDGE('',*,*,#1026,.F.);
#1579=ORIENTED_EDGE('',*,*,#1125,.F.);
#1580=ORIENTED_EDGE('',*,*,#1125,.T.);
#1581=ORIENTED_EDGE('',*,*,#1025,.F.);
#1582=ORIENTED_EDGE('',*,*,#1126,.T.);
#1583=ORIENTED_EDGE('',*,*,#971,.T.);
#1584=ORIENTED_EDGE('',*,*,#972,.T.);
#1585=ORIENTED_EDGE('',*,*,#1126,.F.);
#1586=ORIENTED_EDGE('',*,*,#1024,.F.);
#1587=ORIENTED_EDGE('',*,*,#1127,.F.);
#1588=ORIENTED_EDGE('',*,*,#1127,.T.);
#1589=ORIENTED_EDGE('',*,*,#1023,.F.);
#1590=ORIENTED_EDGE('',*,*,#1128,.T.);
#1591=ORIENTED_EDGE('',*,*,#973,.T.);
#1592=ORIENTED_EDGE('',*,*,#974,.T.);
#1593=ORIENTED_EDGE('',*,*,#1128,.F.);
#1594=ORIENTED_EDGE('',*,*,#1022,.F.);
#1595=ORIENTED_EDGE('',*,*,#1129,.F.);
#1596=ORIENTED_EDGE('',*,*,#1129,.T.);
#1597=ORIENTED_EDGE('',*,*,#1021,.F.);
#1598=ORIENTED_EDGE('',*,*,#1130,.T.);
#1599=ORIENTED_EDGE('',*,*,#975,.T.);
#1600=ORIENTED_EDGE('',*,*,#976,.T.);
#1601=ORIENTED_EDGE('',*,*,#1130,.F.);
#1602=ORIENTED_EDGE('',*,*,#1020,.F.);
#1603=ORIENTED_EDGE('',*,*,#1131,.F.);
#1604=ORIENTED_EDGE('',*,*,#1131,.T.);
#1605=ORIENTED_EDGE('',*,*,#1019,.F.);
#1606=ORIENTED_EDGE('',*,*,#1132,.T.);
#1607=ORIENTED_EDGE('',*,*,#977,.T.);
#1608=ORIENTED_EDGE('',*,*,#978,.T.);
#1609=ORIENTED_EDGE('',*,*,#1132,.F.);
#1610=ORIENTED_EDGE('',*,*,#1018,.F.);
#1611=ORIENTED_EDGE('',*,*,#1133,.F.);
#1612=ORIENTED_EDGE('',*,*,#1133,.T.);
#1613=ORIENTED_EDGE('',*,*,#1017,.F.);
#1614=ORIENTED_EDGE('',*,*,#1134,.T.);
#1615=ORIENTED_EDGE('',*,*,#979,.T.);
#1616=ORIENTED_EDGE('',*,*,#980,.T.);
#1617=ORIENTED_EDGE('',*,*,#1134,.F.);
#1618=ORIENTED_EDGE('',*,*,#1016,.F.);
#1619=ORIENTED_EDGE('',*,*,#1135,.F.);
#1620=ORIENTED_EDGE('',*,*,#1135,.T.);
#1621=ORIENTED_EDGE('',*,*,#1015,.F.);
#1622=ORIENTED_EDGE('',*,*,#1136,.T.);
#1623=ORIENTED_EDGE('',*,*,#981,.T.);
#1624=ORIENTED_EDGE('',*,*,#982,.T.);
#1625=ORIENTED_EDGE('',*,*,#1136,.F.);
#1626=ORIENTED_EDGE('',*,*,#1014,.F.);
#1627=ORIENTED_EDGE('',*,*,#1137,.F.);
#1628=ORIENTED_EDGE('',*,*,#1137,.T.);
#1629=ORIENTED_EDGE('',*,*,#1013,.F.);
#1630=ORIENTED_EDGE('',*,*,#1138,.T.);
#1631=ORIENTED_EDGE('',*,*,#983,.T.);
#1632=ORIENTED_EDGE('',*,*,#984,.T.);
#1633=ORIENTED_EDGE('',*,*,#1138,.F.);
#1634=ORIENTED_EDGE('',*,*,#1012,.F.);
#1635=ORIENTED_EDGE('',*,*,#1139,.F.);
#1636=ORIENTED_EDGE('',*,*,#1139,.T.);
#1637=ORIENTED_EDGE('',*,*,#1011,.F.);
#1638=ORIENTED_EDGE('',*,*,#1140,.T.);
#1639=ORIENTED_EDGE('',*,*,#985,.T.);
#1640=ORIENTED_EDGE('',*,*,#986,.T.);
#1641=ORIENTED_EDGE('',*,*,#1140,.F.);
#1642=ORIENTED_EDGE('',*,*,#1010,.F.);
#1643=ORIENTED_EDGE('',*,*,#1141,.F.);
#1644=ORIENTED_EDGE('',*,*,#1078,.T.);
#1645=ORIENTED_EDGE('',*,*,#1070,.F.);
#1646=ORIENTED_EDGE('',*,*,#1111,.F.);
#1647=ORIENTED_EDGE('',*,*,#926,.T.);
#1648=ORIENTED_EDGE('',*,*,#998,.T.);
#1649=ORIENTED_EDGE('',*,*,#1142,.T.);
#1650=ORIENTED_EDGE('',*,*,#1072,.T.);
#1651=ORIENTED_EDGE('',*,*,#1077,.T.);
#1652=ORIENTED_EDGE('',*,*,#1142,.F.);
#1653=ORIENTED_EDGE('',*,*,#997,.F.);
#1654=ORIENTED_EDGE('',*,*,#1143,.F.);
#1655=ORIENTED_EDGE('',*,*,#1073,.F.);
#1656=ORIENTED_EDGE('',*,*,#996,.T.);
#1657=ORIENTED_EDGE('',*,*,#1144,.T.);
#1658=ORIENTED_EDGE('',*,*,#1074,.T.);
#1659=ORIENTED_EDGE('',*,*,#1143,.T.);
#1660=ORIENTED_EDGE('',*,*,#907,.F.);
#1661=ORIENTED_EDGE('',*,*,#1075,.F.);
#1662=ORIENTED_EDGE('',*,*,#1144,.F.);
#1663=ORIENTED_EDGE('',*,*,#995,.F.);
#1664=ORIENTED_EDGE('',*,*,#1110,.T.);
#1665=ORIENTED_EDGE('',*,*,#1039,.T.);
#1666=ORIENTED_EDGE('',*,*,#1112,.T.);
#1667=ORIENTED_EDGE('',*,*,#957,.T.);
#1668=ORIENTED_EDGE('',*,*,#1006,.T.);
#1669=ORIENTED_EDGE('',*,*,#1080,.T.);
#1670=ORIENTED_EDGE('',*,*,#990,.T.);
#1671=ORIENTED_EDGE('',*,*,#1145,.T.);
#1672=ORIENTED_EDGE('',*,*,#1145,.F.);
#1673=ORIENTED_EDGE('',*,*,#989,.T.);
#1674=ORIENTED_EDGE('',*,*,#1146,.F.);
#1675=ORIENTED_EDGE('',*,*,#1007,.F.);
#1676=ORIENTED_EDGE('',*,*,#1008,.T.);
#1677=ORIENTED_EDGE('',*,*,#1146,.T.);
#1678=ORIENTED_EDGE('',*,*,#988,.T.);
#1679=ORIENTED_EDGE('',*,*,#1147,.T.);
#1680=ORIENTED_EDGE('',*,*,#897,.F.);
#1681=ORIENTED_EDGE('',*,*,#1076,.F.);
#1682=ORIENTED_EDGE('',*,*,#1002,.F.);
#1683=ORIENTED_EDGE('',*,*,#992,.F.);
#1684=ORIENTED_EDGE('',*,*,#1141,.T.);
#1685=ORIENTED_EDGE('',*,*,#1009,.F.);
#1686=ORIENTED_EDGE('',*,*,#1147,.F.);
#1687=ORIENTED_EDGE('',*,*,#987,.T.);
#1688=CYLINDRICAL_SURFACE('',#1845,2.);
#1689=CYLINDRICAL_SURFACE('',#1848,9.49999999999999);
#1690=CYLINDRICAL_SURFACE('',#1851,2.);
#1691=CYLINDRICAL_SURFACE('',#1854,2.);
#1692=CYLINDRICAL_SURFACE('',#1857,9.49999999999999);
#1693=CYLINDRICAL_SURFACE('',#1860,2.);
#1694=CYLINDRICAL_SURFACE('',#1863,3.);
#1695=CYLINDRICAL_SURFACE('',#1866,17.);
#1696=CYLINDRICAL_SURFACE('',#1869,3.);
#1697=CYLINDRICAL_SURFACE('',#1872,3.);
#1698=CYLINDRICAL_SURFACE('',#1875,17.);
#1699=CYLINDRICAL_SURFACE('',#1878,3.);
#1700=CYLINDRICAL_SURFACE('',#1881,13.);
#1701=CYLINDRICAL_SURFACE('',#1925,5.49999999999999);
#1702=CYLINDRICAL_SURFACE('',#1967,2.);
#1703=CYLINDRICAL_SURFACE('',#1969,2.);
#1704=CYLINDRICAL_SURFACE('',#1971,2.);
#1705=CYLINDRICAL_SURFACE('',#1973,2.);
#1706=CYLINDRICAL_SURFACE('',#1975,2.);
#1707=CYLINDRICAL_SURFACE('',#1977,2.);
#1708=CYLINDRICAL_SURFACE('',#1979,2.);
#1709=CYLINDRICAL_SURFACE('',#1981,2.);
#1710=CYLINDRICAL_SURFACE('',#1983,2.);
#1711=CYLINDRICAL_SURFACE('',#1985,2.);
#1712=CYLINDRICAL_SURFACE('',#1987,2.);
#1713=CYLINDRICAL_SURFACE('',#1989,2.);
#1714=CYLINDRICAL_SURFACE('',#1991,2.);
#1715=CYLINDRICAL_SURFACE('',#1993,2.);
#1716=CYLINDRICAL_SURFACE('',#1995,2.);
#1717=CYLINDRICAL_SURFACE('',#1997,2.);
#1718=CYLINDRICAL_SURFACE('',#1999,2.);
#1719=CYLINDRICAL_SURFACE('',#2001,2.);
#1720=CYLINDRICAL_SURFACE('',#2003,2.);
#1721=CYLINDRICAL_SURFACE('',#2005,2.);
#1722=CYLINDRICAL_SURFACE('',#2007,2.);
#1723=CYLINDRICAL_SURFACE('',#2009,2.);
#1724=CYLINDRICAL_SURFACE('',#2011,2.);
#1725=CYLINDRICAL_SURFACE('',#2013,2.);
#1726=CYLINDRICAL_SURFACE('',#2015,2.);
#1727=CYLINDRICAL_SURFACE('',#2017,2.);
#1728=CYLINDRICAL_SURFACE('',#2019,2.);
#1729=CYLINDRICAL_SURFACE('',#2021,2.);
#1730=CYLINDRICAL_SURFACE('',#2023,2.);
#1731=CYLINDRICAL_SURFACE('',#2025,2.);
#1732=CYLINDRICAL_SURFACE('',#2027,2.);
#1733=CYLINDRICAL_SURFACE('',#2028,2.);
#1734=CYLINDRICAL_SURFACE('',#2029,3.);
#1735=CYLINDRICAL_SURFACE('',#2031,3.);
#1736=CYLINDRICAL_SURFACE('',#2033,2.);
#1737=CYLINDRICAL_SURFACE('',#2034,6.);
#1738=CYLINDRICAL_SURFACE('',#2036,6.);
#1739=ADVANCED_FACE('',(#66),#1688,.F.);
#1740=ADVANCED_FACE('',(#67),#1689,.T.);
#1741=ADVANCED_FACE('',(#68),#1690,.F.);
#1742=ADVANCED_FACE('',(#69),#1691,.F.);
#1743=ADVANCED_FACE('',(#70),#1692,.T.);
#1744=ADVANCED_FACE('',(#71),#1693,.F.);
#1745=ADVANCED_FACE('',(#72),#1694,.F.);
#1746=ADVANCED_FACE('',(#73),#1695,.T.);
#1747=ADVANCED_FACE('',(#74),#1696,.F.);
#1748=ADVANCED_FACE('',(#75),#1697,.F.);
#1749=ADVANCED_FACE('',(#76),#1698,.T.);
#1750=ADVANCED_FACE('',(#77),#1699,.F.);
#1751=ADVANCED_FACE('',(#78),#1700,.F.);
#1752=ADVANCED_FACE('',(#79),#25,.F.);
#1753=ADVANCED_FACE('',(#80),#26,.F.);
#1754=ADVANCED_FACE('',(#81,#15,#16,#17,#18,#19),#27,.F.);
#1755=ADVANCED_FACE('',(#82),#1701,.F.);
#1756=ADVANCED_FACE('',(#83),#28,.F.);
#1757=ADVANCED_FACE('',(#84,#20,#21,#22,#23,#24),#29,.T.);
#1758=ADVANCED_FACE('',(#85),#30,.F.);
#1759=ADVANCED_FACE('',(#86),#1702,.T.);
#1760=ADVANCED_FACE('',(#87),#31,.T.);
#1761=ADVANCED_FACE('',(#88),#1703,.T.);
#1762=ADVANCED_FACE('',(#89),#32,.T.);
#1763=ADVANCED_FACE('',(#90),#1704,.T.);
#1764=ADVANCED_FACE('',(#91),#33,.T.);
#1765=ADVANCED_FACE('',(#92),#1705,.T.);
#1766=ADVANCED_FACE('',(#93),#34,.T.);
#1767=ADVANCED_FACE('',(#94),#1706,.T.);
#1768=ADVANCED_FACE('',(#95),#35,.T.);
#1769=ADVANCED_FACE('',(#96),#1707,.T.);
#1770=ADVANCED_FACE('',(#97),#36,.T.);
#1771=ADVANCED_FACE('',(#98),#1708,.T.);
#1772=ADVANCED_FACE('',(#99),#37,.T.);
#1773=ADVANCED_FACE('',(#100),#1709,.T.);
#1774=ADVANCED_FACE('',(#101),#38,.T.);
#1775=ADVANCED_FACE('',(#102),#1710,.T.);
#1776=ADVANCED_FACE('',(#103),#39,.T.);
#1777=ADVANCED_FACE('',(#104),#1711,.T.);
#1778=ADVANCED_FACE('',(#105),#40,.T.);
#1779=ADVANCED_FACE('',(#106),#1712,.T.);
#1780=ADVANCED_FACE('',(#107),#41,.T.);
#1781=ADVANCED_FACE('',(#108),#1713,.T.);
#1782=ADVANCED_FACE('',(#109),#42,.T.);
#1783=ADVANCED_FACE('',(#110),#1714,.T.);
#1784=ADVANCED_FACE('',(#111),#43,.T.);
#1785=ADVANCED_FACE('',(#112),#1715,.T.);
#1786=ADVANCED_FACE('',(#113),#44,.T.);
#1787=ADVANCED_FACE('',(#114),#1716,.T.);
#1788=ADVANCED_FACE('',(#115),#45,.T.);
#1789=ADVANCED_FACE('',(#116),#1717,.T.);
#1790=ADVANCED_FACE('',(#117),#46,.T.);
#1791=ADVANCED_FACE('',(#118),#1718,.T.);
#1792=ADVANCED_FACE('',(#119),#47,.T.);
#1793=ADVANCED_FACE('',(#120),#1719,.T.);
#1794=ADVANCED_FACE('',(#121),#48,.T.);
#1795=ADVANCED_FACE('',(#122),#1720,.T.);
#1796=ADVANCED_FACE('',(#123),#49,.T.);
#1797=ADVANCED_FACE('',(#124),#1721,.T.);
#1798=ADVANCED_FACE('',(#125),#50,.T.);
#1799=ADVANCED_FACE('',(#126),#1722,.T.);
#1800=ADVANCED_FACE('',(#127),#51,.T.);
#1801=ADVANCED_FACE('',(#128),#1723,.T.);
#1802=ADVANCED_FACE('',(#129),#52,.T.);
#1803=ADVANCED_FACE('',(#130),#1724,.T.);
#1804=ADVANCED_FACE('',(#131),#53,.T.);
#1805=ADVANCED_FACE('',(#132),#1725,.T.);
#1806=ADVANCED_FACE('',(#133),#54,.T.);
#1807=ADVANCED_FACE('',(#134),#1726,.T.);
#1808=ADVANCED_FACE('',(#135),#55,.T.);
#1809=ADVANCED_FACE('',(#136),#1727,.T.);
#1810=ADVANCED_FACE('',(#137),#56,.T.);
#1811=ADVANCED_FACE('',(#138),#1728,.T.);
#1812=ADVANCED_FACE('',(#139),#57,.T.);
#1813=ADVANCED_FACE('',(#140),#1729,.T.);
#1814=ADVANCED_FACE('',(#141),#58,.T.);
#1815=ADVANCED_FACE('',(#142),#1730,.T.);
#1816=ADVANCED_FACE('',(#143),#59,.T.);
#1817=ADVANCED_FACE('',(#144),#1731,.T.);
#1818=ADVANCED_FACE('',(#145),#60,.T.);
#1819=ADVANCED_FACE('',(#146),#1732,.T.);
#1820=ADVANCED_FACE('',(#147),#1733,.T.);
#1821=ADVANCED_FACE('',(#148),#1734,.F.);
#1822=ADVANCED_FACE('',(#149),#61,.F.);
#1823=ADVANCED_FACE('',(#150),#1735,.F.);
#1824=ADVANCED_FACE('',(#151),#62,.F.);
#1825=ADVANCED_FACE('',(#152),#1736,.T.);
#1826=ADVANCED_FACE('',(#153),#1737,.T.);
#1827=ADVANCED_FACE('',(#154),#63,.T.);
#1828=ADVANCED_FACE('',(#155),#1738,.T.);
#1829=ADVANCED_FACE('',(#156),#64,.F.);
#1830=ADVANCED_FACE('',(#157),#65,.T.);
#1831=CLOSED_SHELL('',(#1739,#1740,#1741,#1742,#1743,#1744,#1745,#1746,
#1747,#1748,#1749,#1750,#1751,#1752,#1753,#1754,#1755,#1756,#1757,#1758,
#1759,#1760,#1761,#1762,#1763,#1764,#1765,#1766,#1767,#1768,#1769,#1770,
#1771,#1772,#1773,#1774,#1775,#1776,#1777,#1778,#1779,#1780,#1781,#1782,
#1783,#1784,#1785,#1786,#1787,#1788,#1789,#1790,#1791,#1792,#1793,#1794,
#1795,#1796,#1797,#1798,#1799,#1800,#1801,#1802,#1803,#1804,#1805,#1806,
#1807,#1808,#1809,#1810,#1811,#1812,#1813,#1814,#1815,#1816,#1817,#1818,
#1819,#1820,#1821,#1822,#1823,#1824,#1825,#1826,#1827,#1828,#1829,#1830));
#1832=DERIVED_UNIT_ELEMENT(#1834,1.);
#1833=DERIVED_UNIT_ELEMENT(#3145,-3.);
#1834=(
MASS_UNIT()
NAMED_UNIT(*)
SI_UNIT(.KILO.,.GRAM.)
);
#1835=DERIVED_UNIT((#1832,#1833));
#1836=MEASURE_REPRESENTATION_ITEM('density measure',
POSITIVE_RATIO_MEASURE(7850.),#1835);
#1837=PROPERTY_DEFINITION_REPRESENTATION(#1842,#1839);
#1838=PROPERTY_DEFINITION_REPRESENTATION(#1843,#1840);
#1839=REPRESENTATION('material name',(#1841),#3142);
#1840=REPRESENTATION('density',(#1836),#3142);
#1841=DESCRIPTIVE_REPRESENTATION_ITEM('Steel','Steel');
#1842=PROPERTY_DEFINITION('material property','material name',#3152);
#1843=PROPERTY_DEFINITION('material property','density of part',#3152);
#1844=AXIS2_PLACEMENT_3D('',#2597,#2039,#2040);
#1845=AXIS2_PLACEMENT_3D('',#2598,#2041,#2042);
#1846=AXIS2_PLACEMENT_3D('',#2601,#2043,#2044);
#1847=AXIS2_PLACEMENT_3D('',#2605,#2046,#2047);
#1848=AXIS2_PLACEMENT_3D('',#2607,#2049,#2050);
#1849=AXIS2_PLACEMENT_3D('',#2609,#2051,#2052);
#1850=AXIS2_PLACEMENT_3D('',#2612,#2054,#2055);
#1851=AXIS2_PLACEMENT_3D('',#2613,#2056,#2057);
#1852=AXIS2_PLACEMENT_3D('',#2615,#2058,#2059);
#1853=AXIS2_PLACEMENT_3D('',#2617,#2060,#2061);
#1854=AXIS2_PLACEMENT_3D('',#2619,#2063,#2064);
#1855=AXIS2_PLACEMENT_3D('',#2622,#2065,#2066);
#1856=AXIS2_PLACEMENT_3D('',#2626,#2068,#2069);
#1857=AXIS2_PLACEMENT_3D('',#2628,#2071,#2072);
#1858=AXIS2_PLACEMENT_3D('',#2630,#2073,#2074);
#1859=AXIS2_PLACEMENT_3D('',#2633,#2076,#2077);
#1860=AXIS2_PLACEMENT_3D('',#2634,#2078,#2079);
#1861=AXIS2_PLACEMENT_3D('',#2636,#2080,#2081);
#1862=AXIS2_PLACEMENT_3D('',#2638,#2082,#2083);
#1863=AXIS2_PLACEMENT_3D('',#2640,#2085,#2086);
#1864=AXIS2_PLACEMENT_3D('',#2643,#2087,#2088);
#1865=AXIS2_PLACEMENT_3D('',#2647,#2090,#2091);
#1866=AXIS2_PLACEMENT_3D('',#2649,#2093,#2094);
#1867=AXIS2_PLACEMENT_3D('',#2651,#2095,#2096);
#1868=AXIS2_PLACEMENT_3D('',#2654,#2098,#2099);
#1869=AXIS2_PLACEMENT_3D('',#2655,#2100,#2101);
#1870=AXIS2_PLACEMENT_3D('',#2657,#2102,#2103);
#1871=AXIS2_PLACEMENT_3D('',#2659,#2104,#2105);
#1872=AXIS2_PLACEMENT_3D('',#2661,#2107,#2108);
#1873=AXIS2_PLACEMENT_3D('',#2664,#2109,#2110);
#1874=AXIS2_PLACEMENT_3D('',#2668,#2112,#2113);
#1875=AXIS2_PLACEMENT_3D('',#2670,#2115,#2116);
#1876=AXIS2_PLACEMENT_3D('',#2672,#2117,#2118);
#1877=AXIS2_PLACEMENT_3D('',#2675,#2120,#2121);
#1878=AXIS2_PLACEMENT_3D('',#2676,#2122,#2123);
#1879=AXIS2_PLACEMENT_3D('',#2678,#2124,#2125);
#1880=AXIS2_PLACEMENT_3D('',#2680,#2126,#2127);
#1881=AXIS2_PLACEMENT_3D('',#2682,#2129,#2130);
#1882=AXIS2_PLACEMENT_3D('',#2684,#2131,#2132);
#1883=AXIS2_PLACEMENT_3D('',#2687,#2134,#2135);
#1884=AXIS2_PLACEMENT_3D('',#2688,#2136,#2137);
#1885=AXIS2_PLACEMENT_3D('',#2691,#2140,#2141);
#1886=AXIS2_PLACEMENT_3D('',#2694,#2144,#2145);
#1887=AXIS2_PLACEMENT_3D('',#2697,#2146,#2147);
#1888=AXIS2_PLACEMENT_3D('',#2699,#2148,#2149);
#1889=AXIS2_PLACEMENT_3D('',#2703,#2151,#2152);
#1890=AXIS2_PLACEMENT_3D('',#2707,#2154,#2155);
#1891=AXIS2_PLACEMENT_3D('',#2711,#2157,#2158);
#1892=AXIS2_PLACEMENT_3D('',#2715,#2160,#2161);
#1893=AXIS2_PLACEMENT_3D('',#2719,#2163,#2164);
#1894=AXIS2_PLACEMENT_3D('',#2723,#2166,#2167);
#1895=AXIS2_PLACEMENT_3D('',#2727,#2169,#2170);
#1896=AXIS2_PLACEMENT_3D('',#2731,#2172,#2173);
#1897=AXIS2_PLACEMENT_3D('',#2735,#2175,#2176);
#1898=AXIS2_PLACEMENT_3D('',#2739,#2178,#2179);
#1899=AXIS2_PLACEMENT_3D('',#2743,#2181,#2182);
#1900=AXIS2_PLACEMENT_3D('',#2747,#2184,#2185);
#1901=AXIS2_PLACEMENT_3D('',#2751,#2187,#2188);
#1902=AXIS2_PLACEMENT_3D('',#2755,#2190,#2191);
#1903=AXIS2_PLACEMENT_3D('',#2759,#2193,#2194);
#1904=AXIS2_PLACEMENT_3D('',#2761,#2195,#2196);
#1905=AXIS2_PLACEMENT_3D('',#2763,#2197,#2198);
#1906=AXIS2_PLACEMENT_3D('',#2767,#2200,#2201);
#1907=AXIS2_PLACEMENT_3D('',#2771,#2203,#2204);
#1908=AXIS2_PLACEMENT_3D('',#2775,#2206,#2207);
#1909=AXIS2_PLACEMENT_3D('',#2779,#2209,#2210);
#1910=AXIS2_PLACEMENT_3D('',#2783,#2212,#2213);
#1911=AXIS2_PLACEMENT_3D('',#2787,#2215,#2216);
#1912=AXIS2_PLACEMENT_3D('',#2791,#2218,#2219);
#1913=AXIS2_PLACEMENT_3D('',#2795,#2221,#2222);
#1914=AXIS2_PLACEMENT_3D('',#2799,#2224,#2225);
#1915=AXIS2_PLACEMENT_3D('',#2803,#2227,#2228);
#1916=AXIS2_PLACEMENT_3D('',#2807,#2230,#2231);
#1917=AXIS2_PLACEMENT_3D('',#2811,#2233,#2234);
#1918=AXIS2_PLACEMENT_3D('',#2815,#2236,#2237);
#1919=AXIS2_PLACEMENT_3D('',#2819,#2239,#2240);
#1920=AXIS2_PLACEMENT_3D('',#2823,#2242,#2243);
#1921=AXIS2_PLACEMENT_3D('',#2827,#2245,#2246);
#1922=AXIS2_PLACEMENT_3D('',#2833,#2250,#2251);
#1923=AXIS2_PLACEMENT_3D('',#2837,#2253,#2254);
#1924=AXIS2_PLACEMENT_3D('',#2841,#2256,#2257);
#1925=AXIS2_PLACEMENT_3D('',#2843,#2259,#2260);
#1926=AXIS2_PLACEMENT_3D('',#2845,#2261,#2262);
#1927=AXIS2_PLACEMENT_3D('',#2847,#2264,#2265);
#1928=AXIS2_PLACEMENT_3D('',#2851,#2268,#2269);
#1929=AXIS2_PLACEMENT_3D('',#2854,#2270,#2271);
#1930=AXIS2_PLACEMENT_3D('',#2858,#2273,#2274);
#1931=AXIS2_PLACEMENT_3D('',#2862,#2276,#2277);
#1932=AXIS2_PLACEMENT_3D('',#2866,#2279,#2280);
#1933=AXIS2_PLACEMENT_3D('',#2870,#2282,#2283);
#1934=AXIS2_PLACEMENT_3D('',#2874,#2285,#2286);
#1935=AXIS2_PLACEMENT_3D('',#2878,#2288,#2289);
#1936=AXIS2_PLACEMENT_3D('',#2882,#2291,#2292);
#1937=AXIS2_PLACEMENT_3D('',#2886,#2294,#2295);
#1938=AXIS2_PLACEMENT_3D('',#2890,#2297,#2298);
#1939=AXIS2_PLACEMENT_3D('',#2894,#2300,#2301);
#1940=AXIS2_PLACEMENT_3D('',#2898,#2303,#2304);
#1941=AXIS2_PLACEMENT_3D('',#2902,#2306,#2307);
#1942=AXIS2_PLACEMENT_3D('',#2906,#2309,#2310);
#1943=AXIS2_PLACEMENT_3D('',#2910,#2312,#2313);
#1944=AXIS2_PLACEMENT_3D('',#2914,#2315,#2316);
#1945=AXIS2_PLACEMENT_3D('',#2918,#2318,#2319);
#1946=AXIS2_PLACEMENT_3D('',#2922,#2321,#2322);
#1947=AXIS2_PLACEMENT_3D('',#2924,#2323,#2324);
#1948=AXIS2_PLACEMENT_3D('',#2926,#2325,#2326);
#1949=AXIS2_PLACEMENT_3D('',#2930,#2328,#2329);
#1950=AXIS2_PLACEMENT_3D('',#2934,#2331,#2332);
#1951=AXIS2_PLACEMENT_3D('',#2938,#2334,#2335);
#1952=AXIS2_PLACEMENT_3D('',#2942,#2337,#2338);
#1953=AXIS2_PLACEMENT_3D('',#2946,#2340,#2341);
#1954=AXIS2_PLACEMENT_3D('',#2950,#2343,#2344);
#1955=AXIS2_PLACEMENT_3D('',#2954,#2346,#2347);
#1956=AXIS2_PLACEMENT_3D('',#2958,#2349,#2350);
#1957=AXIS2_PLACEMENT_3D('',#2962,#2352,#2353);
#1958=AXIS2_PLACEMENT_3D('',#2966,#2355,#2356);
#1959=AXIS2_PLACEMENT_3D('',#2970,#2358,#2359);
#1960=AXIS2_PLACEMENT_3D('',#2974,#2361,#2362);
#1961=AXIS2_PLACEMENT_3D('',#2978,#2364,#2365);
#1962=AXIS2_PLACEMENT_3D('',#2982,#2367,#2368);
#1963=AXIS2_PLACEMENT_3D('',#2985,#2370,#2371);
#1964=AXIS2_PLACEMENT_3D('',#2989,#2373,#2374);
#1965=AXIS2_PLACEMENT_3D('',#2993,#2376,#2377);
#1966=AXIS2_PLACEMENT_3D('',#2996,#2380,#2381);
#1967=AXIS2_PLACEMENT_3D('',#2998,#2383,#2384);
#1968=AXIS2_PLACEMENT_3D('',#3001,#2387,#2388);
#1969=AXIS2_PLACEMENT_3D('',#3003,#2390,#2391);
#1970=AXIS2_PLACEMENT_3D('',#3006,#2394,#2395);
#1971=AXIS2_PLACEMENT_3D('',#3008,#2397,#2398);
#1972=AXIS2_PLACEMENT_3D('',#3010,#2400,#2401);
#1973=AXIS2_PLACEMENT_3D('',#3012,#2403,#2404);
#1974=AXIS2_PLACEMENT_3D('',#3014,#2406,#2407);
#1975=AXIS2_PLACEMENT_3D('',#3016,#2409,#2410);
#1976=AXIS2_PLACEMENT_3D('',#3018,#2412,#2413);
#1977=AXIS2_PLACEMENT_3D('',#3020,#2415,#2416);
#1978=AXIS2_PLACEMENT_3D('',#3022,#2418,#2419);
#1979=AXIS2_PLACEMENT_3D('',#3024,#2421,#2422);
#1980=AXIS2_PLACEMENT_3D('',#3026,#2424,#2425);
#1981=AXIS2_PLACEMENT_3D('',#3028,#2427,#2428);
#1982=AXIS2_PLACEMENT_3D('',#3030,#2430,#2431);
#1983=AXIS2_PLACEMENT_3D('',#3032,#2433,#2434);
#1984=AXIS2_PLACEMENT_3D('',#3034,#2436,#2437);
#1985=AXIS2_PLACEMENT_3D('',#3036,#2439,#2440);
#1986=AXIS2_PLACEMENT_3D('',#3038,#2442,#2443);
#1987=AXIS2_PLACEMENT_3D('',#3040,#2445,#2446);
#1988=AXIS2_PLACEMENT_3D('',#3042,#2448,#2449);
#1989=AXIS2_PLACEMENT_3D('',#3044,#2451,#2452);
#1990=AXIS2_PLACEMENT_3D('',#3046,#2454,#2455);
#1991=AXIS2_PLACEMENT_3D('',#3048,#2457,#2458);
#1992=AXIS2_PLACEMENT_3D('',#3050,#2460,#2461);
#1993=AXIS2_PLACEMENT_3D('',#3052,#2463,#2464);
#1994=AXIS2_PLACEMENT_3D('',#3054,#2466,#2467);
#1995=AXIS2_PLACEMENT_3D('',#3056,#2469,#2470);
#1996=AXIS2_PLACEMENT_3D('',#3058,#2472,#2473);
#1997=AXIS2_PLACEMENT_3D('',#3060,#2475,#2476);
#1998=AXIS2_PLACEMENT_3D('',#3062,#2478,#2479);
#1999=AXIS2_PLACEMENT_3D('',#3064,#2481,#2482);
#2000=AXIS2_PLACEMENT_3D('',#3067,#2485,#2486);
#2001=AXIS2_PLACEMENT_3D('',#3069,#2488,#2489);
#2002=AXIS2_PLACEMENT_3D('',#3071,#2491,#2492);
#2003=AXIS2_PLACEMENT_3D('',#3073,#2494,#2495);
#2004=AXIS2_PLACEMENT_3D('',#3075,#2497,#2498);
#2005=AXIS2_PLACEMENT_3D('',#3077,#2500,#2501);
#2006=AXIS2_PLACEMENT_3D('',#3079,#2503,#2504);
#2007=AXIS2_PLACEMENT_3D('',#3081,#2506,#2507);
#2008=AXIS2_PLACEMENT_3D('',#3083,#2509,#2510);
#2009=AXIS2_PLACEMENT_3D('',#3085,#2512,#2513);
#2010=AXIS2_PLACEMENT_3D('',#3087,#2515,#2516);
#2011=AXIS2_PLACEMENT_3D('',#3089,#2518,#2519);
#2012=AXIS2_PLACEMENT_3D('',#3091,#2521,#2522);
#2013=AXIS2_PLACEMENT_3D('',#3093,#2524,#2525);
#2014=AXIS2_PLACEMENT_3D('',#3095,#2527,#2528);
#2015=AXIS2_PLACEMENT_3D('',#3097,#2530,#2531);
#2016=AXIS2_PLACEMENT_3D('',#3099,#2533,#2534);
#2017=AXIS2_PLACEMENT_3D('',#3101,#2536,#2537);
#2018=AXIS2_PLACEMENT_3D('',#3103,#2539,#2540);
#2019=AXIS2_PLACEMENT_3D('',#3105,#2542,#2543);
#2020=AXIS2_PLACEMENT_3D('',#3107,#2545,#2546);
#2021=AXIS2_PLACEMENT_3D('',#3109,#2548,#2549);
#2022=AXIS2_PLACEMENT_3D('',#3111,#2551,#2552);
#2023=AXIS2_PLACEMENT_3D('',#3113,#2554,#2555);
#2024=AXIS2_PLACEMENT_3D('',#3115,#2557,#2558);
#2025=AXIS2_PLACEMENT_3D('',#3117,#2560,#2561);
#2026=AXIS2_PLACEMENT_3D('',#3119,#2563,#2564);
#2027=AXIS2_PLACEMENT_3D('',#3121,#2566,#2567);
#2028=AXIS2_PLACEMENT_3D('',#3123,#2569,#2570);
#2029=AXIS2_PLACEMENT_3D('',#3124,#2571,#2572);
#2030=AXIS2_PLACEMENT_3D('',#3126,#2574,#2575);
#2031=AXIS2_PLACEMENT_3D('',#3128,#2577,#2578);
#2032=AXIS2_PLACEMENT_3D('',#3130,#2580,#2581);
#2033=AXIS2_PLACEMENT_3D('',#3131,#2582,#2583);
#2034=AXIS2_PLACEMENT_3D('',#3132,#2584,#2585);
#2035=AXIS2_PLACEMENT_3D('',#3134,#2587,#2588);
#2036=AXIS2_PLACEMENT_3D('',#3136,#2590,#2591);
#2037=AXIS2_PLACEMENT_3D('',#3138,#2593,#2594);
#2038=AXIS2_PLACEMENT_3D('',#3139,#2595,#2596);
#2039=DIRECTION('axis',(0.,0.,1.));
#2040=DIRECTION('refdir',(1.,0.,0.));
#2041=DIRECTION('center_axis',(0.,0.,-1.));
#2042=DIRECTION('ref_axis',(0.859726953621096,-0.510753918455249,0.));
#2043=DIRECTION('center_axis',(0.,0.,1.));
#2044=DIRECTION('ref_axis',(0.859726953621096,-0.510753918455249,0.));
#2045=DIRECTION('',(0.,0.,-1.));
#2046=DIRECTION('center_axis',(0.,0.,-1.));
#2047=DIRECTION('ref_axis',(0.859726953621096,-0.510753918455249,0.));
#2048=DIRECTION('',(0.,0.,1.));
#2049=DIRECTION('center_axis',(0.,0.,-1.));
#2050=DIRECTION('ref_axis',(-1.,0.,0.));
#2051=DIRECTION('center_axis',(0.,0.,-1.));
#2052=DIRECTION('ref_axis',(-1.,0.,0.));
#2053=DIRECTION('',(0.,0.,1.));
#2054=DIRECTION('center_axis',(0.,0.,-1.));
#2055=DIRECTION('ref_axis',(-1.,0.,0.));
#2056=DIRECTION('center_axis',(0.,0.,1.));
#2057=DIRECTION('ref_axis',(0.983600053491609,0.180363340985093,0.));
#2058=DIRECTION('center_axis',(0.,0.,-1.));
#2059=DIRECTION('ref_axis',(0.983600053491609,0.180363340985093,0.));
#2060=DIRECTION('center_axis',(0.,0.,1.));
#2061=DIRECTION('ref_axis',(0.983600053491609,0.180363340985093,0.));
#2062=DIRECTION('',(0.,0.,-1.));
#2063=DIRECTION('center_axis',(0.,0.,-1.));
#2064=DIRECTION('ref_axis',(-0.62881571714628,0.777554367147281,0.));
#2065=DIRECTION('center_axis',(0.,0.,1.));
#2066=DIRECTION('ref_axis',(-0.62881571714628,0.777554367147281,0.));
#2067=DIRECTION('',(0.,0.,-1.));
#2068=DIRECTION('center_axis',(0.,0.,-1.));
#2069=DIRECTION('ref_axis',(-0.62881571714628,0.777554367147281,0.));
#2070=DIRECTION('',(0.,0.,1.));
#2071=DIRECTION('center_axis',(0.,0.,-1.));
#2072=DIRECTION('ref_axis',(0.984314167510482,-0.176424543752132,0.));
#2073=DIRECTION('center_axis',(0.,0.,-1.));
#2074=DIRECTION('ref_axis',(-1.,0.,0.));
#2075=DIRECTION('',(0.,0.,1.));
#2076=DIRECTION('center_axis',(0.,0.,-1.));
#2077=DIRECTION('ref_axis',(-1.,0.,0.));
#2078=DIRECTION('center_axis',(0.,0.,1.));
#2079=DIRECTION('ref_axis',(-0.859726953621095,-0.51075391845525,0.));
#2080=DIRECTION('center_axis',(0.,0.,-1.));
#2081=DIRECTION('ref_axis',(-0.859726953621095,-0.51075391845525,0.));
#2082=DIRECTION('center_axis',(0.,0.,1.));
#2083=DIRECTION('ref_axis',(-0.859726953621095,-0.51075391845525,0.));
#2084=DIRECTION('',(0.,0.,-1.));
#2085=DIRECTION('center_axis',(0.,0.,-1.));
#2086=DIRECTION('ref_axis',(0.894427190999916,-0.447213595499959,0.));
#2087=DIRECTION('center_axis',(0.,0.,1.));
#2088=DIRECTION('ref_axis',(0.894427190999916,-0.447213595499959,0.));
#2089=DIRECTION('',(0.,0.,-1.));
#2090=DIRECTION('center_axis',(0.,0.,-1.));
#2091=DIRECTION('ref_axis',(0.894427190999916,-0.447213595499959,0.));
#2092=DIRECTION('',(0.,0.,1.));
#2093=DIRECTION('center_axis',(0.,0.,-1.));
#2094=DIRECTION('ref_axis',(-1.,0.,0.));
#2095=DIRECTION('center_axis',(0.,0.,-1.));
#2096=DIRECTION('ref_axis',(-1.,0.,0.));
#2097=DIRECTION('',(0.,0.,1.));
#2098=DIRECTION('center_axis',(0.,0.,-1.));
#2099=DIRECTION('ref_axis',(-1.,0.,0.));
#2100=DIRECTION('center_axis',(0.,0.,1.));
#2101=DIRECTION('ref_axis',(0.994071691754375,0.108726591285639,0.));
#2102=DIRECTION('center_axis',(0.,0.,-1.));
#2103=DIRECTION('ref_axis',(0.994071691754375,0.108726591285639,0.));
#2104=DIRECTION('center_axis',(0.,0.,1.));
#2105=DIRECTION('ref_axis',(0.994071691754375,0.108726591285639,0.));
#2106=DIRECTION('',(0.,0.,-1.));
#2107=DIRECTION('center_axis',(0.,0.,-1.));
#2108=DIRECTION('ref_axis',(-0.683424288081132,0.730021398632121,0.));
#2109=DIRECTION('center_axis',(0.,0.,1.));
#2110=DIRECTION('ref_axis',(-0.683424288081132,0.730021398632121,0.));
#2111=DIRECTION('',(0.,0.,-1.));
#2112=DIRECTION('center_axis',(0.,0.,-1.));
#2113=DIRECTION('ref_axis',(-0.683424288081132,0.730021398632121,0.));
#2114=DIRECTION('',(0.,0.,1.));
#2115=DIRECTION('center_axis',(0.,0.,-1.));
#2116=DIRECTION('ref_axis',(0.984314167510481,-0.176424543752133,0.));
#2117=DIRECTION('center_axis',(0.,0.,-1.));
#2118=DIRECTION('ref_axis',(-1.,0.,0.));
#2119=DIRECTION('',(0.,0.,1.));
#2120=DIRECTION('center_axis',(0.,0.,-1.));
#2121=DIRECTION('ref_axis',(-1.,0.,0.));
#2122=DIRECTION('center_axis',(0.,0.,1.));
#2123=DIRECTION('ref_axis',(-0.894427190999915,-0.447213595499961,0.));
#2124=DIRECTION('center_axis',(0.,0.,-1.));
#2125=DIRECTION('ref_axis',(-0.894427190999915,-0.447213595499961,0.));
#2126=DIRECTION('center_axis',(0.,0.,1.));
#2127=DIRECTION('ref_axis',(-0.894427190999915,-0.447213595499961,0.));
#2128=DIRECTION('',(0.,0.,-1.));
#2129=DIRECTION('center_axis',(0.,0.,-1.));
#2130=DIRECTION('ref_axis',(-1.,0.,0.));
#2131=DIRECTION('center_axis',(0.,0.,-1.));
#2132=DIRECTION('ref_axis',(-1.,0.,0.));
#2133=DIRECTION('',(0.,0.,-1.));
#2134=DIRECTION('center_axis',(0.,0.,1.));
#2135=DIRECTION('ref_axis',(-1.,0.,0.));
#2136=DIRECTION('center_axis',(3.65213382046765E-33,-1.,0.));
#2137=DIRECTION('ref_axis',(1.,3.65213382046765E-33,0.));
#2138=DIRECTION('',(1.,3.65213382046765E-33,0.));
#2139=DIRECTION('',(-1.,-3.65213382046765E-33,0.));
#2140=DIRECTION('center_axis',(0.347314355823594,0.937748760723704,0.));
#2141=DIRECTION('ref_axis',(-0.937748760723704,0.347314355823594,0.));
#2142=DIRECTION('',(0.937748760723704,-0.347314355823594,0.));
#2143=DIRECTION('',(-0.937748760723704,0.347314355823594,0.));
#2144=DIRECTION('center_axis',(0.,0.,1.));
#2145=DIRECTION('ref_axis',(1.,0.,0.));
#2146=DIRECTION('center_axis',(0.,0.,1.));
#2147=DIRECTION('ref_axis',(-1.,5.55111512312578E-16,0.));
#2148=DIRECTION('center_axis',(0.,0.,1.));
#2149=DIRECTION('ref_axis',(-1.,0.,0.));
#2150=DIRECTION('',(-0.937748760723704,0.347314355823594,0.));
#2151=DIRECTION('center_axis',(0.,0.,1.));
#2152=DIRECTION('ref_axis',(-1.,5.55111512312578E-16,0.));
#2153=DIRECTION('',(-0.937748760723704,0.347314355823594,0.));
#2154=DIRECTION('center_axis',(0.,0.,1.));
#2155=DIRECTION('ref_axis',(-1.,5.55111512312578E-16,0.));
#2156=DIRECTION('',(-0.937748760723704,0.347314355823594,0.));
#2157=DIRECTION('center_axis',(0.,0.,1.));
#2158=DIRECTION('ref_axis',(-1.,5.55111512312578E-16,0.));
#2159=DIRECTION('',(-0.937748760723704,0.347314355823594,0.));
#2160=DIRECTION('center_axis',(0.,0.,1.));
#2161=DIRECTION('ref_axis',(-1.,5.55111512312578E-16,0.));
#2162=DIRECTION('',(-0.937748760723704,0.347314355823594,0.));
#2163=DIRECTION('center_axis',(0.,0.,1.));
#2164=DIRECTION('ref_axis',(-1.,5.55111512312578E-16,0.));
#2165=DIRECTION('',(-0.937748760723704,0.347314355823594,0.));
#2166=DIRECTION('center_axis',(0.,0.,1.));
#2167=DIRECTION('ref_axis',(-1.,5.55111512312578E-16,0.));
#2168=DIRECTION('',(-0.937748760723704,0.347314355823594,0.));
#2169=DIRECTION('center_axis',(0.,0.,1.));
#2170=DIRECTION('ref_axis',(-1.,5.55111512312578E-16,0.));
#2171=DIRECTION('',(-0.937748760723704,0.347314355823594,0.));
#2172=DIRECTION('center_axis',(0.,0.,1.));
#2173=DIRECTION('ref_axis',(-1.,5.55111512312578E-16,0.));
#2174=DIRECTION('',(-0.937748760723704,0.347314355823594,0.));
#2175=DIRECTION('center_axis',(0.,0.,1.));
#2176=DIRECTION('ref_axis',(-1.,5.55111512312578E-16,0.));
#2177=DIRECTION('',(-0.937748760723704,0.347314355823594,0.));
#2178=DIRECTION('center_axis',(0.,0.,1.));
#2179=DIRECTION('ref_axis',(-1.,5.55111512312578E-16,0.));
#2180=DIRECTION('',(-0.937748760723704,0.347314355823594,0.));
#2181=DIRECTION('center_axis',(0.,0.,1.));
#2182=DIRECTION('ref_axis',(-1.,5.55111512312578E-16,0.));
#2183=DIRECTION('',(-0.937748760723704,0.347314355823594,0.));
#2184=DIRECTION('center_axis',(0.,0.,1.));
#2185=DIRECTION('ref_axis',(-1.,5.55111512312578E-16,0.));
#2186=DIRECTION('',(-0.937748760723704,0.347314355823594,0.));
#2187=DIRECTION('center_axis',(0.,0.,1.));
#2188=DIRECTION('ref_axis',(-1.,5.55111512312578E-16,0.));
#2189=DIRECTION('',(-0.937748760723704,0.347314355823594,0.));
#2190=DIRECTION('center_axis',(0.,0.,1.));
#2191=DIRECTION('ref_axis',(-1.,5.55111512312578E-16,0.));
#2192=DIRECTION('',(-0.937748760723704,0.347314355823594,0.));
#2193=DIRECTION('center_axis',(0.,0.,1.));
#2194=DIRECTION('ref_axis',(-1.,5.55111512312578E-16,0.));
#2195=DIRECTION('center_axis',(0.,0.,1.));
#2196=DIRECTION('ref_axis',(0.984314167510483,-0.176424543752126,0.));
#2197=DIRECTION('center_axis',(0.,0.,1.));
#2198=DIRECTION('ref_axis',(0.92305032839981,0.384679205625938,0.));
#2199=DIRECTION('',(1.,3.65213382046765E-33,0.));
#2200=DIRECTION('center_axis',(0.,0.,1.));
#2201=DIRECTION('ref_axis',(0.937748760723704,0.347314355823594,0.));
#2202=DIRECTION('',(1.,3.65213382046765E-33,0.));
#2203=DIRECTION('center_axis',(0.,0.,1.));
#2204=DIRECTION('ref_axis',(0.937748760723704,0.347314355823594,0.));
#2205=DIRECTION('',(1.,3.65213382046765E-33,0.));
#2206=DIRECTION('center_axis',(0.,0.,1.));
#2207=DIRECTION('ref_axis',(0.937748760723704,0.347314355823594,0.));
#2208=DIRECTION('',(1.,3.65213382046765E-33,0.));
#2209=DIRECTION('center_axis',(0.,0.,1.));
#2210=DIRECTION('ref_axis',(0.937748760723704,0.347314355823594,0.));
#2211=DIRECTION('',(1.,3.65213382046765E-33,0.));
#2212=DIRECTION('center_axis',(0.,0.,1.));
#2213=DIRECTION('ref_axis',(0.937748760723704,0.347314355823594,0.));
#2214=DIRECTION('',(1.,3.65213382046765E-33,0.));
#2215=DIRECTION('center_axis',(0.,0.,1.));
#2216=DIRECTION('ref_axis',(0.937748760723704,0.347314355823594,0.));
#2217=DIRECTION('',(1.,3.65213382046765E-33,0.));
#2218=DIRECTION('center_axis',(0.,0.,1.));
#2219=DIRECTION('ref_axis',(0.937748760723704,0.347314355823594,0.));
#2220=DIRECTION('',(1.,3.65213382046765E-33,0.));
#2221=DIRECTION('center_axis',(0.,0.,1.));
#2222=DIRECTION('ref_axis',(0.937748760723704,0.347314355823594,0.));
#2223=DIRECTION('',(1.,3.65213382046765E-33,0.));
#2224=DIRECTION('center_axis',(0.,0.,1.));
#2225=DIRECTION('ref_axis',(0.937748760723704,0.347314355823594,0.));
#2226=DIRECTION('',(1.,3.65213382046765E-33,0.));
#2227=DIRECTION('center_axis',(0.,0.,1.));
#2228=DIRECTION('ref_axis',(0.937748760723704,0.347314355823594,0.));
#2229=DIRECTION('',(1.,3.65213382046765E-33,0.));
#2230=DIRECTION('center_axis',(0.,0.,1.));
#2231=DIRECTION('ref_axis',(0.937748760723704,0.347314355823594,0.));
#2232=DIRECTION('',(1.,3.65213382046765E-33,0.));
#2233=DIRECTION('center_axis',(0.,0.,1.));
#2234=DIRECTION('ref_axis',(0.937748760723704,0.347314355823594,0.));
#2235=DIRECTION('',(1.,3.65213382046765E-33,0.));
#2236=DIRECTION('center_axis',(0.,0.,1.));
#2237=DIRECTION('ref_axis',(0.937748760723704,0.347314355823594,0.));
#2238=DIRECTION('',(1.,3.65213382046765E-33,0.));
#2239=DIRECTION('center_axis',(0.,0.,1.));
#2240=DIRECTION('ref_axis',(0.937748760723704,0.347314355823594,0.));
#2241=DIRECTION('',(1.,3.65213382046765E-33,0.));
#2242=DIRECTION('center_axis',(0.,0.,1.));
#2243=DIRECTION('ref_axis',(-0.707106781186547,-0.707106781186548,0.));
#2244=DIRECTION('',(1.22464679914735E-16,-1.,0.));
#2245=DIRECTION('center_axis',(0.,0.,1.));
#2246=DIRECTION('ref_axis',(-0.571264231409775,0.82076621391953,0.));
#2247=DIRECTION('',(-0.937748760723704,0.347314355823594,0.));
#2248=DIRECTION('',(1.,3.65213382046765E-33,0.));
#2249=DIRECTION('',(-0.937748760723704,0.347314355823594,0.));
#2250=DIRECTION('center_axis',(0.,0.,1.));
#2251=DIRECTION('ref_axis',(-1.,0.,0.));
#2252=DIRECTION('',(-0.937748760723704,0.347314355823594,0.));
#2253=DIRECTION('center_axis',(0.,0.,-1.));
#2254=DIRECTION('ref_axis',(-0.571264231409778,0.820766213919528,0.));
#2255=DIRECTION('',(1.22464679914735E-16,-1.,0.));
#2256=DIRECTION('center_axis',(0.,0.,-1.));
#2257=DIRECTION('ref_axis',(-0.707106781186547,-0.707106781186548,0.));
#2258=DIRECTION('',(1.,3.65213382046765E-33,0.));
#2259=DIRECTION('center_axis',(0.,0.,-1.));
#2260=DIRECTION('ref_axis',(-1.,0.,0.));
#2261=DIRECTION('center_axis',(0.,0.,-1.));
#2262=DIRECTION('ref_axis',(-1.,0.,0.));
#2263=DIRECTION('',(0.,0.,-1.));
#2264=DIRECTION('center_axis',(0.347314355823594,0.937748760723704,0.));
#2265=DIRECTION('ref_axis',(-0.937748760723704,0.347314355823594,0.));
#2266=DIRECTION('',(0.,0.,-1.));
#2267=DIRECTION('',(0.937748760723704,-0.347314355823594,0.));
#2268=DIRECTION('center_axis',(0.,0.,1.));
#2269=DIRECTION('ref_axis',(1.,-5.55111512312578E-16,0.));
#2270=DIRECTION('center_axis',(0.,0.,1.));
#2271=DIRECTION('ref_axis',(-1.,5.55111512312578E-16,0.));
#2272=DIRECTION('',(-0.937748760723704,0.347314355823594,0.));
#2273=DIRECTION('center_axis',(0.,0.,-1.));
#2274=DIRECTION('ref_axis',(-0.571264231409775,0.82076621391953,0.));
#2275=DIRECTION('',(1.22464679914735E-16,-1.,0.));
#2276=DIRECTION('center_axis',(0.,0.,-1.));
#2277=DIRECTION('ref_axis',(-0.707106781186547,-0.707106781186548,0.));
#2278=DIRECTION('',(1.,3.65213382046765E-33,0.));
#2279=DIRECTION('center_axis',(0.,0.,1.));
#2280=DIRECTION('ref_axis',(0.937748760723704,0.347314355823594,0.));
#2281=DIRECTION('',(1.,3.65213382046765E-33,0.));
#2282=DIRECTION('center_axis',(0.,0.,1.));
#2283=DIRECTION('ref_axis',(0.937748760723704,0.347314355823594,0.));
#2284=DIRECTION('',(1.,3.65213382046765E-33,0.));
#2285=DIRECTION('center_axis',(0.,0.,1.));
#2286=DIRECTION('ref_axis',(0.937748760723704,0.347314355823594,0.));
#2287=DIRECTION('',(1.,3.65213382046765E-33,0.));
#2288=DIRECTION('center_axis',(0.,0.,1.));
#2289=DIRECTION('ref_axis',(0.937748760723704,0.347314355823594,0.));
#2290=DIRECTION('',(1.,3.65213382046765E-33,0.));
#2291=DIRECTION('center_axis',(0.,0.,1.));
#2292=DIRECTION('ref_axis',(0.937748760723704,0.347314355823594,0.));
#2293=DIRECTION('',(1.,3.65213382046765E-33,0.));
#2294=DIRECTION('center_axis',(0.,0.,1.));
#2295=DIRECTION('ref_axis',(0.937748760723704,0.347314355823594,0.));
#2296=DIRECTION('',(1.,3.65213382046765E-33,0.));
#2297=DIRECTION('center_axis',(0.,0.,1.));
#2298=DIRECTION('ref_axis',(0.937748760723704,0.347314355823594,0.));
#2299=DIRECTION('',(1.,3.65213382046765E-33,0.));
#2300=DIRECTION('center_axis',(0.,0.,1.));
#2301=DIRECTION('ref_axis',(0.937748760723704,0.347314355823594,0.));
#2302=DIRECTION('',(1.,3.65213382046765E-33,0.));
#2303=DIRECTION('center_axis',(0.,0.,1.));
#2304=DIRECTION('ref_axis',(0.937748760723704,0.347314355823594,0.));
#2305=DIRECTION('',(1.,3.65213382046765E-33,0.));
#2306=DIRECTION('center_axis',(0.,0.,1.));
#2307=DIRECTION('ref_axis',(0.937748760723704,0.347314355823594,0.));
#2308=DIRECTION('',(1.,3.65213382046765E-33,0.));
#2309=DIRECTION('center_axis',(0.,0.,1.));
#2310=DIRECTION('ref_axis',(0.937748760723704,0.347314355823594,0.));
#2311=DIRECTION('',(1.,3.65213382046765E-33,0.));
#2312=DIRECTION('center_axis',(0.,0.,1.));
#2313=DIRECTION('ref_axis',(0.937748760723704,0.347314355823594,0.));
#2314=DIRECTION('',(1.,3.65213382046765E-33,0.));
#2315=DIRECTION('center_axis',(0.,0.,1.));
#2316=DIRECTION('ref_axis',(0.937748760723704,0.347314355823594,0.));
#2317=DIRECTION('',(1.,3.65213382046765E-33,0.));
#2318=DIRECTION('center_axis',(0.,0.,1.));
#2319=DIRECTION('ref_axis',(0.937748760723704,0.347314355823594,0.));
#2320=DIRECTION('',(1.,3.65213382046765E-33,0.));
#2321=DIRECTION('center_axis',(0.,0.,1.));
#2322=DIRECTION('ref_axis',(0.92305032839981,0.384679205625938,0.));
#2323=DIRECTION('center_axis',(0.,0.,-1.));
#2324=DIRECTION('ref_axis',(0.984314167510483,-0.176424543752126,0.));
#2325=DIRECTION('center_axis',(0.,0.,1.));
#2326=DIRECTION('ref_axis',(-1.,5.55111512312578E-16,0.));
#2327=DIRECTION('',(-0.937748760723704,0.347314355823594,0.));
#2328=DIRECTION('center_axis',(0.,0.,1.));
#2329=DIRECTION('ref_axis',(-1.,5.55111512312578E-16,0.));
#2330=DIRECTION('',(-0.937748760723704,0.347314355823594,0.));
#2331=DIRECTION('center_axis',(0.,0.,1.));
#2332=DIRECTION('ref_axis',(-1.,5.55111512312578E-16,0.));
#2333=DIRECTION('',(-0.937748760723704,0.347314355823594,0.));
#2334=DIRECTION('center_axis',(0.,0.,1.));
#2335=DIRECTION('ref_axis',(-1.,5.55111512312578E-16,0.));
#2336=DIRECTION('',(-0.937748760723704,0.347314355823594,0.));
#2337=DIRECTION('center_axis',(0.,0.,1.));
#2338=DIRECTION('ref_axis',(-1.,5.55111512312578E-16,0.));
#2339=DIRECTION('',(-0.937748760723704,0.347314355823594,0.));
#2340=DIRECTION('center_axis',(0.,0.,1.));
#2341=DIRECTION('ref_axis',(-1.,5.55111512312578E-16,0.));
#2342=DIRECTION('',(-0.937748760723704,0.347314355823594,0.));
#2343=DIRECTION('center_axis',(0.,0.,1.));
#2344=DIRECTION('ref_axis',(-1.,5.55111512312578E-16,0.));
#2345=DIRECTION('',(-0.937748760723704,0.347314355823594,0.));
#2346=DIRECTION('center_axis',(0.,0.,1.));
#2347=DIRECTION('ref_axis',(-1.,5.55111512312578E-16,0.));
#2348=DIRECTION('',(-0.937748760723704,0.347314355823594,0.));
#2349=DIRECTION('center_axis',(0.,0.,1.));
#2350=DIRECTION('ref_axis',(-1.,5.55111512312578E-16,0.));
#2351=DIRECTION('',(-0.937748760723704,0.347314355823594,0.));
#2352=DIRECTION('center_axis',(0.,0.,1.));
#2353=DIRECTION('ref_axis',(-1.,5.55111512312578E-16,0.));
#2354=DIRECTION('',(-0.937748760723704,0.347314355823594,0.));
#2355=DIRECTION('center_axis',(0.,0.,1.));
#2356=DIRECTION('ref_axis',(-1.,5.55111512312578E-16,0.));
#2357=DIRECTION('',(-0.937748760723704,0.347314355823594,0.));
#2358=DIRECTION('center_axis',(0.,0.,1.));
#2359=DIRECTION('ref_axis',(-1.,5.55111512312578E-16,0.));
#2360=DIRECTION('',(-0.937748760723704,0.347314355823594,0.));
#2361=DIRECTION('center_axis',(0.,0.,1.));
#2362=DIRECTION('ref_axis',(-1.,5.55111512312578E-16,0.));
#2363=DIRECTION('',(-0.937748760723704,0.347314355823594,0.));
#2364=DIRECTION('center_axis',(0.,0.,1.));
#2365=DIRECTION('ref_axis',(-1.,5.55111512312578E-16,0.));
#2366=DIRECTION('',(-0.937748760723704,0.347314355823594,0.));
#2367=DIRECTION('center_axis',(0.,0.,1.));
#2368=DIRECTION('ref_axis',(-1.,5.55111512312578E-16,0.));
#2369=DIRECTION('',(-0.937748760723704,0.347314355823594,0.));
#2370=DIRECTION('center_axis',(0.,0.,1.));
#2371=DIRECTION('ref_axis',(-1.,0.,0.));
#2372=DIRECTION('',(-1.,-3.65213382046765E-33,0.));
#2373=DIRECTION('center_axis',(0.,0.,1.));
#2374=DIRECTION('ref_axis',(-0.707106781186547,-0.707106781186548,0.));
#2375=DIRECTION('',(-1.22464679914735E-16,1.,0.));
#2376=DIRECTION('center_axis',(0.,0.,1.));
#2377=DIRECTION('ref_axis',(-0.571264231409778,0.820766213919528,0.));
#2378=DIRECTION('',(0.937748760723704,-0.347314355823594,0.));
#2379=DIRECTION('',(-1.,-3.65213382046765E-33,0.));
#2380=DIRECTION('center_axis',(3.65213382046765E-33,-1.,0.));
#2381=DIRECTION('ref_axis',(1.,3.65213382046765E-33,0.));
#2382=DIRECTION('',(0.,0.,-1.));
#2383=DIRECTION('center_axis',(0.,0.,-1.));
#2384=DIRECTION('ref_axis',(-1.,5.55111512312578E-16,0.));
#2385=DIRECTION('',(0.,0.,1.));
#2386=DIRECTION('',(0.,0.,-1.));
#2387=DIRECTION('center_axis',(0.347314355823594,0.937748760723704,0.));
#2388=DIRECTION('ref_axis',(-0.937748760723704,0.347314355823594,0.));
#2389=DIRECTION('',(0.,0.,-1.));
#2390=DIRECTION('center_axis',(0.,0.,-1.));
#2391=DIRECTION('ref_axis',(0.347314355823593,0.937748760723704,0.));
#2392=DIRECTION('',(0.,0.,-1.));
#2393=DIRECTION('',(0.,0.,1.));
#2394=DIRECTION('center_axis',(0.347314355823594,0.937748760723704,0.));
#2395=DIRECTION('ref_axis',(-0.937748760723704,0.347314355823594,0.));
#2396=DIRECTION('',(0.,0.,-1.));
#2397=DIRECTION('center_axis',(0.,0.,-1.));
#2398=DIRECTION('ref_axis',(0.347314355823594,0.937748760723704,0.));
#2399=DIRECTION('',(0.,0.,1.));
#2400=DIRECTION('center_axis',(0.347314355823594,0.937748760723704,0.));
#2401=DIRECTION('ref_axis',(-0.937748760723704,0.347314355823594,0.));
#2402=DIRECTION('',(0.,0.,-1.));
#2403=DIRECTION('center_axis',(0.,0.,-1.));
#2404=DIRECTION('ref_axis',(0.347314355823593,0.937748760723704,0.));
#2405=DIRECTION('',(0.,0.,1.));
#2406=DIRECTION('center_axis',(0.347314355823594,0.937748760723704,0.));
#2407=DIRECTION('ref_axis',(-0.937748760723704,0.347314355823594,0.));
#2408=DIRECTION('',(0.,0.,-1.));
#2409=DIRECTION('center_axis',(0.,0.,-1.));
#2410=DIRECTION('ref_axis',(0.347314355823593,0.937748760723704,0.));
#2411=DIRECTION('',(0.,0.,1.));
#2412=DIRECTION('center_axis',(0.347314355823594,0.937748760723704,0.));
#2413=DIRECTION('ref_axis',(-0.937748760723704,0.347314355823594,0.));
#2414=DIRECTION('',(0.,0.,-1.));
#2415=DIRECTION('center_axis',(0.,0.,-1.));
#2416=DIRECTION('ref_axis',(0.347314355823593,0.937748760723704,0.));
#2417=DIRECTION('',(0.,0.,1.));
#2418=DIRECTION('center_axis',(0.347314355823594,0.937748760723704,0.));
#2419=DIRECTION('ref_axis',(-0.937748760723704,0.347314355823594,0.));
#2420=DIRECTION('',(0.,0.,-1.));
#2421=DIRECTION('center_axis',(0.,0.,-1.));
#2422=DIRECTION('ref_axis',(0.347314355823593,0.937748760723704,0.));
#2423=DIRECTION('',(0.,0.,1.));
#2424=DIRECTION('center_axis',(0.347314355823594,0.937748760723704,0.));
#2425=DIRECTION('ref_axis',(-0.937748760723704,0.347314355823594,0.));
#2426=DIRECTION('',(0.,0.,-1.));
#2427=DIRECTION('center_axis',(0.,0.,-1.));
#2428=DIRECTION('ref_axis',(0.347314355823593,0.937748760723704,0.));
#2429=DIRECTION('',(0.,0.,1.));
#2430=DIRECTION('center_axis',(0.347314355823594,0.937748760723704,0.));
#2431=DIRECTION('ref_axis',(-0.937748760723704,0.347314355823594,0.));
#2432=DIRECTION('',(0.,0.,-1.));
#2433=DIRECTION('center_axis',(0.,0.,-1.));
#2434=DIRECTION('ref_axis',(0.347314355823593,0.937748760723704,0.));
#2435=DIRECTION('',(0.,0.,1.));
#2436=DIRECTION('center_axis',(0.347314355823594,0.937748760723704,0.));
#2437=DIRECTION('ref_axis',(-0.937748760723704,0.347314355823594,0.));
#2438=DIRECTION('',(0.,0.,-1.));
#2439=DIRECTION('center_axis',(0.,0.,-1.));
#2440=DIRECTION('ref_axis',(0.347314355823594,0.937748760723704,0.));
#2441=DIRECTION('',(0.,0.,1.));
#2442=DIRECTION('center_axis',(0.347314355823594,0.937748760723704,0.));
#2443=DIRECTION('ref_axis',(-0.937748760723704,0.347314355823594,0.));
#2444=DIRECTION('',(0.,0.,-1.));
#2445=DIRECTION('center_axis',(0.,0.,-1.));
#2446=DIRECTION('ref_axis',(0.347314355823596,0.937748760723703,0.));
#2447=DIRECTION('',(0.,0.,1.));
#2448=DIRECTION('center_axis',(0.347314355823594,0.937748760723704,0.));
#2449=DIRECTION('ref_axis',(-0.937748760723704,0.347314355823594,0.));
#2450=DIRECTION('',(0.,0.,-1.));
#2451=DIRECTION('center_axis',(0.,0.,-1.));
#2452=DIRECTION('ref_axis',(0.347314355823595,0.937748760723703,0.));
#2453=DIRECTION('',(0.,0.,1.));
#2454=DIRECTION('center_axis',(0.347314355823594,0.937748760723704,0.));
#2455=DIRECTION('ref_axis',(-0.937748760723704,0.347314355823594,0.));
#2456=DIRECTION('',(0.,0.,-1.));
#2457=DIRECTION('center_axis',(0.,0.,-1.));
#2458=DIRECTION('ref_axis',(0.347314355823593,0.937748760723704,0.));
#2459=DIRECTION('',(0.,0.,1.));
#2460=DIRECTION('center_axis',(0.347314355823594,0.937748760723704,0.));
#2461=DIRECTION('ref_axis',(-0.937748760723704,0.347314355823594,0.));
#2462=DIRECTION('',(0.,0.,-1.));
#2463=DIRECTION('center_axis',(0.,0.,-1.));
#2464=DIRECTION('ref_axis',(0.347314355823593,0.937748760723704,0.));
#2465=DIRECTION('',(0.,0.,1.));
#2466=DIRECTION('center_axis',(0.347314355823594,0.937748760723704,0.));
#2467=DIRECTION('ref_axis',(-0.937748760723704,0.347314355823594,0.));
#2468=DIRECTION('',(0.,0.,-1.));
#2469=DIRECTION('center_axis',(0.,0.,-1.));
#2470=DIRECTION('ref_axis',(0.347314355823595,0.937748760723703,0.));
#2471=DIRECTION('',(0.,0.,1.));
#2472=DIRECTION('center_axis',(0.347314355823594,0.937748760723704,0.));
#2473=DIRECTION('ref_axis',(-0.937748760723704,0.347314355823594,0.));
#2474=DIRECTION('',(0.,0.,-1.));
#2475=DIRECTION('center_axis',(0.,0.,-1.));
#2476=DIRECTION('ref_axis',(0.51842712772414,0.855121811930732,0.));
#2477=DIRECTION('',(0.,0.,1.));
#2478=DIRECTION('center_axis',(0.347314355823594,0.937748760723704,0.));
#2479=DIRECTION('ref_axis',(-0.937748760723704,0.347314355823594,0.));
#2480=DIRECTION('',(0.,0.,1.));
#2481=DIRECTION('center_axis',(0.,0.,-1.));
#2482=DIRECTION('ref_axis',(0.00040336262546882,-0.999999918649293,0.));
#2483=DIRECTION('',(0.,0.,-1.));
#2484=DIRECTION('',(0.,0.,1.));
#2485=DIRECTION('center_axis',(3.65213382046765E-33,-1.,0.));
#2486=DIRECTION('ref_axis',(1.,3.65213382046765E-33,0.));
#2487=DIRECTION('',(0.,0.,-1.));
#2488=DIRECTION('center_axis',(0.,0.,-1.));
#2489=DIRECTION('ref_axis',(-2.08166817117217E-16,-1.,0.));
#2490=DIRECTION('',(0.,0.,1.));
#2491=DIRECTION('center_axis',(3.65213382046765E-33,-1.,0.));
#2492=DIRECTION('ref_axis',(1.,3.65213382046765E-33,0.));
#2493=DIRECTION('',(0.,0.,-1.));
#2494=DIRECTION('center_axis',(0.,0.,-1.));
#2495=DIRECTION('ref_axis',(-2.08166817117217E-16,-1.,0.));
#2496=DIRECTION('',(0.,0.,1.));
#2497=DIRECTION('center_axis',(3.65213382046765E-33,-1.,0.));
#2498=DIRECTION('ref_axis',(1.,3.65213382046765E-33,0.));
#2499=DIRECTION('',(0.,0.,-1.));
#2500=DIRECTION('center_axis',(0.,0.,-1.));
#2501=DIRECTION('ref_axis',(-2.08166817117217E-16,-1.,0.));
#2502=DIRECTION('',(0.,0.,1.));
#2503=DIRECTION('center_axis',(3.65213382046765E-33,-1.,0.));
#2504=DIRECTION('ref_axis',(1.,3.65213382046765E-33,0.));
#2505=DIRECTION('',(0.,0.,-1.));
#2506=DIRECTION('center_axis',(0.,0.,-1.));
#2507=DIRECTION('ref_axis',(-2.08166817117217E-16,-1.,0.));
#2508=DIRECTION('',(0.,0.,1.));
#2509=DIRECTION('center_axis',(3.65213382046765E-33,-1.,0.));
#2510=DIRECTION('ref_axis',(1.,3.65213382046765E-33,0.));
#2511=DIRECTION('',(0.,0.,-1.));
#2512=DIRECTION('center_axis',(0.,0.,-1.));
#2513=DIRECTION('ref_axis',(-2.08166817117217E-16,-1.,0.));
#2514=DIRECTION('',(0.,0.,1.));
#2515=DIRECTION('center_axis',(3.65213382046765E-33,-1.,0.));
#2516=DIRECTION('ref_axis',(1.,3.65213382046765E-33,0.));
#2517=DIRECTION('',(0.,0.,-1.));
#2518=DIRECTION('center_axis',(0.,0.,-1.));
#2519=DIRECTION('ref_axis',(-2.08166817117217E-16,-1.,0.));
#2520=DIRECTION('',(0.,0.,1.));
#2521=DIRECTION('center_axis',(3.65213382046765E-33,-1.,0.));
#2522=DIRECTION('ref_axis',(1.,3.65213382046765E-33,0.));
#2523=DIRECTION('',(0.,0.,-1.));
#2524=DIRECTION('center_axis',(0.,0.,-1.));
#2525=DIRECTION('ref_axis',(-2.08166817117217E-16,-1.,0.));
#2526=DIRECTION('',(0.,0.,1.));
#2527=DIRECTION('center_axis',(3.65213382046765E-33,-1.,0.));
#2528=DIRECTION('ref_axis',(1.,3.65213382046765E-33,0.));
#2529=DIRECTION('',(0.,0.,-1.));
#2530=DIRECTION('center_axis',(0.,0.,-1.));
#2531=DIRECTION('ref_axis',(-2.08166817117217E-16,-1.,0.));
#2532=DIRECTION('',(0.,0.,1.));
#2533=DIRECTION('center_axis',(3.65213382046765E-33,-1.,0.));
#2534=DIRECTION('ref_axis',(1.,3.65213382046765E-33,0.));
#2535=DIRECTION('',(0.,0.,-1.));
#2536=DIRECTION('center_axis',(0.,0.,-1.));
#2537=DIRECTION('ref_axis',(-2.08166817117217E-16,-1.,0.));
#2538=DIRECTION('',(0.,0.,1.));
#2539=DIRECTION('center_axis',(3.65213382046765E-33,-1.,0.));
#2540=DIRECTION('ref_axis',(1.,3.65213382046765E-33,0.));
#2541=DIRECTION('',(0.,0.,-1.));
#2542=DIRECTION('center_axis',(0.,0.,-1.));
#2543=DIRECTION('ref_axis',(-2.08166817117217E-16,-1.,0.));
#2544=DIRECTION('',(0.,0.,1.));
#2545=DIRECTION('center_axis',(3.65213382046765E-33,-1.,0.));
#2546=DIRECTION('ref_axis',(1.,3.65213382046765E-33,0.));
#2547=DIRECTION('',(0.,0.,-1.));
#2548=DIRECTION('center_axis',(0.,0.,-1.));
#2549=DIRECTION('ref_axis',(-2.08166817117217E-16,-1.,0.));
#2550=DIRECTION('',(0.,0.,1.));
#2551=DIRECTION('center_axis',(3.65213382046765E-33,-1.,0.));
#2552=DIRECTION('ref_axis',(1.,3.65213382046765E-33,0.));
#2553=DIRECTION('',(0.,0.,-1.));
#2554=DIRECTION('center_axis',(0.,0.,-1.));
#2555=DIRECTION('ref_axis',(-2.08166817117217E-16,-1.,0.));
#2556=DIRECTION('',(0.,0.,1.));
#2557=DIRECTION('center_axis',(3.65213382046765E-33,-1.,0.));
#2558=DIRECTION('ref_axis',(1.,3.65213382046765E-33,0.));
#2559=DIRECTION('',(0.,0.,-1.));
#2560=DIRECTION('center_axis',(0.,0.,-1.));
#2561=DIRECTION('ref_axis',(-2.08166817117217E-16,-1.,0.));
#2562=DIRECTION('',(0.,0.,1.));
#2563=DIRECTION('center_axis',(3.65213382046765E-33,-1.,0.));
#2564=DIRECTION('ref_axis',(1.,3.65213382046765E-33,0.));
#2565=DIRECTION('',(0.,0.,-1.));
#2566=DIRECTION('center_axis',(0.,0.,-1.));
#2567=DIRECTION('ref_axis',(-2.08166817117217E-16,-1.,0.));
#2568=DIRECTION('',(0.,0.,1.));
#2569=DIRECTION('center_axis',(0.,0.,-1.));
#2570=DIRECTION('ref_axis',(0.906597548904432,0.421996308420435,0.));
#2571=DIRECTION('center_axis',(0.,0.,1.));
#2572=DIRECTION('ref_axis',(-0.707106781186547,-0.707106781186548,0.));
#2573=DIRECTION('',(0.,0.,1.));
#2574=DIRECTION('center_axis',(-1.,-1.22464679914735E-16,0.));
#2575=DIRECTION('ref_axis',(1.22464679914735E-16,-1.,0.));
#2576=DIRECTION('',(0.,0.,-1.));
#2577=DIRECTION('center_axis',(0.,0.,1.));
#2578=DIRECTION('ref_axis',(-0.571264231409778,0.820766213919528,0.));
#2579=DIRECTION('',(0.,0.,1.));
#2580=DIRECTION('center_axis',(0.347314355823594,0.937748760723704,0.));
#2581=DIRECTION('ref_axis',(-0.937748760723704,0.347314355823594,0.));
#2582=DIRECTION('center_axis',(0.,0.,1.));
#2583=DIRECTION('ref_axis',(0.984314167510483,-0.176424543752126,0.));
#2584=DIRECTION('center_axis',(0.,0.,1.));
#2585=DIRECTION('ref_axis',(-0.571264231409775,0.82076621391953,0.));
#2586=DIRECTION('',(0.,0.,1.));
#2587=DIRECTION('center_axis',(-1.,-1.22464679914735E-16,0.));
#2588=DIRECTION('ref_axis',(1.22464679914735E-16,-1.,0.));
#2589=DIRECTION('',(0.,0.,-1.));
#2590=DIRECTION('center_axis',(0.,0.,1.));
#2591=DIRECTION('ref_axis',(-0.707106781186547,-0.707106781186548,0.));
#2592=DIRECTION('',(0.,0.,1.));
#2593=DIRECTION('center_axis',(3.65213382046765E-33,-1.,0.));
#2594=DIRECTION('ref_axis',(1.,3.65213382046765E-33,0.));
#2595=DIRECTION('center_axis',(3.65213382046765E-33,-1.,0.));
#2596=DIRECTION('ref_axis',(1.,3.65213382046765E-33,0.));
#2597=CARTESIAN_POINT('',(0.,0.,0.));
#2598=CARTESIAN_POINT('Origin',(60.7392809491956,6.,40.));
#2599=CARTESIAN_POINT('',(60.7392809491956,4.,40.));
#2600=CARTESIAN_POINT('',(62.4957165906499,6.95652173913043,40.));
#2601=CARTESIAN_POINT('Origin',(60.7392809491956,6.,40.));
#2602=CARTESIAN_POINT('',(62.4957165906499,6.95652173913043,0.));
#2603=CARTESIAN_POINT('',(62.4957165906499,6.95652173913043,40.));
#2604=CARTESIAN_POINT('',(60.7392809491956,4.,0.));
#2605=CARTESIAN_POINT('Origin',(60.7392809491956,6.,0.));
#2606=CARTESIAN_POINT('',(60.7392809491956,4.,40.));
#2607=CARTESIAN_POINT('Origin',(70.8387858875577,11.5,40.));
#2608=CARTESIAN_POINT('',(64.5930982191228,18.6583088469527,40.));
#2609=CARTESIAN_POINT('Origin',(70.8387858875577,11.5,40.));
#2610=CARTESIAN_POINT('',(64.5930982191228,18.6583088469527,0.));
#2611=CARTESIAN_POINT('',(64.5930982191228,18.6583088469527,40.));
#2612=CARTESIAN_POINT('Origin',(70.8387858875577,11.5,0.));
#2613=CARTESIAN_POINT('Origin',(63.2782166047155,20.1653212357848,40.));
#2614=CARTESIAN_POINT('',(63.9728453163627,22.0408187572322,0.));
#2615=CARTESIAN_POINT('Origin',(63.2782166047155,20.1653212357848,0.));
#2616=CARTESIAN_POINT('',(63.9728453163627,22.0408187572322,40.));
#2617=CARTESIAN_POINT('Origin',(63.2782166047155,20.1653212357848,40.));
#2618=CARTESIAN_POINT('',(63.9728453163627,22.0408187572322,40.));
#2619=CARTESIAN_POINT('Origin',(82.2198130844594,13.1499151321759,40.));
#2620=CARTESIAN_POINT('',(82.9144417961066,15.0254126536234,40.));
#2621=CARTESIAN_POINT('',(80.2405040067374,12.8629733700584,40.));
#2622=CARTESIAN_POINT('Origin',(82.2198130844594,13.1499151321759,40.));
#2623=CARTESIAN_POINT('',(80.2405040067374,12.8629733700584,0.));
#2624=CARTESIAN_POINT('',(80.2405040067374,12.8629733700584,40.));
#2625=CARTESIAN_POINT('',(82.9144417961066,15.0254126536234,0.));
#2626=CARTESIAN_POINT('Origin',(82.2198130844594,13.1499151321759,0.));
#2627=CARTESIAN_POINT('',(82.9144417961066,15.0254126536234,40.));
#2628=CARTESIAN_POINT('Origin',(70.8387858875577,11.5,40.));
#2629=CARTESIAN_POINT('',(79.1818551844655,6.95652173913043,40.));
#2630=CARTESIAN_POINT('Origin',(70.8387858875577,11.5,40.));
#2631=CARTESIAN_POINT('',(79.1818551844655,6.95652173913043,0.));
#2632=CARTESIAN_POINT('',(79.1818551844655,6.95652173913043,40.));
#2633=CARTESIAN_POINT('Origin',(70.8387858875577,11.5,0.));
#2634=CARTESIAN_POINT('Origin',(80.9382908259197,6.,40.));
#2635=CARTESIAN_POINT('',(80.9382908259197,4.,0.));
#2636=CARTESIAN_POINT('Origin',(80.9382908259197,6.,0.));
#2637=CARTESIAN_POINT('',(80.9382908259197,4.,40.));
#2638=CARTESIAN_POINT('Origin',(80.9382908259197,6.,40.));
#2639=CARTESIAN_POINT('',(80.9382908259197,4.,40.));
#2640=CARTESIAN_POINT('Origin',(12.9945158142257,7.,40.));
#2641=CARTESIAN_POINT('',(12.9945158142257,4.,40.));
#2642=CARTESIAN_POINT('',(15.3945158142257,8.8,40.));
#2643=CARTESIAN_POINT('Origin',(12.9945158142257,7.,40.));
#2644=CARTESIAN_POINT('',(15.3945158142257,8.8,0.));
#2645=CARTESIAN_POINT('',(15.3945158142257,8.8,40.));
#2646=CARTESIAN_POINT('',(12.9945158142257,4.,0.));
#2647=CARTESIAN_POINT('Origin',(12.9945158142257,7.,0.));
#2648=CARTESIAN_POINT('',(12.9945158142257,4.,40.));
#2649=CARTESIAN_POINT('Origin',(28.9945158142257,19.,40.));
#2650=CARTESIAN_POINT('',(19.783739097784,33.2885125985827,40.));
#2651=CARTESIAN_POINT('Origin',(28.9945158142257,19.,40.));
#2652=CARTESIAN_POINT('',(19.783739097784,33.2885125985827,0.));
#2653=CARTESIAN_POINT('',(19.783739097784,33.2885125985827,40.));
#2654=CARTESIAN_POINT('Origin',(28.9945158142257,19.,0.));
#2655=CARTESIAN_POINT('Origin',(18.1583079125296,35.8100148218619,40.));
#2656=CARTESIAN_POINT('',(19.2002509800004,38.6232611040331,0.));
#2657=CARTESIAN_POINT('Origin',(18.1583079125296,35.8100148218619,0.));
#2658=CARTESIAN_POINT('',(19.2002509800004,38.6232611040331,40.));
#2659=CARTESIAN_POINT('Origin',(18.1583079125296,35.8100148218619,40.));
#2660=CARTESIAN_POINT('',(19.2002509800004,38.6232611040331,40.));
#2661=CARTESIAN_POINT('Origin',(48.1662682556881,24.6959554355069,40.));
#2662=CARTESIAN_POINT('',(49.2082113231589,27.5092017176781,40.));
#2663=CARTESIAN_POINT('',(45.2905053894687,23.8415621201809,40.));
#2664=CARTESIAN_POINT('Origin',(48.1662682556881,24.6959554355069,40.));
#2665=CARTESIAN_POINT('',(45.2905053894687,23.8415621201809,0.));
#2666=CARTESIAN_POINT('',(45.2905053894687,23.8415621201809,40.));
#2667=CARTESIAN_POINT('',(49.2082113231589,27.5092017176781,0.));
#2668=CARTESIAN_POINT('Origin',(48.1662682556881,24.6959554355069,0.));
#2669=CARTESIAN_POINT('',(49.2082113231589,27.5092017176781,40.));
#2670=CARTESIAN_POINT('Origin',(28.9945158142257,19.,40.));
#2671=CARTESIAN_POINT('',(42.5945158142257,8.8,40.));
#2672=CARTESIAN_POINT('Origin',(28.9945158142257,19.,40.));
#2673=CARTESIAN_POINT('',(42.5945158142257,8.8,0.));
#2674=CARTESIAN_POINT('',(42.5945158142257,8.8,40.));
#2675=CARTESIAN_POINT('Origin',(28.9945158142257,19.,0.));
#2676=CARTESIAN_POINT('Origin',(44.9945158142257,7.00000000000001,40.));
#2677=CARTESIAN_POINT('',(44.9945158142257,4.,0.));
#2678=CARTESIAN_POINT('Origin',(44.9945158142257,7.00000000000001,0.));
#2679=CARTESIAN_POINT('',(44.9945158142257,4.,40.));
#2680=CARTESIAN_POINT('Origin',(44.9945158142257,7.00000000000001,40.));
#2681=CARTESIAN_POINT('',(44.9945158142257,4.,40.));
#2682=CARTESIAN_POINT('Origin',(28.9945158142257,19.,40.));
#2683=CARTESIAN_POINT('',(41.9945158142257,19.,40.));
#2684=CARTESIAN_POINT('Origin',(28.9945158142257,19.,40.));
#2685=CARTESIAN_POINT('',(41.9945158142257,19.,0.));
#2686=CARTESIAN_POINT('',(41.9945158142257,19.,40.));
#2687=CARTESIAN_POINT('Origin',(28.9945158142257,19.,0.));
#2688=CARTESIAN_POINT('Origin',(-1.46085352818706E-32,4.,0.));
#2689=CARTESIAN_POINT('',(33.75,4.,0.));
#2690=CARTESIAN_POINT('',(33.75,4.,40.));
#2691=CARTESIAN_POINT('Origin',(133.610742576706,-3.75099504289482,0.));
#2692=CARTESIAN_POINT('',(99.8607425767056,8.74900495710519,40.));
#2693=CARTESIAN_POINT('',(99.8607425767056,8.74900495710519,0.));
#2694=CARTESIAN_POINT('Origin',(67.5,25.,0.));
#2695=CARTESIAN_POINT('',(15.3241412245222,46.4570548836158,0.));
#2696=CARTESIAN_POINT('',(12.7354682250593,45.2831599166447,0.));
#2697=CARTESIAN_POINT('Origin',(14.6109657465067,44.5885312049975,0.));
#2698=CARTESIAN_POINT('',(16.5236249814549,43.8801388957575,0.));
#2699=CARTESIAN_POINT('Origin',(14.6481274600075,44.5747676074046,0.));
#2700=CARTESIAN_POINT('',(20.0449793665004,42.5759335679628,0.));
#2701=CARTESIAN_POINT('',(135.,4.93038065763132E-31,0.));
#2702=CARTESIAN_POINT('',(23.7959744093953,41.1866761446684,0.));
#2703=CARTESIAN_POINT('Origin',(21.9204768879478,41.8813048563156,0.));
#2704=CARTESIAN_POINT('',(27.3544905079415,39.8687072192809,0.));
#2705=CARTESIAN_POINT('',(135.,4.93038065763132E-31,0.));
#2706=CARTESIAN_POINT('',(31.1054855508363,38.4794497959866,0.));
#2707=CARTESIAN_POINT('Origin',(29.2299880293889,39.1740785076337,0.));
#2708=CARTESIAN_POINT('',(34.6640016493826,37.161480870599,0.));
#2709=CARTESIAN_POINT('',(135.,4.93038065763132E-31,0.));
#2710=CARTESIAN_POINT('',(38.4149966922774,35.7722234473047,0.));
#2711=CARTESIAN_POINT('Origin',(36.53949917083,36.4668521589519,0.));
#2712=CARTESIAN_POINT('',(41.9735127908237,34.4542545219172,0.));
#2713=CARTESIAN_POINT('',(135.,4.93038065763132E-31,0.));
#2714=CARTESIAN_POINT('',(45.7245078337185,33.0649970986228,0.));
#2715=CARTESIAN_POINT('Origin',(43.8490103122711,33.75962581027,0.));
#2716=CARTESIAN_POINT('',(49.2830239322648,31.7470281732353,0.));
#2717=CARTESIAN_POINT('',(135.,4.93038065763132E-31,0.));
#2718=CARTESIAN_POINT('',(53.0340189751596,30.3577707499409,0.));
#2719=CARTESIAN_POINT('Origin',(51.1585214537122,31.0523994615881,0.));
#2720=CARTESIAN_POINT('',(56.5925350737059,29.0398018245534,0.));
#2721=CARTESIAN_POINT('',(135.,4.93038065763132E-31,0.));
#2722=CARTESIAN_POINT('',(60.3435301166007,27.650544401259,0.));
#2723=CARTESIAN_POINT('Origin',(58.4680325951533,28.3451731129062,0.));
#2724=CARTESIAN_POINT('',(63.9020462151469,26.3325754758715,0.));
#2725=CARTESIAN_POINT('',(135.,4.93038065763132E-31,0.));
#2726=CARTESIAN_POINT('',(67.6530412580417,24.9433180525771,0.));
#2727=CARTESIAN_POINT('Origin',(65.7775437365943,25.6379467642243,0.));
#2728=CARTESIAN_POINT('',(71.211557356588,23.6253491271896,0.));
#2729=CARTESIAN_POINT('',(135.,4.93038065763132E-31,0.));
#2730=CARTESIAN_POINT('',(74.9625523994828,22.2360917038953,0.));
#2731=CARTESIAN_POINT('Origin',(73.0870548780354,22.9307204155424,0.));
#2732=CARTESIAN_POINT('',(78.5210684980291,20.9181227785077,0.));
#2733=CARTESIAN_POINT('',(135.,4.93038065763132E-31,0.));
#2734=CARTESIAN_POINT('',(82.2720635409239,19.5288653552134,0.));
#2735=CARTESIAN_POINT('Origin',(80.3965660194765,20.2234940668606,0.));
#2736=CARTESIAN_POINT('',(85.8305796394702,18.2108964298259,0.));
#2737=CARTESIAN_POINT('',(135.,4.93038065763132E-31,0.));
#2738=CARTESIAN_POINT('',(89.581574682365,16.8216390065315,0.));
#2739=CARTESIAN_POINT('Origin',(87.7060771609176,17.5162677181787,0.));
#2740=CARTESIAN_POINT('',(93.1400907809113,15.503670081144,0.));
#2741=CARTESIAN_POINT('',(135.,4.93038065763132E-31,0.));
#2742=CARTESIAN_POINT('',(96.8910858238061,14.1144126578496,0.));
#2743=CARTESIAN_POINT('Origin',(95.0155883023587,14.8090413694968,0.));
#2744=CARTESIAN_POINT('',(100.449601922352,12.7964437324621,0.));
#2745=CARTESIAN_POINT('',(135.,4.93038065763132E-31,0.));
#2746=CARTESIAN_POINT('',(104.200596965247,11.4071863091677,0.));
#2747=CARTESIAN_POINT('Origin',(102.3250994438,12.1018150208149,0.));
#2748=CARTESIAN_POINT('',(107.759113063793,10.0892173837802,0.));
#2749=CARTESIAN_POINT('',(135.,4.93038065763132E-31,0.));
#2750=CARTESIAN_POINT('',(111.510108106688,8.69995996048583,0.));
#2751=CARTESIAN_POINT('Origin',(109.634610585241,9.39458867213301,0.));
#2752=CARTESIAN_POINT('',(115.068624205235,7.38199103509832,0.));
#2753=CARTESIAN_POINT('',(135.,4.93038065763132E-31,0.));
#2754=CARTESIAN_POINT('',(118.819619248129,5.99273361180394,0.));
#2755=CARTESIAN_POINT('Origin',(116.944121726682,6.68736232345112,0.));
#2756=CARTESIAN_POINT('',(122.378135346676,4.67476468641643,0.));
#2757=CARTESIAN_POINT('',(135.,4.93038065763132E-31,0.));
#2758=CARTESIAN_POINT('',(125.736871181252,2.63849365788064,0.));
#2759=CARTESIAN_POINT('Origin',(124.253632868123,3.98013597476924,0.));
#2760=CARTESIAN_POINT('',(123.921815616747,0.00161217591353235,0.));
#2761=CARTESIAN_POINT('Origin',(123.841527980445,2.,0.));
#2762=CARTESIAN_POINT('',(119.924975848797,-7.298613932764E-33,0.));
#2763=CARTESIAN_POINT('Origin',(121.92342779266,-0.0786754603883999,0.));
#2764=CARTESIAN_POINT('',(116.127093606927,0.,0.));
#2765=CARTESIAN_POINT('',(0.,0.,0.));
#2766=CARTESIAN_POINT('',(112.127093606927,0.,0.));
#2767=CARTESIAN_POINT('Origin',(114.127093606927,8.88178419700125E-15,0.));
#2768=CARTESIAN_POINT('',(108.332350017183,0.,0.));
#2769=CARTESIAN_POINT('',(0.,0.,0.));
#2770=CARTESIAN_POINT('',(104.332350017183,0.,0.));
#2771=CARTESIAN_POINT('Origin',(106.332350017183,8.88178419700125E-15,0.));
#2772=CARTESIAN_POINT('',(100.53760642744,0.,0.));
#2773=CARTESIAN_POINT('',(0.,0.,0.));
#2774=CARTESIAN_POINT('',(96.5376064274398,0.,0.));
#2775=CARTESIAN_POINT('Origin',(98.5376064274398,8.88178419700125E-15,0.));
#2776=CARTESIAN_POINT('',(92.7428628376962,0.,0.));
#2777=CARTESIAN_POINT('',(0.,0.,0.));
#2778=CARTESIAN_POINT('',(88.7428628376962,0.,0.));
#2779=CARTESIAN_POINT('Origin',(90.7428628376962,8.88178419700125E-15,0.));
#2780=CARTESIAN_POINT('',(84.9481192479526,0.,0.));
#2781=CARTESIAN_POINT('',(0.,0.,0.));
#2782=CARTESIAN_POINT('',(80.9481192479526,0.,0.));
#2783=CARTESIAN_POINT('Origin',(82.9481192479526,8.88178419700125E-15,0.));
#2784=CARTESIAN_POINT('',(77.153375658209,0.,0.));
#2785=CARTESIAN_POINT('',(0.,0.,0.));
#2786=CARTESIAN_POINT('',(73.153375658209,0.,0.));
#2787=CARTESIAN_POINT('Origin',(75.153375658209,8.88178419700125E-15,0.));
#2788=CARTESIAN_POINT('',(69.3586320684655,0.,0.));
#2789=CARTESIAN_POINT('',(0.,0.,0.));
#2790=CARTESIAN_POINT('',(65.3586320684654,0.,0.));
#2791=CARTESIAN_POINT('Origin',(67.3586320684654,8.88178419700125E-15,0.));
#2792=CARTESIAN_POINT('',(61.5638884787219,0.,0.));
#2793=CARTESIAN_POINT('',(0.,0.,0.));
#2794=CARTESIAN_POINT('',(57.5638884787219,0.,0.));
#2795=CARTESIAN_POINT('Origin',(59.5638884787219,8.88178419700125E-15,0.));
#2796=CARTESIAN_POINT('',(53.7691448889783,0.,0.));
#2797=CARTESIAN_POINT('',(0.,0.,0.));
#2798=CARTESIAN_POINT('',(49.7691448889783,0.,0.));
#2799=CARTESIAN_POINT('Origin',(51.7691448889783,8.88178419700125E-15,0.));
#2800=CARTESIAN_POINT('',(45.9744012992347,0.,0.));
#2801=CARTESIAN_POINT('',(0.,0.,0.));
#2802=CARTESIAN_POINT('',(41.9744012992347,0.,0.));
#2803=CARTESIAN_POINT('Origin',(43.9744012992347,8.88178419700125E-15,0.));
#2804=CARTESIAN_POINT('',(38.1796577094911,0.,0.));
#2805=CARTESIAN_POINT('',(0.,0.,0.));
#2806=CARTESIAN_POINT('',(34.1796577094911,0.,0.));
#2807=CARTESIAN_POINT('Origin',(36.1796577094911,8.88178419700125E-15,0.));
#2808=CARTESIAN_POINT('',(30.3849141197475,0.,0.));
#2809=CARTESIAN_POINT('',(0.,0.,0.));
#2810=CARTESIAN_POINT('',(26.3849141197475,0.,0.));
#2811=CARTESIAN_POINT('Origin',(28.3849141197475,8.88178419700125E-15,0.));
#2812=CARTESIAN_POINT('',(22.5901705300039,0.,0.));
#2813=CARTESIAN_POINT('',(0.,0.,0.));
#2814=CARTESIAN_POINT('',(18.5901705300039,0.,0.));
#2815=CARTESIAN_POINT('Origin',(20.5901705300039,8.88178419700125E-15,0.));
#2816=CARTESIAN_POINT('',(14.7954269402603,0.,0.));
#2817=CARTESIAN_POINT('',(0.,0.,0.));
#2818=CARTESIAN_POINT('',(10.7954269402603,0.,0.));
#2819=CARTESIAN_POINT('Origin',(12.7954269402603,8.88178419700125E-15,0.));
#2820=CARTESIAN_POINT('',(6.,2.19128029228059E-32,0.));
#2821=CARTESIAN_POINT('',(0.,0.,0.));
#2822=CARTESIAN_POINT('',(-7.34788079488412E-16,6.,0.));
#2823=CARTESIAN_POINT('Origin',(6.,6.,0.));
#2824=CARTESIAN_POINT('',(-5.06752422628982E-15,41.3794755338276,0.));
#2825=CARTESIAN_POINT('',(-6.12323399573677E-15,50.,0.));
#2826=CARTESIAN_POINT('',(8.08388613494158,47.0059680981698,0.));
#2827=CARTESIAN_POINT('Origin',(5.99999999999999,41.3794755338276,0.));
#2828=CARTESIAN_POINT('',(135.,4.93038065763132E-31,0.));
#2829=CARTESIAN_POINT('',(112.68305596089,4.,0.));
#2830=CARTESIAN_POINT('',(33.75,4.,0.));
#2831=CARTESIAN_POINT('',(99.8607425767056,8.74900495710519,0.));
#2832=CARTESIAN_POINT('',(76.3387858875577,11.5,0.));
#2833=CARTESIAN_POINT('Origin',(70.8387858875577,11.5,0.));
#2834=CARTESIAN_POINT('',(8.04194306747076,42.7559677383033,0.));
#2835=CARTESIAN_POINT('',(99.8607425767056,8.74900495710519,0.));
#2836=CARTESIAN_POINT('',(3.99999999999999,39.9427214561322,0.));
#2837=CARTESIAN_POINT('Origin',(6.99999999999999,39.9427214561322,0.));
#2838=CARTESIAN_POINT('',(4.,7.,0.));
#2839=CARTESIAN_POINT('',(3.99999999999999,37.5,0.));
#2840=CARTESIAN_POINT('',(7.,4.,0.));
#2841=CARTESIAN_POINT('Origin',(7.,7.,0.));
#2842=CARTESIAN_POINT('',(33.75,4.,0.));
#2843=CARTESIAN_POINT('Origin',(70.8387858875577,11.5,40.));
#2844=CARTESIAN_POINT('',(76.3387858875577,11.5,40.));
#2845=CARTESIAN_POINT('Origin',(70.8387858875577,11.5,40.));
#2846=CARTESIAN_POINT('',(76.3387858875577,11.5,40.));
#2847=CARTESIAN_POINT('Origin',(133.610742576706,-3.75099504289482,0.));
#2848=CARTESIAN_POINT('',(112.68305596089,4.,40.));
#2849=CARTESIAN_POINT('',(112.68305596089,4.,0.));
#2850=CARTESIAN_POINT('',(99.8607425767056,8.74900495710519,40.));
#2851=CARTESIAN_POINT('Origin',(67.4628382864992,25.0137635975928,40.));
#2852=CARTESIAN_POINT('',(15.3241412245222,46.4570548836158,40.));
#2853=CARTESIAN_POINT('',(12.7354682250593,45.2831599166447,40.));
#2854=CARTESIAN_POINT('Origin',(14.6109657465067,44.5885312049975,40.));
#2855=CARTESIAN_POINT('',(8.08388613494158,47.0059680981698,40.));
#2856=CARTESIAN_POINT('',(135.,4.93038065763132E-31,40.));
#2857=CARTESIAN_POINT('',(-5.06752422628982E-15,41.3794755338276,40.));
#2858=CARTESIAN_POINT('Origin',(5.99999999999999,41.3794755338276,40.));
#2859=CARTESIAN_POINT('',(-7.34788079488412E-16,6.,40.));
#2860=CARTESIAN_POINT('',(-6.12323399573677E-15,50.,40.));
#2861=CARTESIAN_POINT('',(6.,2.19128029228059E-32,40.));
#2862=CARTESIAN_POINT('Origin',(6.,6.,40.));
#2863=CARTESIAN_POINT('',(10.7954269402603,0.,40.));
#2864=CARTESIAN_POINT('',(0.,0.,40.));
#2865=CARTESIAN_POINT('',(14.7954269402603,0.,40.));
#2866=CARTESIAN_POINT('Origin',(12.7954269402603,8.88178419700125E-15,40.));
#2867=CARTESIAN_POINT('',(18.5901705300039,0.,40.));
#2868=CARTESIAN_POINT('',(0.,0.,40.));
#2869=CARTESIAN_POINT('',(22.5901705300039,0.,40.));
#2870=CARTESIAN_POINT('Origin',(20.5901705300039,8.88178419700125E-15,40.));
#2871=CARTESIAN_POINT('',(26.3849141197475,0.,40.));
#2872=CARTESIAN_POINT('',(0.,0.,40.));
#2873=CARTESIAN_POINT('',(30.3849141197475,0.,40.));
#2874=CARTESIAN_POINT('Origin',(28.3849141197475,8.88178419700125E-15,40.));
#2875=CARTESIAN_POINT('',(34.1796577094911,0.,40.));
#2876=CARTESIAN_POINT('',(0.,0.,40.));
#2877=CARTESIAN_POINT('',(38.1796577094911,0.,40.));
#2878=CARTESIAN_POINT('Origin',(36.1796577094911,8.88178419700125E-15,40.));
#2879=CARTESIAN_POINT('',(41.9744012992347,0.,40.));
#2880=CARTESIAN_POINT('',(0.,0.,40.));
#2881=CARTESIAN_POINT('',(45.9744012992347,0.,40.));
#2882=CARTESIAN_POINT('Origin',(43.9744012992347,8.88178419700125E-15,40.));
#2883=CARTESIAN_POINT('',(49.7691448889783,0.,40.));
#2884=CARTESIAN_POINT('',(0.,0.,40.));
#2885=CARTESIAN_POINT('',(53.7691448889783,0.,40.));
#2886=CARTESIAN_POINT('Origin',(51.7691448889783,8.88178419700125E-15,40.));
#2887=CARTESIAN_POINT('',(57.5638884787219,0.,40.));
#2888=CARTESIAN_POINT('',(0.,0.,40.));
#2889=CARTESIAN_POINT('',(61.5638884787219,0.,40.));
#2890=CARTESIAN_POINT('Origin',(59.5638884787219,8.88178419700125E-15,40.));
#2891=CARTESIAN_POINT('',(65.3586320684654,0.,40.));
#2892=CARTESIAN_POINT('',(0.,0.,40.));
#2893=CARTESIAN_POINT('',(69.3586320684655,0.,40.));
#2894=CARTESIAN_POINT('Origin',(67.3586320684654,8.88178419700125E-15,40.));
#2895=CARTESIAN_POINT('',(73.153375658209,0.,40.));
#2896=CARTESIAN_POINT('',(0.,0.,40.));
#2897=CARTESIAN_POINT('',(77.153375658209,0.,40.));
#2898=CARTESIAN_POINT('Origin',(75.153375658209,8.88178419700125E-15,40.));
#2899=CARTESIAN_POINT('',(80.9481192479526,0.,40.));
#2900=CARTESIAN_POINT('',(0.,0.,40.));
#2901=CARTESIAN_POINT('',(84.9481192479526,0.,40.));
#2902=CARTESIAN_POINT('Origin',(82.9481192479526,8.88178419700125E-15,40.));
#2903=CARTESIAN_POINT('',(88.7428628376962,0.,40.));
#2904=CARTESIAN_POINT('',(0.,0.,40.));
#2905=CARTESIAN_POINT('',(92.7428628376962,0.,40.));
#2906=CARTESIAN_POINT('Origin',(90.7428628376962,8.88178419700125E-15,40.));
#2907=CARTESIAN_POINT('',(96.5376064274398,0.,40.));
#2908=CARTESIAN_POINT('',(0.,0.,40.));
#2909=CARTESIAN_POINT('',(100.53760642744,0.,40.));
#2910=CARTESIAN_POINT('Origin',(98.5376064274398,8.88178419700125E-15,40.));
#2911=CARTESIAN_POINT('',(104.332350017183,0.,40.));
#2912=CARTESIAN_POINT('',(0.,0.,40.));
#2913=CARTESIAN_POINT('',(108.332350017183,0.,40.));
#2914=CARTESIAN_POINT('Origin',(106.332350017183,8.88178419700125E-15,40.));
#2915=CARTESIAN_POINT('',(112.127093606927,0.,40.));
#2916=CARTESIAN_POINT('',(0.,0.,40.));
#2917=CARTESIAN_POINT('',(116.127093606927,0.,40.));
#2918=CARTESIAN_POINT('Origin',(114.127093606927,8.88178419700125E-15,40.));
#2919=CARTESIAN_POINT('',(119.924975848797,-7.298613932764E-33,40.));
#2920=CARTESIAN_POINT('',(0.,0.,40.));
#2921=CARTESIAN_POINT('',(123.921815616747,0.00161217591353235,40.));
#2922=CARTESIAN_POINT('Origin',(121.92342779266,-0.0786754603883999,40.));
#2923=CARTESIAN_POINT('',(125.736871181252,2.63849365788064,40.));
#2924=CARTESIAN_POINT('Origin',(123.841527980445,2.,40.));
#2925=CARTESIAN_POINT('',(122.378135346676,4.67476468641643,40.));
#2926=CARTESIAN_POINT('Origin',(124.253632868123,3.98013597476924,40.));
#2927=CARTESIAN_POINT('',(118.819619248129,5.99273361180394,40.));
#2928=CARTESIAN_POINT('',(135.,4.93038065763132E-31,40.));
#2929=CARTESIAN_POINT('',(115.068624205235,7.38199103509832,40.));
#2930=CARTESIAN_POINT('Origin',(116.944121726682,6.68736232345112,40.));
#2931=CARTESIAN_POINT('',(111.510108106688,8.69995996048583,40.));
#2932=CARTESIAN_POINT('',(135.,4.93038065763132E-31,40.));
#2933=CARTESIAN_POINT('',(107.759113063793,10.0892173837802,40.));
#2934=CARTESIAN_POINT('Origin',(109.634610585241,9.39458867213301,40.));
#2935=CARTESIAN_POINT('',(104.200596965247,11.4071863091677,40.));
#2936=CARTESIAN_POINT('',(135.,4.93038065763132E-31,40.));
#2937=CARTESIAN_POINT('',(100.449601922352,12.7964437324621,40.));
#2938=CARTESIAN_POINT('Origin',(102.3250994438,12.1018150208149,40.));
#2939=CARTESIAN_POINT('',(96.8910858238061,14.1144126578496,40.));
#2940=CARTESIAN_POINT('',(135.,4.93038065763132E-31,40.));
#2941=CARTESIAN_POINT('',(93.1400907809113,15.503670081144,40.));
#2942=CARTESIAN_POINT('Origin',(95.0155883023587,14.8090413694968,40.));
#2943=CARTESIAN_POINT('',(89.581574682365,16.8216390065315,40.));
#2944=CARTESIAN_POINT('',(135.,4.93038065763132E-31,40.));
#2945=CARTESIAN_POINT('',(85.8305796394702,18.2108964298259,40.));
#2946=CARTESIAN_POINT('Origin',(87.7060771609176,17.5162677181787,40.));
#2947=CARTESIAN_POINT('',(82.2720635409239,19.5288653552134,40.));
#2948=CARTESIAN_POINT('',(135.,4.93038065763132E-31,40.));
#2949=CARTESIAN_POINT('',(78.5210684980291,20.9181227785077,40.));
#2950=CARTESIAN_POINT('Origin',(80.3965660194765,20.2234940668606,40.));
#2951=CARTESIAN_POINT('',(74.9625523994828,22.2360917038953,40.));
#2952=CARTESIAN_POINT('',(135.,4.93038065763132E-31,40.));
#2953=CARTESIAN_POINT('',(71.211557356588,23.6253491271896,40.));
#2954=CARTESIAN_POINT('Origin',(73.0870548780354,22.9307204155424,40.));
#2955=CARTESIAN_POINT('',(67.6530412580417,24.9433180525771,40.));
#2956=CARTESIAN_POINT('',(135.,4.93038065763132E-31,40.));
#2957=CARTESIAN_POINT('',(63.9020462151469,26.3325754758715,40.));
#2958=CARTESIAN_POINT('Origin',(65.7775437365943,25.6379467642243,40.));
#2959=CARTESIAN_POINT('',(60.3435301166007,27.650544401259,40.));
#2960=CARTESIAN_POINT('',(135.,4.93038065763132E-31,40.));
#2961=CARTESIAN_POINT('',(56.5925350737059,29.0398018245534,40.));
#2962=CARTESIAN_POINT('Origin',(58.4680325951533,28.3451731129062,40.));
#2963=CARTESIAN_POINT('',(53.0340189751596,30.3577707499409,40.));
#2964=CARTESIAN_POINT('',(135.,4.93038065763132E-31,40.));
#2965=CARTESIAN_POINT('',(49.2830239322648,31.7470281732353,40.));
#2966=CARTESIAN_POINT('Origin',(51.1585214537122,31.0523994615881,40.));
#2967=CARTESIAN_POINT('',(45.7245078337185,33.0649970986228,40.));
#2968=CARTESIAN_POINT('',(135.,4.93038065763132E-31,40.));
#2969=CARTESIAN_POINT('',(41.9735127908237,34.4542545219172,40.));
#2970=CARTESIAN_POINT('Origin',(43.8490103122711,33.75962581027,40.));
#2971=CARTESIAN_POINT('',(38.4149966922774,35.7722234473047,40.));
#2972=CARTESIAN_POINT('',(135.,4.93038065763132E-31,40.));
#2973=CARTESIAN_POINT('',(34.6640016493826,37.161480870599,40.));
#2974=CARTESIAN_POINT('Origin',(36.53949917083,36.4668521589519,40.));
#2975=CARTESIAN_POINT('',(31.1054855508363,38.4794497959866,40.));
#2976=CARTESIAN_POINT('',(135.,4.93038065763132E-31,40.));
#2977=CARTESIAN_POINT('',(27.3544905079415,39.8687072192809,40.));
#2978=CARTESIAN_POINT('Origin',(29.2299880293889,39.1740785076337,40.));
#2979=CARTESIAN_POINT('',(23.7959744093953,41.1866761446684,40.));
#2980=CARTESIAN_POINT('',(135.,4.93038065763132E-31,40.));
#2981=CARTESIAN_POINT('',(20.0449793665004,42.5759335679628,40.));
#2982=CARTESIAN_POINT('Origin',(21.9204768879478,41.8813048563156,40.));
#2983=CARTESIAN_POINT('',(16.5236249814549,43.8801388957575,40.));
#2984=CARTESIAN_POINT('',(135.,4.93038065763132E-31,40.));
#2985=CARTESIAN_POINT('Origin',(14.6481274600075,44.5747676074046,40.));
#2986=CARTESIAN_POINT('',(7.,4.,40.));
#2987=CARTESIAN_POINT('',(33.75,4.,40.));
#2988=CARTESIAN_POINT('',(4.,7.,40.));
#2989=CARTESIAN_POINT('Origin',(7.,7.,40.));
#2990=CARTESIAN_POINT('',(3.99999999999999,39.9427214561322,40.));
#2991=CARTESIAN_POINT('',(3.99999999999999,37.5,40.));
#2992=CARTESIAN_POINT('',(8.04194306747076,42.7559677383033,40.));
#2993=CARTESIAN_POINT('Origin',(6.99999999999999,39.9427214561322,40.));
#2994=CARTESIAN_POINT('',(99.8607425767056,8.74900495710519,40.));
#2995=CARTESIAN_POINT('',(33.75,4.,40.));
#2996=CARTESIAN_POINT('Origin',(-1.46085352818706E-32,4.,0.));
#2997=CARTESIAN_POINT('',(7.,4.,0.));
#2998=CARTESIAN_POINT('Origin',(14.6109657465067,44.5885312049975,40.));
#2999=CARTESIAN_POINT('',(15.3241412245222,46.4570548836158,40.));
#3000=CARTESIAN_POINT('',(12.7354682250593,45.2831599166447,40.));
#3001=CARTESIAN_POINT('Origin',(135.,4.93038065763132E-31,0.));
#3002=CARTESIAN_POINT('',(8.08388613494155,47.0059680981698,0.));
#3003=CARTESIAN_POINT('Origin',(21.9204768879478,41.8813048563156,40.));
#3004=CARTESIAN_POINT('',(20.0449793665004,42.5759335679628,40.));
#3005=CARTESIAN_POINT('',(23.7959744093952,41.1866761446684,40.));
#3006=CARTESIAN_POINT('Origin',(135.,4.93038065763132E-31,0.));
#3007=CARTESIAN_POINT('',(27.3544905079415,39.8687072192809,40.));
#3008=CARTESIAN_POINT('Origin',(29.2299880293889,39.1740785076337,40.));
#3009=CARTESIAN_POINT('',(31.1054855508363,38.4794497959866,40.));
#3010=CARTESIAN_POINT('Origin',(135.,4.93038065763132E-31,0.));
#3011=CARTESIAN_POINT('',(34.6640016493826,37.161480870599,40.));
#3012=CARTESIAN_POINT('Origin',(36.53949917083,36.4668521589519,40.));
#3013=CARTESIAN_POINT('',(38.4149966922774,35.7722234473047,40.));
#3014=CARTESIAN_POINT('Origin',(135.,4.93038065763132E-31,0.));
#3015=CARTESIAN_POINT('',(41.9735127908237,34.4542545219172,40.));
#3016=CARTESIAN_POINT('Origin',(43.8490103122711,33.75962581027,40.));
#3017=CARTESIAN_POINT('',(45.7245078337185,33.0649970986228,40.));
#3018=CARTESIAN_POINT('Origin',(135.,4.93038065763132E-31,0.));
#3019=CARTESIAN_POINT('',(49.2830239322648,31.7470281732353,40.));
#3020=CARTESIAN_POINT('Origin',(51.1585214537122,31.0523994615881,40.));
#3021=CARTESIAN_POINT('',(53.0340189751596,30.3577707499409,40.));
#3022=CARTESIAN_POINT('Origin',(135.,4.93038065763132E-31,0.));
#3023=CARTESIAN_POINT('',(56.5925350737058,29.0398018245534,40.));
#3024=CARTESIAN_POINT('Origin',(58.4680325951533,28.3451731129062,40.));
#3025=CARTESIAN_POINT('',(60.3435301166007,27.650544401259,40.));
#3026=CARTESIAN_POINT('Origin',(135.,4.93038065763132E-31,0.));
#3027=CARTESIAN_POINT('',(63.9020462151469,26.3325754758715,40.));
#3028=CARTESIAN_POINT('Origin',(65.7775437365943,25.6379467642243,40.));
#3029=CARTESIAN_POINT('',(67.6530412580417,24.9433180525771,40.));
#3030=CARTESIAN_POINT('Origin',(135.,4.93038065763132E-31,0.));
#3031=CARTESIAN_POINT('',(71.211557356588,23.6253491271896,40.));
#3032=CARTESIAN_POINT('Origin',(73.0870548780354,22.9307204155424,40.));
#3033=CARTESIAN_POINT('',(74.9625523994828,22.2360917038953,40.));
#3034=CARTESIAN_POINT('Origin',(135.,4.93038065763132E-31,0.));
#3035=CARTESIAN_POINT('',(78.5210684980291,20.9181227785078,40.));
#3036=CARTESIAN_POINT('Origin',(80.3965660194765,20.2234940668606,40.));
#3037=CARTESIAN_POINT('',(82.2720635409239,19.5288653552134,40.));
#3038=CARTESIAN_POINT('Origin',(135.,4.93038065763132E-31,0.));
#3039=CARTESIAN_POINT('',(85.8305796394702,18.2108964298259,40.));
#3040=CARTESIAN_POINT('Origin',(87.7060771609176,17.5162677181787,40.));
#3041=CARTESIAN_POINT('',(89.581574682365,16.8216390065315,40.));
#3042=CARTESIAN_POINT('Origin',(135.,4.93038065763132E-31,0.));
#3043=CARTESIAN_POINT('',(93.1400907809113,15.503670081144,40.));
#3044=CARTESIAN_POINT('Origin',(95.0155883023587,14.8090413694968,40.));
#3045=CARTESIAN_POINT('',(96.8910858238061,14.1144126578496,40.));
#3046=CARTESIAN_POINT('Origin',(135.,4.93038065763132E-31,0.));
#3047=CARTESIAN_POINT('',(100.449601922352,12.7964437324621,40.));
#3048=CARTESIAN_POINT('Origin',(102.3250994438,12.1018150208149,40.));
#3049=CARTESIAN_POINT('',(104.200596965247,11.4071863091677,40.));
#3050=CARTESIAN_POINT('Origin',(135.,4.93038065763132E-31,0.));
#3051=CARTESIAN_POINT('',(107.759113063793,10.0892173837802,40.));
#3052=CARTESIAN_POINT('Origin',(109.634610585241,9.39458867213301,40.));
#3053=CARTESIAN_POINT('',(111.510108106688,8.69995996048583,40.));
#3054=CARTESIAN_POINT('Origin',(135.,4.93038065763132E-31,0.));
#3055=CARTESIAN_POINT('',(115.068624205235,7.38199103509832,40.));
#3056=CARTESIAN_POINT('Origin',(116.944121726682,6.68736232345112,40.));
#3057=CARTESIAN_POINT('',(118.819619248129,5.99273361180394,40.));
#3058=CARTESIAN_POINT('Origin',(135.,4.93038065763132E-31,0.));
#3059=CARTESIAN_POINT('',(122.378135346676,4.67476468641644,40.));
#3060=CARTESIAN_POINT('Origin',(124.253632868123,3.98013597476924,40.));
#3061=CARTESIAN_POINT('',(125.736871181252,2.63849365788064,40.));
#3062=CARTESIAN_POINT('Origin',(135.,4.93038065763132E-31,0.));
#3063=CARTESIAN_POINT('',(16.5236249814549,43.8801388957575,40.));
#3064=CARTESIAN_POINT('Origin',(121.92342779266,-0.0786754603883999,40.));
#3065=CARTESIAN_POINT('',(123.921815616747,0.0016121759135318,40.));
#3066=CARTESIAN_POINT('',(119.924975848797,-7.298613932764E-33,40.));
#3067=CARTESIAN_POINT('Origin',(0.,0.,0.));
#3068=CARTESIAN_POINT('',(116.127093606927,7.3042676409353E-33,40.));
#3069=CARTESIAN_POINT('Origin',(114.127093606927,8.88178419700125E-15,40.));
#3070=CARTESIAN_POINT('',(112.127093606927,-7.3042676409353E-33,40.));
#3071=CARTESIAN_POINT('Origin',(0.,0.,0.));
#3072=CARTESIAN_POINT('',(108.332350017183,7.3042676409353E-33,40.));
#3073=CARTESIAN_POINT('Origin',(106.332350017183,8.88178419700125E-15,40.));
#3074=CARTESIAN_POINT('',(104.332350017183,-7.3042676409353E-33,40.));
#3075=CARTESIAN_POINT('Origin',(0.,0.,0.));
#3076=CARTESIAN_POINT('',(100.53760642744,7.3042676409353E-33,40.));
#3077=CARTESIAN_POINT('Origin',(98.5376064274398,8.88178419700125E-15,40.));
#3078=CARTESIAN_POINT('',(96.5376064274398,-7.3042676409353E-33,40.));
#3079=CARTESIAN_POINT('Origin',(0.,0.,0.));
#3080=CARTESIAN_POINT('',(92.7428628376962,7.3042676409353E-33,40.));
#3081=CARTESIAN_POINT('Origin',(90.7428628376962,8.88178419700125E-15,40.));
#3082=CARTESIAN_POINT('',(88.7428628376962,-7.3042676409353E-33,40.));
#3083=CARTESIAN_POINT('Origin',(0.,0.,0.));
#3084=CARTESIAN_POINT('',(84.9481192479526,7.3042676409353E-33,40.));
#3085=CARTESIAN_POINT('Origin',(82.9481192479526,8.88178419700125E-15,40.));
#3086=CARTESIAN_POINT('',(80.9481192479526,-7.3042676409353E-33,40.));
#3087=CARTESIAN_POINT('Origin',(0.,0.,0.));
#3088=CARTESIAN_POINT('',(77.153375658209,7.3042676409353E-33,40.));
#3089=CARTESIAN_POINT('Origin',(75.153375658209,8.88178419700125E-15,40.));
#3090=CARTESIAN_POINT('',(73.153375658209,-7.3042676409353E-33,40.));
#3091=CARTESIAN_POINT('Origin',(0.,0.,0.));
#3092=CARTESIAN_POINT('',(69.3586320684655,7.3042676409353E-33,40.));
#3093=CARTESIAN_POINT('Origin',(67.3586320684654,8.88178419700125E-15,40.));
#3094=CARTESIAN_POINT('',(65.3586320684654,-7.3042676409353E-33,40.));
#3095=CARTESIAN_POINT('Origin',(0.,0.,0.));
#3096=CARTESIAN_POINT('',(61.5638884787219,7.3042676409353E-33,40.));
#3097=CARTESIAN_POINT('Origin',(59.5638884787219,8.88178419700125E-15,40.));
#3098=CARTESIAN_POINT('',(57.5638884787219,-7.3042676409353E-33,40.));
#3099=CARTESIAN_POINT('Origin',(0.,0.,0.));
#3100=CARTESIAN_POINT('',(53.7691448889783,7.3042676409353E-33,40.));
#3101=CARTESIAN_POINT('Origin',(51.7691448889783,8.88178419700125E-15,40.));
#3102=CARTESIAN_POINT('',(49.7691448889783,-7.3042676409353E-33,40.));
#3103=CARTESIAN_POINT('Origin',(0.,0.,0.));
#3104=CARTESIAN_POINT('',(45.9744012992347,7.3042676409353E-33,40.));
#3105=CARTESIAN_POINT('Origin',(43.9744012992347,8.88178419700125E-15,40.));
#3106=CARTESIAN_POINT('',(41.9744012992347,-7.3042676409353E-33,40.));
#3107=CARTESIAN_POINT('Origin',(0.,0.,0.));
#3108=CARTESIAN_POINT('',(38.1796577094911,7.3042676409353E-33,40.));
#3109=CARTESIAN_POINT('Origin',(36.1796577094911,8.88178419700125E-15,40.));
#3110=CARTESIAN_POINT('',(34.1796577094911,-7.3042676409353E-33,40.));
#3111=CARTESIAN_POINT('Origin',(0.,0.,0.));
#3112=CARTESIAN_POINT('',(30.3849141197475,7.3042676409353E-33,40.));
#3113=CARTESIAN_POINT('Origin',(28.3849141197475,8.88178419700125E-15,40.));
#3114=CARTESIAN_POINT('',(26.3849141197475,-7.3042676409353E-33,40.));
#3115=CARTESIAN_POINT('Origin',(0.,0.,0.));
#3116=CARTESIAN_POINT('',(22.5901705300039,7.3042676409353E-33,40.));
#3117=CARTESIAN_POINT('Origin',(20.5901705300039,8.88178419700125E-15,40.));
#3118=CARTESIAN_POINT('',(18.5901705300039,-7.3042676409353E-33,40.));
#3119=CARTESIAN_POINT('Origin',(0.,0.,0.));
#3120=CARTESIAN_POINT('',(14.7954269402603,7.3042676409353E-33,40.));
#3121=CARTESIAN_POINT('Origin',(12.7954269402603,8.88178419700125E-15,40.));
#3122=CARTESIAN_POINT('',(10.7954269402603,-7.3042676409353E-33,40.));
#3123=CARTESIAN_POINT('Origin',(14.6481274600075,44.5747676074046,40.));
#3124=CARTESIAN_POINT('Origin',(7.,7.,0.));
#3125=CARTESIAN_POINT('',(4.,7.,0.));
#3126=CARTESIAN_POINT('Origin',(3.99999999999999,50.,0.));
#3127=CARTESIAN_POINT('',(4.,39.9427214561322,0.));
#3128=CARTESIAN_POINT('Origin',(6.99999999999999,39.9427214561322,0.));
#3129=CARTESIAN_POINT('',(8.04194306747077,42.7559677383033,0.));
#3130=CARTESIAN_POINT('Origin',(133.610742576706,-3.75099504289482,0.));
#3131=CARTESIAN_POINT('Origin',(123.841527980445,2.,0.));
#3132=CARTESIAN_POINT('Origin',(5.99999999999999,41.3794755338276,0.));
#3133=CARTESIAN_POINT('',(-5.55111512312578E-15,41.3794755338276,0.));
#3134=CARTESIAN_POINT('Origin',(-6.12323399573677E-15,50.,0.));
#3135=CARTESIAN_POINT('',(-1.11022302462516E-15,6.,0.));
#3136=CARTESIAN_POINT('Origin',(6.,6.,0.));
#3137=CARTESIAN_POINT('',(6.,0.,0.));
#3138=CARTESIAN_POINT('Origin',(-1.46085352818706E-32,4.,0.));
#3139=CARTESIAN_POINT('Origin',(0.,0.,0.));
#3140=UNCERTAINTY_MEASURE_WITH_UNIT(LENGTH_MEASURE(0.01),#3144,
'DISTANCE_ACCURACY_VALUE',
'Maximum model space distance between geometric entities at asserted c
onnectivities');
#3141=UNCERTAINTY_MEASURE_WITH_UNIT(LENGTH_MEASURE(0.01),#3144,
'DISTANCE_ACCURACY_VALUE',
'Maximum model space distance between geometric entities at asserted c
onnectivities');
#3142=(
GEOMETRIC_REPRESENTATION_CONTEXT(3)
GLOBAL_UNCERTAINTY_ASSIGNED_CONTEXT((#3140))
GLOBAL_UNIT_ASSIGNED_CONTEXT((#3144,#3146,#3147))
REPRESENTATION_CONTEXT('','3D')
);
#3143=(
GEOMETRIC_REPRESENTATION_CONTEXT(3)
GLOBAL_UNCERTAINTY_ASSIGNED_CONTEXT((#3141))
GLOBAL_UNIT_ASSIGNED_CONTEXT((#3144,#3146,#3147))
REPRESENTATION_CONTEXT('','3D')
);
#3144=(
LENGTH_UNIT()
NAMED_UNIT(*)
SI_UNIT(.MILLI.,.METRE.)
);
#3145=(
LENGTH_UNIT()
NAMED_UNIT(*)
SI_UNIT($,.METRE.)
);
#3146=(
NAMED_UNIT(*)
PLANE_ANGLE_UNIT()
SI_UNIT($,.RADIAN.)
);
#3147=(
NAMED_UNIT(*)
SI_UNIT($,.STERADIAN.)
SOLID_ANGLE_UNIT()
);
#3148=SHAPE_DEFINITION_REPRESENTATION(#3149,#3150);
#3149=PRODUCT_DEFINITION_SHAPE('',$,#3152);
#3150=SHAPE_REPRESENTATION('',(#1844),#3142);
#3151=PRODUCT_DEFINITION_CONTEXT('part definition',#3156,'design');
#3152=PRODUCT_DEFINITION('2026-09-09-14-30-39-371','Day08-DoorStop',#3153,
#3151);
#3153=PRODUCT_DEFINITION_FORMATION('',$,#3158);
#3154=PRODUCT_RELATED_PRODUCT_CATEGORY('Day08-DoorStop',
'Day08-DoorStop',(#3158));
#3155=APPLICATION_PROTOCOL_DEFINITION('international standard',
'automotive_design',2009,#3156);
#3156=APPLICATION_CONTEXT(
'Core Data for Automotive Mechanical Design Process');
#3157=PRODUCT_CONTEXT('part definition',#3156,'mechanical');
#3158=PRODUCT('2026-09-09-14-30-39-371','Day08-DoorStop',$,(#3157));
#3159=PRESENTATION_STYLE_ASSIGNMENT((#3160));
#3160=SURFACE_STYLE_USAGE(.BOTH.,#3161);
#3161=SURFACE_SIDE_STYLE('',(#3162));
#3162=SURFACE_STYLE_FILL_AREA(#3163);
#3163=FILL_AREA_STYLE('Steel - Satin',(#3164));
#3164=FILL_AREA_STYLE_COLOUR('Steel - Satin',#3165);
#3165=COLOUR_RGB('Steel - Satin',0.627450980392157,0.627450980392157,0.627450980392157);
ENDSEC;
END-ISO-10303-21;
