ISO-10303-21;
HEADER;
/* Generated by software containing ST-Developer
 * from STEP Tools, Inc. (www.steptools.com) 
 */

FILE_DESCRIPTION(
/* description */ (''),
/* implementation_level */ '2;1');

FILE_NAME(
/* name */ 'Day07-Bike-Handlebar-Grip.step',
/* time_stamp */ '2026-09-04T16:57:33+05:30',
/* author */ (''),
/* organization */ (''),
/* preprocessor_version */ 'ST-DEVELOPER v20.1',
/* originating_system */ 'Autodesk Translation Framework v15.8.0.0',
/* authorisation */ '');

FILE_SCHEMA (('AUTOMOTIVE_DESIGN { 1 0 10303 214 3 1 1 }'));
ENDSEC;

DATA;
#10=MECHANICAL_DESIGN_GEOMETRIC_PRESENTATION_REPRESENTATION('',(#101,#102,
#103,#104,#105,#106,#107,#108,#109,#110),#13790);
#11=SHAPE_REPRESENTATION_RELATIONSHIP('SRR','None',#13797,#12);
#12=ADVANCED_BREP_SHAPE_REPRESENTATION('',(#13),#13789);
#13=MANIFOLD_SOLID_BREP('Body1',#6992);
#14=B_SPLINE_SURFACE_WITH_KNOTS('',3,3,((#11270,#11271,#11272,#11273),(#11274,
#11275,#11276,#11277),(#11278,#11279,#11280,#11281),(#11282,#11283,#11284,
#11285),(#11286,#11287,#11288,#11289)),.UNSPECIFIED.,.F.,.F.,.F.,(4,1,4),
(4,4),(0.,0.115433837903541,0.23462553207968),(0.,0.2),.UNSPECIFIED.);
#15=B_SPLINE_SURFACE_WITH_KNOTS('',3,3,((#11299,#11300,#11301,#11302),(#11303,
#11304,#11305,#11306),(#11307,#11308,#11309,#11310),(#11311,#11312,#11313,
#11314),(#11315,#11316,#11317,#11318)),.UNSPECIFIED.,.F.,.F.,.F.,(4,1,4),
(4,4),(0.,0.123807691220543,0.242585499864221),(0.,0.2),.UNSPECIFIED.);
#16=B_SPLINE_SURFACE_WITH_KNOTS('',3,3,((#11326,#11327,#11328,#11329),(#11330,
#11331,#11332,#11333),(#11334,#11335,#11336,#11337),(#11338,#11339,#11340,
#11341),(#11342,#11343,#11344,#11345)),.UNSPECIFIED.,.F.,.F.,.F.,(4,1,4),
(4,4),(0.,0.194573302059197,0.343306050888676),(0.,0.2),.UNSPECIFIED.);
#17=B_SPLINE_SURFACE_WITH_KNOTS('',3,3,((#11353,#11354,#11355,#11356),(#11357,
#11358,#11359,#11360),(#11361,#11362,#11363,#11364),(#11365,#11366,#11367,
#11368),(#11369,#11370,#11371,#11372)),.UNSPECIFIED.,.F.,.F.,.F.,(4,1,4),
(4,4),(0.,0.139852307772779,0.317737134026267),(0.,0.2),.UNSPECIFIED.);
#18=B_SPLINE_SURFACE_WITH_KNOTS('',3,3,((#11380,#11381,#11382,#11383),(#11384,
#11385,#11386,#11387),(#11388,#11389,#11390,#11391),(#11392,#11393,#11394,
#11395),(#11396,#11397,#11398,#11399)),.UNSPECIFIED.,.F.,.F.,.F.,(4,1,4),
(4,4),(0.,0.114351966908202,0.233620931058442),(0.,0.2),.UNSPECIFIED.);
#19=B_SPLINE_SURFACE_WITH_KNOTS('',3,3,((#11407,#11408,#11409,#11410),(#11411,
#11412,#11413,#11414),(#11415,#11416,#11417,#11418),(#11419,#11420,#11421,
#11422),(#11423,#11424,#11425,#11426)),.UNSPECIFIED.,.F.,.F.,.F.,(4,1,4),
(4,4),(0.,0.12332406167674,0.238054523913083),(0.,0.2),.UNSPECIFIED.);
#20=B_SPLINE_SURFACE_WITH_KNOTS('',3,3,((#11434,#11435,#11436,#11437),(#11438,
#11439,#11440,#11441),(#11442,#11443,#11444,#11445),(#11446,#11447,#11448,
#11449),(#11450,#11451,#11452,#11453)),.UNSPECIFIED.,.F.,.F.,.F.,(4,1,4),
(4,4),(0.,0.183705902062701,0.329221706039647),(0.,0.2),.UNSPECIFIED.);
#21=B_SPLINE_SURFACE_WITH_KNOTS('',3,3,((#11461,#11462,#11463,#11464),(#11465,
#11466,#11467,#11468),(#11469,#11470,#11471,#11472),(#11473,#11474,#11475,
#11476),(#11477,#11478,#11479,#11480)),.UNSPECIFIED.,.F.,.F.,.F.,(4,1,4),
(4,4),(0.,0.14318908247116,0.331308069227745),(0.,0.2),.UNSPECIFIED.);
#22=B_SPLINE_SURFACE_WITH_KNOTS('',3,3,((#11493,#11494,#11495,#11496),(#11497,
#11498,#11499,#11500),(#11501,#11502,#11503,#11504),(#11505,#11506,#11507,
#11508),(#11509,#11510,#11511,#11512)),.UNSPECIFIED.,.F.,.F.,.F.,(4,1,4),
(4,4),(0.,0.0843614442745094,0.166103335973124),(0.,0.2),.UNSPECIFIED.);
#23=B_SPLINE_SURFACE_WITH_KNOTS('',3,3,((#11514,#11515,#11516,#11517),(#11518,
#11519,#11520,#11521),(#11522,#11523,#11524,#11525),(#11526,#11527,#11528,
#11529),(#11530,#11531,#11532,#11533)),.UNSPECIFIED.,.F.,.F.,.F.,(4,1,4),
(4,4),(0.,0.0934308681591248,0.181227071345614),(0.,0.2),.UNSPECIFIED.);
#24=B_SPLINE_SURFACE_WITH_KNOTS('',3,3,((#11535,#11536,#11537,#11538),(#11539,
#11540,#11541,#11542),(#11543,#11544,#11545,#11546),(#11547,#11548,#11549,
#11550),(#11551,#11552,#11553,#11554)),.UNSPECIFIED.,.F.,.F.,.F.,(4,1,4),
(4,4),(0.,0.126471458189139,0.255329313085048),(0.,0.2),.UNSPECIFIED.);
#25=B_SPLINE_SURFACE_WITH_KNOTS('',3,3,((#11556,#11557,#11558,#11559),(#11560,
#11561,#11562,#11563),(#11564,#11565,#11566,#11567),(#11568,#11569,#11570,
#11571),(#11572,#11573,#11574,#11575)),.UNSPECIFIED.,.F.,.F.,.F.,(4,1,4),
(4,4),(0.,0.135242494547094,0.263364514854067),(0.,0.2),.UNSPECIFIED.);
#26=B_SPLINE_SURFACE_WITH_KNOTS('',3,3,((#11577,#11578,#11579,#11580),(#11581,
#11582,#11583,#11584),(#11585,#11586,#11587,#11588),(#11589,#11590,#11591,
#11592),(#11593,#11594,#11595,#11596)),.UNSPECIFIED.,.F.,.F.,.F.,(4,1,4),
(4,4),(0.,0.155732840451765,0.30156852861539),(0.,0.2),.UNSPECIFIED.);
#27=B_SPLINE_SURFACE_WITH_KNOTS('',3,3,((#11598,#11599,#11600,#11601),(#11602,
#11603,#11604,#11605),(#11606,#11607,#11608,#11609),(#11610,#11611,#11612,
#11613),(#11614,#11615,#11616,#11617)),.UNSPECIFIED.,.F.,.F.,.F.,(4,1,4),
(4,4),(0.,0.145121400980481,0.303019778160814),(0.,0.2),.UNSPECIFIED.);
#28=B_SPLINE_SURFACE_WITH_KNOTS('',3,3,((#11619,#11620,#11621,#11622),(#11623,
#11624,#11625,#11626),(#11627,#11628,#11629,#11630),(#11631,#11632,#11633,
#11634),(#11635,#11636,#11637,#11638)),.UNSPECIFIED.,.F.,.F.,.F.,(4,1,4),
(4,4),(0.,0.12928408075041,0.264370271813769),(0.,0.2),.UNSPECIFIED.);
#29=B_SPLINE_SURFACE_WITH_KNOTS('',3,3,((#11640,#11641,#11642,#11643),(#11644,
#11645,#11646,#11647),(#11648,#11649,#11650,#11651),(#11652,#11653,#11654,
#11655),(#11656,#11657,#11658,#11659)),.UNSPECIFIED.,.F.,.F.,.F.,(4,1,4),
(4,4),(0.,0.125980503062946,0.252196218628241),(0.,0.2),.UNSPECIFIED.);
#30=B_SPLINE_SURFACE_WITH_KNOTS('',3,3,((#11661,#11662,#11663,#11664),(#11665,
#11666,#11667,#11668),(#11669,#11670,#11671,#11672),(#11673,#11674,#11675,
#11676),(#11677,#11678,#11679,#11680)),.UNSPECIFIED.,.F.,.F.,.F.,(4,1,4),
(4,4),(0.,0.176051018038686,0.35687071668905),(0.,0.2),.UNSPECIFIED.);
#31=B_SPLINE_SURFACE_WITH_KNOTS('',3,3,((#11783,#11784,#11785,#11786),(#11787,
#11788,#11789,#11790),(#11791,#11792,#11793,#11794),(#11795,#11796,#11797,
#11798),(#11799,#11800,#11801,#11802)),.UNSPECIFIED.,.F.,.F.,.F.,(4,1,4),
(4,4),(0.,0.0285314768539355,0.0648796732350073),(0.,0.2),.UNSPECIFIED.);
#32=B_SPLINE_SURFACE_WITH_KNOTS('',3,3,((#11805,#11806,#11807,#11808),(#11809,
#11810,#11811,#11812),(#11813,#11814,#11815,#11816),(#11817,#11818,#11819,
#11820),(#11821,#11822,#11823,#11824)),.UNSPECIFIED.,.F.,.F.,.F.,(4,1,4),
(4,4),(0.,0.0239156313552314,0.0484467901322678),(0.,0.2),.UNSPECIFIED.);
#33=B_SPLINE_SURFACE_WITH_KNOTS('',3,3,((#11826,#11827,#11828,#11829),(#11830,
#11831,#11832,#11833),(#11834,#11835,#11836,#11837),(#11838,#11839,#11840,
#11841),(#11842,#11843,#11844,#11845)),.UNSPECIFIED.,.F.,.F.,.F.,(4,1,4),
(4,4),(0.,0.0647626577746775,0.102061214059732),(0.,0.2),.UNSPECIFIED.);
#34=B_SPLINE_SURFACE_WITH_KNOTS('',3,3,((#11857,#11858,#11859,#11860),(#11861,
#11862,#11863,#11864),(#11865,#11866,#11867,#11868),(#11869,#11870,#11871,
#11872)),.UNSPECIFIED.,.F.,.F.,.F.,(4,4),(4,4),(0.,0.0736699104309082),
(0.,0.2),.UNSPECIFIED.);
#35=B_SPLINE_SURFACE_WITH_KNOTS('',3,3,((#11884,#11885,#11886,#11887),(#11888,
#11889,#11890,#11891),(#11892,#11893,#11894,#11895),(#11896,#11897,#11898,
#11899),(#11900,#11901,#11902,#11903)),.UNSPECIFIED.,.F.,.F.,.F.,(4,1,4),
(4,4),(0.,0.0819503735170966,0.219301352894032),(0.,0.2),.UNSPECIFIED.);
#36=B_SPLINE_SURFACE_WITH_KNOTS('',3,3,((#11905,#11906,#11907,#11908),(#11909,
#11910,#11911,#11912),(#11913,#11914,#11915,#11916),(#11917,#11918,#11919,
#11920),(#11921,#11922,#11923,#11924)),.UNSPECIFIED.,.F.,.F.,.F.,(4,1,4),
(4,4),(0.,0.059688264968163,0.115559084902557),(0.,0.2),.UNSPECIFIED.);
#37=B_SPLINE_SURFACE_WITH_KNOTS('',3,3,((#11926,#11927,#11928,#11929),(#11930,
#11931,#11932,#11933),(#11934,#11935,#11936,#11937),(#11938,#11939,#11940,
#11941),(#11942,#11943,#11944,#11945)),.UNSPECIFIED.,.F.,.F.,.F.,(4,1,4),
(4,4),(0.,0.0893703675138674,0.160004287765857),(0.,0.2),.UNSPECIFIED.);
#38=B_SPLINE_SURFACE_WITH_KNOTS('',3,3,((#11947,#11948,#11949,#11950),(#11951,
#11952,#11953,#11954),(#11955,#11956,#11957,#11958),(#11959,#11960,#11961,
#11962),(#11963,#11964,#11965,#11966)),.UNSPECIFIED.,.F.,.F.,.F.,(4,1,4),
(4,4),(0.,0.0746865654792424,0.140298382568887),(0.,0.2),.UNSPECIFIED.);
#39=B_SPLINE_SURFACE_WITH_KNOTS('',3,3,((#11968,#11969,#11970,#11971),(#11972,
#11973,#11974,#11975),(#11976,#11977,#11978,#11979),(#11980,#11981,#11982,
#11983)),.UNSPECIFIED.,.F.,.F.,.F.,(4,4),(4,4),(0.,0.108458360036214),(0.,
0.2),.UNSPECIFIED.);
#40=B_SPLINE_SURFACE_WITH_KNOTS('',3,3,((#11985,#11986,#11987,#11988),(#11989,
#11990,#11991,#11992),(#11993,#11994,#11995,#11996),(#11997,#11998,#11999,
#12000),(#12001,#12002,#12003,#12004)),.UNSPECIFIED.,.F.,.F.,.F.,(4,1,4),
(4,4),(0.,0.0356009066407855,0.0811946001570363),(0.,0.2),.UNSPECIFIED.);
#41=B_SPLINE_SURFACE_WITH_KNOTS('',3,3,((#12218,#12219,#12220,#12221),(#12222,
#12223,#12224,#12225),(#12226,#12227,#12228,#12229),(#12230,#12231,#12232,
#12233),(#12234,#12235,#12236,#12237)),.UNSPECIFIED.,.F.,.F.,.F.,(4,1,4),
(4,4),(0.,0.0689006879112846,0.13901571165531),(0.,0.2),.UNSPECIFIED.);
#42=B_SPLINE_SURFACE_WITH_KNOTS('',3,3,((#12239,#12240,#12241,#12242),(#12243,
#12244,#12245,#12246),(#12247,#12248,#12249,#12250),(#12251,#12252,#12253,
#12254),(#12255,#12256,#12257,#12258)),.UNSPECIFIED.,.F.,.F.,.F.,(4,1,4),
(4,4),(0.,0.209647074456372,0.325221717469243),(0.,0.2),.UNSPECIFIED.);
#43=B_SPLINE_SURFACE_WITH_KNOTS('',3,3,((#12262,#12263,#12264,#12265),(#12266,
#12267,#12268,#12269),(#12270,#12271,#12272,#12273),(#12274,#12275,#12276,
#12277),(#12278,#12279,#12280,#12281)),.UNSPECIFIED.,.F.,.F.,.F.,(4,1,4),
(4,4),(0.,0.0663563821344429,0.170235955680985),(0.,0.2),.UNSPECIFIED.);
#44=B_SPLINE_SURFACE_WITH_KNOTS('',3,3,((#12283,#12284,#12285,#12286),(#12287,
#12288,#12289,#12290),(#12291,#12292,#12293,#12294),(#12295,#12296,#12297,
#12298),(#12299,#12300,#12301,#12302)),.UNSPECIFIED.,.F.,.F.,.F.,(4,1,4),
(4,4),(0.,0.0660515775165965,0.138814369782059),(0.,0.2),.UNSPECIFIED.);
#45=B_SPLINE_SURFACE_WITH_KNOTS('',3,3,((#12304,#12305,#12306,#12307),(#12308,
#12309,#12310,#12311),(#12312,#12313,#12314,#12315),(#12316,#12317,#12318,
#12319),(#12320,#12321,#12322,#12323)),.UNSPECIFIED.,.F.,.F.,.F.,(4,1,4),
(4,4),(0.,0.0840269636143895,0.153390945796884),(0.,0.2),.UNSPECIFIED.);
#46=B_SPLINE_SURFACE_WITH_KNOTS('',3,3,((#12325,#12326,#12327,#12328),(#12329,
#12330,#12331,#12332),(#12333,#12334,#12335,#12336),(#12337,#12338,#12339,
#12340),(#12341,#12342,#12343,#12344)),.UNSPECIFIED.,.F.,.F.,.F.,(4,1,4),
(4,4),(0.,0.126373545233877,0.229361131169742),(0.,0.2),.UNSPECIFIED.);
#47=B_SPLINE_SURFACE_WITH_KNOTS('',3,3,((#12346,#12347,#12348,#12349),(#12350,
#12351,#12352,#12353),(#12354,#12355,#12356,#12357),(#12358,#12359,#12360,
#12361),(#12362,#12363,#12364,#12365)),.UNSPECIFIED.,.F.,.F.,.F.,(4,1,4),
(4,4),(0.,0.118403698774743,0.25048827718254),(0.,0.2),.UNSPECIFIED.);
#48=B_SPLINE_SURFACE_WITH_KNOTS('',3,3,((#12367,#12368,#12369,#12370),(#12371,
#12372,#12373,#12374),(#12375,#12376,#12377,#12378),(#12379,#12380,#12381,
#12382),(#12383,#12384,#12385,#12386)),.UNSPECIFIED.,.F.,.F.,.F.,(4,1,4),
(4,4),(0.,0.0932445573186202,0.198032070688084),(0.,0.2),.UNSPECIFIED.);
#49=B_SPLINE_SURFACE_WITH_KNOTS('',3,3,((#12388,#12389,#12390,#12391),(#12392,
#12393,#12394,#12395),(#12396,#12397,#12398,#12399),(#12400,#12401,#12402,
#12403),(#12404,#12405,#12406,#12407)),.UNSPECIFIED.,.F.,.F.,.F.,(4,1,4),
(4,4),(0.,0.109427075753055,0.204824131201907),(0.,0.2),.UNSPECIFIED.);
#50=B_SPLINE_SURFACE_WITH_KNOTS('',3,3,((#12409,#12410,#12411,#12412),(#12413,
#12414,#12415,#12416),(#12417,#12418,#12419,#12420),(#12421,#12422,#12423,
#12424)),.UNSPECIFIED.,.F.,.F.,.F.,(4,4),(4,4),(0.,0.0163710912068685),
(0.,0.2),.UNSPECIFIED.);
#51=B_SPLINE_SURFACE_WITH_KNOTS('',3,3,((#12426,#12427,#12428,#12429),(#12430,
#12431,#12432,#12433),(#12434,#12435,#12436,#12437),(#12438,#12439,#12440,
#12441),(#12442,#12443,#12444,#12445)),.UNSPECIFIED.,.F.,.F.,.F.,(4,1,4),
(4,4),(0.,0.0829166773072995,0.188020855177829),(0.,0.2),.UNSPECIFIED.);
#52=B_SPLINE_SURFACE_WITH_KNOTS('',3,3,((#12447,#12448,#12449,#12450),(#12451,
#12452,#12453,#12454),(#12455,#12456,#12457,#12458),(#12459,#12460,#12461,
#12462),(#12463,#12464,#12465,#12466)),.UNSPECIFIED.,.F.,.F.,.F.,(4,1,4),
(4,4),(0.,0.113506796027141,0.199492469625876),(0.,0.2),.UNSPECIFIED.);
#53=B_SPLINE_SURFACE_WITH_KNOTS('',3,3,((#12468,#12469,#12470,#12471),(#12472,
#12473,#12474,#12475),(#12476,#12477,#12478,#12479),(#12480,#12481,#12482,
#12483),(#12484,#12485,#12486,#12487)),.UNSPECIFIED.,.F.,.F.,.F.,(4,1,4),
(4,4),(0.,0.0994450917364341,0.222454713536821),(0.,0.2),.UNSPECIFIED.);
#54=B_SPLINE_SURFACE_WITH_KNOTS('',3,3,((#12489,#12490,#12491,#12492),(#12493,
#12494,#12495,#12496),(#12497,#12498,#12499,#12500),(#12501,#12502,#12503,
#12504),(#12505,#12506,#12507,#12508)),.UNSPECIFIED.,.F.,.F.,.F.,(4,1,4),
(4,4),(0.,0.0968073132412977,0.170694632035897),(0.,0.2),.UNSPECIFIED.);
#55=B_SPLINE_SURFACE_WITH_KNOTS('',3,3,((#12510,#12511,#12512,#12513),(#12514,
#12515,#12516,#12517),(#12518,#12519,#12520,#12521),(#12522,#12523,#12524,
#12525),(#12526,#12527,#12528,#12529)),.UNSPECIFIED.,.F.,.F.,.F.,(4,1,4),
(4,4),(0.,0.0309610076040816,0.0481014015117558),(0.,0.2),.UNSPECIFIED.);
#56=B_SPLINE_SURFACE_WITH_KNOTS('',3,3,((#12531,#12532,#12533,#12534),(#12535,
#12536,#12537,#12538),(#12539,#12540,#12541,#12542),(#12543,#12544,#12545,
#12546),(#12547,#12548,#12549,#12550)),.UNSPECIFIED.,.F.,.F.,.F.,(4,1,4),
(4,4),(0.,0.195822707286584,0.334917931217665),(0.,0.2),.UNSPECIFIED.);
#57=B_SPLINE_SURFACE_WITH_KNOTS('',3,3,((#12552,#12553,#12554,#12555),(#12556,
#12557,#12558,#12559),(#12560,#12561,#12562,#12563),(#12564,#12565,#12566,
#12567),(#12568,#12569,#12570,#12571)),.UNSPECIFIED.,.F.,.F.,.F.,(4,1,4),
(4,4),(0.,0.0694815367434797,0.166105709100244),(0.,0.2),.UNSPECIFIED.);
#58=B_SPLINE_SURFACE_WITH_KNOTS('',3,3,((#12573,#12574,#12575,#12576),(#12577,
#12578,#12579,#12580),(#12581,#12582,#12583,#12584),(#12585,#12586,#12587,
#12588),(#12589,#12590,#12591,#12592)),.UNSPECIFIED.,.F.,.F.,.F.,(4,1,4),
(4,4),(0.,0.071691899486479,0.14609474229424),(0.,0.2),.UNSPECIFIED.);
#59=B_SPLINE_SURFACE_WITH_KNOTS('',3,3,((#12594,#12595,#12596,#12597),(#12598,
#12599,#12600,#12601),(#12602,#12603,#12604,#12605),(#12606,#12607,#12608,
#12609),(#12610,#12611,#12612,#12613)),.UNSPECIFIED.,.F.,.F.,.F.,(4,1,4),
(4,4),(0.,0.072779555252877,0.143394108954506),(0.,0.2),.UNSPECIFIED.);
#60=B_SPLINE_SURFACE_WITH_KNOTS('',3,3,((#12615,#12616,#12617,#12618),(#12619,
#12620,#12621,#12622),(#12623,#12624,#12625,#12626),(#12627,#12628,#12629,
#12630),(#12631,#12632,#12633,#12634)),.UNSPECIFIED.,.F.,.F.,.F.,(4,1,4),
(4,4),(0.,0.0768940256760958,0.151495312753175),(0.,0.2),.UNSPECIFIED.);
#61=B_SPLINE_SURFACE_WITH_KNOTS('',3,3,((#12636,#12637,#12638,#12639),(#12640,
#12641,#12642,#12643),(#12644,#12645,#12646,#12647),(#12648,#12649,#12650,
#12651),(#12652,#12653,#12654,#12655)),.UNSPECIFIED.,.F.,.F.,.F.,(4,1,4),
(4,4),(0.,0.123005008157713,0.249250263872806),(0.,0.2),.UNSPECIFIED.);
#62=B_SPLINE_SURFACE_WITH_KNOTS('',3,3,((#12657,#12658,#12659,#12660),(#12661,
#12662,#12663,#12664),(#12665,#12666,#12667,#12668),(#12669,#12670,#12671,
#12672),(#12673,#12674,#12675,#12676)),.UNSPECIFIED.,.F.,.F.,.F.,(4,1,4),
(4,4),(0.,0.1598423289018,0.293896714723441),(0.,0.2),.UNSPECIFIED.);
#63=B_SPLINE_SURFACE_WITH_KNOTS('',3,3,((#12678,#12679,#12680,#12681),(#12682,
#12683,#12684,#12685),(#12686,#12687,#12688,#12689),(#12690,#12691,#12692,
#12693),(#12694,#12695,#12696,#12697)),.UNSPECIFIED.,.F.,.F.,.F.,(4,1,4),
(4,4),(0.,0.101708739290396,0.207094977285117),(0.,0.2),.UNSPECIFIED.);
#64=B_SPLINE_SURFACE_WITH_KNOTS('',3,3,((#12699,#12700,#12701,#12702),(#12703,
#12704,#12705,#12706),(#12707,#12708,#12709,#12710),(#12711,#12712,#12713,
#12714),(#12715,#12716,#12717,#12718)),.UNSPECIFIED.,.F.,.F.,.F.,(4,1,4),
(4,4),(0.,0.124832884416752,0.23293787391845),(0.,0.2),.UNSPECIFIED.);
#65=B_SPLINE_SURFACE_WITH_KNOTS('',3,3,((#12720,#12721,#12722,#12723),(#12724,
#12725,#12726,#12727),(#12728,#12729,#12730,#12731),(#12732,#12733,#12734,
#12735),(#12736,#12737,#12738,#12739)),.UNSPECIFIED.,.F.,.F.,.F.,(4,1,4),
(4,4),(0.,0.0664647275947675,0.139564386195662),(0.,0.2),.UNSPECIFIED.);
#66=B_SPLINE_SURFACE_WITH_KNOTS('',3,3,((#12740,#12741,#12742,#12743),(#12744,
#12745,#12746,#12747),(#12748,#12749,#12750,#12751),(#12752,#12753,#12754,
#12755),(#12756,#12757,#12758,#12759)),.UNSPECIFIED.,.F.,.F.,.F.,(4,1,4),
(4,4),(0.,0.0803926099519772,0.187573210014901),(0.,0.2),.UNSPECIFIED.);
#67=B_SPLINE_SURFACE_WITH_KNOTS('',3,3,((#12769,#12770,#12771,#12772),(#12773,
#12774,#12775,#12776),(#12777,#12778,#12779,#12780),(#12781,#12782,#12783,
#12784),(#12785,#12786,#12787,#12788)),.UNSPECIFIED.,.F.,.F.,.F.,(4,1,4),
(4,4),(0.,0.0905834372555709,0.178390078548784),(0.,0.2),.UNSPECIFIED.);
#68=B_SPLINE_SURFACE_WITH_KNOTS('',3,3,((#12796,#12797,#12798,#12799),(#12800,
#12801,#12802,#12803),(#12804,#12805,#12806,#12807),(#12808,#12809,#12810,
#12811),(#12812,#12813,#12814,#12815)),.UNSPECIFIED.,.F.,.F.,.F.,(4,1,4),
(4,4),(0.,0.101199755933128,0.196582657931179),(0.,0.2),.UNSPECIFIED.);
#69=B_SPLINE_SURFACE_WITH_KNOTS('',3,3,((#12823,#12824,#12825,#12826),(#12827,
#12828,#12829,#12830),(#12831,#12832,#12833,#12834),(#12835,#12836,#12837,
#12838),(#12839,#12840,#12841,#12842)),.UNSPECIFIED.,.F.,.F.,.F.,(4,1,4),
(4,4),(0.,0.0779362410235152,0.173247646723001),(0.,0.2),.UNSPECIFIED.);
#70=B_SPLINE_SURFACE_WITH_KNOTS('',3,3,((#12850,#12851,#12852,#12853),(#12854,
#12855,#12856,#12857),(#12858,#12859,#12860,#12861),(#12862,#12863,#12864,
#12865),(#12866,#12867,#12868,#12869)),.UNSPECIFIED.,.F.,.F.,.F.,(4,1,4),
(4,4),(0.,0.068954568206993,0.138250845065053),(0.,0.2),.UNSPECIFIED.);
#71=B_SPLINE_SURFACE_WITH_KNOTS('',3,3,((#12877,#12878,#12879,#12880),(#12881,
#12882,#12883,#12884),(#12885,#12886,#12887,#12888),(#12889,#12890,#12891,
#12892),(#12893,#12894,#12895,#12896)),.UNSPECIFIED.,.F.,.F.,.F.,(4,1,4),
(4,4),(0.,0.0457806859493726,0.0921397069288007),(0.,0.2),.UNSPECIFIED.);
#72=B_SPLINE_SURFACE_WITH_KNOTS('',3,3,((#12904,#12905,#12906,#12907),(#12908,
#12909,#12910,#12911),(#12912,#12913,#12914,#12915),(#12916,#12917,#12918,
#12919),(#12920,#12921,#12922,#12923)),.UNSPECIFIED.,.F.,.F.,.F.,(4,1,4),
(4,4),(0.,0.0487171924708532,0.0951861878076453),(0.,0.2),.UNSPECIFIED.);
#73=B_SPLINE_SURFACE_WITH_KNOTS('',3,3,((#12931,#12932,#12933,#12934),(#12935,
#12936,#12937,#12938),(#12939,#12940,#12941,#12942),(#12943,#12944,#12945,
#12946),(#12947,#12948,#12949,#12950)),.UNSPECIFIED.,.F.,.F.,.F.,(4,1,4),
(4,4),(0.,0.0984957488237151,0.16509007165205),(0.,0.2),.UNSPECIFIED.);
#74=B_SPLINE_SURFACE_WITH_KNOTS('',3,3,((#12958,#12959,#12960,#12961),(#12962,
#12963,#12964,#12965),(#12966,#12967,#12968,#12969),(#12970,#12971,#12972,
#12973),(#12974,#12975,#12976,#12977)),.UNSPECIFIED.,.F.,.F.,.F.,(4,1,4),
(4,4),(0.,0.130933950092641,0.309254673326086),(0.,0.2),.UNSPECIFIED.);
#75=B_SPLINE_SURFACE_WITH_KNOTS('',3,3,((#13043,#13044,#13045,#13046),(#13047,
#13048,#13049,#13050),(#13051,#13052,#13053,#13054),(#13055,#13056,#13057,
#13058),(#13059,#13060,#13061,#13062)),.UNSPECIFIED.,.F.,.F.,.F.,(4,1,4),
(4,4),(0.,0.147847995470488,0.297904729240773),(0.,0.2),.UNSPECIFIED.);
#76=B_SPLINE_SURFACE_WITH_KNOTS('',3,3,((#13072,#13073,#13074,#13075),(#13076,
#13077,#13078,#13079),(#13080,#13081,#13082,#13083),(#13084,#13085,#13086,
#13087),(#13088,#13089,#13090,#13091)),.UNSPECIFIED.,.F.,.F.,.F.,(4,1,4),
(4,4),(0.,0.183357850264885,0.328814090644366),(0.,0.2),.UNSPECIFIED.);
#77=B_SPLINE_SURFACE_WITH_KNOTS('',3,3,((#13099,#13100,#13101,#13102),(#13103,
#13104,#13105,#13106),(#13107,#13108,#13109,#13110),(#13111,#13112,#13113,
#13114)),.UNSPECIFIED.,.F.,.F.,.F.,(4,4),(4,4),(0.,0.276944080988566),(0.,
0.2),.UNSPECIFIED.);
#78=B_SPLINE_SURFACE_WITH_KNOTS('',3,3,((#13125,#13126,#13127,#13128),(#13129,
#13130,#13131,#13132),(#13133,#13134,#13135,#13136),(#13137,#13138,#13139,
#13140)),.UNSPECIFIED.,.F.,.F.,.F.,(4,4),(4,4),(0.,0.293315172195435),(0.,
0.2),.UNSPECIFIED.);
#79=B_SPLINE_SURFACE_WITH_KNOTS('',3,3,((#13145,#13146,#13147,#13148),(#13149,
#13150,#13151,#13152),(#13153,#13154,#13155,#13156),(#13157,#13158,#13159,
#13160)),.UNSPECIFIED.,.F.,.F.,.F.,(4,4),(4,4),(0.,0.302865028381348),(0.,
0.2),.UNSPECIFIED.);
#80=B_SPLINE_SURFACE_WITH_KNOTS('',3,3,((#13165,#13166,#13167,#13168),(#13169,
#13170,#13171,#13172),(#13173,#13174,#13175,#13176),(#13177,#13178,#13179,
#13180)),.UNSPECIFIED.,.F.,.F.,.F.,(4,4),(4,4),(0.,0.302865028381348),(0.,
0.2),.UNSPECIFIED.);
#81=B_SPLINE_SURFACE_WITH_KNOTS('',3,3,((#13184,#13185,#13186,#13187),(#13188,
#13189,#13190,#13191),(#13192,#13193,#13194,#13195),(#13196,#13197,#13198,
#13199),(#13200,#13201,#13202,#13203)),.UNSPECIFIED.,.F.,.F.,.F.,(4,1,4),
(4,4),(0.,0.571428616841634,1.00000007947286),(0.,0.2),.UNSPECIFIED.);
#82=B_SPLINE_SURFACE_WITH_KNOTS('',3,3,((#13207,#13208,#13209,#13210),(#13211,
#13212,#13213,#13214),(#13215,#13216,#13217,#13218),(#13219,#13220,#13221,
#13222),(#13223,#13224,#13225,#13226)),.UNSPECIFIED.,.F.,.F.,.F.,(4,1,4),
(4,4),(0.,0.571428616841634,1.00000007947286),(0.,0.2),.UNSPECIFIED.);
#83=B_SPLINE_SURFACE_WITH_KNOTS('',3,3,((#13262,#13263,#13264,#13265),(#13266,
#13267,#13268,#13269),(#13270,#13271,#13272,#13273),(#13274,#13275,#13276,
#13277),(#13278,#13279,#13280,#13281)),.UNSPECIFIED.,.F.,.F.,.F.,(4,1,4),
(4,4),(0.,0.336776460920061,0.78581174214681),(0.,0.2),.UNSPECIFIED.);
#84=B_SPLINE_SURFACE_WITH_KNOTS('',3,3,((#13291,#13292,#13293,#13294),(#13295,
#13296,#13297,#13298),(#13299,#13300,#13301,#13302),(#13303,#13304,#13305,
#13306),(#13307,#13308,#13309,#13310)),.UNSPECIFIED.,.F.,.F.,.F.,(4,1,4),
(4,4),(0.,0.336484125682286,0.785129626592),(0.,0.2),.UNSPECIFIED.);
#85=B_SPLINE_SURFACE_WITH_KNOTS('',3,3,((#13415,#13416,#13417,#13418),(#13419,
#13420,#13421,#13422),(#13423,#13424,#13425,#13426),(#13427,#13428,#13429,
#13430),(#13431,#13432,#13433,#13434)),.UNSPECIFIED.,.F.,.F.,.F.,(4,1,4),
(4,4),(0.,0.0765193137101011,0.159060124317723),(0.,0.2),.UNSPECIFIED.);
#86=B_SPLINE_SURFACE_WITH_KNOTS('',3,3,((#13437,#13438,#13439,#13440),(#13441,
#13442,#13443,#13444),(#13445,#13446,#13447,#13448),(#13449,#13450,#13451,
#13452),(#13453,#13454,#13455,#13456)),.UNSPECIFIED.,.F.,.F.,.F.,(4,1,4),
(4,4),(0.,0.094889734374514,0.175916974176654),(0.,0.2),.UNSPECIFIED.);
#87=B_SPLINE_SURFACE_WITH_KNOTS('',3,3,((#13458,#13459,#13460,#13461),(#13462,
#13463,#13464,#13465),(#13466,#13467,#13468,#13469),(#13470,#13471,#13472,
#13473),(#13474,#13475,#13476,#13477)),.UNSPECIFIED.,.F.,.F.,.F.,(4,1,4),
(4,4),(0.,0.162314447642577,0.26749004362866),(0.,0.2),.UNSPECIFIED.);
#88=B_SPLINE_SURFACE_WITH_KNOTS('',3,3,((#13479,#13480,#13481,#13482),(#13483,
#13484,#13485,#13486),(#13487,#13488,#13489,#13490),(#13491,#13492,#13493,
#13494),(#13495,#13496,#13497,#13498)),.UNSPECIFIED.,.F.,.F.,.F.,(4,1,4),
(4,4),(0.,0.315727915082659,0.736698468526204),(0.,0.2),.UNSPECIFIED.);
#89=B_SPLINE_SURFACE_WITH_KNOTS('',3,3,((#13502,#13503,#13504,#13505),(#13506,
#13507,#13508,#13509),(#13510,#13511,#13512,#13513),(#13514,#13515,#13516,
#13517)),.UNSPECIFIED.,.F.,.F.,.F.,(4,4),(4,4),(0.,0.422237396240234),(0.,
0.2),.UNSPECIFIED.);
#90=B_SPLINE_SURFACE_WITH_KNOTS('',3,3,((#13519,#13520,#13521,#13522),(#13523,
#13524,#13525,#13526),(#13527,#13528,#13529,#13530),(#13531,#13532,#13533,
#13534),(#13535,#13536,#13537,#13538)),.UNSPECIFIED.,.F.,.F.,.F.,(4,1,4),
(4,4),(0.,0.130079199590298,0.259018649918241),(0.,0.2),.UNSPECIFIED.);
#91=B_SPLINE_SURFACE_WITH_KNOTS('',3,3,((#13540,#13541,#13542,#13543),(#13544,
#13545,#13546,#13547),(#13548,#13549,#13550,#13551),(#13552,#13553,#13554,
#13555),(#13556,#13557,#13558,#13559)),.UNSPECIFIED.,.F.,.F.,.F.,(4,1,4),
(4,4),(0.,0.129669327904486,0.263820979744216),(0.,0.2),.UNSPECIFIED.);
#92=B_SPLINE_SURFACE_WITH_KNOTS('',3,3,((#13561,#13562,#13563,#13564),(#13565,
#13566,#13567,#13568),(#13569,#13570,#13571,#13572),(#13573,#13574,#13575,
#13576)),.UNSPECIFIED.,.F.,.F.,.F.,(4,4),(4,4),(0.,0.419508934020996),(0.,
0.2),.UNSPECIFIED.);
#93=B_SPLINE_SURFACE_WITH_KNOTS('',3,3,((#13580,#13581,#13582,#13583),(#13584,
#13585,#13586,#13587),(#13588,#13589,#13590,#13591),(#13592,#13593,#13594,
#13595),(#13596,#13597,#13598,#13599)),.UNSPECIFIED.,.F.,.F.,.F.,(4,1,4),
(4,4),(0.,0.311050483158656,0.725784460703532),(0.,0.2),.UNSPECIFIED.);
#94=B_SPLINE_SURFACE_WITH_KNOTS('',3,3,((#13601,#13602,#13603,#13604),(#13605,
#13606,#13607,#13608),(#13609,#13610,#13611,#13612),(#13613,#13614,#13615,
#13616),(#13617,#13618,#13619,#13620)),.UNSPECIFIED.,.F.,.F.,.F.,(4,1,4),
(4,4),(0.,0.0200636747135135,0.047906687024263),(0.,0.2),.UNSPECIFIED.);
#95=B_SPLINE_SURFACE_WITH_KNOTS('',3,3,((#13622,#13623,#13624,#13625),(#13626,
#13627,#13628,#13629),(#13630,#13631,#13632,#13633),(#13634,#13635,#13636,
#13637),(#13638,#13639,#13640,#13641)),.UNSPECIFIED.,.F.,.F.,.F.,(4,1,4),
(4,4),(0.,0.0532063836685973,0.148322538563821),(0.,0.2),.UNSPECIFIED.);
#96=B_SPLINE_SURFACE_WITH_KNOTS('',3,3,((#13643,#13644,#13645,#13646),(#13647,
#13648,#13649,#13650),(#13651,#13652,#13653,#13654),(#13655,#13656,#13657,
#13658),(#13659,#13660,#13661,#13662)),.UNSPECIFIED.,.F.,.F.,.F.,(4,1,4),
(4,4),(0.,0.0415440760539306,0.0838930499883645),(0.,0.2),.UNSPECIFIED.);
#97=B_SPLINE_SURFACE_WITH_KNOTS('',3,3,((#13664,#13665,#13666,#13667),(#13668,
#13669,#13670,#13671),(#13672,#13673,#13674,#13675),(#13676,#13677,#13678,
#13679),(#13680,#13681,#13682,#13683)),.UNSPECIFIED.,.F.,.F.,.F.,(4,1,4),
(4,4),(0.,0.0554884013590127,0.101121339577534),(0.,0.2),.UNSPECIFIED.);
#98=B_SPLINE_SURFACE_WITH_KNOTS('',3,3,((#13685,#13686,#13687,#13688),(#13689,
#13690,#13691,#13692),(#13693,#13694,#13695,#13696),(#13697,#13698,#13699,
#13700),(#13701,#13702,#13703,#13704)),.UNSPECIFIED.,.F.,.F.,.F.,(4,1,4),
(4,4),(0.,0.0578494563545395,0.106878263230757),(0.,0.2),.UNSPECIFIED.);
#99=B_SPLINE_SURFACE_WITH_KNOTS('',3,3,((#13706,#13707,#13708,#13709),(#13710,
#13711,#13712,#13713),(#13714,#13715,#13716,#13717),(#13718,#13719,#13720,
#13721)),.UNSPECIFIED.,.F.,.F.,.F.,(4,4),(4,4),(0.,0.115279674530029),(0.,
0.2),.UNSPECIFIED.);
#100=B_SPLINE_SURFACE_WITH_KNOTS('',3,3,((#13723,#13724,#13725,#13726),
(#13727,#13728,#13729,#13730),(#13731,#13732,#13733,#13734),(#13735,#13736,
#13737,#13738),(#13739,#13740,#13741,#13742)),.UNSPECIFIED.,.F.,.F.,.F.,
(4,1,4),(4,4),(0.,0.0565560303948424,0.121214206745392),(0.,0.2),
 .UNSPECIFIED.);
#101=STYLED_ITEM('',(#13807),#6843);
#102=STYLED_ITEM('',(#13807),#6867);
#103=STYLED_ITEM('',(#13807),#6872);
#104=STYLED_ITEM('',(#13807),#6893);
#105=STYLED_ITEM('',(#13807),#6932);
#106=STYLED_ITEM('',(#13807),#6947);
#107=STYLED_ITEM('',(#13807),#6958);
#108=STYLED_ITEM('',(#13807),#6977);
#109=STYLED_ITEM('',(#13807),#6982);
#110=STYLED_ITEM('',(#13806),#13);
#111=B_SPLINE_CURVE_WITH_KNOTS('',3,(#10525,#10526,#10527,#10528),
 .UNSPECIFIED.,.F.,.F.,(4,4),(0.,0.302865028381348),.UNSPECIFIED.);
#112=B_SPLINE_CURVE_WITH_KNOTS('',3,(#10532,#10533,#10534,#10535,#10536),
 .UNSPECIFIED.,.F.,.F.,(4,1,4),(0.,0.571428616841634,1.00000007947286),
 .UNSPECIFIED.);
#113=B_SPLINE_CURVE_WITH_KNOTS('',3,(#10540,#10541,#10542,#10543,#10544),
 .UNSPECIFIED.,.F.,.F.,(4,1,4),(0.,0.571428616841634,1.00000007947286),
 .UNSPECIFIED.);
#114=B_SPLINE_CURVE_WITH_KNOTS('',3,(#10548,#10549,#10550,#10551),
 .UNSPECIFIED.,.F.,.F.,(4,4),(0.,0.302865028381348),.UNSPECIFIED.);
#115=B_SPLINE_CURVE_WITH_KNOTS('',3,(#10563,#10564,#10565,#10566,#10567),
 .UNSPECIFIED.,.F.,.F.,(4,1,4),(0.,0.336484125682286,0.785129626592),
 .UNSPECIFIED.);
#116=B_SPLINE_CURVE_WITH_KNOTS('',3,(#10576,#10577,#10578,#10579,#10580),
 .UNSPECIFIED.,.F.,.F.,(4,1,4),(0.,0.336776460920061,0.78581174214681),
 .UNSPECIFIED.);
#117=B_SPLINE_CURVE_WITH_KNOTS('',3,(#10583,#10584,#10585,#10586,#10587),
 .UNSPECIFIED.,.F.,.F.,(4,1,4),(0.,0.0765193137101011,0.159060124317723),
 .UNSPECIFIED.);
#118=B_SPLINE_CURVE_WITH_KNOTS('',3,(#10589,#10590,#10591,#10592,#10593),
 .UNSPECIFIED.,.F.,.F.,(4,1,4),(0.,0.0565560303948424,0.121214206745392),
 .UNSPECIFIED.);
#119=B_SPLINE_CURVE_WITH_KNOTS('',3,(#10595,#10596,#10597,#10598),
 .UNSPECIFIED.,.F.,.F.,(4,4),(0.,0.115279674530029),.UNSPECIFIED.);
#120=B_SPLINE_CURVE_WITH_KNOTS('',3,(#10600,#10601,#10602,#10603,#10604),
 .UNSPECIFIED.,.F.,.F.,(4,1,4),(0.,0.0578494563545395,0.106878263230757),
 .UNSPECIFIED.);
#121=B_SPLINE_CURVE_WITH_KNOTS('',3,(#10606,#10607,#10608,#10609,#10610),
 .UNSPECIFIED.,.F.,.F.,(4,1,4),(0.,0.0554884013590127,0.101121339577534),
 .UNSPECIFIED.);
#122=B_SPLINE_CURVE_WITH_KNOTS('',3,(#10612,#10613,#10614,#10615,#10616),
 .UNSPECIFIED.,.F.,.F.,(4,1,4),(0.,0.0415440760539306,0.0838930499883645),
 .UNSPECIFIED.);
#123=B_SPLINE_CURVE_WITH_KNOTS('',3,(#10618,#10619,#10620,#10621,#10622),
 .UNSPECIFIED.,.F.,.F.,(4,1,4),(0.,0.0532063836685973,0.148322538563821),
 .UNSPECIFIED.);
#124=B_SPLINE_CURVE_WITH_KNOTS('',3,(#10624,#10625,#10626,#10627,#10628),
 .UNSPECIFIED.,.F.,.F.,(4,1,4),(0.,0.0200636747135135,0.047906687024263),
 .UNSPECIFIED.);
#125=B_SPLINE_CURVE_WITH_KNOTS('',3,(#10630,#10631,#10632,#10633,#10634),
 .UNSPECIFIED.,.F.,.F.,(4,1,4),(0.,0.311050483158656,0.725784460703532),
 .UNSPECIFIED.);
#126=B_SPLINE_CURVE_WITH_KNOTS('',3,(#10638,#10639,#10640,#10641),
 .UNSPECIFIED.,.F.,.F.,(4,4),(0.,0.419508934020996),.UNSPECIFIED.);
#127=B_SPLINE_CURVE_WITH_KNOTS('',3,(#10643,#10644,#10645,#10646,#10647),
 .UNSPECIFIED.,.F.,.F.,(4,1,4),(0.,0.129669327904486,0.263820979744216),
 .UNSPECIFIED.);
#128=B_SPLINE_CURVE_WITH_KNOTS('',3,(#10649,#10650,#10651,#10652,#10653),
 .UNSPECIFIED.,.F.,.F.,(4,1,4),(0.,0.130079199590298,0.259018649918241),
 .UNSPECIFIED.);
#129=B_SPLINE_CURVE_WITH_KNOTS('',3,(#10655,#10656,#10657,#10658),
 .UNSPECIFIED.,.F.,.F.,(4,4),(0.,0.422237396240234),.UNSPECIFIED.);
#130=B_SPLINE_CURVE_WITH_KNOTS('',3,(#10662,#10663,#10664,#10665,#10666),
 .UNSPECIFIED.,.F.,.F.,(4,1,4),(0.,0.315727915082659,0.736698468526204),
 .UNSPECIFIED.);
#131=B_SPLINE_CURVE_WITH_KNOTS('',3,(#10668,#10669,#10670,#10671,#10672),
 .UNSPECIFIED.,.F.,.F.,(4,1,4),(0.,0.162314447642577,0.26749004362866),
 .UNSPECIFIED.);
#132=B_SPLINE_CURVE_WITH_KNOTS('',3,(#10673,#10674,#10675,#10676,#10677),
 .UNSPECIFIED.,.F.,.F.,(4,1,4),(0.,0.094889734374514,0.175916974176654),
 .UNSPECIFIED.);
#133=B_SPLINE_CURVE_WITH_KNOTS('',3,(#10698,#10699,#10700,#10701,#10702),
 .UNSPECIFIED.,.F.,.F.,(4,1,4),(0.,0.0664647275947675,0.139564386195662),
 .UNSPECIFIED.);
#134=B_SPLINE_CURVE_WITH_KNOTS('',3,(#10704,#10705,#10706,#10707,#10708),
 .UNSPECIFIED.,.F.,.F.,(4,1,4),(0.,0.124832884416752,0.23293787391845),
 .UNSPECIFIED.);
#135=B_SPLINE_CURVE_WITH_KNOTS('',3,(#10710,#10711,#10712,#10713,#10714),
 .UNSPECIFIED.,.F.,.F.,(4,1,4),(0.,0.101708739290396,0.207094977285117),
 .UNSPECIFIED.);
#136=B_SPLINE_CURVE_WITH_KNOTS('',3,(#10716,#10717,#10718,#10719,#10720),
 .UNSPECIFIED.,.F.,.F.,(4,1,4),(0.,0.1598423289018,0.293896714723441),
 .UNSPECIFIED.);
#137=B_SPLINE_CURVE_WITH_KNOTS('',3,(#10722,#10723,#10724,#10725,#10726),
 .UNSPECIFIED.,.F.,.F.,(4,1,4),(0.,0.123005008157713,0.249250263872806),
 .UNSPECIFIED.);
#138=B_SPLINE_CURVE_WITH_KNOTS('',3,(#10728,#10729,#10730,#10731,#10732),
 .UNSPECIFIED.,.F.,.F.,(4,1,4),(0.,0.0768940256760958,0.151495312753175),
 .UNSPECIFIED.);
#139=B_SPLINE_CURVE_WITH_KNOTS('',3,(#10734,#10735,#10736,#10737,#10738),
 .UNSPECIFIED.,.F.,.F.,(4,1,4),(0.,0.072779555252877,0.143394108954506),
 .UNSPECIFIED.);
#140=B_SPLINE_CURVE_WITH_KNOTS('',3,(#10740,#10741,#10742,#10743,#10744),
 .UNSPECIFIED.,.F.,.F.,(4,1,4),(0.,0.071691899486479,0.14609474229424),
 .UNSPECIFIED.);
#141=B_SPLINE_CURVE_WITH_KNOTS('',3,(#10746,#10747,#10748,#10749,#10750),
 .UNSPECIFIED.,.F.,.F.,(4,1,4),(0.,0.0694815367434797,0.166105709100244),
 .UNSPECIFIED.);
#142=B_SPLINE_CURVE_WITH_KNOTS('',3,(#10752,#10753,#10754,#10755,#10756),
 .UNSPECIFIED.,.F.,.F.,(4,1,4),(0.,0.195822707286584,0.334917931217665),
 .UNSPECIFIED.);
#143=B_SPLINE_CURVE_WITH_KNOTS('',3,(#10758,#10759,#10760,#10761,#10762),
 .UNSPECIFIED.,.F.,.F.,(4,1,4),(0.,0.0309610076040816,0.0481014015117558),
 .UNSPECIFIED.);
#144=B_SPLINE_CURVE_WITH_KNOTS('',3,(#10764,#10765,#10766,#10767,#10768),
 .UNSPECIFIED.,.F.,.F.,(4,1,4),(0.,0.0968073132412977,0.170694632035897),
 .UNSPECIFIED.);
#145=B_SPLINE_CURVE_WITH_KNOTS('',3,(#10770,#10771,#10772,#10773,#10774),
 .UNSPECIFIED.,.F.,.F.,(4,1,4),(0.,0.0994450917364341,0.222454713536821),
 .UNSPECIFIED.);
#146=B_SPLINE_CURVE_WITH_KNOTS('',3,(#10776,#10777,#10778,#10779,#10780),
 .UNSPECIFIED.,.F.,.F.,(4,1,4),(0.,0.113506796027141,0.199492469625876),
 .UNSPECIFIED.);
#147=B_SPLINE_CURVE_WITH_KNOTS('',3,(#10782,#10783,#10784,#10785,#10786),
 .UNSPECIFIED.,.F.,.F.,(4,1,4),(0.,0.0829166773072995,0.188020855177829),
 .UNSPECIFIED.);
#148=B_SPLINE_CURVE_WITH_KNOTS('',3,(#10788,#10789,#10790,#10791),
 .UNSPECIFIED.,.F.,.F.,(4,4),(0.,0.0163710912068685),.UNSPECIFIED.);
#149=B_SPLINE_CURVE_WITH_KNOTS('',3,(#10793,#10794,#10795,#10796,#10797),
 .UNSPECIFIED.,.F.,.F.,(4,1,4),(0.,0.109427075753055,0.204824131201907),
 .UNSPECIFIED.);
#150=B_SPLINE_CURVE_WITH_KNOTS('',3,(#10799,#10800,#10801,#10802,#10803),
 .UNSPECIFIED.,.F.,.F.,(4,1,4),(0.,0.0932445573186202,0.198032070688084),
 .UNSPECIFIED.);
#151=B_SPLINE_CURVE_WITH_KNOTS('',3,(#10805,#10806,#10807,#10808,#10809),
 .UNSPECIFIED.,.F.,.F.,(4,1,4),(0.,0.118403698774743,0.25048827718254),
 .UNSPECIFIED.);
#152=B_SPLINE_CURVE_WITH_KNOTS('',3,(#10811,#10812,#10813,#10814,#10815),
 .UNSPECIFIED.,.F.,.F.,(4,1,4),(0.,0.126373545233877,0.229361131169742),
 .UNSPECIFIED.);
#153=B_SPLINE_CURVE_WITH_KNOTS('',3,(#10817,#10818,#10819,#10820,#10821),
 .UNSPECIFIED.,.F.,.F.,(4,1,4),(0.,0.0840269636143895,0.153390945796884),
 .UNSPECIFIED.);
#154=B_SPLINE_CURVE_WITH_KNOTS('',3,(#10823,#10824,#10825,#10826,#10827),
 .UNSPECIFIED.,.F.,.F.,(4,1,4),(0.,0.0660515775165965,0.138814369782059),
 .UNSPECIFIED.);
#155=B_SPLINE_CURVE_WITH_KNOTS('',3,(#10829,#10830,#10831,#10832,#10833),
 .UNSPECIFIED.,.F.,.F.,(4,1,4),(0.,0.0663563821344429,0.170235955680985),
 .UNSPECIFIED.);
#156=B_SPLINE_CURVE_WITH_KNOTS('',3,(#10837,#10838,#10839,#10840,#10841),
 .UNSPECIFIED.,.F.,.F.,(4,1,4),(0.,0.209647074456372,0.325221717469243),
 .UNSPECIFIED.);
#157=B_SPLINE_CURVE_WITH_KNOTS('',3,(#10842,#10843,#10844,#10845,#10846),
 .UNSPECIFIED.,.F.,.F.,(4,1,4),(0.,0.0689006879112846,0.13901571165531),
 .UNSPECIFIED.);
#158=B_SPLINE_CURVE_WITH_KNOTS('',3,(#10849,#10850,#10851,#10852,#10853),
 .UNSPECIFIED.,.F.,.F.,(4,1,4),(0.,0.0285314768539355,0.0648796732350073),
 .UNSPECIFIED.);
#159=B_SPLINE_CURVE_WITH_KNOTS('',3,(#10855,#10856,#10857,#10858,#10859),
 .UNSPECIFIED.,.F.,.F.,(4,1,4),(0.,0.0356009066407855,0.0811946001570363),
 .UNSPECIFIED.);
#160=B_SPLINE_CURVE_WITH_KNOTS('',3,(#10861,#10862,#10863,#10864),
 .UNSPECIFIED.,.F.,.F.,(4,4),(0.,0.108458360036214),.UNSPECIFIED.);
#161=B_SPLINE_CURVE_WITH_KNOTS('',3,(#10866,#10867,#10868,#10869,#10870),
 .UNSPECIFIED.,.F.,.F.,(4,1,4),(0.,0.0746865654792424,0.140298382568887),
 .UNSPECIFIED.);
#162=B_SPLINE_CURVE_WITH_KNOTS('',3,(#10872,#10873,#10874,#10875,#10876),
 .UNSPECIFIED.,.F.,.F.,(4,1,4),(0.,0.0893703675138674,0.160004287765857),
 .UNSPECIFIED.);
#163=B_SPLINE_CURVE_WITH_KNOTS('',3,(#10878,#10879,#10880,#10881,#10882),
 .UNSPECIFIED.,.F.,.F.,(4,1,4),(0.,0.059688264968163,0.115559084902557),
 .UNSPECIFIED.);
#164=B_SPLINE_CURVE_WITH_KNOTS('',3,(#10884,#10885,#10886,#10887,#10888),
 .UNSPECIFIED.,.F.,.F.,(4,1,4),(0.,0.0819503735170966,0.219301352894032),
 .UNSPECIFIED.);
#165=B_SPLINE_CURVE_WITH_KNOTS('',3,(#10900,#10901,#10902,#10903),
 .UNSPECIFIED.,.F.,.F.,(4,4),(0.,0.0736699104309082),.UNSPECIFIED.);
#166=B_SPLINE_CURVE_WITH_KNOTS('',3,(#10915,#10916,#10917,#10918,#10919),
 .UNSPECIFIED.,.F.,.F.,(4,1,4),(0.,0.0647626577746775,0.102061214059732),
 .UNSPECIFIED.);
#167=B_SPLINE_CURVE_WITH_KNOTS('',3,(#10920,#10921,#10922,#10923,#10924),
 .UNSPECIFIED.,.F.,.F.,(4,1,4),(0.,0.0239156313552314,0.0484467901322678),
 .UNSPECIFIED.);
#168=B_SPLINE_CURVE_WITH_KNOTS('',3,(#10941,#10942,#10943,#10944,#10945),
 .UNSPECIFIED.,.F.,.F.,(4,1,4),(0.,0.176051018038686,0.35687071668905),
 .UNSPECIFIED.);
#169=B_SPLINE_CURVE_WITH_KNOTS('',3,(#10947,#10948,#10949,#10950,#10951),
 .UNSPECIFIED.,.F.,.F.,(4,1,4),(0.,0.125980503062946,0.252196218628241),
 .UNSPECIFIED.);
#170=B_SPLINE_CURVE_WITH_KNOTS('',3,(#10953,#10954,#10955,#10956,#10957),
 .UNSPECIFIED.,.F.,.F.,(4,1,4),(0.,0.12928408075041,0.264370271813769),
 .UNSPECIFIED.);
#171=B_SPLINE_CURVE_WITH_KNOTS('',3,(#10959,#10960,#10961,#10962,#10963),
 .UNSPECIFIED.,.F.,.F.,(4,1,4),(0.,0.145121400980481,0.303019778160814),
 .UNSPECIFIED.);
#172=B_SPLINE_CURVE_WITH_KNOTS('',3,(#10965,#10966,#10967,#10968,#10969),
 .UNSPECIFIED.,.F.,.F.,(4,1,4),(0.,0.155732840451765,0.30156852861539),
 .UNSPECIFIED.);
#173=B_SPLINE_CURVE_WITH_KNOTS('',3,(#10971,#10972,#10973,#10974,#10975),
 .UNSPECIFIED.,.F.,.F.,(4,1,4),(0.,0.135242494547094,0.263364514854067),
 .UNSPECIFIED.);
#174=B_SPLINE_CURVE_WITH_KNOTS('',3,(#10977,#10978,#10979,#10980,#10981),
 .UNSPECIFIED.,.F.,.F.,(4,1,4),(0.,0.126471458189139,0.255329313085048),
 .UNSPECIFIED.);
#175=B_SPLINE_CURVE_WITH_KNOTS('',3,(#10983,#10984,#10985,#10986,#10987),
 .UNSPECIFIED.,.F.,.F.,(4,1,4),(0.,0.0934308681591248,0.181227071345614),
 .UNSPECIFIED.);
#176=B_SPLINE_CURVE_WITH_KNOTS('',3,(#10989,#10990,#10991,#10992,#10993),
 .UNSPECIFIED.,.F.,.F.,(4,1,4),(0.,0.0843614442745094,0.166103335973124),
 .UNSPECIFIED.);
#177=B_SPLINE_CURVE_WITH_KNOTS('',3,(#11166,#11167,#11168,#11169,#11170),
 .UNSPECIFIED.,.F.,.F.,(4,1,4),(0.,0.0843614442745094,0.166103335973124),
 .UNSPECIFIED.);
#178=B_SPLINE_CURVE_WITH_KNOTS('',3,(#11172,#11173,#11174,#11175,#11176),
 .UNSPECIFIED.,.F.,.F.,(4,1,4),(0.,0.0934308681591248,0.181227071345614),
 .UNSPECIFIED.);
#179=B_SPLINE_CURVE_WITH_KNOTS('',3,(#11178,#11179,#11180,#11181,#11182),
 .UNSPECIFIED.,.F.,.F.,(4,1,4),(0.,0.126471458189139,0.255329313085048),
 .UNSPECIFIED.);
#180=B_SPLINE_CURVE_WITH_KNOTS('',3,(#11184,#11185,#11186,#11187,#11188),
 .UNSPECIFIED.,.F.,.F.,(4,1,4),(0.,0.135242494547094,0.263364514854067),
 .UNSPECIFIED.);
#181=B_SPLINE_CURVE_WITH_KNOTS('',3,(#11190,#11191,#11192,#11193,#11194),
 .UNSPECIFIED.,.F.,.F.,(4,1,4),(0.,0.155732840451765,0.30156852861539),
 .UNSPECIFIED.);
#182=B_SPLINE_CURVE_WITH_KNOTS('',3,(#11196,#11197,#11198,#11199,#11200),
 .UNSPECIFIED.,.F.,.F.,(4,1,4),(0.,0.145121400980481,0.303019778160814),
 .UNSPECIFIED.);
#183=B_SPLINE_CURVE_WITH_KNOTS('',3,(#11202,#11203,#11204,#11205,#11206),
 .UNSPECIFIED.,.F.,.F.,(4,1,4),(0.,0.12928408075041,0.264370271813769),
 .UNSPECIFIED.);
#184=B_SPLINE_CURVE_WITH_KNOTS('',3,(#11208,#11209,#11210,#11211,#11212),
 .UNSPECIFIED.,.F.,.F.,(4,1,4),(0.,0.125980503062946,0.252196218628241),
 .UNSPECIFIED.);
#185=B_SPLINE_CURVE_WITH_KNOTS('',3,(#11214,#11215,#11216,#11217,#11218),
 .UNSPECIFIED.,.F.,.F.,(4,1,4),(0.,0.176051018038686,0.35687071668905),
 .UNSPECIFIED.);
#186=B_SPLINE_CURVE_WITH_KNOTS('',3,(#11224,#11225,#11226,#11227,#11228),
 .UNSPECIFIED.,.F.,.F.,(4,1,4),(0.,0.115433837903541,0.23462553207968),
 .UNSPECIFIED.);
#187=B_SPLINE_CURVE_WITH_KNOTS('',3,(#11230,#11231,#11232,#11233,#11234),
 .UNSPECIFIED.,.F.,.F.,(4,1,4),(0.,0.123807691220543,0.242585499864221),
 .UNSPECIFIED.);
#188=B_SPLINE_CURVE_WITH_KNOTS('',3,(#11236,#11237,#11238,#11239,#11240),
 .UNSPECIFIED.,.F.,.F.,(4,1,4),(0.,0.194573302059197,0.343306050888676),
 .UNSPECIFIED.);
#189=B_SPLINE_CURVE_WITH_KNOTS('',3,(#11242,#11243,#11244,#11245,#11246),
 .UNSPECIFIED.,.F.,.F.,(4,1,4),(0.,0.139852307772779,0.317737134026267),
 .UNSPECIFIED.);
#190=B_SPLINE_CURVE_WITH_KNOTS('',3,(#11248,#11249,#11250,#11251,#11252),
 .UNSPECIFIED.,.F.,.F.,(4,1,4),(0.,0.114351966908202,0.233620931058442),
 .UNSPECIFIED.);
#191=B_SPLINE_CURVE_WITH_KNOTS('',3,(#11254,#11255,#11256,#11257,#11258),
 .UNSPECIFIED.,.F.,.F.,(4,1,4),(0.,0.12332406167674,0.238054523913083),
 .UNSPECIFIED.);
#192=B_SPLINE_CURVE_WITH_KNOTS('',3,(#11260,#11261,#11262,#11263,#11264),
 .UNSPECIFIED.,.F.,.F.,(4,1,4),(0.,0.183705902062701,0.329221706039647),
 .UNSPECIFIED.);
#193=B_SPLINE_CURVE_WITH_KNOTS('',3,(#11265,#11266,#11267,#11268,#11269),
 .UNSPECIFIED.,.F.,.F.,(4,1,4),(0.,0.14318908247116,0.331308069227745),
 .UNSPECIFIED.);
#194=B_SPLINE_CURVE_WITH_KNOTS('',3,(#11292,#11293,#11294,#11295,#11296),
 .UNSPECIFIED.,.F.,.F.,(4,1,4),(0.,0.115433837903541,0.23462553207968),
 .UNSPECIFIED.);
#195=B_SPLINE_CURVE_WITH_KNOTS('',3,(#11320,#11321,#11322,#11323,#11324),
 .UNSPECIFIED.,.F.,.F.,(4,1,4),(0.,0.123807691220543,0.242585499864221),
 .UNSPECIFIED.);
#196=B_SPLINE_CURVE_WITH_KNOTS('',3,(#11347,#11348,#11349,#11350,#11351),
 .UNSPECIFIED.,.F.,.F.,(4,1,4),(0.,0.194573302059197,0.343306050888676),
 .UNSPECIFIED.);
#197=B_SPLINE_CURVE_WITH_KNOTS('',3,(#11374,#11375,#11376,#11377,#11378),
 .UNSPECIFIED.,.F.,.F.,(4,1,4),(0.,0.139852307772779,0.317737134026267),
 .UNSPECIFIED.);
#198=B_SPLINE_CURVE_WITH_KNOTS('',3,(#11401,#11402,#11403,#11404,#11405),
 .UNSPECIFIED.,.F.,.F.,(4,1,4),(0.,0.114351966908202,0.233620931058442),
 .UNSPECIFIED.);
#199=B_SPLINE_CURVE_WITH_KNOTS('',3,(#11428,#11429,#11430,#11431,#11432),
 .UNSPECIFIED.,.F.,.F.,(4,1,4),(0.,0.12332406167674,0.238054523913083),
 .UNSPECIFIED.);
#200=B_SPLINE_CURVE_WITH_KNOTS('',3,(#11455,#11456,#11457,#11458,#11459),
 .UNSPECIFIED.,.F.,.F.,(4,1,4),(0.,0.183705902062701,0.329221706039647),
 .UNSPECIFIED.);
#201=B_SPLINE_CURVE_WITH_KNOTS('',3,(#11481,#11482,#11483,#11484,#11485),
 .UNSPECIFIED.,.F.,.F.,(4,1,4),(0.,0.14318908247116,0.331308069227745),
 .UNSPECIFIED.);
#202=B_SPLINE_CURVE_WITH_KNOTS('',3,(#11707,#11708,#11709,#11710,#11711),
 .UNSPECIFIED.,.F.,.F.,(4,1,4),(0.,0.0285314768539355,0.0648796732350073),
 .UNSPECIFIED.);
#203=B_SPLINE_CURVE_WITH_KNOTS('',3,(#11713,#11714,#11715,#11716,#11717),
 .UNSPECIFIED.,.F.,.F.,(4,1,4),(0.,0.0239156313552314,0.0484467901322678),
 .UNSPECIFIED.);
#204=B_SPLINE_CURVE_WITH_KNOTS('',3,(#11719,#11720,#11721,#11722,#11723),
 .UNSPECIFIED.,.F.,.F.,(4,1,4),(0.,0.0647626577746775,0.102061214059732),
 .UNSPECIFIED.);
#205=B_SPLINE_CURVE_WITH_KNOTS('',3,(#11735,#11736,#11737,#11738),
 .UNSPECIFIED.,.F.,.F.,(4,4),(0.,0.0736699104309082),.UNSPECIFIED.);
#206=B_SPLINE_CURVE_WITH_KNOTS('',3,(#11750,#11751,#11752,#11753,#11754),
 .UNSPECIFIED.,.F.,.F.,(4,1,4),(0.,0.0819503735170966,0.219301352894032),
 .UNSPECIFIED.);
#207=B_SPLINE_CURVE_WITH_KNOTS('',3,(#11756,#11757,#11758,#11759,#11760),
 .UNSPECIFIED.,.F.,.F.,(4,1,4),(0.,0.059688264968163,0.115559084902557),
 .UNSPECIFIED.);
#208=B_SPLINE_CURVE_WITH_KNOTS('',3,(#11762,#11763,#11764,#11765,#11766),
 .UNSPECIFIED.,.F.,.F.,(4,1,4),(0.,0.0893703675138674,0.160004287765857),
 .UNSPECIFIED.);
#209=B_SPLINE_CURVE_WITH_KNOTS('',3,(#11768,#11769,#11770,#11771,#11772),
 .UNSPECIFIED.,.F.,.F.,(4,1,4),(0.,0.0746865654792424,0.140298382568887),
 .UNSPECIFIED.);
#210=B_SPLINE_CURVE_WITH_KNOTS('',3,(#11774,#11775,#11776,#11777),
 .UNSPECIFIED.,.F.,.F.,(4,4),(0.,0.108458360036214),.UNSPECIFIED.);
#211=B_SPLINE_CURVE_WITH_KNOTS('',3,(#11778,#11779,#11780,#11781,#11782),
 .UNSPECIFIED.,.F.,.F.,(4,1,4),(0.,0.0356009066407855,0.0811946001570363),
 .UNSPECIFIED.);
#212=B_SPLINE_CURVE_WITH_KNOTS('',3,(#12010,#12011,#12012,#12013,#12014),
 .UNSPECIFIED.,.F.,.F.,(4,1,4),(0.,0.0689006879112846,0.13901571165531),
 .UNSPECIFIED.);
#213=B_SPLINE_CURVE_WITH_KNOTS('',3,(#12016,#12017,#12018,#12019,#12020),
 .UNSPECIFIED.,.F.,.F.,(4,1,4),(0.,0.209647074456372,0.325221717469243),
 .UNSPECIFIED.);
#214=B_SPLINE_CURVE_WITH_KNOTS('',3,(#12024,#12025,#12026,#12027,#12028),
 .UNSPECIFIED.,.F.,.F.,(4,1,4),(0.,0.0663563821344429,0.170235955680985),
 .UNSPECIFIED.);
#215=B_SPLINE_CURVE_WITH_KNOTS('',3,(#12030,#12031,#12032,#12033,#12034),
 .UNSPECIFIED.,.F.,.F.,(4,1,4),(0.,0.0660515775165965,0.138814369782059),
 .UNSPECIFIED.);
#216=B_SPLINE_CURVE_WITH_KNOTS('',3,(#12036,#12037,#12038,#12039,#12040),
 .UNSPECIFIED.,.F.,.F.,(4,1,4),(0.,0.0840269636143895,0.153390945796884),
 .UNSPECIFIED.);
#217=B_SPLINE_CURVE_WITH_KNOTS('',3,(#12042,#12043,#12044,#12045,#12046),
 .UNSPECIFIED.,.F.,.F.,(4,1,4),(0.,0.126373545233877,0.229361131169742),
 .UNSPECIFIED.);
#218=B_SPLINE_CURVE_WITH_KNOTS('',3,(#12048,#12049,#12050,#12051,#12052),
 .UNSPECIFIED.,.F.,.F.,(4,1,4),(0.,0.118403698774743,0.25048827718254),
 .UNSPECIFIED.);
#219=B_SPLINE_CURVE_WITH_KNOTS('',3,(#12054,#12055,#12056,#12057,#12058),
 .UNSPECIFIED.,.F.,.F.,(4,1,4),(0.,0.0932445573186202,0.198032070688084),
 .UNSPECIFIED.);
#220=B_SPLINE_CURVE_WITH_KNOTS('',3,(#12060,#12061,#12062,#12063,#12064),
 .UNSPECIFIED.,.F.,.F.,(4,1,4),(0.,0.109427075753055,0.204824131201907),
 .UNSPECIFIED.);
#221=B_SPLINE_CURVE_WITH_KNOTS('',3,(#12066,#12067,#12068,#12069),
 .UNSPECIFIED.,.F.,.F.,(4,4),(0.,0.0163710912068685),.UNSPECIFIED.);
#222=B_SPLINE_CURVE_WITH_KNOTS('',3,(#12071,#12072,#12073,#12074,#12075),
 .UNSPECIFIED.,.F.,.F.,(4,1,4),(0.,0.0829166773072995,0.188020855177829),
 .UNSPECIFIED.);
#223=B_SPLINE_CURVE_WITH_KNOTS('',3,(#12077,#12078,#12079,#12080,#12081),
 .UNSPECIFIED.,.F.,.F.,(4,1,4),(0.,0.113506796027141,0.199492469625876),
 .UNSPECIFIED.);
#224=B_SPLINE_CURVE_WITH_KNOTS('',3,(#12083,#12084,#12085,#12086,#12087),
 .UNSPECIFIED.,.F.,.F.,(4,1,4),(0.,0.0994450917364341,0.222454713536821),
 .UNSPECIFIED.);
#225=B_SPLINE_CURVE_WITH_KNOTS('',3,(#12089,#12090,#12091,#12092,#12093),
 .UNSPECIFIED.,.F.,.F.,(4,1,4),(0.,0.0968073132412977,0.170694632035897),
 .UNSPECIFIED.);
#226=B_SPLINE_CURVE_WITH_KNOTS('',3,(#12095,#12096,#12097,#12098,#12099),
 .UNSPECIFIED.,.F.,.F.,(4,1,4),(0.,0.0309610076040816,0.0481014015117558),
 .UNSPECIFIED.);
#227=B_SPLINE_CURVE_WITH_KNOTS('',3,(#12101,#12102,#12103,#12104,#12105),
 .UNSPECIFIED.,.F.,.F.,(4,1,4),(0.,0.195822707286584,0.334917931217665),
 .UNSPECIFIED.);
#228=B_SPLINE_CURVE_WITH_KNOTS('',3,(#12107,#12108,#12109,#12110,#12111),
 .UNSPECIFIED.,.F.,.F.,(4,1,4),(0.,0.0694815367434797,0.166105709100244),
 .UNSPECIFIED.);
#229=B_SPLINE_CURVE_WITH_KNOTS('',3,(#12113,#12114,#12115,#12116,#12117),
 .UNSPECIFIED.,.F.,.F.,(4,1,4),(0.,0.071691899486479,0.14609474229424),
 .UNSPECIFIED.);
#230=B_SPLINE_CURVE_WITH_KNOTS('',3,(#12119,#12120,#12121,#12122,#12123),
 .UNSPECIFIED.,.F.,.F.,(4,1,4),(0.,0.072779555252877,0.143394108954506),
 .UNSPECIFIED.);
#231=B_SPLINE_CURVE_WITH_KNOTS('',3,(#12125,#12126,#12127,#12128,#12129),
 .UNSPECIFIED.,.F.,.F.,(4,1,4),(0.,0.0768940256760958,0.151495312753175),
 .UNSPECIFIED.);
#232=B_SPLINE_CURVE_WITH_KNOTS('',3,(#12131,#12132,#12133,#12134,#12135),
 .UNSPECIFIED.,.F.,.F.,(4,1,4),(0.,0.123005008157713,0.249250263872806),
 .UNSPECIFIED.);
#233=B_SPLINE_CURVE_WITH_KNOTS('',3,(#12137,#12138,#12139,#12140,#12141),
 .UNSPECIFIED.,.F.,.F.,(4,1,4),(0.,0.1598423289018,0.293896714723441),
 .UNSPECIFIED.);
#234=B_SPLINE_CURVE_WITH_KNOTS('',3,(#12143,#12144,#12145,#12146,#12147),
 .UNSPECIFIED.,.F.,.F.,(4,1,4),(0.,0.101708739290396,0.207094977285117),
 .UNSPECIFIED.);
#235=B_SPLINE_CURVE_WITH_KNOTS('',3,(#12149,#12150,#12151,#12152,#12153),
 .UNSPECIFIED.,.F.,.F.,(4,1,4),(0.,0.124832884416752,0.23293787391845),
 .UNSPECIFIED.);
#236=B_SPLINE_CURVE_WITH_KNOTS('',3,(#12154,#12155,#12156,#12157,#12158),
 .UNSPECIFIED.,.F.,.F.,(4,1,4),(0.,0.0664647275947675,0.139564386195662),
 .UNSPECIFIED.);
#237=B_SPLINE_CURVE_WITH_KNOTS('',3,(#12161,#12162,#12163,#12164,#12165),
 .UNSPECIFIED.,.F.,.F.,(4,1,4),(0.,0.0803926099519772,0.187573210014901),
 .UNSPECIFIED.);
#238=B_SPLINE_CURVE_WITH_KNOTS('',3,(#12167,#12168,#12169,#12170,#12171),
 .UNSPECIFIED.,.F.,.F.,(4,1,4),(0.,0.0905834372555709,0.178390078548784),
 .UNSPECIFIED.);
#239=B_SPLINE_CURVE_WITH_KNOTS('',3,(#12173,#12174,#12175,#12176,#12177),
 .UNSPECIFIED.,.F.,.F.,(4,1,4),(0.,0.101199755933128,0.196582657931179),
 .UNSPECIFIED.);
#240=B_SPLINE_CURVE_WITH_KNOTS('',3,(#12179,#12180,#12181,#12182,#12183),
 .UNSPECIFIED.,.F.,.F.,(4,1,4),(0.,0.0779362410235152,0.173247646723001),
 .UNSPECIFIED.);
#241=B_SPLINE_CURVE_WITH_KNOTS('',3,(#12185,#12186,#12187,#12188,#12189),
 .UNSPECIFIED.,.F.,.F.,(4,1,4),(0.,0.068954568206993,0.138250845065053),
 .UNSPECIFIED.);
#242=B_SPLINE_CURVE_WITH_KNOTS('',3,(#12191,#12192,#12193,#12194,#12195),
 .UNSPECIFIED.,.F.,.F.,(4,1,4),(0.,0.0457806859493726,0.0921397069288007),
 .UNSPECIFIED.);
#243=B_SPLINE_CURVE_WITH_KNOTS('',3,(#12197,#12198,#12199,#12200,#12201),
 .UNSPECIFIED.,.F.,.F.,(4,1,4),(0.,0.0487171924708532,0.0951861878076453),
 .UNSPECIFIED.);
#244=B_SPLINE_CURVE_WITH_KNOTS('',3,(#12203,#12204,#12205,#12206,#12207),
 .UNSPECIFIED.,.F.,.F.,(4,1,4),(0.,0.0984957488237151,0.16509007165205),
 .UNSPECIFIED.);
#245=B_SPLINE_CURVE_WITH_KNOTS('',3,(#12209,#12210,#12211,#12212,#12213),
 .UNSPECIFIED.,.F.,.F.,(4,1,4),(0.,0.130933950092641,0.309254673326086),
 .UNSPECIFIED.);
#246=B_SPLINE_CURVE_WITH_KNOTS('',3,(#12762,#12763,#12764,#12765,#12766),
 .UNSPECIFIED.,.F.,.F.,(4,1,4),(0.,0.0803926099519772,0.187573210014901),
 .UNSPECIFIED.);
#247=B_SPLINE_CURVE_WITH_KNOTS('',3,(#12790,#12791,#12792,#12793,#12794),
 .UNSPECIFIED.,.F.,.F.,(4,1,4),(0.,0.0905834372555709,0.178390078548784),
 .UNSPECIFIED.);
#248=B_SPLINE_CURVE_WITH_KNOTS('',3,(#12817,#12818,#12819,#12820,#12821),
 .UNSPECIFIED.,.F.,.F.,(4,1,4),(0.,0.101199755933128,0.196582657931179),
 .UNSPECIFIED.);
#249=B_SPLINE_CURVE_WITH_KNOTS('',3,(#12844,#12845,#12846,#12847,#12848),
 .UNSPECIFIED.,.F.,.F.,(4,1,4),(0.,0.0779362410235152,0.173247646723001),
 .UNSPECIFIED.);
#250=B_SPLINE_CURVE_WITH_KNOTS('',3,(#12871,#12872,#12873,#12874,#12875),
 .UNSPECIFIED.,.F.,.F.,(4,1,4),(0.,0.068954568206993,0.138250845065053),
 .UNSPECIFIED.);
#251=B_SPLINE_CURVE_WITH_KNOTS('',3,(#12898,#12899,#12900,#12901,#12902),
 .UNSPECIFIED.,.F.,.F.,(4,1,4),(0.,0.0457806859493726,0.0921397069288007),
 .UNSPECIFIED.);
#252=B_SPLINE_CURVE_WITH_KNOTS('',3,(#12925,#12926,#12927,#12928,#12929),
 .UNSPECIFIED.,.F.,.F.,(4,1,4),(0.,0.0487171924708532,0.0951861878076453),
 .UNSPECIFIED.);
#253=B_SPLINE_CURVE_WITH_KNOTS('',3,(#12952,#12953,#12954,#12955,#12956),
 .UNSPECIFIED.,.F.,.F.,(4,1,4),(0.,0.0984957488237151,0.16509007165205),
 .UNSPECIFIED.);
#254=B_SPLINE_CURVE_WITH_KNOTS('',3,(#12979,#12980,#12981,#12982,#12983),
 .UNSPECIFIED.,.F.,.F.,(4,1,4),(0.,0.130933950092641,0.309254673326086),
 .UNSPECIFIED.);
#255=B_SPLINE_CURVE_WITH_KNOTS('',3,(#12991,#12992,#12993,#12994),
 .UNSPECIFIED.,.F.,.F.,(4,4),(0.,0.302865028381348),.UNSPECIFIED.);
#256=B_SPLINE_CURVE_WITH_KNOTS('',3,(#12998,#12999,#13000,#13001),
 .UNSPECIFIED.,.F.,.F.,(4,4),(0.,0.302865028381348),.UNSPECIFIED.);
#257=B_SPLINE_CURVE_WITH_KNOTS('',3,(#13005,#13006,#13007,#13008,#13009),
 .UNSPECIFIED.,.F.,.F.,(4,1,4),(0.,0.571428616841634,1.00000007947286),
 .UNSPECIFIED.);
#258=B_SPLINE_CURVE_WITH_KNOTS('',3,(#13013,#13014,#13015,#13016,#13017),
 .UNSPECIFIED.,.F.,.F.,(4,1,4),(0.,0.571428616841634,1.00000007947286),
 .UNSPECIFIED.);
#259=B_SPLINE_CURVE_WITH_KNOTS('',3,(#13021,#13022,#13023,#13024,#13025),
 .UNSPECIFIED.,.F.,.F.,(4,1,4),(0.,0.147847995470488,0.297904729240773),
 .UNSPECIFIED.);
#260=B_SPLINE_CURVE_WITH_KNOTS('',3,(#13027,#13028,#13029,#13030,#13031),
 .UNSPECIFIED.,.F.,.F.,(4,1,4),(0.,0.183357850264885,0.328814090644366),
 .UNSPECIFIED.);
#261=B_SPLINE_CURVE_WITH_KNOTS('',3,(#13033,#13034,#13035,#13036),
 .UNSPECIFIED.,.F.,.F.,(4,4),(0.,0.276944080988566),.UNSPECIFIED.);
#262=B_SPLINE_CURVE_WITH_KNOTS('',3,(#13039,#13040,#13041,#13042),
 .UNSPECIFIED.,.F.,.F.,(4,4),(0.,0.293315172195435),.UNSPECIFIED.);
#263=B_SPLINE_CURVE_WITH_KNOTS('',3,(#13065,#13066,#13067,#13068,#13069),
 .UNSPECIFIED.,.F.,.F.,(4,1,4),(0.,0.147847995470488,0.297904729240773),
 .UNSPECIFIED.);
#264=B_SPLINE_CURVE_WITH_KNOTS('',3,(#13093,#13094,#13095,#13096,#13097),
 .UNSPECIFIED.,.F.,.F.,(4,1,4),(0.,0.183357850264885,0.328814090644366),
 .UNSPECIFIED.);
#265=B_SPLINE_CURVE_WITH_KNOTS('',3,(#13116,#13117,#13118,#13119),
 .UNSPECIFIED.,.F.,.F.,(4,4),(0.,0.276944080988566),.UNSPECIFIED.);
#266=B_SPLINE_CURVE_WITH_KNOTS('',3,(#13141,#13142,#13143,#13144),
 .UNSPECIFIED.,.F.,.F.,(4,4),(0.,0.293315172195435),.UNSPECIFIED.);
#267=B_SPLINE_CURVE_WITH_KNOTS('',3,(#13235,#13236,#13237,#13238,#13239),
 .UNSPECIFIED.,.F.,.F.,(4,1,4),(0.,0.336776460920061,0.78581174214681),
 .UNSPECIFIED.);
#268=B_SPLINE_CURVE_WITH_KNOTS('',3,(#13249,#13250,#13251,#13252,#13253),
 .UNSPECIFIED.,.F.,.F.,(4,1,4),(0.,0.336484125682286,0.785129626592),
 .UNSPECIFIED.);
#269=B_SPLINE_CURVE_WITH_KNOTS('',3,(#13320,#13321,#13322,#13323,#13324),
 .UNSPECIFIED.,.F.,.F.,(4,1,4),(0.,0.0765193137101011,0.159060124317723),
 .UNSPECIFIED.);
#270=B_SPLINE_CURVE_WITH_KNOTS('',3,(#13326,#13327,#13328,#13329,#13330),
 .UNSPECIFIED.,.F.,.F.,(4,1,4),(0.,0.094889734374514,0.175916974176654),
 .UNSPECIFIED.);
#271=B_SPLINE_CURVE_WITH_KNOTS('',3,(#13332,#13333,#13334,#13335,#13336),
 .UNSPECIFIED.,.F.,.F.,(4,1,4),(0.,0.162314447642577,0.26749004362866),
 .UNSPECIFIED.);
#272=B_SPLINE_CURVE_WITH_KNOTS('',3,(#13338,#13339,#13340,#13341,#13342),
 .UNSPECIFIED.,.F.,.F.,(4,1,4),(0.,0.315727915082659,0.736698468526204),
 .UNSPECIFIED.);
#273=B_SPLINE_CURVE_WITH_KNOTS('',3,(#13346,#13347,#13348,#13349),
 .UNSPECIFIED.,.F.,.F.,(4,4),(0.,0.422237396240234),.UNSPECIFIED.);
#274=B_SPLINE_CURVE_WITH_KNOTS('',3,(#13351,#13352,#13353,#13354,#13355),
 .UNSPECIFIED.,.F.,.F.,(4,1,4),(0.,0.130079199590298,0.259018649918241),
 .UNSPECIFIED.);
#275=B_SPLINE_CURVE_WITH_KNOTS('',3,(#13357,#13358,#13359,#13360,#13361),
 .UNSPECIFIED.,.F.,.F.,(4,1,4),(0.,0.129669327904486,0.263820979744216),
 .UNSPECIFIED.);
#276=B_SPLINE_CURVE_WITH_KNOTS('',3,(#13363,#13364,#13365,#13366),
 .UNSPECIFIED.,.F.,.F.,(4,4),(0.,0.419508934020996),.UNSPECIFIED.);
#277=B_SPLINE_CURVE_WITH_KNOTS('',3,(#13370,#13371,#13372,#13373,#13374),
 .UNSPECIFIED.,.F.,.F.,(4,1,4),(0.,0.311050483158656,0.725784460703532),
 .UNSPECIFIED.);
#278=B_SPLINE_CURVE_WITH_KNOTS('',3,(#13376,#13377,#13378,#13379,#13380),
 .UNSPECIFIED.,.F.,.F.,(4,1,4),(0.,0.0200636747135135,0.047906687024263),
 .UNSPECIFIED.);
#279=B_SPLINE_CURVE_WITH_KNOTS('',3,(#13382,#13383,#13384,#13385,#13386),
 .UNSPECIFIED.,.F.,.F.,(4,1,4),(0.,0.0532063836685973,0.148322538563821),
 .UNSPECIFIED.);
#280=B_SPLINE_CURVE_WITH_KNOTS('',3,(#13388,#13389,#13390,#13391,#13392),
 .UNSPECIFIED.,.F.,.F.,(4,1,4),(0.,0.0415440760539306,0.0838930499883645),
 .UNSPECIFIED.);
#281=B_SPLINE_CURVE_WITH_KNOTS('',3,(#13394,#13395,#13396,#13397,#13398),
 .UNSPECIFIED.,.F.,.F.,(4,1,4),(0.,0.0554884013590127,0.101121339577534),
 .UNSPECIFIED.);
#282=B_SPLINE_CURVE_WITH_KNOTS('',3,(#13400,#13401,#13402,#13403,#13404),
 .UNSPECIFIED.,.F.,.F.,(4,1,4),(0.,0.0578494563545395,0.106878263230757),
 .UNSPECIFIED.);
#283=B_SPLINE_CURVE_WITH_KNOTS('',3,(#13406,#13407,#13408,#13409),
 .UNSPECIFIED.,.F.,.F.,(4,4),(0.,0.115279674530029),.UNSPECIFIED.);
#284=B_SPLINE_CURVE_WITH_KNOTS('',3,(#13410,#13411,#13412,#13413,#13414),
 .UNSPECIFIED.,.F.,.F.,(4,1,4),(0.,0.0565560303948424,0.121214206745392),
 .UNSPECIFIED.);
#285=FACE_BOUND('',#936,.T.);
#286=FACE_BOUND('',#938,.T.);
#287=FACE_BOUND('',#957,.T.);
#288=FACE_BOUND('',#959,.T.);
#289=FACE_BOUND('',#963,.T.);
#290=FACE_BOUND('',#965,.T.);
#291=FACE_BOUND('',#1094,.T.);
#292=FACE_BOUND('',#1096,.T.);
#293=FACE_BOUND('',#1100,.T.);
#294=FACE_BOUND('',#1102,.T.);
#295=FACE_BOUND('',#1106,.T.);
#296=FACE_BOUND('',#1108,.T.);
#297=FACE_BOUND('',#1111,.T.);
#298=FACE_BOUND('',#1114,.T.);
#299=FACE_BOUND('',#1116,.T.);
#300=FACE_BOUND('',#1120,.T.);
#301=FACE_BOUND('',#1122,.T.);
#302=FACE_BOUND('',#1126,.T.);
#303=FACE_BOUND('',#1128,.T.);
#304=FACE_BOUND('',#1132,.T.);
#305=FACE_BOUND('',#1134,.T.);
#306=FACE_BOUND('',#1136,.T.);
#307=FACE_BOUND('',#1137,.T.);
#308=FACE_BOUND('',#1138,.T.);
#309=FACE_BOUND('',#1139,.T.);
#310=FACE_BOUND('',#1140,.T.);
#311=FACE_BOUND('',#1141,.T.);
#312=FACE_BOUND('',#1142,.T.);
#313=FACE_BOUND('',#1143,.T.);
#314=FACE_BOUND('',#1144,.T.);
#315=FACE_BOUND('',#1147,.T.);
#316=FACE_BOUND('',#1149,.T.);
#317=FACE_BOUND('',#1153,.T.);
#318=FACE_BOUND('',#1155,.T.);
#319=FACE_BOUND('',#1198,.T.);
#320=FACE_BOUND('',#1249,.T.);
#321=FACE_BOUND('',#1289,.T.);
#322=FACE_BOUND('',#1349,.T.);
#323=PLANE('',#7009);
#324=PLANE('',#7010);
#325=PLANE('',#7011);
#326=PLANE('',#7017);
#327=PLANE('',#7023);
#328=PLANE('',#7025);
#329=PLANE('',#7029);
#330=PLANE('',#7030);
#331=PLANE('',#7031);
#332=PLANE('',#7037);
#333=PLANE('',#7040);
#334=PLANE('',#7041);
#335=PLANE('',#7042);
#336=PLANE('',#7048);
#337=PLANE('',#7051);
#338=PLANE('',#7052);
#339=PLANE('',#7053);
#340=PLANE('',#7059);
#341=PLANE('',#7065);
#342=PLANE('',#7067);
#343=PLANE('',#7074);
#344=PLANE('',#7075);
#345=PLANE('',#7078);
#346=PLANE('',#7079);
#347=PLANE('',#7080);
#348=PLANE('',#7086);
#349=PLANE('',#7089);
#350=PLANE('',#7090);
#351=PLANE('',#7091);
#352=PLANE('',#7097);
#353=PLANE('',#7100);
#354=PLANE('',#7101);
#355=PLANE('',#7102);
#356=PLANE('',#7108);
#357=PLANE('',#7111);
#358=PLANE('',#7112);
#359=PLANE('',#7113);
#360=PLANE('',#7119);
#361=PLANE('',#7122);
#362=PLANE('',#7123);
#363=PLANE('',#7124);
#364=PLANE('',#7130);
#365=PLANE('',#7133);
#366=PLANE('',#7134);
#367=PLANE('',#7135);
#368=PLANE('',#7141);
#369=PLANE('',#7144);
#370=PLANE('',#7145);
#371=PLANE('',#7146);
#372=PLANE('',#7152);
#373=PLANE('',#7155);
#374=PLANE('',#7156);
#375=PLANE('',#7157);
#376=PLANE('',#7163);
#377=PLANE('',#7166);
#378=PLANE('',#7167);
#379=PLANE('',#7168);
#380=PLANE('',#7174);
#381=PLANE('',#7177);
#382=PLANE('',#7178);
#383=PLANE('',#7179);
#384=PLANE('',#7185);
#385=PLANE('',#7188);
#386=PLANE('',#7189);
#387=PLANE('',#7190);
#388=PLANE('',#7196);
#389=PLANE('',#7199);
#390=PLANE('',#7200);
#391=PLANE('',#7201);
#392=PLANE('',#7207);
#393=PLANE('',#7210);
#394=PLANE('',#7211);
#395=PLANE('',#7212);
#396=PLANE('',#7218);
#397=PLANE('',#7221);
#398=PLANE('',#7222);
#399=PLANE('',#7223);
#400=PLANE('',#7229);
#401=PLANE('',#7232);
#402=PLANE('',#7233);
#403=PLANE('',#7234);
#404=PLANE('',#7240);
#405=PLANE('',#7243);
#406=PLANE('',#7244);
#407=PLANE('',#7245);
#408=PLANE('',#7251);
#409=PLANE('',#7254);
#410=PLANE('',#7255);
#411=PLANE('',#7256);
#412=PLANE('',#7262);
#413=PLANE('',#7265);
#414=PLANE('',#7266);
#415=PLANE('',#7267);
#416=PLANE('',#7273);
#417=PLANE('',#7276);
#418=PLANE('',#7277);
#419=PLANE('',#7278);
#420=PLANE('',#7284);
#421=PLANE('',#7287);
#422=PLANE('',#7288);
#423=PLANE('',#7289);
#424=PLANE('',#7295);
#425=PLANE('',#7298);
#426=PLANE('',#7299);
#427=PLANE('',#7300);
#428=PLANE('',#7306);
#429=PLANE('',#7309);
#430=PLANE('',#7310);
#431=PLANE('',#7311);
#432=PLANE('',#7317);
#433=PLANE('',#7320);
#434=PLANE('',#7321);
#435=PLANE('',#7322);
#436=PLANE('',#7328);
#437=PLANE('',#7331);
#438=PLANE('',#7332);
#439=PLANE('',#7333);
#440=PLANE('',#7339);
#441=PLANE('',#7342);
#442=PLANE('',#7343);
#443=PLANE('',#7344);
#444=PLANE('',#7350);
#445=PLANE('',#7356);
#446=PLANE('',#7357);
#447=PLANE('',#7364);
#448=PLANE('',#7365);
#449=PLANE('',#7372);
#450=PLANE('',#7373);
#451=PLANE('',#7377);
#452=PLANE('',#7382);
#453=PLANE('',#7384);
#454=PLANE('',#7391);
#455=PLANE('',#7393);
#456=PLANE('',#7399);
#457=PLANE('',#7401);
#458=PLANE('',#7408);
#459=PLANE('',#7410);
#460=PLANE('',#7468);
#461=PLANE('',#7469);
#462=PLANE('',#7475);
#463=PLANE('',#7476);
#464=PLANE('',#7479);
#465=PLANE('',#7480);
#466=PLANE('',#7481);
#467=PLANE('',#7485);
#468=PLANE('',#7486);
#469=PLANE('',#7487);
#470=PLANE('',#7488);
#471=PLANE('',#7492);
#472=PLANE('',#7493);
#473=PLANE('',#7494);
#474=PLANE('',#7495);
#475=PLANE('',#7499);
#476=PLANE('',#7500);
#477=PLANE('',#7501);
#478=PLANE('',#7502);
#479=PLANE('',#7506);
#480=PLANE('',#7507);
#481=PLANE('',#7508);
#482=PLANE('',#7509);
#483=PLANE('',#7513);
#484=PLANE('',#7514);
#485=PLANE('',#7515);
#486=PLANE('',#7516);
#487=PLANE('',#7520);
#488=PLANE('',#7521);
#489=PLANE('',#7522);
#490=PLANE('',#7523);
#491=PLANE('',#7527);
#492=PLANE('',#7528);
#493=PLANE('',#7529);
#494=PLANE('',#7530);
#495=PLANE('',#7534);
#496=PLANE('',#7539);
#497=PLANE('',#7540);
#498=PLANE('',#7541);
#499=PLANE('',#7542);
#500=PLANE('',#7543);
#501=PLANE('',#7548);
#502=PLANE('',#7549);
#503=PLANE('',#7550);
#504=PLANE('',#7551);
#505=PLANE('',#7559);
#506=PLANE('',#7560);
#507=PLANE('',#7561);
#508=PLANE('',#7562);
#509=PLANE('',#7563);
#510=PLANE('',#7564);
#511=PLANE('',#7565);
#512=PLANE('',#7566);
#513=PLANE('',#7567);
#514=PLANE('',#7568);
#515=PLANE('',#7572);
#516=PLANE('',#7573);
#517=PLANE('',#7574);
#518=PLANE('',#7578);
#519=PLANE('',#7579);
#520=PLANE('',#7580);
#521=PLANE('',#7581);
#522=PLANE('',#7582);
#523=PLANE('',#7589);
#524=PLANE('',#7590);
#525=PLANE('',#7591);
#526=PLANE('',#7592);
#527=PLANE('',#7593);
#528=PLANE('',#7594);
#529=PLANE('',#7595);
#530=PLANE('',#7596);
#531=PLANE('',#7598);
#532=PLANE('',#7599);
#533=PLANE('',#7603);
#534=PLANE('',#7604);
#535=PLANE('',#7605);
#536=PLANE('',#7606);
#537=PLANE('',#7610);
#538=PLANE('',#7611);
#539=PLANE('',#7612);
#540=PLANE('',#7613);
#541=PLANE('',#7617);
#542=PLANE('',#7619);
#543=PLANE('',#7620);
#544=FACE_OUTER_BOUND('',#928,.T.);
#545=FACE_OUTER_BOUND('',#929,.T.);
#546=FACE_OUTER_BOUND('',#930,.T.);
#547=FACE_OUTER_BOUND('',#931,.T.);
#548=FACE_OUTER_BOUND('',#932,.T.);
#549=FACE_OUTER_BOUND('',#933,.T.);
#550=FACE_OUTER_BOUND('',#934,.T.);
#551=FACE_OUTER_BOUND('',#935,.T.);
#552=FACE_OUTER_BOUND('',#937,.T.);
#553=FACE_OUTER_BOUND('',#939,.T.);
#554=FACE_OUTER_BOUND('',#940,.T.);
#555=FACE_OUTER_BOUND('',#941,.T.);
#556=FACE_OUTER_BOUND('',#942,.T.);
#557=FACE_OUTER_BOUND('',#943,.T.);
#558=FACE_OUTER_BOUND('',#944,.T.);
#559=FACE_OUTER_BOUND('',#945,.T.);
#560=FACE_OUTER_BOUND('',#946,.T.);
#561=FACE_OUTER_BOUND('',#947,.T.);
#562=FACE_OUTER_BOUND('',#948,.T.);
#563=FACE_OUTER_BOUND('',#949,.T.);
#564=FACE_OUTER_BOUND('',#950,.T.);
#565=FACE_OUTER_BOUND('',#951,.T.);
#566=FACE_OUTER_BOUND('',#952,.T.);
#567=FACE_OUTER_BOUND('',#953,.T.);
#568=FACE_OUTER_BOUND('',#954,.T.);
#569=FACE_OUTER_BOUND('',#955,.T.);
#570=FACE_OUTER_BOUND('',#956,.T.);
#571=FACE_OUTER_BOUND('',#958,.T.);
#572=FACE_OUTER_BOUND('',#960,.T.);
#573=FACE_OUTER_BOUND('',#961,.T.);
#574=FACE_OUTER_BOUND('',#962,.T.);
#575=FACE_OUTER_BOUND('',#964,.T.);
#576=FACE_OUTER_BOUND('',#966,.T.);
#577=FACE_OUTER_BOUND('',#967,.T.);
#578=FACE_OUTER_BOUND('',#968,.T.);
#579=FACE_OUTER_BOUND('',#969,.T.);
#580=FACE_OUTER_BOUND('',#970,.T.);
#581=FACE_OUTER_BOUND('',#971,.T.);
#582=FACE_OUTER_BOUND('',#972,.T.);
#583=FACE_OUTER_BOUND('',#973,.T.);
#584=FACE_OUTER_BOUND('',#974,.T.);
#585=FACE_OUTER_BOUND('',#975,.T.);
#586=FACE_OUTER_BOUND('',#976,.T.);
#587=FACE_OUTER_BOUND('',#977,.T.);
#588=FACE_OUTER_BOUND('',#978,.T.);
#589=FACE_OUTER_BOUND('',#979,.T.);
#590=FACE_OUTER_BOUND('',#980,.T.);
#591=FACE_OUTER_BOUND('',#981,.T.);
#592=FACE_OUTER_BOUND('',#982,.T.);
#593=FACE_OUTER_BOUND('',#983,.T.);
#594=FACE_OUTER_BOUND('',#984,.T.);
#595=FACE_OUTER_BOUND('',#985,.T.);
#596=FACE_OUTER_BOUND('',#986,.T.);
#597=FACE_OUTER_BOUND('',#987,.T.);
#598=FACE_OUTER_BOUND('',#988,.T.);
#599=FACE_OUTER_BOUND('',#989,.T.);
#600=FACE_OUTER_BOUND('',#990,.T.);
#601=FACE_OUTER_BOUND('',#991,.T.);
#602=FACE_OUTER_BOUND('',#992,.T.);
#603=FACE_OUTER_BOUND('',#993,.T.);
#604=FACE_OUTER_BOUND('',#994,.T.);
#605=FACE_OUTER_BOUND('',#995,.T.);
#606=FACE_OUTER_BOUND('',#996,.T.);
#607=FACE_OUTER_BOUND('',#997,.T.);
#608=FACE_OUTER_BOUND('',#998,.T.);
#609=FACE_OUTER_BOUND('',#999,.T.);
#610=FACE_OUTER_BOUND('',#1000,.T.);
#611=FACE_OUTER_BOUND('',#1001,.T.);
#612=FACE_OUTER_BOUND('',#1002,.T.);
#613=FACE_OUTER_BOUND('',#1003,.T.);
#614=FACE_OUTER_BOUND('',#1004,.T.);
#615=FACE_OUTER_BOUND('',#1005,.T.);
#616=FACE_OUTER_BOUND('',#1006,.T.);
#617=FACE_OUTER_BOUND('',#1007,.T.);
#618=FACE_OUTER_BOUND('',#1008,.T.);
#619=FACE_OUTER_BOUND('',#1009,.T.);
#620=FACE_OUTER_BOUND('',#1010,.T.);
#621=FACE_OUTER_BOUND('',#1011,.T.);
#622=FACE_OUTER_BOUND('',#1012,.T.);
#623=FACE_OUTER_BOUND('',#1013,.T.);
#624=FACE_OUTER_BOUND('',#1014,.T.);
#625=FACE_OUTER_BOUND('',#1015,.T.);
#626=FACE_OUTER_BOUND('',#1016,.T.);
#627=FACE_OUTER_BOUND('',#1017,.T.);
#628=FACE_OUTER_BOUND('',#1018,.T.);
#629=FACE_OUTER_BOUND('',#1019,.T.);
#630=FACE_OUTER_BOUND('',#1020,.T.);
#631=FACE_OUTER_BOUND('',#1021,.T.);
#632=FACE_OUTER_BOUND('',#1022,.T.);
#633=FACE_OUTER_BOUND('',#1023,.T.);
#634=FACE_OUTER_BOUND('',#1024,.T.);
#635=FACE_OUTER_BOUND('',#1025,.T.);
#636=FACE_OUTER_BOUND('',#1026,.T.);
#637=FACE_OUTER_BOUND('',#1027,.T.);
#638=FACE_OUTER_BOUND('',#1028,.T.);
#639=FACE_OUTER_BOUND('',#1029,.T.);
#640=FACE_OUTER_BOUND('',#1030,.T.);
#641=FACE_OUTER_BOUND('',#1031,.T.);
#642=FACE_OUTER_BOUND('',#1032,.T.);
#643=FACE_OUTER_BOUND('',#1033,.T.);
#644=FACE_OUTER_BOUND('',#1034,.T.);
#645=FACE_OUTER_BOUND('',#1035,.T.);
#646=FACE_OUTER_BOUND('',#1036,.T.);
#647=FACE_OUTER_BOUND('',#1037,.T.);
#648=FACE_OUTER_BOUND('',#1038,.T.);
#649=FACE_OUTER_BOUND('',#1039,.T.);
#650=FACE_OUTER_BOUND('',#1040,.T.);
#651=FACE_OUTER_BOUND('',#1041,.T.);
#652=FACE_OUTER_BOUND('',#1042,.T.);
#653=FACE_OUTER_BOUND('',#1043,.T.);
#654=FACE_OUTER_BOUND('',#1044,.T.);
#655=FACE_OUTER_BOUND('',#1045,.T.);
#656=FACE_OUTER_BOUND('',#1046,.T.);
#657=FACE_OUTER_BOUND('',#1047,.T.);
#658=FACE_OUTER_BOUND('',#1048,.T.);
#659=FACE_OUTER_BOUND('',#1049,.T.);
#660=FACE_OUTER_BOUND('',#1050,.T.);
#661=FACE_OUTER_BOUND('',#1051,.T.);
#662=FACE_OUTER_BOUND('',#1052,.T.);
#663=FACE_OUTER_BOUND('',#1053,.T.);
#664=FACE_OUTER_BOUND('',#1054,.T.);
#665=FACE_OUTER_BOUND('',#1055,.T.);
#666=FACE_OUTER_BOUND('',#1056,.T.);
#667=FACE_OUTER_BOUND('',#1057,.T.);
#668=FACE_OUTER_BOUND('',#1058,.T.);
#669=FACE_OUTER_BOUND('',#1059,.T.);
#670=FACE_OUTER_BOUND('',#1060,.T.);
#671=FACE_OUTER_BOUND('',#1061,.T.);
#672=FACE_OUTER_BOUND('',#1062,.T.);
#673=FACE_OUTER_BOUND('',#1063,.T.);
#674=FACE_OUTER_BOUND('',#1064,.T.);
#675=FACE_OUTER_BOUND('',#1065,.T.);
#676=FACE_OUTER_BOUND('',#1066,.T.);
#677=FACE_OUTER_BOUND('',#1067,.T.);
#678=FACE_OUTER_BOUND('',#1068,.T.);
#679=FACE_OUTER_BOUND('',#1069,.T.);
#680=FACE_OUTER_BOUND('',#1070,.T.);
#681=FACE_OUTER_BOUND('',#1071,.T.);
#682=FACE_OUTER_BOUND('',#1072,.T.);
#683=FACE_OUTER_BOUND('',#1073,.T.);
#684=FACE_OUTER_BOUND('',#1074,.T.);
#685=FACE_OUTER_BOUND('',#1075,.T.);
#686=FACE_OUTER_BOUND('',#1076,.T.);
#687=FACE_OUTER_BOUND('',#1077,.T.);
#688=FACE_OUTER_BOUND('',#1078,.T.);
#689=FACE_OUTER_BOUND('',#1079,.T.);
#690=FACE_OUTER_BOUND('',#1080,.T.);
#691=FACE_OUTER_BOUND('',#1081,.T.);
#692=FACE_OUTER_BOUND('',#1082,.T.);
#693=FACE_OUTER_BOUND('',#1083,.T.);
#694=FACE_OUTER_BOUND('',#1084,.T.);
#695=FACE_OUTER_BOUND('',#1085,.T.);
#696=FACE_OUTER_BOUND('',#1086,.T.);
#697=FACE_OUTER_BOUND('',#1087,.T.);
#698=FACE_OUTER_BOUND('',#1088,.T.);
#699=FACE_OUTER_BOUND('',#1089,.T.);
#700=FACE_OUTER_BOUND('',#1090,.T.);
#701=FACE_OUTER_BOUND('',#1091,.T.);
#702=FACE_OUTER_BOUND('',#1092,.T.);
#703=FACE_OUTER_BOUND('',#1093,.T.);
#704=FACE_OUTER_BOUND('',#1095,.T.);
#705=FACE_OUTER_BOUND('',#1097,.T.);
#706=FACE_OUTER_BOUND('',#1098,.T.);
#707=FACE_OUTER_BOUND('',#1099,.T.);
#708=FACE_OUTER_BOUND('',#1101,.T.);
#709=FACE_OUTER_BOUND('',#1103,.T.);
#710=FACE_OUTER_BOUND('',#1104,.T.);
#711=FACE_OUTER_BOUND('',#1105,.T.);
#712=FACE_OUTER_BOUND('',#1107,.T.);
#713=FACE_OUTER_BOUND('',#1109,.T.);
#714=FACE_OUTER_BOUND('',#1110,.T.);
#715=FACE_OUTER_BOUND('',#1112,.T.);
#716=FACE_OUTER_BOUND('',#1113,.T.);
#717=FACE_OUTER_BOUND('',#1115,.T.);
#718=FACE_OUTER_BOUND('',#1117,.T.);
#719=FACE_OUTER_BOUND('',#1118,.T.);
#720=FACE_OUTER_BOUND('',#1119,.T.);
#721=FACE_OUTER_BOUND('',#1121,.T.);
#722=FACE_OUTER_BOUND('',#1123,.T.);
#723=FACE_OUTER_BOUND('',#1124,.T.);
#724=FACE_OUTER_BOUND('',#1125,.T.);
#725=FACE_OUTER_BOUND('',#1127,.T.);
#726=FACE_OUTER_BOUND('',#1129,.T.);
#727=FACE_OUTER_BOUND('',#1130,.T.);
#728=FACE_OUTER_BOUND('',#1131,.T.);
#729=FACE_OUTER_BOUND('',#1133,.T.);
#730=FACE_OUTER_BOUND('',#1135,.T.);
#731=FACE_OUTER_BOUND('',#1145,.T.);
#732=FACE_OUTER_BOUND('',#1146,.T.);
#733=FACE_OUTER_BOUND('',#1148,.T.);
#734=FACE_OUTER_BOUND('',#1150,.T.);
#735=FACE_OUTER_BOUND('',#1151,.T.);
#736=FACE_OUTER_BOUND('',#1152,.T.);
#737=FACE_OUTER_BOUND('',#1154,.T.);
#738=FACE_OUTER_BOUND('',#1156,.T.);
#739=FACE_OUTER_BOUND('',#1157,.T.);
#740=FACE_OUTER_BOUND('',#1158,.T.);
#741=FACE_OUTER_BOUND('',#1159,.T.);
#742=FACE_OUTER_BOUND('',#1160,.T.);
#743=FACE_OUTER_BOUND('',#1161,.T.);
#744=FACE_OUTER_BOUND('',#1162,.T.);
#745=FACE_OUTER_BOUND('',#1163,.T.);
#746=FACE_OUTER_BOUND('',#1164,.T.);
#747=FACE_OUTER_BOUND('',#1165,.T.);
#748=FACE_OUTER_BOUND('',#1166,.T.);
#749=FACE_OUTER_BOUND('',#1167,.T.);
#750=FACE_OUTER_BOUND('',#1168,.T.);
#751=FACE_OUTER_BOUND('',#1169,.T.);
#752=FACE_OUTER_BOUND('',#1170,.T.);
#753=FACE_OUTER_BOUND('',#1171,.T.);
#754=FACE_OUTER_BOUND('',#1172,.T.);
#755=FACE_OUTER_BOUND('',#1173,.T.);
#756=FACE_OUTER_BOUND('',#1174,.T.);
#757=FACE_OUTER_BOUND('',#1175,.T.);
#758=FACE_OUTER_BOUND('',#1176,.T.);
#759=FACE_OUTER_BOUND('',#1177,.T.);
#760=FACE_OUTER_BOUND('',#1178,.T.);
#761=FACE_OUTER_BOUND('',#1179,.T.);
#762=FACE_OUTER_BOUND('',#1180,.T.);
#763=FACE_OUTER_BOUND('',#1181,.T.);
#764=FACE_OUTER_BOUND('',#1182,.T.);
#765=FACE_OUTER_BOUND('',#1183,.T.);
#766=FACE_OUTER_BOUND('',#1184,.T.);
#767=FACE_OUTER_BOUND('',#1185,.T.);
#768=FACE_OUTER_BOUND('',#1186,.T.);
#769=FACE_OUTER_BOUND('',#1187,.T.);
#770=FACE_OUTER_BOUND('',#1188,.T.);
#771=FACE_OUTER_BOUND('',#1189,.T.);
#772=FACE_OUTER_BOUND('',#1190,.T.);
#773=FACE_OUTER_BOUND('',#1191,.T.);
#774=FACE_OUTER_BOUND('',#1192,.T.);
#775=FACE_OUTER_BOUND('',#1193,.T.);
#776=FACE_OUTER_BOUND('',#1194,.T.);
#777=FACE_OUTER_BOUND('',#1195,.T.);
#778=FACE_OUTER_BOUND('',#1196,.T.);
#779=FACE_OUTER_BOUND('',#1197,.T.);
#780=FACE_OUTER_BOUND('',#1199,.T.);
#781=FACE_OUTER_BOUND('',#1200,.T.);
#782=FACE_OUTER_BOUND('',#1201,.T.);
#783=FACE_OUTER_BOUND('',#1202,.T.);
#784=FACE_OUTER_BOUND('',#1203,.T.);
#785=FACE_OUTER_BOUND('',#1204,.T.);
#786=FACE_OUTER_BOUND('',#1205,.T.);
#787=FACE_OUTER_BOUND('',#1206,.T.);
#788=FACE_OUTER_BOUND('',#1207,.T.);
#789=FACE_OUTER_BOUND('',#1208,.T.);
#790=FACE_OUTER_BOUND('',#1209,.T.);
#791=FACE_OUTER_BOUND('',#1210,.T.);
#792=FACE_OUTER_BOUND('',#1211,.T.);
#793=FACE_OUTER_BOUND('',#1212,.T.);
#794=FACE_OUTER_BOUND('',#1213,.T.);
#795=FACE_OUTER_BOUND('',#1214,.T.);
#796=FACE_OUTER_BOUND('',#1215,.T.);
#797=FACE_OUTER_BOUND('',#1216,.T.);
#798=FACE_OUTER_BOUND('',#1217,.T.);
#799=FACE_OUTER_BOUND('',#1218,.T.);
#800=FACE_OUTER_BOUND('',#1219,.T.);
#801=FACE_OUTER_BOUND('',#1220,.T.);
#802=FACE_OUTER_BOUND('',#1221,.T.);
#803=FACE_OUTER_BOUND('',#1222,.T.);
#804=FACE_OUTER_BOUND('',#1223,.T.);
#805=FACE_OUTER_BOUND('',#1224,.T.);
#806=FACE_OUTER_BOUND('',#1225,.T.);
#807=FACE_OUTER_BOUND('',#1226,.T.);
#808=FACE_OUTER_BOUND('',#1227,.T.);
#809=FACE_OUTER_BOUND('',#1228,.T.);
#810=FACE_OUTER_BOUND('',#1229,.T.);
#811=FACE_OUTER_BOUND('',#1230,.T.);
#812=FACE_OUTER_BOUND('',#1231,.T.);
#813=FACE_OUTER_BOUND('',#1232,.T.);
#814=FACE_OUTER_BOUND('',#1233,.T.);
#815=FACE_OUTER_BOUND('',#1234,.T.);
#816=FACE_OUTER_BOUND('',#1235,.T.);
#817=FACE_OUTER_BOUND('',#1236,.T.);
#818=FACE_OUTER_BOUND('',#1237,.T.);
#819=FACE_OUTER_BOUND('',#1238,.T.);
#820=FACE_OUTER_BOUND('',#1239,.T.);
#821=FACE_OUTER_BOUND('',#1240,.T.);
#822=FACE_OUTER_BOUND('',#1241,.T.);
#823=FACE_OUTER_BOUND('',#1242,.T.);
#824=FACE_OUTER_BOUND('',#1243,.T.);
#825=FACE_OUTER_BOUND('',#1244,.T.);
#826=FACE_OUTER_BOUND('',#1245,.T.);
#827=FACE_OUTER_BOUND('',#1246,.T.);
#828=FACE_OUTER_BOUND('',#1247,.T.);
#829=FACE_OUTER_BOUND('',#1248,.T.);
#830=FACE_OUTER_BOUND('',#1250,.T.);
#831=FACE_OUTER_BOUND('',#1251,.T.);
#832=FACE_OUTER_BOUND('',#1252,.T.);
#833=FACE_OUTER_BOUND('',#1253,.T.);
#834=FACE_OUTER_BOUND('',#1254,.T.);
#835=FACE_OUTER_BOUND('',#1255,.T.);
#836=FACE_OUTER_BOUND('',#1256,.T.);
#837=FACE_OUTER_BOUND('',#1257,.T.);
#838=FACE_OUTER_BOUND('',#1258,.T.);
#839=FACE_OUTER_BOUND('',#1259,.T.);
#840=FACE_OUTER_BOUND('',#1260,.T.);
#841=FACE_OUTER_BOUND('',#1261,.T.);
#842=FACE_OUTER_BOUND('',#1262,.T.);
#843=FACE_OUTER_BOUND('',#1263,.T.);
#844=FACE_OUTER_BOUND('',#1264,.T.);
#845=FACE_OUTER_BOUND('',#1265,.T.);
#846=FACE_OUTER_BOUND('',#1266,.T.);
#847=FACE_OUTER_BOUND('',#1267,.T.);
#848=FACE_OUTER_BOUND('',#1268,.T.);
#849=FACE_OUTER_BOUND('',#1269,.T.);
#850=FACE_OUTER_BOUND('',#1270,.T.);
#851=FACE_OUTER_BOUND('',#1271,.T.);
#852=FACE_OUTER_BOUND('',#1272,.T.);
#853=FACE_OUTER_BOUND('',#1273,.T.);
#854=FACE_OUTER_BOUND('',#1274,.T.);
#855=FACE_OUTER_BOUND('',#1275,.T.);
#856=FACE_OUTER_BOUND('',#1276,.T.);
#857=FACE_OUTER_BOUND('',#1277,.T.);
#858=FACE_OUTER_BOUND('',#1278,.T.);
#859=FACE_OUTER_BOUND('',#1279,.T.);
#860=FACE_OUTER_BOUND('',#1280,.T.);
#861=FACE_OUTER_BOUND('',#1281,.T.);
#862=FACE_OUTER_BOUND('',#1282,.T.);
#863=FACE_OUTER_BOUND('',#1283,.T.);
#864=FACE_OUTER_BOUND('',#1284,.T.);
#865=FACE_OUTER_BOUND('',#1285,.T.);
#866=FACE_OUTER_BOUND('',#1286,.T.);
#867=FACE_OUTER_BOUND('',#1287,.T.);
#868=FACE_OUTER_BOUND('',#1288,.T.);
#869=FACE_OUTER_BOUND('',#1290,.T.);
#870=FACE_OUTER_BOUND('',#1291,.T.);
#871=FACE_OUTER_BOUND('',#1292,.T.);
#872=FACE_OUTER_BOUND('',#1293,.T.);
#873=FACE_OUTER_BOUND('',#1294,.T.);
#874=FACE_OUTER_BOUND('',#1295,.T.);
#875=FACE_OUTER_BOUND('',#1296,.T.);
#876=FACE_OUTER_BOUND('',#1297,.T.);
#877=FACE_OUTER_BOUND('',#1298,.T.);
#878=FACE_OUTER_BOUND('',#1299,.T.);
#879=FACE_OUTER_BOUND('',#1300,.T.);
#880=FACE_OUTER_BOUND('',#1301,.T.);
#881=FACE_OUTER_BOUND('',#1302,.T.);
#882=FACE_OUTER_BOUND('',#1303,.T.);
#883=FACE_OUTER_BOUND('',#1304,.T.);
#884=FACE_OUTER_BOUND('',#1305,.T.);
#885=FACE_OUTER_BOUND('',#1306,.T.);
#886=FACE_OUTER_BOUND('',#1307,.T.);
#887=FACE_OUTER_BOUND('',#1308,.T.);
#888=FACE_OUTER_BOUND('',#1309,.T.);
#889=FACE_OUTER_BOUND('',#1310,.T.);
#890=FACE_OUTER_BOUND('',#1311,.T.);
#891=FACE_OUTER_BOUND('',#1312,.T.);
#892=FACE_OUTER_BOUND('',#1313,.T.);
#893=FACE_OUTER_BOUND('',#1314,.T.);
#894=FACE_OUTER_BOUND('',#1315,.T.);
#895=FACE_OUTER_BOUND('',#1316,.T.);
#896=FACE_OUTER_BOUND('',#1317,.T.);
#897=FACE_OUTER_BOUND('',#1318,.T.);
#898=FACE_OUTER_BOUND('',#1319,.T.);
#899=FACE_OUTER_BOUND('',#1320,.T.);
#900=FACE_OUTER_BOUND('',#1321,.T.);
#901=FACE_OUTER_BOUND('',#1322,.T.);
#902=FACE_OUTER_BOUND('',#1323,.T.);
#903=FACE_OUTER_BOUND('',#1324,.T.);
#904=FACE_OUTER_BOUND('',#1325,.T.);
#905=FACE_OUTER_BOUND('',#1326,.T.);
#906=FACE_OUTER_BOUND('',#1327,.T.);
#907=FACE_OUTER_BOUND('',#1328,.T.);
#908=FACE_OUTER_BOUND('',#1329,.T.);
#909=FACE_OUTER_BOUND('',#1330,.T.);
#910=FACE_OUTER_BOUND('',#1331,.T.);
#911=FACE_OUTER_BOUND('',#1332,.T.);
#912=FACE_OUTER_BOUND('',#1333,.T.);
#913=FACE_OUTER_BOUND('',#1334,.T.);
#914=FACE_OUTER_BOUND('',#1335,.T.);
#915=FACE_OUTER_BOUND('',#1336,.T.);
#916=FACE_OUTER_BOUND('',#1337,.T.);
#917=FACE_OUTER_BOUND('',#1338,.T.);
#918=FACE_OUTER_BOUND('',#1339,.T.);
#919=FACE_OUTER_BOUND('',#1340,.T.);
#920=FACE_OUTER_BOUND('',#1341,.T.);
#921=FACE_OUTER_BOUND('',#1342,.T.);
#922=FACE_OUTER_BOUND('',#1343,.T.);
#923=FACE_OUTER_BOUND('',#1344,.T.);
#924=FACE_OUTER_BOUND('',#1345,.T.);
#925=FACE_OUTER_BOUND('',#1346,.T.);
#926=FACE_OUTER_BOUND('',#1347,.T.);
#927=FACE_OUTER_BOUND('',#1348,.T.);
#928=EDGE_LOOP('',(#4468,#4469,#4470,#4471));
#929=EDGE_LOOP('',(#4472,#4473,#4474,#4475));
#930=EDGE_LOOP('',(#4476,#4477,#4478,#4479));
#931=EDGE_LOOP('',(#4480,#4481,#4482,#4483,#4484));
#932=EDGE_LOOP('',(#4485,#4486,#4487,#4488));
#933=EDGE_LOOP('',(#4489,#4490,#4491,#4492,#4493));
#934=EDGE_LOOP('',(#4494,#4495,#4496,#4497));
#935=EDGE_LOOP('',(#4498));
#936=EDGE_LOOP('',(#4499));
#937=EDGE_LOOP('',(#4500));
#938=EDGE_LOOP('',(#4501));
#939=EDGE_LOOP('',(#4502,#4503,#4504,#4505));
#940=EDGE_LOOP('',(#4506,#4507,#4508,#4509));
#941=EDGE_LOOP('',(#4510,#4511,#4512,#4513));
#942=EDGE_LOOP('',(#4514,#4515,#4516,#4517,#4518));
#943=EDGE_LOOP('',(#4519,#4520,#4521,#4522));
#944=EDGE_LOOP('',(#4523,#4524,#4525,#4526,#4527));
#945=EDGE_LOOP('',(#4528,#4529,#4530,#4531));
#946=EDGE_LOOP('',(#4532,#4533,#4534,#4535));
#947=EDGE_LOOP('',(#4536,#4537,#4538,#4539,#4540));
#948=EDGE_LOOP('',(#4541,#4542,#4543,#4544));
#949=EDGE_LOOP('',(#4545,#4546,#4547,#4548,#4549));
#950=EDGE_LOOP('',(#4550,#4551,#4552,#4553));
#951=EDGE_LOOP('',(#4554,#4555,#4556,#4557));
#952=EDGE_LOOP('',(#4558,#4559,#4560,#4561,#4562));
#953=EDGE_LOOP('',(#4563,#4564,#4565,#4566));
#954=EDGE_LOOP('',(#4567,#4568,#4569,#4570,#4571));
#955=EDGE_LOOP('',(#4572,#4573,#4574,#4575));
#956=EDGE_LOOP('',(#4576));
#957=EDGE_LOOP('',(#4577));
#958=EDGE_LOOP('',(#4578));
#959=EDGE_LOOP('',(#4579));
#960=EDGE_LOOP('',(#4580,#4581,#4582,#4583));
#961=EDGE_LOOP('',(#4584,#4585,#4586,#4587));
#962=EDGE_LOOP('',(#4588));
#963=EDGE_LOOP('',(#4589));
#964=EDGE_LOOP('',(#4590));
#965=EDGE_LOOP('',(#4591));
#966=EDGE_LOOP('',(#4592,#4593,#4594,#4595));
#967=EDGE_LOOP('',(#4596,#4597,#4598,#4599));
#968=EDGE_LOOP('',(#4600,#4601,#4602,#4603));
#969=EDGE_LOOP('',(#4604,#4605,#4606,#4607,#4608));
#970=EDGE_LOOP('',(#4609,#4610,#4611,#4612));
#971=EDGE_LOOP('',(#4613,#4614,#4615,#4616,#4617));
#972=EDGE_LOOP('',(#4618,#4619,#4620,#4621));
#973=EDGE_LOOP('',(#4622,#4623,#4624,#4625));
#974=EDGE_LOOP('',(#4626,#4627,#4628,#4629,#4630));
#975=EDGE_LOOP('',(#4631,#4632,#4633,#4634));
#976=EDGE_LOOP('',(#4635,#4636,#4637,#4638,#4639));
#977=EDGE_LOOP('',(#4640,#4641,#4642,#4643));
#978=EDGE_LOOP('',(#4644,#4645,#4646,#4647));
#979=EDGE_LOOP('',(#4648,#4649,#4650,#4651,#4652));
#980=EDGE_LOOP('',(#4653,#4654,#4655,#4656));
#981=EDGE_LOOP('',(#4657,#4658,#4659,#4660,#4661));
#982=EDGE_LOOP('',(#4662,#4663,#4664,#4665));
#983=EDGE_LOOP('',(#4666,#4667,#4668,#4669));
#984=EDGE_LOOP('',(#4670,#4671,#4672,#4673,#4674));
#985=EDGE_LOOP('',(#4675,#4676,#4677,#4678));
#986=EDGE_LOOP('',(#4679,#4680,#4681,#4682,#4683));
#987=EDGE_LOOP('',(#4684,#4685,#4686,#4687));
#988=EDGE_LOOP('',(#4688,#4689,#4690,#4691));
#989=EDGE_LOOP('',(#4692,#4693,#4694,#4695,#4696));
#990=EDGE_LOOP('',(#4697,#4698,#4699,#4700));
#991=EDGE_LOOP('',(#4701,#4702,#4703,#4704,#4705));
#992=EDGE_LOOP('',(#4706,#4707,#4708,#4709));
#993=EDGE_LOOP('',(#4710,#4711,#4712,#4713));
#994=EDGE_LOOP('',(#4714,#4715,#4716,#4717,#4718));
#995=EDGE_LOOP('',(#4719,#4720,#4721,#4722));
#996=EDGE_LOOP('',(#4723,#4724,#4725,#4726,#4727));
#997=EDGE_LOOP('',(#4728,#4729,#4730,#4731));
#998=EDGE_LOOP('',(#4732,#4733,#4734,#4735));
#999=EDGE_LOOP('',(#4736,#4737,#4738,#4739,#4740));
#1000=EDGE_LOOP('',(#4741,#4742,#4743,#4744));
#1001=EDGE_LOOP('',(#4745,#4746,#4747,#4748,#4749));
#1002=EDGE_LOOP('',(#4750,#4751,#4752,#4753));
#1003=EDGE_LOOP('',(#4754,#4755,#4756,#4757));
#1004=EDGE_LOOP('',(#4758,#4759,#4760,#4761,#4762));
#1005=EDGE_LOOP('',(#4763,#4764,#4765,#4766));
#1006=EDGE_LOOP('',(#4767,#4768,#4769,#4770,#4771));
#1007=EDGE_LOOP('',(#4772,#4773,#4774,#4775));
#1008=EDGE_LOOP('',(#4776,#4777,#4778,#4779));
#1009=EDGE_LOOP('',(#4780,#4781,#4782,#4783,#4784));
#1010=EDGE_LOOP('',(#4785,#4786,#4787,#4788));
#1011=EDGE_LOOP('',(#4789,#4790,#4791,#4792,#4793));
#1012=EDGE_LOOP('',(#4794,#4795,#4796,#4797));
#1013=EDGE_LOOP('',(#4798,#4799,#4800,#4801));
#1014=EDGE_LOOP('',(#4802,#4803,#4804,#4805,#4806));
#1015=EDGE_LOOP('',(#4807,#4808,#4809,#4810));
#1016=EDGE_LOOP('',(#4811,#4812,#4813,#4814,#4815));
#1017=EDGE_LOOP('',(#4816,#4817,#4818,#4819));
#1018=EDGE_LOOP('',(#4820,#4821,#4822,#4823));
#1019=EDGE_LOOP('',(#4824,#4825,#4826,#4827,#4828));
#1020=EDGE_LOOP('',(#4829,#4830,#4831,#4832));
#1021=EDGE_LOOP('',(#4833,#4834,#4835,#4836,#4837));
#1022=EDGE_LOOP('',(#4838,#4839,#4840,#4841));
#1023=EDGE_LOOP('',(#4842,#4843,#4844,#4845));
#1024=EDGE_LOOP('',(#4846,#4847,#4848,#4849,#4850));
#1025=EDGE_LOOP('',(#4851,#4852,#4853,#4854));
#1026=EDGE_LOOP('',(#4855,#4856,#4857,#4858,#4859));
#1027=EDGE_LOOP('',(#4860,#4861,#4862,#4863));
#1028=EDGE_LOOP('',(#4864,#4865,#4866,#4867));
#1029=EDGE_LOOP('',(#4868,#4869,#4870,#4871,#4872));
#1030=EDGE_LOOP('',(#4873,#4874,#4875,#4876));
#1031=EDGE_LOOP('',(#4877,#4878,#4879,#4880,#4881));
#1032=EDGE_LOOP('',(#4882,#4883,#4884,#4885));
#1033=EDGE_LOOP('',(#4886,#4887,#4888,#4889));
#1034=EDGE_LOOP('',(#4890,#4891,#4892,#4893,#4894));
#1035=EDGE_LOOP('',(#4895,#4896,#4897,#4898));
#1036=EDGE_LOOP('',(#4899,#4900,#4901,#4902,#4903));
#1037=EDGE_LOOP('',(#4904,#4905,#4906,#4907));
#1038=EDGE_LOOP('',(#4908,#4909,#4910,#4911));
#1039=EDGE_LOOP('',(#4912,#4913,#4914,#4915,#4916));
#1040=EDGE_LOOP('',(#4917,#4918,#4919,#4920));
#1041=EDGE_LOOP('',(#4921,#4922,#4923,#4924,#4925));
#1042=EDGE_LOOP('',(#4926,#4927,#4928,#4929));
#1043=EDGE_LOOP('',(#4930,#4931,#4932,#4933));
#1044=EDGE_LOOP('',(#4934,#4935,#4936,#4937,#4938));
#1045=EDGE_LOOP('',(#4939,#4940,#4941,#4942));
#1046=EDGE_LOOP('',(#4943,#4944,#4945,#4946,#4947));
#1047=EDGE_LOOP('',(#4948,#4949,#4950,#4951));
#1048=EDGE_LOOP('',(#4952,#4953,#4954,#4955));
#1049=EDGE_LOOP('',(#4956,#4957,#4958,#4959,#4960));
#1050=EDGE_LOOP('',(#4961,#4962,#4963,#4964));
#1051=EDGE_LOOP('',(#4965,#4966,#4967,#4968,#4969));
#1052=EDGE_LOOP('',(#4970,#4971,#4972,#4973));
#1053=EDGE_LOOP('',(#4974,#4975,#4976,#4977));
#1054=EDGE_LOOP('',(#4978,#4979,#4980,#4981,#4982));
#1055=EDGE_LOOP('',(#4983,#4984,#4985,#4986));
#1056=EDGE_LOOP('',(#4987,#4988,#4989,#4990,#4991));
#1057=EDGE_LOOP('',(#4992,#4993,#4994,#4995));
#1058=EDGE_LOOP('',(#4996,#4997,#4998,#4999));
#1059=EDGE_LOOP('',(#5000,#5001,#5002,#5003,#5004));
#1060=EDGE_LOOP('',(#5005,#5006,#5007,#5008));
#1061=EDGE_LOOP('',(#5009,#5010,#5011,#5012,#5013));
#1062=EDGE_LOOP('',(#5014,#5015,#5016,#5017));
#1063=EDGE_LOOP('',(#5018,#5019,#5020,#5021));
#1064=EDGE_LOOP('',(#5022,#5023,#5024,#5025,#5026));
#1065=EDGE_LOOP('',(#5027,#5028,#5029,#5030));
#1066=EDGE_LOOP('',(#5031,#5032,#5033,#5034,#5035));
#1067=EDGE_LOOP('',(#5036,#5037,#5038,#5039));
#1068=EDGE_LOOP('',(#5040,#5041,#5042,#5043));
#1069=EDGE_LOOP('',(#5044,#5045,#5046,#5047,#5048));
#1070=EDGE_LOOP('',(#5049,#5050,#5051,#5052));
#1071=EDGE_LOOP('',(#5053,#5054,#5055,#5056,#5057));
#1072=EDGE_LOOP('',(#5058,#5059,#5060,#5061));
#1073=EDGE_LOOP('',(#5062,#5063,#5064,#5065));
#1074=EDGE_LOOP('',(#5066,#5067,#5068,#5069,#5070));
#1075=EDGE_LOOP('',(#5071,#5072,#5073,#5074));
#1076=EDGE_LOOP('',(#5075,#5076,#5077,#5078,#5079));
#1077=EDGE_LOOP('',(#5080,#5081,#5082,#5083));
#1078=EDGE_LOOP('',(#5084,#5085,#5086,#5087));
#1079=EDGE_LOOP('',(#5088,#5089,#5090,#5091,#5092));
#1080=EDGE_LOOP('',(#5093,#5094,#5095,#5096));
#1081=EDGE_LOOP('',(#5097,#5098,#5099,#5100,#5101));
#1082=EDGE_LOOP('',(#5102,#5103,#5104,#5105));
#1083=EDGE_LOOP('',(#5106,#5107,#5108,#5109));
#1084=EDGE_LOOP('',(#5110,#5111,#5112,#5113,#5114));
#1085=EDGE_LOOP('',(#5115,#5116,#5117,#5118));
#1086=EDGE_LOOP('',(#5119,#5120,#5121,#5122,#5123));
#1087=EDGE_LOOP('',(#5124,#5125,#5126,#5127));
#1088=EDGE_LOOP('',(#5128,#5129,#5130,#5131));
#1089=EDGE_LOOP('',(#5132,#5133,#5134,#5135,#5136));
#1090=EDGE_LOOP('',(#5137,#5138,#5139,#5140));
#1091=EDGE_LOOP('',(#5141,#5142,#5143,#5144,#5145));
#1092=EDGE_LOOP('',(#5146,#5147,#5148,#5149));
#1093=EDGE_LOOP('',(#5150));
#1094=EDGE_LOOP('',(#5151));
#1095=EDGE_LOOP('',(#5152));
#1096=EDGE_LOOP('',(#5153));
#1097=EDGE_LOOP('',(#5154,#5155,#5156,#5157));
#1098=EDGE_LOOP('',(#5158,#5159,#5160,#5161));
#1099=EDGE_LOOP('',(#5162));
#1100=EDGE_LOOP('',(#5163));
#1101=EDGE_LOOP('',(#5164));
#1102=EDGE_LOOP('',(#5165));
#1103=EDGE_LOOP('',(#5166,#5167,#5168,#5169));
#1104=EDGE_LOOP('',(#5170,#5171,#5172,#5173));
#1105=EDGE_LOOP('',(#5174));
#1106=EDGE_LOOP('',(#5175));
#1107=EDGE_LOOP('',(#5176));
#1108=EDGE_LOOP('',(#5177));
#1109=EDGE_LOOP('',(#5178,#5179,#5180,#5181));
#1110=EDGE_LOOP('',(#5182));
#1111=EDGE_LOOP('',(#5183));
#1112=EDGE_LOOP('',(#5184,#5185,#5186,#5187));
#1113=EDGE_LOOP('',(#5188));
#1114=EDGE_LOOP('',(#5189));
#1115=EDGE_LOOP('',(#5190));
#1116=EDGE_LOOP('',(#5191));
#1117=EDGE_LOOP('',(#5192,#5193,#5194,#5195));
#1118=EDGE_LOOP('',(#5196,#5197,#5198,#5199));
#1119=EDGE_LOOP('',(#5200));
#1120=EDGE_LOOP('',(#5201));
#1121=EDGE_LOOP('',(#5202));
#1122=EDGE_LOOP('',(#5203));
#1123=EDGE_LOOP('',(#5204,#5205,#5206,#5207));
#1124=EDGE_LOOP('',(#5208,#5209,#5210,#5211));
#1125=EDGE_LOOP('',(#5212));
#1126=EDGE_LOOP('',(#5213));
#1127=EDGE_LOOP('',(#5214));
#1128=EDGE_LOOP('',(#5215));
#1129=EDGE_LOOP('',(#5216,#5217,#5218,#5219));
#1130=EDGE_LOOP('',(#5220,#5221,#5222,#5223));
#1131=EDGE_LOOP('',(#5224));
#1132=EDGE_LOOP('',(#5225));
#1133=EDGE_LOOP('',(#5226));
#1134=EDGE_LOOP('',(#5227));
#1135=EDGE_LOOP('',(#5228,#5229,#5230,#5231,#5232,#5233,#5234,#5235,#5236,
#5237,#5238,#5239,#5240,#5241,#5242,#5243,#5244,#5245,#5246,#5247,#5248,
#5249,#5250,#5251,#5252,#5253,#5254,#5255,#5256,#5257,#5258,#5259,#5260,
#5261,#5262,#5263,#5264,#5265,#5266,#5267,#5268,#5269,#5270,#5271,#5272,
#5273,#5274,#5275,#5276,#5277,#5278,#5279,#5280,#5281,#5282,#5283,#5284,
#5285,#5286,#5287,#5288,#5289,#5290,#5291,#5292,#5293,#5294,#5295,#5296,
#5297,#5298,#5299,#5300,#5301,#5302,#5303,#5304,#5305,#5306,#5307,#5308,
#5309,#5310,#5311,#5312,#5313,#5314,#5315,#5316,#5317,#5318,#5319,#5320,
#5321,#5322,#5323,#5324,#5325,#5326,#5327,#5328,#5329,#5330,#5331,#5332,
#5333,#5334,#5335,#5336,#5337,#5338,#5339,#5340,#5341,#5342,#5343,#5344,
#5345,#5346,#5347,#5348,#5349,#5350,#5351,#5352,#5353,#5354,#5355,#5356,
#5357,#5358,#5359,#5360,#5361,#5362,#5363,#5364,#5365,#5366,#5367,#5368,
#5369,#5370,#5371,#5372,#5373,#5374,#5375,#5376,#5377,#5378,#5379,#5380,
#5381,#5382,#5383,#5384,#5385,#5386,#5387,#5388,#5389,#5390,#5391,#5392,
#5393,#5394,#5395,#5396,#5397,#5398,#5399,#5400,#5401,#5402,#5403,#5404,
#5405,#5406,#5407,#5408,#5409,#5410,#5411,#5412,#5413,#5414,#5415,#5416,
#5417,#5418,#5419,#5420,#5421,#5422,#5423,#5424,#5425,#5426,#5427,#5428,
#5429,#5430,#5431,#5432,#5433,#5434,#5435,#5436,#5437,#5438,#5439,#5440,
#5441,#5442,#5443,#5444,#5445,#5446,#5447,#5448,#5449,#5450,#5451,#5452,
#5453,#5454,#5455,#5456,#5457,#5458,#5459,#5460,#5461,#5462,#5463,#5464,
#5465,#5466,#5467,#5468,#5469,#5470,#5471,#5472,#5473,#5474,#5475,#5476,
#5477,#5478,#5479,#5480,#5481,#5482,#5483,#5484,#5485,#5486,#5487,#5488,
#5489,#5490,#5491,#5492,#5493,#5494,#5495,#5496,#5497,#5498,#5499,#5500,
#5501,#5502,#5503,#5504,#5505,#5506,#5507,#5508,#5509,#5510,#5511,#5512,
#5513,#5514,#5515,#5516,#5517,#5518,#5519,#5520,#5521,#5522,#5523,#5524,
#5525,#5526,#5527));
#1136=EDGE_LOOP('',(#5528,#5529,#5530,#5531,#5532,#5533,#5534,#5535));
#1137=EDGE_LOOP('',(#5536,#5537,#5538,#5539,#5540,#5541,#5542,#5543,#5544,
#5545));
#1138=EDGE_LOOP('',(#5546,#5547,#5548,#5549,#5550,#5551,#5552,#5553,#5554,
#5555,#5556,#5557,#5558,#5559,#5560,#5561,#5562,#5563));
#1139=EDGE_LOOP('',(#5564,#5565,#5566,#5567));
#1140=EDGE_LOOP('',(#5568,#5569,#5570,#5571));
#1141=EDGE_LOOP('',(#5572,#5573,#5574,#5575,#5576,#5577,#5578,#5579,#5580,
#5581,#5582,#5583,#5584,#5585,#5586,#5587,#5588,#5589,#5590,#5591,#5592,
#5593,#5594,#5595,#5596,#5597,#5598));
#1142=EDGE_LOOP('',(#5599,#5600,#5601,#5602,#5603,#5604,#5605,#5606,#5607,
#5608,#5609,#5610,#5611,#5612,#5613,#5614,#5615,#5616,#5617,#5618));
#1143=EDGE_LOOP('',(#5619,#5620,#5621,#5622));
#1144=EDGE_LOOP('',(#5623,#5624,#5625,#5626,#5627,#5628,#5629,#5630,#5631,
#5632,#5633,#5634,#5635,#5636));
#1145=EDGE_LOOP('',(#5637,#5638,#5639,#5640));
#1146=EDGE_LOOP('',(#5641));
#1147=EDGE_LOOP('',(#5642));
#1148=EDGE_LOOP('',(#5643));
#1149=EDGE_LOOP('',(#5644));
#1150=EDGE_LOOP('',(#5645,#5646,#5647,#5648));
#1151=EDGE_LOOP('',(#5649,#5650,#5651,#5652));
#1152=EDGE_LOOP('',(#5653));
#1153=EDGE_LOOP('',(#5654));
#1154=EDGE_LOOP('',(#5655));
#1155=EDGE_LOOP('',(#5656));
#1156=EDGE_LOOP('',(#5657,#5658,#5659,#5660));
#1157=EDGE_LOOP('',(#5661,#5662,#5663,#5664));
#1158=EDGE_LOOP('',(#5665,#5666,#5667,#5668));
#1159=EDGE_LOOP('',(#5669,#5670,#5671,#5672,#5673));
#1160=EDGE_LOOP('',(#5674,#5675,#5676,#5677));
#1161=EDGE_LOOP('',(#5678,#5679,#5680,#5681,#5682));
#1162=EDGE_LOOP('',(#5683,#5684,#5685,#5686));
#1163=EDGE_LOOP('',(#5687,#5688,#5689,#5690));
#1164=EDGE_LOOP('',(#5691,#5692,#5693,#5694,#5695));
#1165=EDGE_LOOP('',(#5696,#5697,#5698,#5699));
#1166=EDGE_LOOP('',(#5700,#5701,#5702,#5703,#5704));
#1167=EDGE_LOOP('',(#5705,#5706,#5707,#5708));
#1168=EDGE_LOOP('',(#5709,#5710,#5711,#5712));
#1169=EDGE_LOOP('',(#5713,#5714,#5715,#5716,#5717));
#1170=EDGE_LOOP('',(#5718,#5719,#5720,#5721));
#1171=EDGE_LOOP('',(#5722,#5723,#5724,#5725,#5726));
#1172=EDGE_LOOP('',(#5727,#5728,#5729,#5730));
#1173=EDGE_LOOP('',(#5731,#5732,#5733,#5734));
#1174=EDGE_LOOP('',(#5735,#5736,#5737,#5738,#5739));
#1175=EDGE_LOOP('',(#5740,#5741,#5742,#5743));
#1176=EDGE_LOOP('',(#5744,#5745,#5746,#5747,#5748));
#1177=EDGE_LOOP('',(#5749,#5750,#5751,#5752));
#1178=EDGE_LOOP('',(#5753,#5754,#5755,#5756));
#1179=EDGE_LOOP('',(#5757,#5758,#5759,#5760,#5761));
#1180=EDGE_LOOP('',(#5762,#5763,#5764,#5765));
#1181=EDGE_LOOP('',(#5766,#5767,#5768,#5769,#5770));
#1182=EDGE_LOOP('',(#5771,#5772,#5773,#5774));
#1183=EDGE_LOOP('',(#5775,#5776,#5777,#5778));
#1184=EDGE_LOOP('',(#5779,#5780,#5781,#5782,#5783));
#1185=EDGE_LOOP('',(#5784,#5785,#5786,#5787));
#1186=EDGE_LOOP('',(#5788,#5789,#5790,#5791,#5792));
#1187=EDGE_LOOP('',(#5793,#5794,#5795,#5796));
#1188=EDGE_LOOP('',(#5797,#5798,#5799,#5800));
#1189=EDGE_LOOP('',(#5801,#5802,#5803,#5804,#5805));
#1190=EDGE_LOOP('',(#5806,#5807,#5808,#5809));
#1191=EDGE_LOOP('',(#5810,#5811,#5812,#5813,#5814));
#1192=EDGE_LOOP('',(#5815,#5816,#5817,#5818));
#1193=EDGE_LOOP('',(#5819,#5820,#5821,#5822));
#1194=EDGE_LOOP('',(#5823,#5824,#5825,#5826,#5827));
#1195=EDGE_LOOP('',(#5828,#5829,#5830,#5831));
#1196=EDGE_LOOP('',(#5832,#5833,#5834,#5835,#5836));
#1197=EDGE_LOOP('',(#5837,#5838,#5839,#5840,#5841,#5842,#5843,#5844,#5845,
#5846,#5847,#5848,#5849,#5850));
#1198=EDGE_LOOP('',(#5851,#5852,#5853,#5854,#5855,#5856,#5857,#5858));
#1199=EDGE_LOOP('',(#5859,#5860,#5861,#5862));
#1200=EDGE_LOOP('',(#5863,#5864,#5865,#5866));
#1201=EDGE_LOOP('',(#5867,#5868,#5869,#5870));
#1202=EDGE_LOOP('',(#5871,#5872,#5873,#5874));
#1203=EDGE_LOOP('',(#5875,#5876,#5877,#5878));
#1204=EDGE_LOOP('',(#5879,#5880,#5881,#5882));
#1205=EDGE_LOOP('',(#5883,#5884,#5885,#5886));
#1206=EDGE_LOOP('',(#5887,#5888,#5889,#5890));
#1207=EDGE_LOOP('',(#5891,#5892,#5893,#5894));
#1208=EDGE_LOOP('',(#5895,#5896,#5897,#5898));
#1209=EDGE_LOOP('',(#5899,#5900,#5901,#5902));
#1210=EDGE_LOOP('',(#5903,#5904,#5905,#5906));
#1211=EDGE_LOOP('',(#5907,#5908,#5909,#5910));
#1212=EDGE_LOOP('',(#5911,#5912,#5913,#5914));
#1213=EDGE_LOOP('',(#5915,#5916,#5917,#5918));
#1214=EDGE_LOOP('',(#5919,#5920,#5921,#5922));
#1215=EDGE_LOOP('',(#5923,#5924,#5925,#5926));
#1216=EDGE_LOOP('',(#5927,#5928,#5929,#5930));
#1217=EDGE_LOOP('',(#5931,#5932,#5933,#5934));
#1218=EDGE_LOOP('',(#5935,#5936,#5937,#5938));
#1219=EDGE_LOOP('',(#5939,#5940,#5941,#5942));
#1220=EDGE_LOOP('',(#5943,#5944,#5945,#5946));
#1221=EDGE_LOOP('',(#5947,#5948,#5949,#5950));
#1222=EDGE_LOOP('',(#5951,#5952,#5953,#5954));
#1223=EDGE_LOOP('',(#5955,#5956,#5957,#5958));
#1224=EDGE_LOOP('',(#5959,#5960,#5961,#5962));
#1225=EDGE_LOOP('',(#5963,#5964,#5965,#5966));
#1226=EDGE_LOOP('',(#5967,#5968,#5969,#5970));
#1227=EDGE_LOOP('',(#5971,#5972,#5973,#5974,#5975,#5976,#5977,#5978,#5979,
#5980,#5981,#5982,#5983,#5984,#5985,#5986,#5987,#5988,#5989,#5990));
#1228=EDGE_LOOP('',(#5991,#5992,#5993,#5994));
#1229=EDGE_LOOP('',(#5995,#5996,#5997,#5998));
#1230=EDGE_LOOP('',(#5999,#6000,#6001,#6002));
#1231=EDGE_LOOP('',(#6003,#6004,#6005,#6006));
#1232=EDGE_LOOP('',(#6007,#6008,#6009,#6010));
#1233=EDGE_LOOP('',(#6011,#6012,#6013,#6014));
#1234=EDGE_LOOP('',(#6015,#6016,#6017,#6018));
#1235=EDGE_LOOP('',(#6019,#6020,#6021,#6022));
#1236=EDGE_LOOP('',(#6023,#6024,#6025,#6026));
#1237=EDGE_LOOP('',(#6027,#6028,#6029,#6030));
#1238=EDGE_LOOP('',(#6031,#6032,#6033,#6034));
#1239=EDGE_LOOP('',(#6035,#6036,#6037,#6038));
#1240=EDGE_LOOP('',(#6039,#6040,#6041,#6042));
#1241=EDGE_LOOP('',(#6043,#6044,#6045,#6046));
#1242=EDGE_LOOP('',(#6047,#6048,#6049,#6050));
#1243=EDGE_LOOP('',(#6051,#6052,#6053,#6054));
#1244=EDGE_LOOP('',(#6055,#6056,#6057,#6058));
#1245=EDGE_LOOP('',(#6059,#6060,#6061,#6062));
#1246=EDGE_LOOP('',(#6063,#6064,#6065,#6066));
#1247=EDGE_LOOP('',(#6067,#6068,#6069,#6070));
#1248=EDGE_LOOP('',(#6071,#6072,#6073,#6074,#6075,#6076,#6077,#6078,#6079,
#6080,#6081,#6082,#6083,#6084,#6085,#6086,#6087,#6088,#6089,#6090,#6091,
#6092,#6093,#6094,#6095,#6096,#6097));
#1249=EDGE_LOOP('',(#6098,#6099,#6100,#6101,#6102,#6103,#6104,#6105,#6106,
#6107));
#1250=EDGE_LOOP('',(#6108,#6109,#6110,#6111));
#1251=EDGE_LOOP('',(#6112,#6113,#6114,#6115));
#1252=EDGE_LOOP('',(#6116,#6117,#6118,#6119));
#1253=EDGE_LOOP('',(#6120,#6121,#6122,#6123));
#1254=EDGE_LOOP('',(#6124,#6125,#6126,#6127));
#1255=EDGE_LOOP('',(#6128,#6129,#6130,#6131));
#1256=EDGE_LOOP('',(#6132,#6133,#6134,#6135));
#1257=EDGE_LOOP('',(#6136,#6137,#6138,#6139));
#1258=EDGE_LOOP('',(#6140,#6141,#6142,#6143));
#1259=EDGE_LOOP('',(#6144,#6145,#6146,#6147));
#1260=EDGE_LOOP('',(#6148,#6149,#6150,#6151));
#1261=EDGE_LOOP('',(#6152,#6153,#6154,#6155));
#1262=EDGE_LOOP('',(#6156,#6157,#6158,#6159));
#1263=EDGE_LOOP('',(#6160,#6161,#6162,#6163));
#1264=EDGE_LOOP('',(#6164,#6165,#6166,#6167));
#1265=EDGE_LOOP('',(#6168,#6169,#6170,#6171));
#1266=EDGE_LOOP('',(#6172,#6173,#6174,#6175));
#1267=EDGE_LOOP('',(#6176,#6177,#6178,#6179));
#1268=EDGE_LOOP('',(#6180,#6181,#6182,#6183));
#1269=EDGE_LOOP('',(#6184,#6185,#6186,#6187));
#1270=EDGE_LOOP('',(#6188,#6189,#6190,#6191));
#1271=EDGE_LOOP('',(#6192,#6193,#6194,#6195));
#1272=EDGE_LOOP('',(#6196,#6197,#6198,#6199));
#1273=EDGE_LOOP('',(#6200,#6201,#6202,#6203));
#1274=EDGE_LOOP('',(#6204,#6205,#6206,#6207));
#1275=EDGE_LOOP('',(#6208,#6209,#6210,#6211));
#1276=EDGE_LOOP('',(#6212,#6213,#6214,#6215));
#1277=EDGE_LOOP('',(#6216,#6217,#6218,#6219));
#1278=EDGE_LOOP('',(#6220,#6221,#6222,#6223));
#1279=EDGE_LOOP('',(#6224,#6225,#6226,#6227));
#1280=EDGE_LOOP('',(#6228,#6229,#6230,#6231));
#1281=EDGE_LOOP('',(#6232,#6233,#6234,#6235));
#1282=EDGE_LOOP('',(#6236,#6237,#6238,#6239));
#1283=EDGE_LOOP('',(#6240,#6241,#6242,#6243));
#1284=EDGE_LOOP('',(#6244,#6245,#6246,#6247));
#1285=EDGE_LOOP('',(#6248,#6249,#6250,#6251));
#1286=EDGE_LOOP('',(#6252,#6253,#6254,#6255));
#1287=EDGE_LOOP('',(#6256,#6257,#6258,#6259,#6260,#6261,#6262,#6263,#6264,
#6265));
#1288=EDGE_LOOP('',(#6266,#6267,#6268,#6269,#6270,#6271,#6272,#6273));
#1289=EDGE_LOOP('',(#6274,#6275,#6276,#6277,#6278));
#1290=EDGE_LOOP('',(#6279,#6280,#6281,#6282));
#1291=EDGE_LOOP('',(#6283,#6284,#6285,#6286));
#1292=EDGE_LOOP('',(#6287,#6288,#6289,#6290));
#1293=EDGE_LOOP('',(#6291,#6292,#6293,#6294));
#1294=EDGE_LOOP('',(#6295,#6296,#6297,#6298));
#1295=EDGE_LOOP('',(#6299,#6300,#6301,#6302));
#1296=EDGE_LOOP('',(#6303,#6304,#6305,#6306));
#1297=EDGE_LOOP('',(#6307,#6308,#6309,#6310));
#1298=EDGE_LOOP('',(#6311,#6312,#6313,#6314));
#1299=EDGE_LOOP('',(#6315,#6316,#6317,#6318));
#1300=EDGE_LOOP('',(#6319,#6320,#6321,#6322));
#1301=EDGE_LOOP('',(#6323,#6324,#6325,#6326));
#1302=EDGE_LOOP('',(#6327,#6328,#6329,#6330));
#1303=EDGE_LOOP('',(#6331,#6332,#6333,#6334,#6335,#6336,#6337,#6338));
#1304=EDGE_LOOP('',(#6339,#6340,#6341,#6342,#6343,#6344,#6345,#6346,#6347,
#6348));
#1305=EDGE_LOOP('',(#6349,#6350,#6351,#6352));
#1306=EDGE_LOOP('',(#6353,#6354,#6355,#6356));
#1307=EDGE_LOOP('',(#6357,#6358,#6359,#6360));
#1308=EDGE_LOOP('',(#6361,#6362,#6363,#6364));
#1309=EDGE_LOOP('',(#6365,#6366,#6367,#6368));
#1310=EDGE_LOOP('',(#6369,#6370,#6371,#6372));
#1311=EDGE_LOOP('',(#6373,#6374,#6375,#6376));
#1312=EDGE_LOOP('',(#6377,#6378,#6379,#6380));
#1313=EDGE_LOOP('',(#6381,#6382,#6383,#6384));
#1314=EDGE_LOOP('',(#6385,#6386,#6387,#6388));
#1315=EDGE_LOOP('',(#6389,#6390,#6391,#6392,#6393,#6394,#6395,#6396,#6397,
#6398,#6399,#6400,#6401,#6402,#6403,#6404,#6405,#6406));
#1316=EDGE_LOOP('',(#6407,#6408,#6409,#6410));
#1317=EDGE_LOOP('',(#6411,#6412,#6413,#6414));
#1318=EDGE_LOOP('',(#6415,#6416,#6417,#6418));
#1319=EDGE_LOOP('',(#6419,#6420,#6421,#6422));
#1320=EDGE_LOOP('',(#6423,#6424,#6425,#6426));
#1321=EDGE_LOOP('',(#6427,#6428,#6429,#6430));
#1322=EDGE_LOOP('',(#6431,#6432,#6433,#6434));
#1323=EDGE_LOOP('',(#6435,#6436,#6437,#6438));
#1324=EDGE_LOOP('',(#6439,#6440,#6441,#6442));
#1325=EDGE_LOOP('',(#6443,#6444,#6445,#6446));
#1326=EDGE_LOOP('',(#6447,#6448,#6449,#6450));
#1327=EDGE_LOOP('',(#6451,#6452,#6453,#6454));
#1328=EDGE_LOOP('',(#6455,#6456,#6457,#6458));
#1329=EDGE_LOOP('',(#6459,#6460,#6461,#6462));
#1330=EDGE_LOOP('',(#6463,#6464,#6465,#6466));
#1331=EDGE_LOOP('',(#6467,#6468,#6469,#6470));
#1332=EDGE_LOOP('',(#6471,#6472,#6473,#6474));
#1333=EDGE_LOOP('',(#6475,#6476,#6477,#6478));
#1334=EDGE_LOOP('',(#6479,#6480,#6481,#6482));
#1335=EDGE_LOOP('',(#6483,#6484,#6485,#6486));
#1336=EDGE_LOOP('',(#6487,#6488,#6489,#6490));
#1337=EDGE_LOOP('',(#6491,#6492,#6493,#6494));
#1338=EDGE_LOOP('',(#6495,#6496,#6497,#6498));
#1339=EDGE_LOOP('',(#6499,#6500,#6501,#6502));
#1340=EDGE_LOOP('',(#6503,#6504,#6505,#6506));
#1341=EDGE_LOOP('',(#6507,#6508,#6509,#6510));
#1342=EDGE_LOOP('',(#6511,#6512,#6513,#6514));
#1343=EDGE_LOOP('',(#6515,#6516,#6517,#6518));
#1344=EDGE_LOOP('',(#6519,#6520,#6521,#6522));
#1345=EDGE_LOOP('',(#6523));
#1346=EDGE_LOOP('',(#6524,#6525,#6526,#6527,#6528));
#1347=EDGE_LOOP('',(#6529));
#1348=EDGE_LOOP('',(#6530));
#1349=EDGE_LOOP('',(#6531));
#1350=LINE('',#9398,#1890);
#1351=LINE('',#9403,#1891);
#1352=LINE('',#9405,#1892);
#1353=LINE('',#9407,#1893);
#1354=LINE('',#9408,#1894);
#1355=LINE('',#9412,#1895);
#1356=LINE('',#9414,#1896);
#1357=LINE('',#9416,#1897);
#1358=LINE('',#9417,#1898);
#1359=LINE('',#9433,#1899);
#1360=LINE('',#9444,#1900);
#1361=LINE('',#9448,#1901);
#1362=LINE('',#9450,#1902);
#1363=LINE('',#9452,#1903);
#1364=LINE('',#9453,#1904);
#1365=LINE('',#9457,#1905);
#1366=LINE('',#9459,#1906);
#1367=LINE('',#9461,#1907);
#1368=LINE('',#9462,#1908);
#1369=LINE('',#9477,#1909);
#1370=LINE('',#9479,#1910);
#1371=LINE('',#9481,#1911);
#1372=LINE('',#9482,#1912);
#1373=LINE('',#9486,#1913);
#1374=LINE('',#9488,#1914);
#1375=LINE('',#9490,#1915);
#1376=LINE('',#9491,#1916);
#1377=LINE('',#9506,#1917);
#1378=LINE('',#9508,#1918);
#1379=LINE('',#9510,#1919);
#1380=LINE('',#9511,#1920);
#1381=LINE('',#9515,#1921);
#1382=LINE('',#9517,#1922);
#1383=LINE('',#9519,#1923);
#1384=LINE('',#9520,#1924);
#1385=LINE('',#9536,#1925);
#1386=LINE('',#9547,#1926);
#1387=LINE('',#9552,#1927);
#1388=LINE('',#9559,#1928);
#1389=LINE('',#9563,#1929);
#1390=LINE('',#9565,#1930);
#1391=LINE('',#9567,#1931);
#1392=LINE('',#9568,#1932);
#1393=LINE('',#9572,#1933);
#1394=LINE('',#9574,#1934);
#1395=LINE('',#9576,#1935);
#1396=LINE('',#9577,#1936);
#1397=LINE('',#9592,#1937);
#1398=LINE('',#9594,#1938);
#1399=LINE('',#9596,#1939);
#1400=LINE('',#9597,#1940);
#1401=LINE('',#9601,#1941);
#1402=LINE('',#9603,#1942);
#1403=LINE('',#9605,#1943);
#1404=LINE('',#9606,#1944);
#1405=LINE('',#9621,#1945);
#1406=LINE('',#9623,#1946);
#1407=LINE('',#9625,#1947);
#1408=LINE('',#9626,#1948);
#1409=LINE('',#9630,#1949);
#1410=LINE('',#9632,#1950);
#1411=LINE('',#9634,#1951);
#1412=LINE('',#9635,#1952);
#1413=LINE('',#9650,#1953);
#1414=LINE('',#9652,#1954);
#1415=LINE('',#9654,#1955);
#1416=LINE('',#9655,#1956);
#1417=LINE('',#9659,#1957);
#1418=LINE('',#9661,#1958);
#1419=LINE('',#9663,#1959);
#1420=LINE('',#9664,#1960);
#1421=LINE('',#9679,#1961);
#1422=LINE('',#9681,#1962);
#1423=LINE('',#9683,#1963);
#1424=LINE('',#9684,#1964);
#1425=LINE('',#9688,#1965);
#1426=LINE('',#9690,#1966);
#1427=LINE('',#9692,#1967);
#1428=LINE('',#9693,#1968);
#1429=LINE('',#9708,#1969);
#1430=LINE('',#9710,#1970);
#1431=LINE('',#9712,#1971);
#1432=LINE('',#9713,#1972);
#1433=LINE('',#9717,#1973);
#1434=LINE('',#9719,#1974);
#1435=LINE('',#9721,#1975);
#1436=LINE('',#9722,#1976);
#1437=LINE('',#9737,#1977);
#1438=LINE('',#9739,#1978);
#1439=LINE('',#9741,#1979);
#1440=LINE('',#9742,#1980);
#1441=LINE('',#9746,#1981);
#1442=LINE('',#9748,#1982);
#1443=LINE('',#9750,#1983);
#1444=LINE('',#9751,#1984);
#1445=LINE('',#9766,#1985);
#1446=LINE('',#9768,#1986);
#1447=LINE('',#9770,#1987);
#1448=LINE('',#9771,#1988);
#1449=LINE('',#9775,#1989);
#1450=LINE('',#9777,#1990);
#1451=LINE('',#9779,#1991);
#1452=LINE('',#9780,#1992);
#1453=LINE('',#9795,#1993);
#1454=LINE('',#9797,#1994);
#1455=LINE('',#9799,#1995);
#1456=LINE('',#9800,#1996);
#1457=LINE('',#9804,#1997);
#1458=LINE('',#9806,#1998);
#1459=LINE('',#9808,#1999);
#1460=LINE('',#9809,#2000);
#1461=LINE('',#9824,#2001);
#1462=LINE('',#9826,#2002);
#1463=LINE('',#9828,#2003);
#1464=LINE('',#9829,#2004);
#1465=LINE('',#9833,#2005);
#1466=LINE('',#9835,#2006);
#1467=LINE('',#9837,#2007);
#1468=LINE('',#9838,#2008);
#1469=LINE('',#9853,#2009);
#1470=LINE('',#9855,#2010);
#1471=LINE('',#9857,#2011);
#1472=LINE('',#9858,#2012);
#1473=LINE('',#9862,#2013);
#1474=LINE('',#9864,#2014);
#1475=LINE('',#9866,#2015);
#1476=LINE('',#9867,#2016);
#1477=LINE('',#9882,#2017);
#1478=LINE('',#9884,#2018);
#1479=LINE('',#9886,#2019);
#1480=LINE('',#9887,#2020);
#1481=LINE('',#9891,#2021);
#1482=LINE('',#9893,#2022);
#1483=LINE('',#9895,#2023);
#1484=LINE('',#9896,#2024);
#1485=LINE('',#9911,#2025);
#1486=LINE('',#9913,#2026);
#1487=LINE('',#9915,#2027);
#1488=LINE('',#9916,#2028);
#1489=LINE('',#9920,#2029);
#1490=LINE('',#9922,#2030);
#1491=LINE('',#9924,#2031);
#1492=LINE('',#9925,#2032);
#1493=LINE('',#9940,#2033);
#1494=LINE('',#9942,#2034);
#1495=LINE('',#9944,#2035);
#1496=LINE('',#9945,#2036);
#1497=LINE('',#9949,#2037);
#1498=LINE('',#9951,#2038);
#1499=LINE('',#9953,#2039);
#1500=LINE('',#9954,#2040);
#1501=LINE('',#9969,#2041);
#1502=LINE('',#9971,#2042);
#1503=LINE('',#9973,#2043);
#1504=LINE('',#9974,#2044);
#1505=LINE('',#9978,#2045);
#1506=LINE('',#9980,#2046);
#1507=LINE('',#9982,#2047);
#1508=LINE('',#9983,#2048);
#1509=LINE('',#9998,#2049);
#1510=LINE('',#10000,#2050);
#1511=LINE('',#10002,#2051);
#1512=LINE('',#10003,#2052);
#1513=LINE('',#10007,#2053);
#1514=LINE('',#10009,#2054);
#1515=LINE('',#10011,#2055);
#1516=LINE('',#10012,#2056);
#1517=LINE('',#10027,#2057);
#1518=LINE('',#10029,#2058);
#1519=LINE('',#10031,#2059);
#1520=LINE('',#10032,#2060);
#1521=LINE('',#10036,#2061);
#1522=LINE('',#10038,#2062);
#1523=LINE('',#10040,#2063);
#1524=LINE('',#10041,#2064);
#1525=LINE('',#10056,#2065);
#1526=LINE('',#10058,#2066);
#1527=LINE('',#10060,#2067);
#1528=LINE('',#10061,#2068);
#1529=LINE('',#10065,#2069);
#1530=LINE('',#10067,#2070);
#1531=LINE('',#10069,#2071);
#1532=LINE('',#10070,#2072);
#1533=LINE('',#10085,#2073);
#1534=LINE('',#10087,#2074);
#1535=LINE('',#10089,#2075);
#1536=LINE('',#10090,#2076);
#1537=LINE('',#10094,#2077);
#1538=LINE('',#10096,#2078);
#1539=LINE('',#10098,#2079);
#1540=LINE('',#10099,#2080);
#1541=LINE('',#10114,#2081);
#1542=LINE('',#10116,#2082);
#1543=LINE('',#10118,#2083);
#1544=LINE('',#10119,#2084);
#1545=LINE('',#10123,#2085);
#1546=LINE('',#10125,#2086);
#1547=LINE('',#10127,#2087);
#1548=LINE('',#10128,#2088);
#1549=LINE('',#10143,#2089);
#1550=LINE('',#10145,#2090);
#1551=LINE('',#10147,#2091);
#1552=LINE('',#10148,#2092);
#1553=LINE('',#10152,#2093);
#1554=LINE('',#10154,#2094);
#1555=LINE('',#10156,#2095);
#1556=LINE('',#10157,#2096);
#1557=LINE('',#10172,#2097);
#1558=LINE('',#10174,#2098);
#1559=LINE('',#10176,#2099);
#1560=LINE('',#10177,#2100);
#1561=LINE('',#10181,#2101);
#1562=LINE('',#10183,#2102);
#1563=LINE('',#10185,#2103);
#1564=LINE('',#10186,#2104);
#1565=LINE('',#10201,#2105);
#1566=LINE('',#10203,#2106);
#1567=LINE('',#10205,#2107);
#1568=LINE('',#10206,#2108);
#1569=LINE('',#10210,#2109);
#1570=LINE('',#10212,#2110);
#1571=LINE('',#10214,#2111);
#1572=LINE('',#10215,#2112);
#1573=LINE('',#10230,#2113);
#1574=LINE('',#10232,#2114);
#1575=LINE('',#10234,#2115);
#1576=LINE('',#10235,#2116);
#1577=LINE('',#10239,#2117);
#1578=LINE('',#10241,#2118);
#1579=LINE('',#10243,#2119);
#1580=LINE('',#10244,#2120);
#1581=LINE('',#10259,#2121);
#1582=LINE('',#10261,#2122);
#1583=LINE('',#10263,#2123);
#1584=LINE('',#10264,#2124);
#1585=LINE('',#10268,#2125);
#1586=LINE('',#10270,#2126);
#1587=LINE('',#10272,#2127);
#1588=LINE('',#10273,#2128);
#1589=LINE('',#10289,#2129);
#1590=LINE('',#10298,#2130);
#1591=LINE('',#10303,#2131);
#1592=LINE('',#10312,#2132);
#1593=LINE('',#10317,#2133);
#1594=LINE('',#10326,#2134);
#1595=LINE('',#10334,#2135);
#1596=LINE('',#10345,#2136);
#1597=LINE('',#10350,#2137);
#1598=LINE('',#10359,#2138);
#1599=LINE('',#10364,#2139);
#1600=LINE('',#10375,#2140);
#1601=LINE('',#10380,#2141);
#1602=LINE('',#10389,#2142);
#1603=LINE('',#10390,#2143);
#1604=LINE('',#10391,#2144);
#1605=LINE('',#10392,#2145);
#1606=LINE('',#10393,#2146);
#1607=LINE('',#10394,#2147);
#1608=LINE('',#10395,#2148);
#1609=LINE('',#10396,#2149);
#1610=LINE('',#10397,#2150);
#1611=LINE('',#10398,#2151);
#1612=LINE('',#10399,#2152);
#1613=LINE('',#10400,#2153);
#1614=LINE('',#10401,#2154);
#1615=LINE('',#10403,#2155);
#1616=LINE('',#10407,#2156);
#1617=LINE('',#10411,#2157);
#1618=LINE('',#10415,#2158);
#1619=LINE('',#10419,#2159);
#1620=LINE('',#10423,#2160);
#1621=LINE('',#10427,#2161);
#1622=LINE('',#10431,#2162);
#1623=LINE('',#10435,#2163);
#1624=LINE('',#10439,#2164);
#1625=LINE('',#10443,#2165);
#1626=LINE('',#10447,#2166);
#1627=LINE('',#10451,#2167);
#1628=LINE('',#10455,#2168);
#1629=LINE('',#10459,#2169);
#1630=LINE('',#10463,#2170);
#1631=LINE('',#10466,#2171);
#1632=LINE('',#10467,#2172);
#1633=LINE('',#10468,#2173);
#1634=LINE('',#10469,#2174);
#1635=LINE('',#10470,#2175);
#1636=LINE('',#10471,#2176);
#1637=LINE('',#10472,#2177);
#1638=LINE('',#10473,#2178);
#1639=LINE('',#10474,#2179);
#1640=LINE('',#10475,#2180);
#1641=LINE('',#10476,#2181);
#1642=LINE('',#10477,#2182);
#1643=LINE('',#10478,#2183);
#1644=LINE('',#10479,#2184);
#1645=LINE('',#10480,#2185);
#1646=LINE('',#10481,#2186);
#1647=LINE('',#10482,#2187);
#1648=LINE('',#10486,#2188);
#1649=LINE('',#10491,#2189);
#1650=LINE('',#10496,#2190);
#1651=LINE('',#10501,#2191);
#1652=LINE('',#10506,#2192);
#1653=LINE('',#10511,#2193);
#1654=LINE('',#10516,#2194);
#1655=LINE('',#10521,#2195);
#1656=LINE('',#10530,#2196);
#1657=LINE('',#10538,#2197);
#1658=LINE('',#10546,#2198);
#1659=LINE('',#10552,#2199);
#1660=LINE('',#10557,#2200);
#1661=LINE('',#10561,#2201);
#1662=LINE('',#10571,#2202);
#1663=LINE('',#10575,#2203);
#1664=LINE('',#10636,#2204);
#1665=LINE('',#10660,#2205);
#1666=LINE('',#10682,#2206);
#1667=LINE('',#10685,#2207);
#1668=LINE('',#10690,#2208);
#1669=LINE('',#10693,#2209);
#1670=LINE('',#10696,#2210);
#1671=LINE('',#10892,#2211);
#1672=LINE('',#10896,#2212);
#1673=LINE('',#10907,#2213);
#1674=LINE('',#10911,#2214);
#1675=LINE('',#10929,#2215);
#1676=LINE('',#10932,#2216);
#1677=LINE('',#10937,#2217);
#1678=LINE('',#10996,#2218);
#1679=LINE('',#11001,#2219);
#1680=LINE('',#11008,#2220);
#1681=LINE('',#11013,#2221);
#1682=LINE('',#11020,#2222);
#1683=LINE('',#11023,#2223);
#1684=LINE('',#11025,#2224);
#1685=LINE('',#11026,#2225);
#1686=LINE('',#11029,#2226);
#1687=LINE('',#11031,#2227);
#1688=LINE('',#11032,#2228);
#1689=LINE('',#11040,#2229);
#1690=LINE('',#11042,#2230);
#1691=LINE('',#11043,#2231);
#1692=LINE('',#11046,#2232);
#1693=LINE('',#11048,#2233);
#1694=LINE('',#11049,#2234);
#1695=LINE('',#11057,#2235);
#1696=LINE('',#11059,#2236);
#1697=LINE('',#11060,#2237);
#1698=LINE('',#11063,#2238);
#1699=LINE('',#11065,#2239);
#1700=LINE('',#11066,#2240);
#1701=LINE('',#11074,#2241);
#1702=LINE('',#11076,#2242);
#1703=LINE('',#11077,#2243);
#1704=LINE('',#11080,#2244);
#1705=LINE('',#11082,#2245);
#1706=LINE('',#11083,#2246);
#1707=LINE('',#11091,#2247);
#1708=LINE('',#11093,#2248);
#1709=LINE('',#11094,#2249);
#1710=LINE('',#11097,#2250);
#1711=LINE('',#11099,#2251);
#1712=LINE('',#11100,#2252);
#1713=LINE('',#11108,#2253);
#1714=LINE('',#11110,#2254);
#1715=LINE('',#11111,#2255);
#1716=LINE('',#11114,#2256);
#1717=LINE('',#11116,#2257);
#1718=LINE('',#11117,#2258);
#1719=LINE('',#11125,#2259);
#1720=LINE('',#11127,#2260);
#1721=LINE('',#11128,#2261);
#1722=LINE('',#11131,#2262);
#1723=LINE('',#11133,#2263);
#1724=LINE('',#11134,#2264);
#1725=LINE('',#11142,#2265);
#1726=LINE('',#11144,#2266);
#1727=LINE('',#11145,#2267);
#1728=LINE('',#11148,#2268);
#1729=LINE('',#11150,#2269);
#1730=LINE('',#11151,#2270);
#1731=LINE('',#11162,#2271);
#1732=LINE('',#11221,#2272);
#1733=LINE('',#11297,#2273);
#1734=LINE('',#11298,#2274);
#1735=LINE('',#11325,#2275);
#1736=LINE('',#11352,#2276);
#1737=LINE('',#11379,#2277);
#1738=LINE('',#11406,#2278);
#1739=LINE('',#11433,#2279);
#1740=LINE('',#11460,#2280);
#1741=LINE('',#11487,#2281);
#1742=LINE('',#11488,#2282);
#1743=LINE('',#11490,#2283);
#1744=LINE('',#11492,#2284);
#1745=LINE('',#11513,#2285);
#1746=LINE('',#11534,#2286);
#1747=LINE('',#11555,#2287);
#1748=LINE('',#11576,#2288);
#1749=LINE('',#11597,#2289);
#1750=LINE('',#11618,#2290);
#1751=LINE('',#11639,#2291);
#1752=LINE('',#11660,#2292);
#1753=LINE('',#11681,#2293);
#1754=LINE('',#11683,#2294);
#1755=LINE('',#11686,#2295);
#1756=LINE('',#11692,#2296);
#1757=LINE('',#11695,#2297);
#1758=LINE('',#11697,#2298);
#1759=LINE('',#11698,#2299);
#1760=LINE('',#11700,#2300);
#1761=LINE('',#11702,#2301);
#1762=LINE('',#11727,#2302);
#1763=LINE('',#11731,#2303);
#1764=LINE('',#11742,#2304);
#1765=LINE('',#11746,#2305);
#1766=LINE('',#11803,#2306);
#1767=LINE('',#11804,#2307);
#1768=LINE('',#11825,#2308);
#1769=LINE('',#11846,#2309);
#1770=LINE('',#11848,#2310);
#1771=LINE('',#11850,#2311);
#1772=LINE('',#11852,#2312);
#1773=LINE('',#11854,#2313);
#1774=LINE('',#11856,#2314);
#1775=LINE('',#11873,#2315);
#1776=LINE('',#11875,#2316);
#1777=LINE('',#11877,#2317);
#1778=LINE('',#11879,#2318);
#1779=LINE('',#11881,#2319);
#1780=LINE('',#11883,#2320);
#1781=LINE('',#11904,#2321);
#1782=LINE('',#11925,#2322);
#1783=LINE('',#11946,#2323);
#1784=LINE('',#11967,#2324);
#1785=LINE('',#11984,#2325);
#1786=LINE('',#12008,#2326);
#1787=LINE('',#12216,#2327);
#1788=LINE('',#12217,#2328);
#1789=LINE('',#12238,#2329);
#1790=LINE('',#12259,#2330);
#1791=LINE('',#12261,#2331);
#1792=LINE('',#12282,#2332);
#1793=LINE('',#12303,#2333);
#1794=LINE('',#12324,#2334);
#1795=LINE('',#12345,#2335);
#1796=LINE('',#12366,#2336);
#1797=LINE('',#12387,#2337);
#1798=LINE('',#12408,#2338);
#1799=LINE('',#12425,#2339);
#1800=LINE('',#12446,#2340);
#1801=LINE('',#12467,#2341);
#1802=LINE('',#12488,#2342);
#1803=LINE('',#12509,#2343);
#1804=LINE('',#12530,#2344);
#1805=LINE('',#12551,#2345);
#1806=LINE('',#12572,#2346);
#1807=LINE('',#12593,#2347);
#1808=LINE('',#12614,#2348);
#1809=LINE('',#12635,#2349);
#1810=LINE('',#12656,#2350);
#1811=LINE('',#12677,#2351);
#1812=LINE('',#12698,#2352);
#1813=LINE('',#12719,#2353);
#1814=LINE('',#12767,#2354);
#1815=LINE('',#12768,#2355);
#1816=LINE('',#12795,#2356);
#1817=LINE('',#12822,#2357);
#1818=LINE('',#12849,#2358);
#1819=LINE('',#12876,#2359);
#1820=LINE('',#12903,#2360);
#1821=LINE('',#12930,#2361);
#1822=LINE('',#12957,#2362);
#1823=LINE('',#12984,#2363);
#1824=LINE('',#12996,#2364);
#1825=LINE('',#13003,#2365);
#1826=LINE('',#13011,#2366);
#1827=LINE('',#13018,#2367);
#1828=LINE('',#13038,#2368);
#1829=LINE('',#13070,#2369);
#1830=LINE('',#13071,#2370);
#1831=LINE('',#13098,#2371);
#1832=LINE('',#13120,#2372);
#1833=LINE('',#13123,#2373);
#1834=LINE('',#13124,#2374);
#1835=LINE('',#13161,#2375);
#1836=LINE('',#13162,#2376);
#1837=LINE('',#13164,#2377);
#1838=LINE('',#13181,#2378);
#1839=LINE('',#13183,#2379);
#1840=LINE('',#13204,#2380);
#1841=LINE('',#13206,#2381);
#1842=LINE('',#13227,#2382);
#1843=LINE('',#13241,#2383);
#1844=LINE('',#13245,#2384);
#1845=LINE('',#13255,#2385);
#1846=LINE('',#13258,#2386);
#1847=LINE('',#13260,#2387);
#1848=LINE('',#13261,#2388);
#1849=LINE('',#13282,#2389);
#1850=LINE('',#13284,#2390);
#1851=LINE('',#13286,#2391);
#1852=LINE('',#13288,#2392);
#1853=LINE('',#13290,#2393);
#1854=LINE('',#13311,#2394);
#1855=LINE('',#13313,#2395);
#1856=LINE('',#13315,#2396);
#1857=LINE('',#13344,#2397);
#1858=LINE('',#13368,#2398);
#1859=LINE('',#13435,#2399);
#1860=LINE('',#13436,#2400);
#1861=LINE('',#13457,#2401);
#1862=LINE('',#13478,#2402);
#1863=LINE('',#13499,#2403);
#1864=LINE('',#13501,#2404);
#1865=LINE('',#13518,#2405);
#1866=LINE('',#13539,#2406);
#1867=LINE('',#13560,#2407);
#1868=LINE('',#13577,#2408);
#1869=LINE('',#13579,#2409);
#1870=LINE('',#13600,#2410);
#1871=LINE('',#13621,#2411);
#1872=LINE('',#13642,#2412);
#1873=LINE('',#13663,#2413);
#1874=LINE('',#13684,#2414);
#1875=LINE('',#13705,#2415);
#1876=LINE('',#13722,#2416);
#1877=LINE('',#13748,#2417);
#1878=LINE('',#13751,#2418);
#1879=LINE('',#13753,#2419);
#1880=LINE('',#13754,#2420);
#1881=LINE('',#13756,#2421);
#1882=LINE('',#13758,#2422);
#1883=LINE('',#13765,#2423);
#1884=LINE('',#13768,#2424);
#1885=LINE('',#13770,#2425);
#1886=LINE('',#13771,#2426);
#1887=LINE('',#13773,#2427);
#1888=LINE('',#13775,#2428);
#1889=LINE('',#13781,#2429);
#1890=VECTOR('',#7627,22.);
#1891=VECTOR('',#7632,10.);
#1892=VECTOR('',#7633,10.);
#1893=VECTOR('',#7634,10.);
#1894=VECTOR('',#7635,10.);
#1895=VECTOR('',#7638,10.);
#1896=VECTOR('',#7639,10.);
#1897=VECTOR('',#7640,10.);
#1898=VECTOR('',#7641,10.);
#1899=VECTOR('',#7664,17.);
#1900=VECTOR('',#7679,15.);
#1901=VECTOR('',#7682,10.);
#1902=VECTOR('',#7683,10.);
#1903=VECTOR('',#7684,10.);
#1904=VECTOR('',#7685,10.);
#1905=VECTOR('',#7688,10.);
#1906=VECTOR('',#7689,10.);
#1907=VECTOR('',#7690,10.);
#1908=VECTOR('',#7691,10.);
#1909=VECTOR('',#7712,10.);
#1910=VECTOR('',#7713,10.);
#1911=VECTOR('',#7714,10.);
#1912=VECTOR('',#7715,10.);
#1913=VECTOR('',#7718,10.);
#1914=VECTOR('',#7719,10.);
#1915=VECTOR('',#7720,10.);
#1916=VECTOR('',#7721,10.);
#1917=VECTOR('',#7742,10.);
#1918=VECTOR('',#7743,10.);
#1919=VECTOR('',#7744,10.);
#1920=VECTOR('',#7745,10.);
#1921=VECTOR('',#7748,10.);
#1922=VECTOR('',#7749,10.);
#1923=VECTOR('',#7750,10.);
#1924=VECTOR('',#7751,10.);
#1925=VECTOR('',#7774,17.);
#1926=VECTOR('',#7789,15.);
#1927=VECTOR('',#7794,17.);
#1928=VECTOR('',#7805,15.);
#1929=VECTOR('',#7808,10.);
#1930=VECTOR('',#7809,10.);
#1931=VECTOR('',#7810,10.);
#1932=VECTOR('',#7811,10.);
#1933=VECTOR('',#7814,10.);
#1934=VECTOR('',#7815,10.);
#1935=VECTOR('',#7816,10.);
#1936=VECTOR('',#7817,10.);
#1937=VECTOR('',#7838,10.);
#1938=VECTOR('',#7839,10.);
#1939=VECTOR('',#7840,10.);
#1940=VECTOR('',#7841,10.);
#1941=VECTOR('',#7844,10.);
#1942=VECTOR('',#7845,10.);
#1943=VECTOR('',#7846,10.);
#1944=VECTOR('',#7847,10.);
#1945=VECTOR('',#7868,10.);
#1946=VECTOR('',#7869,10.);
#1947=VECTOR('',#7870,10.);
#1948=VECTOR('',#7871,10.);
#1949=VECTOR('',#7874,10.);
#1950=VECTOR('',#7875,10.);
#1951=VECTOR('',#7876,10.);
#1952=VECTOR('',#7877,10.);
#1953=VECTOR('',#7898,10.);
#1954=VECTOR('',#7899,10.);
#1955=VECTOR('',#7900,10.);
#1956=VECTOR('',#7901,10.);
#1957=VECTOR('',#7904,10.);
#1958=VECTOR('',#7905,10.);
#1959=VECTOR('',#7906,10.);
#1960=VECTOR('',#7907,10.);
#1961=VECTOR('',#7928,10.);
#1962=VECTOR('',#7929,10.);
#1963=VECTOR('',#7930,10.);
#1964=VECTOR('',#7931,10.);
#1965=VECTOR('',#7934,10.);
#1966=VECTOR('',#7935,10.);
#1967=VECTOR('',#7936,10.);
#1968=VECTOR('',#7937,10.);
#1969=VECTOR('',#7958,10.);
#1970=VECTOR('',#7959,10.);
#1971=VECTOR('',#7960,10.);
#1972=VECTOR('',#7961,10.);
#1973=VECTOR('',#7964,10.);
#1974=VECTOR('',#7965,10.);
#1975=VECTOR('',#7966,10.);
#1976=VECTOR('',#7967,10.);
#1977=VECTOR('',#7988,10.);
#1978=VECTOR('',#7989,10.);
#1979=VECTOR('',#7990,10.);
#1980=VECTOR('',#7991,10.);
#1981=VECTOR('',#7994,10.);
#1982=VECTOR('',#7995,10.);
#1983=VECTOR('',#7996,10.);
#1984=VECTOR('',#7997,10.);
#1985=VECTOR('',#8018,10.);
#1986=VECTOR('',#8019,10.);
#1987=VECTOR('',#8020,10.);
#1988=VECTOR('',#8021,10.);
#1989=VECTOR('',#8024,10.);
#1990=VECTOR('',#8025,10.);
#1991=VECTOR('',#8026,10.);
#1992=VECTOR('',#8027,10.);
#1993=VECTOR('',#8048,10.);
#1994=VECTOR('',#8049,10.);
#1995=VECTOR('',#8050,10.);
#1996=VECTOR('',#8051,10.);
#1997=VECTOR('',#8054,10.);
#1998=VECTOR('',#8055,10.);
#1999=VECTOR('',#8056,10.);
#2000=VECTOR('',#8057,10.);
#2001=VECTOR('',#8078,10.);
#2002=VECTOR('',#8079,10.);
#2003=VECTOR('',#8080,10.);
#2004=VECTOR('',#8081,10.);
#2005=VECTOR('',#8084,10.);
#2006=VECTOR('',#8085,10.);
#2007=VECTOR('',#8086,10.);
#2008=VECTOR('',#8087,10.);
#2009=VECTOR('',#8108,10.);
#2010=VECTOR('',#8109,10.);
#2011=VECTOR('',#8110,10.);
#2012=VECTOR('',#8111,10.);
#2013=VECTOR('',#8114,10.);
#2014=VECTOR('',#8115,10.);
#2015=VECTOR('',#8116,10.);
#2016=VECTOR('',#8117,10.);
#2017=VECTOR('',#8138,10.);
#2018=VECTOR('',#8139,10.);
#2019=VECTOR('',#8140,10.);
#2020=VECTOR('',#8141,10.);
#2021=VECTOR('',#8144,10.);
#2022=VECTOR('',#8145,10.);
#2023=VECTOR('',#8146,10.);
#2024=VECTOR('',#8147,10.);
#2025=VECTOR('',#8168,10.);
#2026=VECTOR('',#8169,10.);
#2027=VECTOR('',#8170,10.);
#2028=VECTOR('',#8171,10.);
#2029=VECTOR('',#8174,10.);
#2030=VECTOR('',#8175,10.);
#2031=VECTOR('',#8176,10.);
#2032=VECTOR('',#8177,10.);
#2033=VECTOR('',#8198,10.);
#2034=VECTOR('',#8199,10.);
#2035=VECTOR('',#8200,10.);
#2036=VECTOR('',#8201,10.);
#2037=VECTOR('',#8204,10.);
#2038=VECTOR('',#8205,10.);
#2039=VECTOR('',#8206,10.);
#2040=VECTOR('',#8207,10.);
#2041=VECTOR('',#8228,10.);
#2042=VECTOR('',#8229,10.);
#2043=VECTOR('',#8230,10.);
#2044=VECTOR('',#8231,10.);
#2045=VECTOR('',#8234,10.);
#2046=VECTOR('',#8235,10.);
#2047=VECTOR('',#8236,10.);
#2048=VECTOR('',#8237,10.);
#2049=VECTOR('',#8258,10.);
#2050=VECTOR('',#8259,10.);
#2051=VECTOR('',#8260,10.);
#2052=VECTOR('',#8261,10.);
#2053=VECTOR('',#8264,10.);
#2054=VECTOR('',#8265,10.);
#2055=VECTOR('',#8266,10.);
#2056=VECTOR('',#8267,10.);
#2057=VECTOR('',#8288,10.);
#2058=VECTOR('',#8289,10.);
#2059=VECTOR('',#8290,10.);
#2060=VECTOR('',#8291,10.);
#2061=VECTOR('',#8294,10.);
#2062=VECTOR('',#8295,10.);
#2063=VECTOR('',#8296,10.);
#2064=VECTOR('',#8297,10.);
#2065=VECTOR('',#8318,10.);
#2066=VECTOR('',#8319,10.);
#2067=VECTOR('',#8320,10.);
#2068=VECTOR('',#8321,10.);
#2069=VECTOR('',#8324,10.);
#2070=VECTOR('',#8325,10.);
#2071=VECTOR('',#8326,10.);
#2072=VECTOR('',#8327,10.);
#2073=VECTOR('',#8348,10.);
#2074=VECTOR('',#8349,10.);
#2075=VECTOR('',#8350,10.);
#2076=VECTOR('',#8351,10.);
#2077=VECTOR('',#8354,10.);
#2078=VECTOR('',#8355,10.);
#2079=VECTOR('',#8356,10.);
#2080=VECTOR('',#8357,10.);
#2081=VECTOR('',#8378,10.);
#2082=VECTOR('',#8379,10.);
#2083=VECTOR('',#8380,10.);
#2084=VECTOR('',#8381,10.);
#2085=VECTOR('',#8384,10.);
#2086=VECTOR('',#8385,10.);
#2087=VECTOR('',#8386,10.);
#2088=VECTOR('',#8387,10.);
#2089=VECTOR('',#8408,10.);
#2090=VECTOR('',#8409,10.);
#2091=VECTOR('',#8410,10.);
#2092=VECTOR('',#8411,10.);
#2093=VECTOR('',#8414,10.);
#2094=VECTOR('',#8415,10.);
#2095=VECTOR('',#8416,10.);
#2096=VECTOR('',#8417,10.);
#2097=VECTOR('',#8438,10.);
#2098=VECTOR('',#8439,10.);
#2099=VECTOR('',#8440,10.);
#2100=VECTOR('',#8441,10.);
#2101=VECTOR('',#8444,10.);
#2102=VECTOR('',#8445,10.);
#2103=VECTOR('',#8446,10.);
#2104=VECTOR('',#8447,10.);
#2105=VECTOR('',#8468,10.);
#2106=VECTOR('',#8469,10.);
#2107=VECTOR('',#8470,10.);
#2108=VECTOR('',#8471,10.);
#2109=VECTOR('',#8474,10.);
#2110=VECTOR('',#8475,10.);
#2111=VECTOR('',#8476,10.);
#2112=VECTOR('',#8477,10.);
#2113=VECTOR('',#8498,10.);
#2114=VECTOR('',#8499,10.);
#2115=VECTOR('',#8500,10.);
#2116=VECTOR('',#8501,10.);
#2117=VECTOR('',#8504,10.);
#2118=VECTOR('',#8505,10.);
#2119=VECTOR('',#8506,10.);
#2120=VECTOR('',#8507,10.);
#2121=VECTOR('',#8528,10.);
#2122=VECTOR('',#8529,10.);
#2123=VECTOR('',#8530,10.);
#2124=VECTOR('',#8531,10.);
#2125=VECTOR('',#8534,10.);
#2126=VECTOR('',#8535,10.);
#2127=VECTOR('',#8536,10.);
#2128=VECTOR('',#8537,10.);
#2129=VECTOR('',#8560,17.);
#2130=VECTOR('',#8573,15.);
#2131=VECTOR('',#8578,17.);
#2132=VECTOR('',#8591,15.);
#2133=VECTOR('',#8596,17.);
#2134=VECTOR('',#8609,15.);
#2135=VECTOR('',#8618,17.);
#2136=VECTOR('',#8633,15.);
#2137=VECTOR('',#8638,17.);
#2138=VECTOR('',#8651,15.);
#2139=VECTOR('',#8656,17.);
#2140=VECTOR('',#8671,15.);
#2141=VECTOR('',#8676,17.);
#2142=VECTOR('',#8689,15.);
#2143=VECTOR('',#8690,15.);
#2144=VECTOR('',#8691,15.);
#2145=VECTOR('',#8692,15.);
#2146=VECTOR('',#8693,15.);
#2147=VECTOR('',#8694,15.);
#2148=VECTOR('',#8695,15.);
#2149=VECTOR('',#8696,15.);
#2150=VECTOR('',#8697,15.);
#2151=VECTOR('',#8698,15.);
#2152=VECTOR('',#8699,15.);
#2153=VECTOR('',#8700,15.);
#2154=VECTOR('',#8701,15.);
#2155=VECTOR('',#8702,15.);
#2156=VECTOR('',#8705,10.);
#2157=VECTOR('',#8708,15.);
#2158=VECTOR('',#8711,10.);
#2159=VECTOR('',#8714,15.);
#2160=VECTOR('',#8717,10.);
#2161=VECTOR('',#8720,15.);
#2162=VECTOR('',#8723,10.);
#2163=VECTOR('',#8726,15.);
#2164=VECTOR('',#8729,10.);
#2165=VECTOR('',#8732,15.);
#2166=VECTOR('',#8735,10.);
#2167=VECTOR('',#8738,15.);
#2168=VECTOR('',#8741,10.);
#2169=VECTOR('',#8744,15.);
#2170=VECTOR('',#8747,10.);
#2171=VECTOR('',#8750,15.);
#2172=VECTOR('',#8751,15.);
#2173=VECTOR('',#8752,15.);
#2174=VECTOR('',#8753,15.);
#2175=VECTOR('',#8754,15.);
#2176=VECTOR('',#8755,15.);
#2177=VECTOR('',#8756,15.);
#2178=VECTOR('',#8757,15.);
#2179=VECTOR('',#8758,15.);
#2180=VECTOR('',#8759,15.);
#2181=VECTOR('',#8760,15.);
#2182=VECTOR('',#8761,15.);
#2183=VECTOR('',#8762,15.);
#2184=VECTOR('',#8763,15.);
#2185=VECTOR('',#8764,15.);
#2186=VECTOR('',#8765,15.);
#2187=VECTOR('',#8766,15.);
#2188=VECTOR('',#8769,10.);
#2189=VECTOR('',#8774,10.);
#2190=VECTOR('',#8779,10.);
#2191=VECTOR('',#8784,10.);
#2192=VECTOR('',#8789,10.);
#2193=VECTOR('',#8794,10.);
#2194=VECTOR('',#8799,10.);
#2195=VECTOR('',#8804,10.);
#2196=VECTOR('',#8807,10.);
#2197=VECTOR('',#8808,10.);
#2198=VECTOR('',#8809,10.);
#2199=VECTOR('',#8810,10.);
#2200=VECTOR('',#8813,10.);
#2201=VECTOR('',#8816,10.);
#2202=VECTOR('',#8819,10.);
#2203=VECTOR('',#8822,10.);
#2204=VECTOR('',#8823,10.);
#2205=VECTOR('',#8824,10.);
#2206=VECTOR('',#8827,10.);
#2207=VECTOR('',#8830,10.);
#2208=VECTOR('',#8833,10.);
#2209=VECTOR('',#8836,10.);
#2210=VECTOR('',#8837,10.);
#2211=VECTOR('',#8842,10.);
#2212=VECTOR('',#8845,10.);
#2213=VECTOR('',#8850,10.);
#2214=VECTOR('',#8853,10.);
#2215=VECTOR('',#8858,10.);
#2216=VECTOR('',#8861,10.);
#2217=VECTOR('',#8864,10.);
#2218=VECTOR('',#8869,10.);
#2219=VECTOR('',#8874,17.);
#2220=VECTOR('',#8885,15.);
#2221=VECTOR('',#8890,17.);
#2222=VECTOR('',#8901,15.);
#2223=VECTOR('',#8904,10.);
#2224=VECTOR('',#8905,10.);
#2225=VECTOR('',#8906,10.);
#2226=VECTOR('',#8909,10.);
#2227=VECTOR('',#8910,10.);
#2228=VECTOR('',#8911,10.);
#2229=VECTOR('',#8924,10.);
#2230=VECTOR('',#8925,10.);
#2231=VECTOR('',#8926,10.);
#2232=VECTOR('',#8929,10.);
#2233=VECTOR('',#8930,10.);
#2234=VECTOR('',#8931,10.);
#2235=VECTOR('',#8944,10.);
#2236=VECTOR('',#8945,10.);
#2237=VECTOR('',#8946,10.);
#2238=VECTOR('',#8949,10.);
#2239=VECTOR('',#8950,10.);
#2240=VECTOR('',#8951,10.);
#2241=VECTOR('',#8964,10.);
#2242=VECTOR('',#8965,10.);
#2243=VECTOR('',#8966,10.);
#2244=VECTOR('',#8969,10.);
#2245=VECTOR('',#8970,10.);
#2246=VECTOR('',#8971,10.);
#2247=VECTOR('',#8984,10.);
#2248=VECTOR('',#8985,10.);
#2249=VECTOR('',#8986,10.);
#2250=VECTOR('',#8989,10.);
#2251=VECTOR('',#8990,10.);
#2252=VECTOR('',#8991,10.);
#2253=VECTOR('',#9004,10.);
#2254=VECTOR('',#9005,10.);
#2255=VECTOR('',#9006,10.);
#2256=VECTOR('',#9009,10.);
#2257=VECTOR('',#9010,10.);
#2258=VECTOR('',#9011,10.);
#2259=VECTOR('',#9024,10.);
#2260=VECTOR('',#9025,10.);
#2261=VECTOR('',#9026,10.);
#2262=VECTOR('',#9029,10.);
#2263=VECTOR('',#9030,10.);
#2264=VECTOR('',#9031,10.);
#2265=VECTOR('',#9044,10.);
#2266=VECTOR('',#9045,10.);
#2267=VECTOR('',#9046,10.);
#2268=VECTOR('',#9049,10.);
#2269=VECTOR('',#9050,10.);
#2270=VECTOR('',#9051,10.);
#2271=VECTOR('',#9066,10.);
#2272=VECTOR('',#9071,10.);
#2273=VECTOR('',#9072,10.);
#2274=VECTOR('',#9073,10.);
#2275=VECTOR('',#9074,10.);
#2276=VECTOR('',#9075,10.);
#2277=VECTOR('',#9076,10.);
#2278=VECTOR('',#9077,10.);
#2279=VECTOR('',#9078,10.);
#2280=VECTOR('',#9079,10.);
#2281=VECTOR('',#9082,10.);
#2282=VECTOR('',#9083,10.);
#2283=VECTOR('',#9086,10.);
#2284=VECTOR('',#9089,10.);
#2285=VECTOR('',#9090,10.);
#2286=VECTOR('',#9091,10.);
#2287=VECTOR('',#9092,10.);
#2288=VECTOR('',#9093,10.);
#2289=VECTOR('',#9094,10.);
#2290=VECTOR('',#9095,10.);
#2291=VECTOR('',#9096,10.);
#2292=VECTOR('',#9097,10.);
#2293=VECTOR('',#9098,10.);
#2294=VECTOR('',#9101,10.);
#2295=VECTOR('',#9106,15.);
#2296=VECTOR('',#9111,10.);
#2297=VECTOR('',#9114,10.);
#2298=VECTOR('',#9117,10.);
#2299=VECTOR('',#9118,10.);
#2300=VECTOR('',#9121,10.);
#2301=VECTOR('',#9124,10.);
#2302=VECTOR('',#9131,10.);
#2303=VECTOR('',#9134,10.);
#2304=VECTOR('',#9139,10.);
#2305=VECTOR('',#9142,10.);
#2306=VECTOR('',#9145,10.);
#2307=VECTOR('',#9146,10.);
#2308=VECTOR('',#9147,10.);
#2309=VECTOR('',#9148,10.);
#2310=VECTOR('',#9151,10.);
#2311=VECTOR('',#9154,10.);
#2312=VECTOR('',#9157,10.);
#2313=VECTOR('',#9160,10.);
#2314=VECTOR('',#9163,10.);
#2315=VECTOR('',#9164,10.);
#2316=VECTOR('',#9167,10.);
#2317=VECTOR('',#9170,10.);
#2318=VECTOR('',#9173,10.);
#2319=VECTOR('',#9176,10.);
#2320=VECTOR('',#9179,10.);
#2321=VECTOR('',#9180,10.);
#2322=VECTOR('',#9181,10.);
#2323=VECTOR('',#9182,10.);
#2324=VECTOR('',#9183,10.);
#2325=VECTOR('',#9184,10.);
#2326=VECTOR('',#9187,10.);
#2327=VECTOR('',#9194,10.);
#2328=VECTOR('',#9195,10.);
#2329=VECTOR('',#9196,10.);
#2330=VECTOR('',#9197,10.);
#2331=VECTOR('',#9200,10.);
#2332=VECTOR('',#9201,10.);
#2333=VECTOR('',#9202,10.);
#2334=VECTOR('',#9203,10.);
#2335=VECTOR('',#9204,10.);
#2336=VECTOR('',#9205,10.);
#2337=VECTOR('',#9206,10.);
#2338=VECTOR('',#9207,10.);
#2339=VECTOR('',#9208,10.);
#2340=VECTOR('',#9209,10.);
#2341=VECTOR('',#9210,10.);
#2342=VECTOR('',#9211,10.);
#2343=VECTOR('',#9212,10.);
#2344=VECTOR('',#9213,10.);
#2345=VECTOR('',#9214,10.);
#2346=VECTOR('',#9215,10.);
#2347=VECTOR('',#9216,10.);
#2348=VECTOR('',#9217,10.);
#2349=VECTOR('',#9218,10.);
#2350=VECTOR('',#9219,10.);
#2351=VECTOR('',#9220,10.);
#2352=VECTOR('',#9221,10.);
#2353=VECTOR('',#9222,10.);
#2354=VECTOR('',#9223,10.);
#2355=VECTOR('',#9224,10.);
#2356=VECTOR('',#9225,10.);
#2357=VECTOR('',#9226,10.);
#2358=VECTOR('',#9227,10.);
#2359=VECTOR('',#9228,10.);
#2360=VECTOR('',#9229,10.);
#2361=VECTOR('',#9230,10.);
#2362=VECTOR('',#9231,10.);
#2363=VECTOR('',#9232,10.);
#2364=VECTOR('',#9241,10.);
#2365=VECTOR('',#9242,10.);
#2366=VECTOR('',#9243,10.);
#2367=VECTOR('',#9244,10.);
#2368=VECTOR('',#9245,10.);
#2369=VECTOR('',#9246,10.);
#2370=VECTOR('',#9247,10.);
#2371=VECTOR('',#9248,10.);
#2372=VECTOR('',#9249,10.);
#2373=VECTOR('',#9252,10.);
#2374=VECTOR('',#9253,10.);
#2375=VECTOR('',#9254,10.);
#2376=VECTOR('',#9255,10.);
#2377=VECTOR('',#9258,10.);
#2378=VECTOR('',#9259,10.);
#2379=VECTOR('',#9262,10.);
#2380=VECTOR('',#9263,10.);
#2381=VECTOR('',#9266,10.);
#2382=VECTOR('',#9267,10.);
#2383=VECTOR('',#9276,10.);
#2384=VECTOR('',#9279,10.);
#2385=VECTOR('',#9282,10.);
#2386=VECTOR('',#9285,10.);
#2387=VECTOR('',#9288,10.);
#2388=VECTOR('',#9289,10.);
#2389=VECTOR('',#9290,10.);
#2390=VECTOR('',#9293,10.);
#2391=VECTOR('',#9296,10.);
#2392=VECTOR('',#9299,10.);
#2393=VECTOR('',#9302,10.);
#2394=VECTOR('',#9303,10.);
#2395=VECTOR('',#9306,10.);
#2396=VECTOR('',#9309,10.);
#2397=VECTOR('',#9314,10.);
#2398=VECTOR('',#9315,10.);
#2399=VECTOR('',#9316,10.);
#2400=VECTOR('',#9317,10.);
#2401=VECTOR('',#9318,10.);
#2402=VECTOR('',#9319,10.);
#2403=VECTOR('',#9320,10.);
#2404=VECTOR('',#9323,10.);
#2405=VECTOR('',#9324,10.);
#2406=VECTOR('',#9325,10.);
#2407=VECTOR('',#9326,10.);
#2408=VECTOR('',#9327,10.);
#2409=VECTOR('',#9330,10.);
#2410=VECTOR('',#9331,10.);
#2411=VECTOR('',#9332,10.);
#2412=VECTOR('',#9333,10.);
#2413=VECTOR('',#9334,10.);
#2414=VECTOR('',#9335,10.);
#2415=VECTOR('',#9336,10.);
#2416=VECTOR('',#9337,10.);
#2417=VECTOR('',#9342,10.);
#2418=VECTOR('',#9345,10.);
#2419=VECTOR('',#9348,10.);
#2420=VECTOR('',#9349,10.);
#2421=VECTOR('',#9352,10.);
#2422=VECTOR('',#9355,10.);
#2423=VECTOR('',#9362,10.);
#2424=VECTOR('',#9365,10.);
#2425=VECTOR('',#9368,10.);
#2426=VECTOR('',#9369,10.);
#2427=VECTOR('',#9372,10.);
#2428=VECTOR('',#9375,10.);
#2429=VECTOR('',#9382,15.);
#2430=CIRCLE('',#7007,22.);
#2431=CIRCLE('',#7008,22.);
#2432=CIRCLE('',#7012,17.);
#2433=CIRCLE('',#7013,15.);
#2434=CIRCLE('',#7014,15.);
#2435=CIRCLE('',#7016,17.);
#2436=CIRCLE('',#7018,15.);
#2437=CIRCLE('',#7019,15.);
#2438=CIRCLE('',#7021,17.);
#2439=CIRCLE('',#7022,17.);
#2440=CIRCLE('',#7024,15.);
#2441=CIRCLE('',#7026,15.);
#2442=CIRCLE('',#7028,15.);
#2443=CIRCLE('',#7032,17.);
#2444=CIRCLE('',#7033,15.);
#2445=CIRCLE('',#7034,15.);
#2446=CIRCLE('',#7036,17.);
#2447=CIRCLE('',#7038,15.);
#2448=CIRCLE('',#7039,15.);
#2449=CIRCLE('',#7043,17.);
#2450=CIRCLE('',#7044,15.);
#2451=CIRCLE('',#7045,15.);
#2452=CIRCLE('',#7047,17.);
#2453=CIRCLE('',#7049,15.);
#2454=CIRCLE('',#7050,15.);
#2455=CIRCLE('',#7054,17.);
#2456=CIRCLE('',#7055,15.);
#2457=CIRCLE('',#7056,15.);
#2458=CIRCLE('',#7058,17.);
#2459=CIRCLE('',#7060,15.);
#2460=CIRCLE('',#7061,15.);
#2461=CIRCLE('',#7063,17.);
#2462=CIRCLE('',#7064,17.);
#2463=CIRCLE('',#7066,15.);
#2464=CIRCLE('',#7068,15.);
#2465=CIRCLE('',#7070,15.);
#2466=CIRCLE('',#7072,17.);
#2467=CIRCLE('',#7073,17.);
#2468=CIRCLE('',#7076,15.);
#2469=CIRCLE('',#7081,17.);
#2470=CIRCLE('',#7082,15.);
#2471=CIRCLE('',#7083,15.);
#2472=CIRCLE('',#7085,17.);
#2473=CIRCLE('',#7087,15.);
#2474=CIRCLE('',#7088,15.);
#2475=CIRCLE('',#7092,17.);
#2476=CIRCLE('',#7093,15.);
#2477=CIRCLE('',#7094,15.);
#2478=CIRCLE('',#7096,17.);
#2479=CIRCLE('',#7098,15.);
#2480=CIRCLE('',#7099,15.);
#2481=CIRCLE('',#7103,17.);
#2482=CIRCLE('',#7104,15.);
#2483=CIRCLE('',#7105,15.);
#2484=CIRCLE('',#7107,17.);
#2485=CIRCLE('',#7109,15.);
#2486=CIRCLE('',#7110,15.);
#2487=CIRCLE('',#7114,17.);
#2488=CIRCLE('',#7115,15.);
#2489=CIRCLE('',#7116,15.);
#2490=CIRCLE('',#7118,17.);
#2491=CIRCLE('',#7120,15.);
#2492=CIRCLE('',#7121,15.);
#2493=CIRCLE('',#7125,17.);
#2494=CIRCLE('',#7126,15.);
#2495=CIRCLE('',#7127,15.);
#2496=CIRCLE('',#7129,17.);
#2497=CIRCLE('',#7131,15.);
#2498=CIRCLE('',#7132,15.);
#2499=CIRCLE('',#7136,17.);
#2500=CIRCLE('',#7137,15.);
#2501=CIRCLE('',#7138,15.);
#2502=CIRCLE('',#7140,17.);
#2503=CIRCLE('',#7142,15.);
#2504=CIRCLE('',#7143,15.);
#2505=CIRCLE('',#7147,17.);
#2506=CIRCLE('',#7148,15.);
#2507=CIRCLE('',#7149,15.);
#2508=CIRCLE('',#7151,17.);
#2509=CIRCLE('',#7153,15.);
#2510=CIRCLE('',#7154,15.);
#2511=CIRCLE('',#7158,17.);
#2512=CIRCLE('',#7159,15.);
#2513=CIRCLE('',#7160,15.);
#2514=CIRCLE('',#7162,17.);
#2515=CIRCLE('',#7164,15.);
#2516=CIRCLE('',#7165,15.);
#2517=CIRCLE('',#7169,17.);
#2518=CIRCLE('',#7170,15.);
#2519=CIRCLE('',#7171,15.);
#2520=CIRCLE('',#7173,17.);
#2521=CIRCLE('',#7175,15.);
#2522=CIRCLE('',#7176,15.);
#2523=CIRCLE('',#7180,17.);
#2524=CIRCLE('',#7181,15.);
#2525=CIRCLE('',#7182,15.);
#2526=CIRCLE('',#7184,17.);
#2527=CIRCLE('',#7186,15.);
#2528=CIRCLE('',#7187,15.);
#2529=CIRCLE('',#7191,17.);
#2530=CIRCLE('',#7192,15.);
#2531=CIRCLE('',#7193,15.);
#2532=CIRCLE('',#7195,17.);
#2533=CIRCLE('',#7197,15.);
#2534=CIRCLE('',#7198,15.);
#2535=CIRCLE('',#7202,17.);
#2536=CIRCLE('',#7203,15.);
#2537=CIRCLE('',#7204,15.);
#2538=CIRCLE('',#7206,17.);
#2539=CIRCLE('',#7208,15.);
#2540=CIRCLE('',#7209,15.);
#2541=CIRCLE('',#7213,17.);
#2542=CIRCLE('',#7214,15.);
#2543=CIRCLE('',#7215,15.);
#2544=CIRCLE('',#7217,17.);
#2545=CIRCLE('',#7219,15.);
#2546=CIRCLE('',#7220,15.);
#2547=CIRCLE('',#7224,17.);
#2548=CIRCLE('',#7225,15.);
#2549=CIRCLE('',#7226,15.);
#2550=CIRCLE('',#7228,17.);
#2551=CIRCLE('',#7230,15.);
#2552=CIRCLE('',#7231,15.);
#2553=CIRCLE('',#7235,17.);
#2554=CIRCLE('',#7236,15.);
#2555=CIRCLE('',#7237,15.);
#2556=CIRCLE('',#7239,17.);
#2557=CIRCLE('',#7241,15.);
#2558=CIRCLE('',#7242,15.);
#2559=CIRCLE('',#7246,17.);
#2560=CIRCLE('',#7247,15.);
#2561=CIRCLE('',#7248,15.);
#2562=CIRCLE('',#7250,17.);
#2563=CIRCLE('',#7252,15.);
#2564=CIRCLE('',#7253,15.);
#2565=CIRCLE('',#7257,17.);
#2566=CIRCLE('',#7258,15.);
#2567=CIRCLE('',#7259,15.);
#2568=CIRCLE('',#7261,17.);
#2569=CIRCLE('',#7263,15.);
#2570=CIRCLE('',#7264,15.);
#2571=CIRCLE('',#7268,17.);
#2572=CIRCLE('',#7269,15.);
#2573=CIRCLE('',#7270,15.);
#2574=CIRCLE('',#7272,17.);
#2575=CIRCLE('',#7274,15.);
#2576=CIRCLE('',#7275,15.);
#2577=CIRCLE('',#7279,17.);
#2578=CIRCLE('',#7280,15.);
#2579=CIRCLE('',#7281,15.);
#2580=CIRCLE('',#7283,17.);
#2581=CIRCLE('',#7285,15.);
#2582=CIRCLE('',#7286,15.);
#2583=CIRCLE('',#7290,17.);
#2584=CIRCLE('',#7291,15.);
#2585=CIRCLE('',#7292,15.);
#2586=CIRCLE('',#7294,17.);
#2587=CIRCLE('',#7296,15.);
#2588=CIRCLE('',#7297,15.);
#2589=CIRCLE('',#7301,17.);
#2590=CIRCLE('',#7302,15.);
#2591=CIRCLE('',#7303,15.);
#2592=CIRCLE('',#7305,17.);
#2593=CIRCLE('',#7307,15.);
#2594=CIRCLE('',#7308,15.);
#2595=CIRCLE('',#7312,17.);
#2596=CIRCLE('',#7313,15.);
#2597=CIRCLE('',#7314,15.);
#2598=CIRCLE('',#7316,17.);
#2599=CIRCLE('',#7318,15.);
#2600=CIRCLE('',#7319,15.);
#2601=CIRCLE('',#7323,17.);
#2602=CIRCLE('',#7324,15.);
#2603=CIRCLE('',#7325,15.);
#2604=CIRCLE('',#7327,17.);
#2605=CIRCLE('',#7329,15.);
#2606=CIRCLE('',#7330,15.);
#2607=CIRCLE('',#7334,17.);
#2608=CIRCLE('',#7335,15.);
#2609=CIRCLE('',#7336,15.);
#2610=CIRCLE('',#7338,17.);
#2611=CIRCLE('',#7340,15.);
#2612=CIRCLE('',#7341,15.);
#2613=CIRCLE('',#7345,17.);
#2614=CIRCLE('',#7346,15.);
#2615=CIRCLE('',#7347,15.);
#2616=CIRCLE('',#7349,17.);
#2617=CIRCLE('',#7351,15.);
#2618=CIRCLE('',#7352,15.);
#2619=CIRCLE('',#7354,17.);
#2620=CIRCLE('',#7355,17.);
#2621=CIRCLE('',#7358,15.);
#2622=CIRCLE('',#7360,15.);
#2623=CIRCLE('',#7362,17.);
#2624=CIRCLE('',#7363,17.);
#2625=CIRCLE('',#7366,15.);
#2626=CIRCLE('',#7368,15.);
#2627=CIRCLE('',#7370,17.);
#2628=CIRCLE('',#7371,17.);
#2629=CIRCLE('',#7374,15.);
#2630=CIRCLE('',#7376,15.);
#2631=CIRCLE('',#7378,15.);
#2632=CIRCLE('',#7380,17.);
#2633=CIRCLE('',#7381,17.);
#2634=CIRCLE('',#7383,15.);
#2635=CIRCLE('',#7385,15.);
#2636=CIRCLE('',#7387,15.);
#2637=CIRCLE('',#7389,17.);
#2638=CIRCLE('',#7390,17.);
#2639=CIRCLE('',#7392,15.);
#2640=CIRCLE('',#7394,15.);
#2641=CIRCLE('',#7397,17.);
#2642=CIRCLE('',#7398,17.);
#2643=CIRCLE('',#7400,15.);
#2644=CIRCLE('',#7402,15.);
#2645=CIRCLE('',#7404,15.);
#2646=CIRCLE('',#7406,17.);
#2647=CIRCLE('',#7407,17.);
#2648=CIRCLE('',#7409,15.);
#2649=CIRCLE('',#7411,15.);
#2650=CIRCLE('',#7413,15.);
#2651=CIRCLE('',#7414,15.);
#2652=CIRCLE('',#7415,15.);
#2653=CIRCLE('',#7416,15.);
#2654=CIRCLE('',#7417,15.);
#2655=CIRCLE('',#7418,15.);
#2656=CIRCLE('',#7419,15.);
#2657=CIRCLE('',#7420,15.);
#2658=CIRCLE('',#7421,15.);
#2659=CIRCLE('',#7422,15.);
#2660=CIRCLE('',#7423,15.);
#2661=CIRCLE('',#7424,15.);
#2662=CIRCLE('',#7425,15.);
#2663=CIRCLE('',#7426,15.);
#2664=CIRCLE('',#7427,15.);
#2665=CIRCLE('',#7428,15.);
#2666=CIRCLE('',#7429,15.);
#2667=CIRCLE('',#7430,15.);
#2668=CIRCLE('',#7431,15.);
#2669=CIRCLE('',#7432,15.);
#2670=CIRCLE('',#7433,15.);
#2671=CIRCLE('',#7434,15.);
#2672=CIRCLE('',#7435,15.);
#2673=CIRCLE('',#7436,15.);
#2674=CIRCLE('',#7437,15.);
#2675=CIRCLE('',#7438,15.);
#2676=CIRCLE('',#7439,15.);
#2677=CIRCLE('',#7440,15.);
#2678=CIRCLE('',#7441,15.);
#2679=CIRCLE('',#7442,15.);
#2680=CIRCLE('',#7443,15.);
#2681=CIRCLE('',#7444,15.);
#2682=CIRCLE('',#7445,15.);
#2683=CIRCLE('',#7446,15.);
#2684=CIRCLE('',#7447,15.);
#2685=CIRCLE('',#7448,15.);
#2686=CIRCLE('',#7449,15.);
#2687=CIRCLE('',#7450,15.);
#2688=CIRCLE('',#7451,15.);
#2689=CIRCLE('',#7452,15.);
#2690=CIRCLE('',#7453,15.);
#2691=CIRCLE('',#7454,15.);
#2692=CIRCLE('',#7455,15.);
#2693=CIRCLE('',#7456,15.);
#2694=CIRCLE('',#7457,15.);
#2695=CIRCLE('',#7458,15.);
#2696=CIRCLE('',#7459,15.);
#2697=CIRCLE('',#7460,15.);
#2698=CIRCLE('',#7461,15.);
#2699=CIRCLE('',#7462,15.);
#2700=CIRCLE('',#7463,15.);
#2701=CIRCLE('',#7464,15.);
#2702=CIRCLE('',#7466,17.);
#2703=CIRCLE('',#7467,17.);
#2704=CIRCLE('',#7470,15.);
#2705=CIRCLE('',#7473,17.);
#2706=CIRCLE('',#7474,17.);
#2707=CIRCLE('',#7477,15.);
#2708=CIRCLE('',#7482,17.);
#2709=CIRCLE('',#7484,17.);
#2710=CIRCLE('',#7489,17.);
#2711=CIRCLE('',#7491,17.);
#2712=CIRCLE('',#7496,17.);
#2713=CIRCLE('',#7498,17.);
#2714=CIRCLE('',#7503,17.);
#2715=CIRCLE('',#7505,17.);
#2716=CIRCLE('',#7510,17.);
#2717=CIRCLE('',#7512,17.);
#2718=CIRCLE('',#7517,17.);
#2719=CIRCLE('',#7519,17.);
#2720=CIRCLE('',#7524,17.);
#2721=CIRCLE('',#7526,17.);
#2722=CIRCLE('',#7531,17.);
#2723=CIRCLE('',#7533,17.);
#2724=CIRCLE('',#7536,17.);
#2725=CIRCLE('',#7537,17.);
#2726=CIRCLE('',#7538,17.);
#2727=CIRCLE('',#7546,17.);
#2728=CIRCLE('',#7547,17.);
#2729=CIRCLE('',#7553,17.);
#2730=CIRCLE('',#7554,17.);
#2731=CIRCLE('',#7555,17.);
#2732=CIRCLE('',#7556,17.);
#2733=CIRCLE('',#7557,17.);
#2734=CIRCLE('',#7558,17.);
#2735=CIRCLE('',#7570,17.);
#2736=CIRCLE('',#7571,17.);
#2737=CIRCLE('',#7575,15.);
#2738=CIRCLE('',#7585,17.);
#2739=CIRCLE('',#7586,17.);
#2740=CIRCLE('',#7587,17.);
#2741=CIRCLE('',#7588,17.);
#2742=CIRCLE('',#7601,17.);
#2743=CIRCLE('',#7602,17.);
#2744=CIRCLE('',#7608,17.);
#2745=CIRCLE('',#7609,17.);
#2746=CIRCLE('',#7615,13.);
#2747=CIRCLE('',#7616,13.);
#2748=VERTEX_POINT('',#9395);
#2749=VERTEX_POINT('',#9397);
#2750=VERTEX_POINT('',#9401);
#2751=VERTEX_POINT('',#9402);
#2752=VERTEX_POINT('',#9404);
#2753=VERTEX_POINT('',#9406);
#2754=VERTEX_POINT('',#9410);
#2755=VERTEX_POINT('',#9411);
#2756=VERTEX_POINT('',#9413);
#2757=VERTEX_POINT('',#9415);
#2758=VERTEX_POINT('',#9420);
#2759=VERTEX_POINT('',#9426);
#2760=VERTEX_POINT('',#9430);
#2761=VERTEX_POINT('',#9432);
#2762=VERTEX_POINT('',#9436);
#2763=VERTEX_POINT('',#9439);
#2764=VERTEX_POINT('',#9442);
#2765=VERTEX_POINT('',#9446);
#2766=VERTEX_POINT('',#9447);
#2767=VERTEX_POINT('',#9449);
#2768=VERTEX_POINT('',#9451);
#2769=VERTEX_POINT('',#9455);
#2770=VERTEX_POINT('',#9456);
#2771=VERTEX_POINT('',#9458);
#2772=VERTEX_POINT('',#9460);
#2773=VERTEX_POINT('',#9465);
#2774=VERTEX_POINT('',#9471);
#2775=VERTEX_POINT('',#9475);
#2776=VERTEX_POINT('',#9476);
#2777=VERTEX_POINT('',#9478);
#2778=VERTEX_POINT('',#9480);
#2779=VERTEX_POINT('',#9484);
#2780=VERTEX_POINT('',#9485);
#2781=VERTEX_POINT('',#9487);
#2782=VERTEX_POINT('',#9489);
#2783=VERTEX_POINT('',#9494);
#2784=VERTEX_POINT('',#9500);
#2785=VERTEX_POINT('',#9504);
#2786=VERTEX_POINT('',#9505);
#2787=VERTEX_POINT('',#9507);
#2788=VERTEX_POINT('',#9509);
#2789=VERTEX_POINT('',#9513);
#2790=VERTEX_POINT('',#9514);
#2791=VERTEX_POINT('',#9516);
#2792=VERTEX_POINT('',#9518);
#2793=VERTEX_POINT('',#9523);
#2794=VERTEX_POINT('',#9529);
#2795=VERTEX_POINT('',#9533);
#2796=VERTEX_POINT('',#9535);
#2797=VERTEX_POINT('',#9539);
#2798=VERTEX_POINT('',#9542);
#2799=VERTEX_POINT('',#9545);
#2800=VERTEX_POINT('',#9549);
#2801=VERTEX_POINT('',#9551);
#2802=VERTEX_POINT('',#9556);
#2803=VERTEX_POINT('',#9561);
#2804=VERTEX_POINT('',#9562);
#2805=VERTEX_POINT('',#9564);
#2806=VERTEX_POINT('',#9566);
#2807=VERTEX_POINT('',#9570);
#2808=VERTEX_POINT('',#9571);
#2809=VERTEX_POINT('',#9573);
#2810=VERTEX_POINT('',#9575);
#2811=VERTEX_POINT('',#9580);
#2812=VERTEX_POINT('',#9586);
#2813=VERTEX_POINT('',#9590);
#2814=VERTEX_POINT('',#9591);
#2815=VERTEX_POINT('',#9593);
#2816=VERTEX_POINT('',#9595);
#2817=VERTEX_POINT('',#9599);
#2818=VERTEX_POINT('',#9600);
#2819=VERTEX_POINT('',#9602);
#2820=VERTEX_POINT('',#9604);
#2821=VERTEX_POINT('',#9609);
#2822=VERTEX_POINT('',#9615);
#2823=VERTEX_POINT('',#9619);
#2824=VERTEX_POINT('',#9620);
#2825=VERTEX_POINT('',#9622);
#2826=VERTEX_POINT('',#9624);
#2827=VERTEX_POINT('',#9628);
#2828=VERTEX_POINT('',#9629);
#2829=VERTEX_POINT('',#9631);
#2830=VERTEX_POINT('',#9633);
#2831=VERTEX_POINT('',#9638);
#2832=VERTEX_POINT('',#9644);
#2833=VERTEX_POINT('',#9648);
#2834=VERTEX_POINT('',#9649);
#2835=VERTEX_POINT('',#9651);
#2836=VERTEX_POINT('',#9653);
#2837=VERTEX_POINT('',#9657);
#2838=VERTEX_POINT('',#9658);
#2839=VERTEX_POINT('',#9660);
#2840=VERTEX_POINT('',#9662);
#2841=VERTEX_POINT('',#9667);
#2842=VERTEX_POINT('',#9673);
#2843=VERTEX_POINT('',#9677);
#2844=VERTEX_POINT('',#9678);
#2845=VERTEX_POINT('',#9680);
#2846=VERTEX_POINT('',#9682);
#2847=VERTEX_POINT('',#9686);
#2848=VERTEX_POINT('',#9687);
#2849=VERTEX_POINT('',#9689);
#2850=VERTEX_POINT('',#9691);
#2851=VERTEX_POINT('',#9696);
#2852=VERTEX_POINT('',#9702);
#2853=VERTEX_POINT('',#9706);
#2854=VERTEX_POINT('',#9707);
#2855=VERTEX_POINT('',#9709);
#2856=VERTEX_POINT('',#9711);
#2857=VERTEX_POINT('',#9715);
#2858=VERTEX_POINT('',#9716);
#2859=VERTEX_POINT('',#9718);
#2860=VERTEX_POINT('',#9720);
#2861=VERTEX_POINT('',#9725);
#2862=VERTEX_POINT('',#9731);
#2863=VERTEX_POINT('',#9735);
#2864=VERTEX_POINT('',#9736);
#2865=VERTEX_POINT('',#9738);
#2866=VERTEX_POINT('',#9740);
#2867=VERTEX_POINT('',#9744);
#2868=VERTEX_POINT('',#9745);
#2869=VERTEX_POINT('',#9747);
#2870=VERTEX_POINT('',#9749);
#2871=VERTEX_POINT('',#9754);
#2872=VERTEX_POINT('',#9760);
#2873=VERTEX_POINT('',#9764);
#2874=VERTEX_POINT('',#9765);
#2875=VERTEX_POINT('',#9767);
#2876=VERTEX_POINT('',#9769);
#2877=VERTEX_POINT('',#9773);
#2878=VERTEX_POINT('',#9774);
#2879=VERTEX_POINT('',#9776);
#2880=VERTEX_POINT('',#9778);
#2881=VERTEX_POINT('',#9783);
#2882=VERTEX_POINT('',#9789);
#2883=VERTEX_POINT('',#9793);
#2884=VERTEX_POINT('',#9794);
#2885=VERTEX_POINT('',#9796);
#2886=VERTEX_POINT('',#9798);
#2887=VERTEX_POINT('',#9802);
#2888=VERTEX_POINT('',#9803);
#2889=VERTEX_POINT('',#9805);
#2890=VERTEX_POINT('',#9807);
#2891=VERTEX_POINT('',#9812);
#2892=VERTEX_POINT('',#9818);
#2893=VERTEX_POINT('',#9822);
#2894=VERTEX_POINT('',#9823);
#2895=VERTEX_POINT('',#9825);
#2896=VERTEX_POINT('',#9827);
#2897=VERTEX_POINT('',#9831);
#2898=VERTEX_POINT('',#9832);
#2899=VERTEX_POINT('',#9834);
#2900=VERTEX_POINT('',#9836);
#2901=VERTEX_POINT('',#9841);
#2902=VERTEX_POINT('',#9847);
#2903=VERTEX_POINT('',#9851);
#2904=VERTEX_POINT('',#9852);
#2905=VERTEX_POINT('',#9854);
#2906=VERTEX_POINT('',#9856);
#2907=VERTEX_POINT('',#9860);
#2908=VERTEX_POINT('',#9861);
#2909=VERTEX_POINT('',#9863);
#2910=VERTEX_POINT('',#9865);
#2911=VERTEX_POINT('',#9870);
#2912=VERTEX_POINT('',#9876);
#2913=VERTEX_POINT('',#9880);
#2914=VERTEX_POINT('',#9881);
#2915=VERTEX_POINT('',#9883);
#2916=VERTEX_POINT('',#9885);
#2917=VERTEX_POINT('',#9889);
#2918=VERTEX_POINT('',#9890);
#2919=VERTEX_POINT('',#9892);
#2920=VERTEX_POINT('',#9894);
#2921=VERTEX_POINT('',#9899);
#2922=VERTEX_POINT('',#9905);
#2923=VERTEX_POINT('',#9909);
#2924=VERTEX_POINT('',#9910);
#2925=VERTEX_POINT('',#9912);
#2926=VERTEX_POINT('',#9914);
#2927=VERTEX_POINT('',#9918);
#2928=VERTEX_POINT('',#9919);
#2929=VERTEX_POINT('',#9921);
#2930=VERTEX_POINT('',#9923);
#2931=VERTEX_POINT('',#9928);
#2932=VERTEX_POINT('',#9934);
#2933=VERTEX_POINT('',#9938);
#2934=VERTEX_POINT('',#9939);
#2935=VERTEX_POINT('',#9941);
#2936=VERTEX_POINT('',#9943);
#2937=VERTEX_POINT('',#9947);
#2938=VERTEX_POINT('',#9948);
#2939=VERTEX_POINT('',#9950);
#2940=VERTEX_POINT('',#9952);
#2941=VERTEX_POINT('',#9957);
#2942=VERTEX_POINT('',#9963);
#2943=VERTEX_POINT('',#9967);
#2944=VERTEX_POINT('',#9968);
#2945=VERTEX_POINT('',#9970);
#2946=VERTEX_POINT('',#9972);
#2947=VERTEX_POINT('',#9976);
#2948=VERTEX_POINT('',#9977);
#2949=VERTEX_POINT('',#9979);
#2950=VERTEX_POINT('',#9981);
#2951=VERTEX_POINT('',#9986);
#2952=VERTEX_POINT('',#9992);
#2953=VERTEX_POINT('',#9996);
#2954=VERTEX_POINT('',#9997);
#2955=VERTEX_POINT('',#9999);
#2956=VERTEX_POINT('',#10001);
#2957=VERTEX_POINT('',#10005);
#2958=VERTEX_POINT('',#10006);
#2959=VERTEX_POINT('',#10008);
#2960=VERTEX_POINT('',#10010);
#2961=VERTEX_POINT('',#10015);
#2962=VERTEX_POINT('',#10021);
#2963=VERTEX_POINT('',#10025);
#2964=VERTEX_POINT('',#10026);
#2965=VERTEX_POINT('',#10028);
#2966=VERTEX_POINT('',#10030);
#2967=VERTEX_POINT('',#10034);
#2968=VERTEX_POINT('',#10035);
#2969=VERTEX_POINT('',#10037);
#2970=VERTEX_POINT('',#10039);
#2971=VERTEX_POINT('',#10044);
#2972=VERTEX_POINT('',#10050);
#2973=VERTEX_POINT('',#10054);
#2974=VERTEX_POINT('',#10055);
#2975=VERTEX_POINT('',#10057);
#2976=VERTEX_POINT('',#10059);
#2977=VERTEX_POINT('',#10063);
#2978=VERTEX_POINT('',#10064);
#2979=VERTEX_POINT('',#10066);
#2980=VERTEX_POINT('',#10068);
#2981=VERTEX_POINT('',#10073);
#2982=VERTEX_POINT('',#10079);
#2983=VERTEX_POINT('',#10083);
#2984=VERTEX_POINT('',#10084);
#2985=VERTEX_POINT('',#10086);
#2986=VERTEX_POINT('',#10088);
#2987=VERTEX_POINT('',#10092);
#2988=VERTEX_POINT('',#10093);
#2989=VERTEX_POINT('',#10095);
#2990=VERTEX_POINT('',#10097);
#2991=VERTEX_POINT('',#10102);
#2992=VERTEX_POINT('',#10108);
#2993=VERTEX_POINT('',#10112);
#2994=VERTEX_POINT('',#10113);
#2995=VERTEX_POINT('',#10115);
#2996=VERTEX_POINT('',#10117);
#2997=VERTEX_POINT('',#10121);
#2998=VERTEX_POINT('',#10122);
#2999=VERTEX_POINT('',#10124);
#3000=VERTEX_POINT('',#10126);
#3001=VERTEX_POINT('',#10131);
#3002=VERTEX_POINT('',#10137);
#3003=VERTEX_POINT('',#10141);
#3004=VERTEX_POINT('',#10142);
#3005=VERTEX_POINT('',#10144);
#3006=VERTEX_POINT('',#10146);
#3007=VERTEX_POINT('',#10150);
#3008=VERTEX_POINT('',#10151);
#3009=VERTEX_POINT('',#10153);
#3010=VERTEX_POINT('',#10155);
#3011=VERTEX_POINT('',#10160);
#3012=VERTEX_POINT('',#10166);
#3013=VERTEX_POINT('',#10170);
#3014=VERTEX_POINT('',#10171);
#3015=VERTEX_POINT('',#10173);
#3016=VERTEX_POINT('',#10175);
#3017=VERTEX_POINT('',#10179);
#3018=VERTEX_POINT('',#10180);
#3019=VERTEX_POINT('',#10182);
#3020=VERTEX_POINT('',#10184);
#3021=VERTEX_POINT('',#10189);
#3022=VERTEX_POINT('',#10195);
#3023=VERTEX_POINT('',#10199);
#3024=VERTEX_POINT('',#10200);
#3025=VERTEX_POINT('',#10202);
#3026=VERTEX_POINT('',#10204);
#3027=VERTEX_POINT('',#10208);
#3028=VERTEX_POINT('',#10209);
#3029=VERTEX_POINT('',#10211);
#3030=VERTEX_POINT('',#10213);
#3031=VERTEX_POINT('',#10218);
#3032=VERTEX_POINT('',#10224);
#3033=VERTEX_POINT('',#10228);
#3034=VERTEX_POINT('',#10229);
#3035=VERTEX_POINT('',#10231);
#3036=VERTEX_POINT('',#10233);
#3037=VERTEX_POINT('',#10237);
#3038=VERTEX_POINT('',#10238);
#3039=VERTEX_POINT('',#10240);
#3040=VERTEX_POINT('',#10242);
#3041=VERTEX_POINT('',#10247);
#3042=VERTEX_POINT('',#10253);
#3043=VERTEX_POINT('',#10257);
#3044=VERTEX_POINT('',#10258);
#3045=VERTEX_POINT('',#10260);
#3046=VERTEX_POINT('',#10262);
#3047=VERTEX_POINT('',#10266);
#3048=VERTEX_POINT('',#10267);
#3049=VERTEX_POINT('',#10269);
#3050=VERTEX_POINT('',#10271);
#3051=VERTEX_POINT('',#10276);
#3052=VERTEX_POINT('',#10282);
#3053=VERTEX_POINT('',#10286);
#3054=VERTEX_POINT('',#10288);
#3055=VERTEX_POINT('',#10293);
#3056=VERTEX_POINT('',#10296);
#3057=VERTEX_POINT('',#10300);
#3058=VERTEX_POINT('',#10302);
#3059=VERTEX_POINT('',#10307);
#3060=VERTEX_POINT('',#10310);
#3061=VERTEX_POINT('',#10314);
#3062=VERTEX_POINT('',#10316);
#3063=VERTEX_POINT('',#10321);
#3064=VERTEX_POINT('',#10324);
#3065=VERTEX_POINT('',#10328);
#3066=VERTEX_POINT('',#10331);
#3067=VERTEX_POINT('',#10333);
#3068=VERTEX_POINT('',#10337);
#3069=VERTEX_POINT('',#10340);
#3070=VERTEX_POINT('',#10343);
#3071=VERTEX_POINT('',#10347);
#3072=VERTEX_POINT('',#10349);
#3073=VERTEX_POINT('',#10353);
#3074=VERTEX_POINT('',#10356);
#3075=VERTEX_POINT('',#10361);
#3076=VERTEX_POINT('',#10363);
#3077=VERTEX_POINT('',#10367);
#3078=VERTEX_POINT('',#10370);
#3079=VERTEX_POINT('',#10373);
#3080=VERTEX_POINT('',#10377);
#3081=VERTEX_POINT('',#10379);
#3082=VERTEX_POINT('',#10383);
#3083=VERTEX_POINT('',#10386);
#3084=VERTEX_POINT('',#10402);
#3085=VERTEX_POINT('',#10404);
#3086=VERTEX_POINT('',#10406);
#3087=VERTEX_POINT('',#10408);
#3088=VERTEX_POINT('',#10410);
#3089=VERTEX_POINT('',#10412);
#3090=VERTEX_POINT('',#10414);
#3091=VERTEX_POINT('',#10416);
#3092=VERTEX_POINT('',#10418);
#3093=VERTEX_POINT('',#10420);
#3094=VERTEX_POINT('',#10422);
#3095=VERTEX_POINT('',#10424);
#3096=VERTEX_POINT('',#10426);
#3097=VERTEX_POINT('',#10428);
#3098=VERTEX_POINT('',#10430);
#3099=VERTEX_POINT('',#10432);
#3100=VERTEX_POINT('',#10434);
#3101=VERTEX_POINT('',#10436);
#3102=VERTEX_POINT('',#10438);
#3103=VERTEX_POINT('',#10440);
#3104=VERTEX_POINT('',#10442);
#3105=VERTEX_POINT('',#10444);
#3106=VERTEX_POINT('',#10446);
#3107=VERTEX_POINT('',#10448);
#3108=VERTEX_POINT('',#10450);
#3109=VERTEX_POINT('',#10452);
#3110=VERTEX_POINT('',#10454);
#3111=VERTEX_POINT('',#10456);
#3112=VERTEX_POINT('',#10458);
#3113=VERTEX_POINT('',#10460);
#3114=VERTEX_POINT('',#10462);
#3115=VERTEX_POINT('',#10464);
#3116=VERTEX_POINT('',#10483);
#3117=VERTEX_POINT('',#10485);
#3118=VERTEX_POINT('',#10488);
#3119=VERTEX_POINT('',#10490);
#3120=VERTEX_POINT('',#10493);
#3121=VERTEX_POINT('',#10495);
#3122=VERTEX_POINT('',#10498);
#3123=VERTEX_POINT('',#10500);
#3124=VERTEX_POINT('',#10503);
#3125=VERTEX_POINT('',#10505);
#3126=VERTEX_POINT('',#10508);
#3127=VERTEX_POINT('',#10510);
#3128=VERTEX_POINT('',#10513);
#3129=VERTEX_POINT('',#10515);
#3130=VERTEX_POINT('',#10518);
#3131=VERTEX_POINT('',#10520);
#3132=VERTEX_POINT('',#10523);
#3133=VERTEX_POINT('',#10524);
#3134=VERTEX_POINT('',#10529);
#3135=VERTEX_POINT('',#10531);
#3136=VERTEX_POINT('',#10537);
#3137=VERTEX_POINT('',#10539);
#3138=VERTEX_POINT('',#10545);
#3139=VERTEX_POINT('',#10547);
#3140=VERTEX_POINT('',#10553);
#3141=VERTEX_POINT('',#10554);
#3142=VERTEX_POINT('',#10556);
#3143=VERTEX_POINT('',#10558);
#3144=VERTEX_POINT('',#10560);
#3145=VERTEX_POINT('',#10562);
#3146=VERTEX_POINT('',#10568);
#3147=VERTEX_POINT('',#10570);
#3148=VERTEX_POINT('',#10572);
#3149=VERTEX_POINT('',#10574);
#3150=VERTEX_POINT('',#10581);
#3151=VERTEX_POINT('',#10582);
#3152=VERTEX_POINT('',#10588);
#3153=VERTEX_POINT('',#10594);
#3154=VERTEX_POINT('',#10599);
#3155=VERTEX_POINT('',#10605);
#3156=VERTEX_POINT('',#10611);
#3157=VERTEX_POINT('',#10617);
#3158=VERTEX_POINT('',#10623);
#3159=VERTEX_POINT('',#10629);
#3160=VERTEX_POINT('',#10635);
#3161=VERTEX_POINT('',#10637);
#3162=VERTEX_POINT('',#10642);
#3163=VERTEX_POINT('',#10648);
#3164=VERTEX_POINT('',#10654);
#3165=VERTEX_POINT('',#10659);
#3166=VERTEX_POINT('',#10661);
#3167=VERTEX_POINT('',#10667);
#3168=VERTEX_POINT('',#10678);
#3169=VERTEX_POINT('',#10679);
#3170=VERTEX_POINT('',#10681);
#3171=VERTEX_POINT('',#10683);
#3172=VERTEX_POINT('',#10686);
#3173=VERTEX_POINT('',#10687);
#3174=VERTEX_POINT('',#10689);
#3175=VERTEX_POINT('',#10691);
#3176=VERTEX_POINT('',#10694);
#3177=VERTEX_POINT('',#10695);
#3178=VERTEX_POINT('',#10697);
#3179=VERTEX_POINT('',#10703);
#3180=VERTEX_POINT('',#10709);
#3181=VERTEX_POINT('',#10715);
#3182=VERTEX_POINT('',#10721);
#3183=VERTEX_POINT('',#10727);
#3184=VERTEX_POINT('',#10733);
#3185=VERTEX_POINT('',#10739);
#3186=VERTEX_POINT('',#10745);
#3187=VERTEX_POINT('',#10751);
#3188=VERTEX_POINT('',#10757);
#3189=VERTEX_POINT('',#10763);
#3190=VERTEX_POINT('',#10769);
#3191=VERTEX_POINT('',#10775);
#3192=VERTEX_POINT('',#10781);
#3193=VERTEX_POINT('',#10787);
#3194=VERTEX_POINT('',#10792);
#3195=VERTEX_POINT('',#10798);
#3196=VERTEX_POINT('',#10804);
#3197=VERTEX_POINT('',#10810);
#3198=VERTEX_POINT('',#10816);
#3199=VERTEX_POINT('',#10822);
#3200=VERTEX_POINT('',#10828);
#3201=VERTEX_POINT('',#10834);
#3202=VERTEX_POINT('',#10836);
#3203=VERTEX_POINT('',#10847);
#3204=VERTEX_POINT('',#10848);
#3205=VERTEX_POINT('',#10854);
#3206=VERTEX_POINT('',#10860);
#3207=VERTEX_POINT('',#10865);
#3208=VERTEX_POINT('',#10871);
#3209=VERTEX_POINT('',#10877);
#3210=VERTEX_POINT('',#10883);
#3211=VERTEX_POINT('',#10889);
#3212=VERTEX_POINT('',#10891);
#3213=VERTEX_POINT('',#10893);
#3214=VERTEX_POINT('',#10895);
#3215=VERTEX_POINT('',#10897);
#3216=VERTEX_POINT('',#10899);
#3217=VERTEX_POINT('',#10904);
#3218=VERTEX_POINT('',#10906);
#3219=VERTEX_POINT('',#10908);
#3220=VERTEX_POINT('',#10910);
#3221=VERTEX_POINT('',#10912);
#3222=VERTEX_POINT('',#10914);
#3223=VERTEX_POINT('',#10925);
#3224=VERTEX_POINT('',#10926);
#3225=VERTEX_POINT('',#10928);
#3226=VERTEX_POINT('',#10930);
#3227=VERTEX_POINT('',#10933);
#3228=VERTEX_POINT('',#10934);
#3229=VERTEX_POINT('',#10936);
#3230=VERTEX_POINT('',#10938);
#3231=VERTEX_POINT('',#10940);
#3232=VERTEX_POINT('',#10946);
#3233=VERTEX_POINT('',#10952);
#3234=VERTEX_POINT('',#10958);
#3235=VERTEX_POINT('',#10964);
#3236=VERTEX_POINT('',#10970);
#3237=VERTEX_POINT('',#10976);
#3238=VERTEX_POINT('',#10982);
#3239=VERTEX_POINT('',#10988);
#3240=VERTEX_POINT('',#10994);
#3241=VERTEX_POINT('',#10998);
#3242=VERTEX_POINT('',#11000);
#3243=VERTEX_POINT('',#11005);
#3244=VERTEX_POINT('',#11010);
#3245=VERTEX_POINT('',#11012);
#3246=VERTEX_POINT('',#11017);
#3247=VERTEX_POINT('',#11022);
#3248=VERTEX_POINT('',#11024);
#3249=VERTEX_POINT('',#11028);
#3250=VERTEX_POINT('',#11030);
#3251=VERTEX_POINT('',#11039);
#3252=VERTEX_POINT('',#11041);
#3253=VERTEX_POINT('',#11045);
#3254=VERTEX_POINT('',#11047);
#3255=VERTEX_POINT('',#11056);
#3256=VERTEX_POINT('',#11058);
#3257=VERTEX_POINT('',#11062);
#3258=VERTEX_POINT('',#11064);
#3259=VERTEX_POINT('',#11073);
#3260=VERTEX_POINT('',#11075);
#3261=VERTEX_POINT('',#11079);
#3262=VERTEX_POINT('',#11081);
#3263=VERTEX_POINT('',#11090);
#3264=VERTEX_POINT('',#11092);
#3265=VERTEX_POINT('',#11096);
#3266=VERTEX_POINT('',#11098);
#3267=VERTEX_POINT('',#11107);
#3268=VERTEX_POINT('',#11109);
#3269=VERTEX_POINT('',#11113);
#3270=VERTEX_POINT('',#11115);
#3271=VERTEX_POINT('',#11124);
#3272=VERTEX_POINT('',#11126);
#3273=VERTEX_POINT('',#11130);
#3274=VERTEX_POINT('',#11132);
#3275=VERTEX_POINT('',#11141);
#3276=VERTEX_POINT('',#11143);
#3277=VERTEX_POINT('',#11147);
#3278=VERTEX_POINT('',#11149);
#3279=VERTEX_POINT('',#11158);
#3280=VERTEX_POINT('',#11159);
#3281=VERTEX_POINT('',#11161);
#3282=VERTEX_POINT('',#11163);
#3283=VERTEX_POINT('',#11165);
#3284=VERTEX_POINT('',#11171);
#3285=VERTEX_POINT('',#11177);
#3286=VERTEX_POINT('',#11183);
#3287=VERTEX_POINT('',#11189);
#3288=VERTEX_POINT('',#11195);
#3289=VERTEX_POINT('',#11201);
#3290=VERTEX_POINT('',#11207);
#3291=VERTEX_POINT('',#11213);
#3292=VERTEX_POINT('',#11219);
#3293=VERTEX_POINT('',#11222);
#3294=VERTEX_POINT('',#11223);
#3295=VERTEX_POINT('',#11229);
#3296=VERTEX_POINT('',#11235);
#3297=VERTEX_POINT('',#11241);
#3298=VERTEX_POINT('',#11247);
#3299=VERTEX_POINT('',#11253);
#3300=VERTEX_POINT('',#11259);
#3301=VERTEX_POINT('',#11290);
#3302=VERTEX_POINT('',#11291);
#3303=VERTEX_POINT('',#11319);
#3304=VERTEX_POINT('',#11346);
#3305=VERTEX_POINT('',#11373);
#3306=VERTEX_POINT('',#11400);
#3307=VERTEX_POINT('',#11427);
#3308=VERTEX_POINT('',#11454);
#3309=VERTEX_POINT('',#11688);
#3310=VERTEX_POINT('',#11689);
#3311=VERTEX_POINT('',#11691);
#3312=VERTEX_POINT('',#11693);
#3313=VERTEX_POINT('',#11705);
#3314=VERTEX_POINT('',#11706);
#3315=VERTEX_POINT('',#11712);
#3316=VERTEX_POINT('',#11718);
#3317=VERTEX_POINT('',#11724);
#3318=VERTEX_POINT('',#11726);
#3319=VERTEX_POINT('',#11728);
#3320=VERTEX_POINT('',#11730);
#3321=VERTEX_POINT('',#11732);
#3322=VERTEX_POINT('',#11734);
#3323=VERTEX_POINT('',#11739);
#3324=VERTEX_POINT('',#11741);
#3325=VERTEX_POINT('',#11743);
#3326=VERTEX_POINT('',#11745);
#3327=VERTEX_POINT('',#11747);
#3328=VERTEX_POINT('',#11749);
#3329=VERTEX_POINT('',#11755);
#3330=VERTEX_POINT('',#11761);
#3331=VERTEX_POINT('',#11767);
#3332=VERTEX_POINT('',#11773);
#3333=VERTEX_POINT('',#12006);
#3334=VERTEX_POINT('',#12007);
#3335=VERTEX_POINT('',#12009);
#3336=VERTEX_POINT('',#12015);
#3337=VERTEX_POINT('',#12021);
#3338=VERTEX_POINT('',#12023);
#3339=VERTEX_POINT('',#12029);
#3340=VERTEX_POINT('',#12035);
#3341=VERTEX_POINT('',#12041);
#3342=VERTEX_POINT('',#12047);
#3343=VERTEX_POINT('',#12053);
#3344=VERTEX_POINT('',#12059);
#3345=VERTEX_POINT('',#12065);
#3346=VERTEX_POINT('',#12070);
#3347=VERTEX_POINT('',#12076);
#3348=VERTEX_POINT('',#12082);
#3349=VERTEX_POINT('',#12088);
#3350=VERTEX_POINT('',#12094);
#3351=VERTEX_POINT('',#12100);
#3352=VERTEX_POINT('',#12106);
#3353=VERTEX_POINT('',#12112);
#3354=VERTEX_POINT('',#12118);
#3355=VERTEX_POINT('',#12124);
#3356=VERTEX_POINT('',#12130);
#3357=VERTEX_POINT('',#12136);
#3358=VERTEX_POINT('',#12142);
#3359=VERTEX_POINT('',#12148);
#3360=VERTEX_POINT('',#12159);
#3361=VERTEX_POINT('',#12160);
#3362=VERTEX_POINT('',#12166);
#3363=VERTEX_POINT('',#12172);
#3364=VERTEX_POINT('',#12178);
#3365=VERTEX_POINT('',#12184);
#3366=VERTEX_POINT('',#12190);
#3367=VERTEX_POINT('',#12196);
#3368=VERTEX_POINT('',#12202);
#3369=VERTEX_POINT('',#12208);
#3370=VERTEX_POINT('',#12760);
#3371=VERTEX_POINT('',#12761);
#3372=VERTEX_POINT('',#12789);
#3373=VERTEX_POINT('',#12816);
#3374=VERTEX_POINT('',#12843);
#3375=VERTEX_POINT('',#12870);
#3376=VERTEX_POINT('',#12897);
#3377=VERTEX_POINT('',#12924);
#3378=VERTEX_POINT('',#12951);
#3379=VERTEX_POINT('',#12978);
#3380=VERTEX_POINT('',#12989);
#3381=VERTEX_POINT('',#12990);
#3382=VERTEX_POINT('',#12995);
#3383=VERTEX_POINT('',#12997);
#3384=VERTEX_POINT('',#13002);
#3385=VERTEX_POINT('',#13004);
#3386=VERTEX_POINT('',#13010);
#3387=VERTEX_POINT('',#13012);
#3388=VERTEX_POINT('',#13019);
#3389=VERTEX_POINT('',#13020);
#3390=VERTEX_POINT('',#13026);
#3391=VERTEX_POINT('',#13032);
#3392=VERTEX_POINT('',#13037);
#3393=VERTEX_POINT('',#13063);
#3394=VERTEX_POINT('',#13064);
#3395=VERTEX_POINT('',#13092);
#3396=VERTEX_POINT('',#13115);
#3397=VERTEX_POINT('',#13122);
#3398=VERTEX_POINT('',#13231);
#3399=VERTEX_POINT('',#13232);
#3400=VERTEX_POINT('',#13234);
#3401=VERTEX_POINT('',#13240);
#3402=VERTEX_POINT('',#13242);
#3403=VERTEX_POINT('',#13244);
#3404=VERTEX_POINT('',#13246);
#3405=VERTEX_POINT('',#13248);
#3406=VERTEX_POINT('',#13254);
#3407=VERTEX_POINT('',#13256);
#3408=VERTEX_POINT('',#13318);
#3409=VERTEX_POINT('',#13319);
#3410=VERTEX_POINT('',#13325);
#3411=VERTEX_POINT('',#13331);
#3412=VERTEX_POINT('',#13337);
#3413=VERTEX_POINT('',#13343);
#3414=VERTEX_POINT('',#13345);
#3415=VERTEX_POINT('',#13350);
#3416=VERTEX_POINT('',#13356);
#3417=VERTEX_POINT('',#13362);
#3418=VERTEX_POINT('',#13367);
#3419=VERTEX_POINT('',#13369);
#3420=VERTEX_POINT('',#13375);
#3421=VERTEX_POINT('',#13381);
#3422=VERTEX_POINT('',#13387);
#3423=VERTEX_POINT('',#13393);
#3424=VERTEX_POINT('',#13399);
#3425=VERTEX_POINT('',#13405);
#3426=VERTEX_POINT('',#13744);
#3427=VERTEX_POINT('',#13745);
#3428=VERTEX_POINT('',#13747);
#3429=VERTEX_POINT('',#13749);
#3430=VERTEX_POINT('',#13761);
#3431=VERTEX_POINT('',#13762);
#3432=VERTEX_POINT('',#13764);
#3433=VERTEX_POINT('',#13766);
#3434=VERTEX_POINT('',#13778);
#3435=VERTEX_POINT('',#13780);
#3436=EDGE_CURVE('',#2748,#2748,#2430,.T.);
#3437=EDGE_CURVE('',#2748,#2749,#1350,.T.);
#3438=EDGE_CURVE('',#2749,#2749,#2431,.T.);
#3439=EDGE_CURVE('',#2750,#2751,#1351,.T.);
#3440=EDGE_CURVE('',#2752,#2750,#1352,.T.);
#3441=EDGE_CURVE('',#2753,#2752,#1353,.T.);
#3442=EDGE_CURVE('',#2751,#2753,#1354,.T.);
#3443=EDGE_CURVE('',#2754,#2755,#1355,.T.);
#3444=EDGE_CURVE('',#2756,#2754,#1356,.T.);
#3445=EDGE_CURVE('',#2757,#2756,#1357,.T.);
#3446=EDGE_CURVE('',#2755,#2757,#1358,.T.);
#3447=EDGE_CURVE('',#2751,#2754,#2432,.T.);
#3448=EDGE_CURVE('',#2758,#2755,#2433,.T.);
#3449=EDGE_CURVE('',#2750,#2758,#2434,.T.);
#3450=EDGE_CURVE('',#2756,#2753,#2435,.T.);
#3451=EDGE_CURVE('',#2759,#2752,#2436,.T.);
#3452=EDGE_CURVE('',#2757,#2759,#2437,.T.);
#3453=EDGE_CURVE('',#2760,#2760,#2438,.T.);
#3454=EDGE_CURVE('',#2760,#2761,#1359,.T.);
#3455=EDGE_CURVE('',#2761,#2761,#2439,.T.);
#3456=EDGE_CURVE('',#2762,#2762,#2440,.T.);
#3457=EDGE_CURVE('',#2763,#2763,#2441,.T.);
#3458=EDGE_CURVE('',#2764,#2764,#2442,.T.);
#3459=EDGE_CURVE('',#2764,#2763,#1360,.T.);
#3460=EDGE_CURVE('',#2765,#2766,#1361,.T.);
#3461=EDGE_CURVE('',#2767,#2765,#1362,.T.);
#3462=EDGE_CURVE('',#2768,#2767,#1363,.T.);
#3463=EDGE_CURVE('',#2766,#2768,#1364,.T.);
#3464=EDGE_CURVE('',#2769,#2770,#1365,.T.);
#3465=EDGE_CURVE('',#2771,#2769,#1366,.T.);
#3466=EDGE_CURVE('',#2772,#2771,#1367,.T.);
#3467=EDGE_CURVE('',#2770,#2772,#1368,.T.);
#3468=EDGE_CURVE('',#2766,#2769,#2443,.T.);
#3469=EDGE_CURVE('',#2773,#2770,#2444,.T.);
#3470=EDGE_CURVE('',#2765,#2773,#2445,.T.);
#3471=EDGE_CURVE('',#2771,#2768,#2446,.T.);
#3472=EDGE_CURVE('',#2774,#2767,#2447,.T.);
#3473=EDGE_CURVE('',#2772,#2774,#2448,.T.);
#3474=EDGE_CURVE('',#2775,#2776,#1369,.T.);
#3475=EDGE_CURVE('',#2777,#2775,#1370,.T.);
#3476=EDGE_CURVE('',#2778,#2777,#1371,.T.);
#3477=EDGE_CURVE('',#2776,#2778,#1372,.T.);
#3478=EDGE_CURVE('',#2779,#2780,#1373,.T.);
#3479=EDGE_CURVE('',#2781,#2779,#1374,.T.);
#3480=EDGE_CURVE('',#2782,#2781,#1375,.T.);
#3481=EDGE_CURVE('',#2780,#2782,#1376,.T.);
#3482=EDGE_CURVE('',#2776,#2779,#2449,.T.);
#3483=EDGE_CURVE('',#2783,#2780,#2450,.T.);
#3484=EDGE_CURVE('',#2775,#2783,#2451,.T.);
#3485=EDGE_CURVE('',#2781,#2778,#2452,.T.);
#3486=EDGE_CURVE('',#2784,#2777,#2453,.T.);
#3487=EDGE_CURVE('',#2782,#2784,#2454,.T.);
#3488=EDGE_CURVE('',#2785,#2786,#1377,.T.);
#3489=EDGE_CURVE('',#2787,#2785,#1378,.T.);
#3490=EDGE_CURVE('',#2788,#2787,#1379,.T.);
#3491=EDGE_CURVE('',#2786,#2788,#1380,.T.);
#3492=EDGE_CURVE('',#2789,#2790,#1381,.T.);
#3493=EDGE_CURVE('',#2791,#2789,#1382,.T.);
#3494=EDGE_CURVE('',#2792,#2791,#1383,.T.);
#3495=EDGE_CURVE('',#2790,#2792,#1384,.T.);
#3496=EDGE_CURVE('',#2786,#2789,#2455,.T.);
#3497=EDGE_CURVE('',#2793,#2790,#2456,.T.);
#3498=EDGE_CURVE('',#2785,#2793,#2457,.T.);
#3499=EDGE_CURVE('',#2791,#2788,#2458,.T.);
#3500=EDGE_CURVE('',#2794,#2787,#2459,.T.);
#3501=EDGE_CURVE('',#2792,#2794,#2460,.T.);
#3502=EDGE_CURVE('',#2795,#2795,#2461,.T.);
#3503=EDGE_CURVE('',#2795,#2796,#1385,.T.);
#3504=EDGE_CURVE('',#2796,#2796,#2462,.T.);
#3505=EDGE_CURVE('',#2797,#2797,#2463,.T.);
#3506=EDGE_CURVE('',#2798,#2798,#2464,.T.);
#3507=EDGE_CURVE('',#2799,#2799,#2465,.T.);
#3508=EDGE_CURVE('',#2799,#2798,#1386,.T.);
#3509=EDGE_CURVE('',#2800,#2800,#2466,.T.);
#3510=EDGE_CURVE('',#2800,#2801,#1387,.T.);
#3511=EDGE_CURVE('',#2801,#2801,#2467,.T.);
#3512=EDGE_CURVE('',#2802,#2802,#2468,.T.);
#3513=EDGE_CURVE('',#2797,#2802,#1388,.T.);
#3514=EDGE_CURVE('',#2803,#2804,#1389,.T.);
#3515=EDGE_CURVE('',#2805,#2803,#1390,.T.);
#3516=EDGE_CURVE('',#2806,#2805,#1391,.T.);
#3517=EDGE_CURVE('',#2804,#2806,#1392,.T.);
#3518=EDGE_CURVE('',#2807,#2808,#1393,.T.);
#3519=EDGE_CURVE('',#2809,#2807,#1394,.T.);
#3520=EDGE_CURVE('',#2810,#2809,#1395,.T.);
#3521=EDGE_CURVE('',#2808,#2810,#1396,.T.);
#3522=EDGE_CURVE('',#2804,#2807,#2469,.T.);
#3523=EDGE_CURVE('',#2811,#2808,#2470,.T.);
#3524=EDGE_CURVE('',#2803,#2811,#2471,.T.);
#3525=EDGE_CURVE('',#2809,#2806,#2472,.T.);
#3526=EDGE_CURVE('',#2812,#2805,#2473,.T.);
#3527=EDGE_CURVE('',#2810,#2812,#2474,.T.);
#3528=EDGE_CURVE('',#2813,#2814,#1397,.T.);
#3529=EDGE_CURVE('',#2815,#2813,#1398,.T.);
#3530=EDGE_CURVE('',#2816,#2815,#1399,.T.);
#3531=EDGE_CURVE('',#2814,#2816,#1400,.T.);
#3532=EDGE_CURVE('',#2817,#2818,#1401,.T.);
#3533=EDGE_CURVE('',#2819,#2817,#1402,.T.);
#3534=EDGE_CURVE('',#2820,#2819,#1403,.T.);
#3535=EDGE_CURVE('',#2818,#2820,#1404,.T.);
#3536=EDGE_CURVE('',#2814,#2817,#2475,.T.);
#3537=EDGE_CURVE('',#2821,#2818,#2476,.T.);
#3538=EDGE_CURVE('',#2813,#2821,#2477,.T.);
#3539=EDGE_CURVE('',#2819,#2816,#2478,.T.);
#3540=EDGE_CURVE('',#2822,#2815,#2479,.T.);
#3541=EDGE_CURVE('',#2820,#2822,#2480,.T.);
#3542=EDGE_CURVE('',#2823,#2824,#1405,.T.);
#3543=EDGE_CURVE('',#2825,#2823,#1406,.T.);
#3544=EDGE_CURVE('',#2826,#2825,#1407,.T.);
#3545=EDGE_CURVE('',#2824,#2826,#1408,.T.);
#3546=EDGE_CURVE('',#2827,#2828,#1409,.T.);
#3547=EDGE_CURVE('',#2829,#2827,#1410,.T.);
#3548=EDGE_CURVE('',#2830,#2829,#1411,.T.);
#3549=EDGE_CURVE('',#2828,#2830,#1412,.T.);
#3550=EDGE_CURVE('',#2824,#2827,#2481,.T.);
#3551=EDGE_CURVE('',#2831,#2828,#2482,.T.);
#3552=EDGE_CURVE('',#2823,#2831,#2483,.T.);
#3553=EDGE_CURVE('',#2829,#2826,#2484,.T.);
#3554=EDGE_CURVE('',#2832,#2825,#2485,.T.);
#3555=EDGE_CURVE('',#2830,#2832,#2486,.T.);
#3556=EDGE_CURVE('',#2833,#2834,#1413,.T.);
#3557=EDGE_CURVE('',#2835,#2833,#1414,.T.);
#3558=EDGE_CURVE('',#2836,#2835,#1415,.T.);
#3559=EDGE_CURVE('',#2834,#2836,#1416,.T.);
#3560=EDGE_CURVE('',#2837,#2838,#1417,.T.);
#3561=EDGE_CURVE('',#2839,#2837,#1418,.T.);
#3562=EDGE_CURVE('',#2840,#2839,#1419,.T.);
#3563=EDGE_CURVE('',#2838,#2840,#1420,.T.);
#3564=EDGE_CURVE('',#2834,#2837,#2487,.T.);
#3565=EDGE_CURVE('',#2841,#2838,#2488,.T.);
#3566=EDGE_CURVE('',#2833,#2841,#2489,.T.);
#3567=EDGE_CURVE('',#2839,#2836,#2490,.T.);
#3568=EDGE_CURVE('',#2842,#2835,#2491,.T.);
#3569=EDGE_CURVE('',#2840,#2842,#2492,.T.);
#3570=EDGE_CURVE('',#2843,#2844,#1421,.T.);
#3571=EDGE_CURVE('',#2845,#2843,#1422,.T.);
#3572=EDGE_CURVE('',#2846,#2845,#1423,.T.);
#3573=EDGE_CURVE('',#2844,#2846,#1424,.T.);
#3574=EDGE_CURVE('',#2847,#2848,#1425,.T.);
#3575=EDGE_CURVE('',#2849,#2847,#1426,.T.);
#3576=EDGE_CURVE('',#2850,#2849,#1427,.T.);
#3577=EDGE_CURVE('',#2848,#2850,#1428,.T.);
#3578=EDGE_CURVE('',#2844,#2847,#2493,.T.);
#3579=EDGE_CURVE('',#2851,#2848,#2494,.T.);
#3580=EDGE_CURVE('',#2843,#2851,#2495,.T.);
#3581=EDGE_CURVE('',#2849,#2846,#2496,.T.);
#3582=EDGE_CURVE('',#2852,#2845,#2497,.T.);
#3583=EDGE_CURVE('',#2850,#2852,#2498,.T.);
#3584=EDGE_CURVE('',#2853,#2854,#1429,.T.);
#3585=EDGE_CURVE('',#2855,#2853,#1430,.T.);
#3586=EDGE_CURVE('',#2856,#2855,#1431,.T.);
#3587=EDGE_CURVE('',#2854,#2856,#1432,.T.);
#3588=EDGE_CURVE('',#2857,#2858,#1433,.T.);
#3589=EDGE_CURVE('',#2859,#2857,#1434,.T.);
#3590=EDGE_CURVE('',#2860,#2859,#1435,.T.);
#3591=EDGE_CURVE('',#2858,#2860,#1436,.T.);
#3592=EDGE_CURVE('',#2854,#2857,#2499,.T.);
#3593=EDGE_CURVE('',#2861,#2858,#2500,.T.);
#3594=EDGE_CURVE('',#2853,#2861,#2501,.T.);
#3595=EDGE_CURVE('',#2859,#2856,#2502,.T.);
#3596=EDGE_CURVE('',#2862,#2855,#2503,.T.);
#3597=EDGE_CURVE('',#2860,#2862,#2504,.T.);
#3598=EDGE_CURVE('',#2863,#2864,#1437,.T.);
#3599=EDGE_CURVE('',#2865,#2863,#1438,.T.);
#3600=EDGE_CURVE('',#2866,#2865,#1439,.T.);
#3601=EDGE_CURVE('',#2864,#2866,#1440,.T.);
#3602=EDGE_CURVE('',#2867,#2868,#1441,.T.);
#3603=EDGE_CURVE('',#2869,#2867,#1442,.T.);
#3604=EDGE_CURVE('',#2870,#2869,#1443,.T.);
#3605=EDGE_CURVE('',#2868,#2870,#1444,.T.);
#3606=EDGE_CURVE('',#2864,#2867,#2505,.T.);
#3607=EDGE_CURVE('',#2871,#2868,#2506,.T.);
#3608=EDGE_CURVE('',#2863,#2871,#2507,.T.);
#3609=EDGE_CURVE('',#2869,#2866,#2508,.T.);
#3610=EDGE_CURVE('',#2872,#2865,#2509,.T.);
#3611=EDGE_CURVE('',#2870,#2872,#2510,.T.);
#3612=EDGE_CURVE('',#2873,#2874,#1445,.T.);
#3613=EDGE_CURVE('',#2875,#2873,#1446,.T.);
#3614=EDGE_CURVE('',#2876,#2875,#1447,.T.);
#3615=EDGE_CURVE('',#2874,#2876,#1448,.T.);
#3616=EDGE_CURVE('',#2877,#2878,#1449,.T.);
#3617=EDGE_CURVE('',#2879,#2877,#1450,.T.);
#3618=EDGE_CURVE('',#2880,#2879,#1451,.T.);
#3619=EDGE_CURVE('',#2878,#2880,#1452,.T.);
#3620=EDGE_CURVE('',#2874,#2877,#2511,.T.);
#3621=EDGE_CURVE('',#2881,#2878,#2512,.T.);
#3622=EDGE_CURVE('',#2873,#2881,#2513,.T.);
#3623=EDGE_CURVE('',#2879,#2876,#2514,.T.);
#3624=EDGE_CURVE('',#2882,#2875,#2515,.T.);
#3625=EDGE_CURVE('',#2880,#2882,#2516,.T.);
#3626=EDGE_CURVE('',#2883,#2884,#1453,.T.);
#3627=EDGE_CURVE('',#2885,#2883,#1454,.T.);
#3628=EDGE_CURVE('',#2886,#2885,#1455,.T.);
#3629=EDGE_CURVE('',#2884,#2886,#1456,.T.);
#3630=EDGE_CURVE('',#2887,#2888,#1457,.T.);
#3631=EDGE_CURVE('',#2889,#2887,#1458,.T.);
#3632=EDGE_CURVE('',#2890,#2889,#1459,.T.);
#3633=EDGE_CURVE('',#2888,#2890,#1460,.T.);
#3634=EDGE_CURVE('',#2884,#2887,#2517,.T.);
#3635=EDGE_CURVE('',#2891,#2888,#2518,.T.);
#3636=EDGE_CURVE('',#2883,#2891,#2519,.T.);
#3637=EDGE_CURVE('',#2889,#2886,#2520,.T.);
#3638=EDGE_CURVE('',#2892,#2885,#2521,.T.);
#3639=EDGE_CURVE('',#2890,#2892,#2522,.T.);
#3640=EDGE_CURVE('',#2893,#2894,#1461,.T.);
#3641=EDGE_CURVE('',#2895,#2893,#1462,.T.);
#3642=EDGE_CURVE('',#2896,#2895,#1463,.T.);
#3643=EDGE_CURVE('',#2894,#2896,#1464,.T.);
#3644=EDGE_CURVE('',#2897,#2898,#1465,.T.);
#3645=EDGE_CURVE('',#2899,#2897,#1466,.T.);
#3646=EDGE_CURVE('',#2900,#2899,#1467,.T.);
#3647=EDGE_CURVE('',#2898,#2900,#1468,.T.);
#3648=EDGE_CURVE('',#2894,#2897,#2523,.T.);
#3649=EDGE_CURVE('',#2901,#2898,#2524,.T.);
#3650=EDGE_CURVE('',#2893,#2901,#2525,.T.);
#3651=EDGE_CURVE('',#2899,#2896,#2526,.T.);
#3652=EDGE_CURVE('',#2902,#2895,#2527,.T.);
#3653=EDGE_CURVE('',#2900,#2902,#2528,.T.);
#3654=EDGE_CURVE('',#2903,#2904,#1469,.T.);
#3655=EDGE_CURVE('',#2905,#2903,#1470,.T.);
#3656=EDGE_CURVE('',#2906,#2905,#1471,.T.);
#3657=EDGE_CURVE('',#2904,#2906,#1472,.T.);
#3658=EDGE_CURVE('',#2907,#2908,#1473,.T.);
#3659=EDGE_CURVE('',#2909,#2907,#1474,.T.);
#3660=EDGE_CURVE('',#2910,#2909,#1475,.T.);
#3661=EDGE_CURVE('',#2908,#2910,#1476,.T.);
#3662=EDGE_CURVE('',#2904,#2907,#2529,.T.);
#3663=EDGE_CURVE('',#2911,#2908,#2530,.T.);
#3664=EDGE_CURVE('',#2903,#2911,#2531,.T.);
#3665=EDGE_CURVE('',#2909,#2906,#2532,.T.);
#3666=EDGE_CURVE('',#2912,#2905,#2533,.T.);
#3667=EDGE_CURVE('',#2910,#2912,#2534,.T.);
#3668=EDGE_CURVE('',#2913,#2914,#1477,.T.);
#3669=EDGE_CURVE('',#2915,#2913,#1478,.T.);
#3670=EDGE_CURVE('',#2916,#2915,#1479,.T.);
#3671=EDGE_CURVE('',#2914,#2916,#1480,.T.);
#3672=EDGE_CURVE('',#2917,#2918,#1481,.T.);
#3673=EDGE_CURVE('',#2919,#2917,#1482,.T.);
#3674=EDGE_CURVE('',#2920,#2919,#1483,.T.);
#3675=EDGE_CURVE('',#2918,#2920,#1484,.T.);
#3676=EDGE_CURVE('',#2914,#2917,#2535,.T.);
#3677=EDGE_CURVE('',#2921,#2918,#2536,.T.);
#3678=EDGE_CURVE('',#2913,#2921,#2537,.T.);
#3679=EDGE_CURVE('',#2919,#2916,#2538,.T.);
#3680=EDGE_CURVE('',#2922,#2915,#2539,.T.);
#3681=EDGE_CURVE('',#2920,#2922,#2540,.T.);
#3682=EDGE_CURVE('',#2923,#2924,#1485,.T.);
#3683=EDGE_CURVE('',#2925,#2923,#1486,.T.);
#3684=EDGE_CURVE('',#2926,#2925,#1487,.T.);
#3685=EDGE_CURVE('',#2924,#2926,#1488,.T.);
#3686=EDGE_CURVE('',#2927,#2928,#1489,.T.);
#3687=EDGE_CURVE('',#2929,#2927,#1490,.T.);
#3688=EDGE_CURVE('',#2930,#2929,#1491,.T.);
#3689=EDGE_CURVE('',#2928,#2930,#1492,.T.);
#3690=EDGE_CURVE('',#2924,#2927,#2541,.T.);
#3691=EDGE_CURVE('',#2931,#2928,#2542,.T.);
#3692=EDGE_CURVE('',#2923,#2931,#2543,.T.);
#3693=EDGE_CURVE('',#2929,#2926,#2544,.T.);
#3694=EDGE_CURVE('',#2932,#2925,#2545,.T.);
#3695=EDGE_CURVE('',#2930,#2932,#2546,.T.);
#3696=EDGE_CURVE('',#2933,#2934,#1493,.T.);
#3697=EDGE_CURVE('',#2935,#2933,#1494,.T.);
#3698=EDGE_CURVE('',#2936,#2935,#1495,.T.);
#3699=EDGE_CURVE('',#2934,#2936,#1496,.T.);
#3700=EDGE_CURVE('',#2937,#2938,#1497,.T.);
#3701=EDGE_CURVE('',#2939,#2937,#1498,.T.);
#3702=EDGE_CURVE('',#2940,#2939,#1499,.T.);
#3703=EDGE_CURVE('',#2938,#2940,#1500,.T.);
#3704=EDGE_CURVE('',#2934,#2937,#2547,.T.);
#3705=EDGE_CURVE('',#2941,#2938,#2548,.T.);
#3706=EDGE_CURVE('',#2933,#2941,#2549,.T.);
#3707=EDGE_CURVE('',#2939,#2936,#2550,.T.);
#3708=EDGE_CURVE('',#2942,#2935,#2551,.T.);
#3709=EDGE_CURVE('',#2940,#2942,#2552,.T.);
#3710=EDGE_CURVE('',#2943,#2944,#1501,.T.);
#3711=EDGE_CURVE('',#2945,#2943,#1502,.T.);
#3712=EDGE_CURVE('',#2946,#2945,#1503,.T.);
#3713=EDGE_CURVE('',#2944,#2946,#1504,.T.);
#3714=EDGE_CURVE('',#2947,#2948,#1505,.T.);
#3715=EDGE_CURVE('',#2949,#2947,#1506,.T.);
#3716=EDGE_CURVE('',#2950,#2949,#1507,.T.);
#3717=EDGE_CURVE('',#2948,#2950,#1508,.T.);
#3718=EDGE_CURVE('',#2944,#2947,#2553,.T.);
#3719=EDGE_CURVE('',#2951,#2948,#2554,.T.);
#3720=EDGE_CURVE('',#2943,#2951,#2555,.T.);
#3721=EDGE_CURVE('',#2949,#2946,#2556,.T.);
#3722=EDGE_CURVE('',#2952,#2945,#2557,.T.);
#3723=EDGE_CURVE('',#2950,#2952,#2558,.T.);
#3724=EDGE_CURVE('',#2953,#2954,#1509,.T.);
#3725=EDGE_CURVE('',#2955,#2953,#1510,.T.);
#3726=EDGE_CURVE('',#2956,#2955,#1511,.T.);
#3727=EDGE_CURVE('',#2954,#2956,#1512,.T.);
#3728=EDGE_CURVE('',#2957,#2958,#1513,.T.);
#3729=EDGE_CURVE('',#2959,#2957,#1514,.T.);
#3730=EDGE_CURVE('',#2960,#2959,#1515,.T.);
#3731=EDGE_CURVE('',#2958,#2960,#1516,.T.);
#3732=EDGE_CURVE('',#2954,#2957,#2559,.T.);
#3733=EDGE_CURVE('',#2961,#2958,#2560,.T.);
#3734=EDGE_CURVE('',#2953,#2961,#2561,.T.);
#3735=EDGE_CURVE('',#2959,#2956,#2562,.T.);
#3736=EDGE_CURVE('',#2962,#2955,#2563,.T.);
#3737=EDGE_CURVE('',#2960,#2962,#2564,.T.);
#3738=EDGE_CURVE('',#2963,#2964,#1517,.T.);
#3739=EDGE_CURVE('',#2965,#2963,#1518,.T.);
#3740=EDGE_CURVE('',#2966,#2965,#1519,.T.);
#3741=EDGE_CURVE('',#2964,#2966,#1520,.T.);
#3742=EDGE_CURVE('',#2967,#2968,#1521,.T.);
#3743=EDGE_CURVE('',#2969,#2967,#1522,.T.);
#3744=EDGE_CURVE('',#2970,#2969,#1523,.T.);
#3745=EDGE_CURVE('',#2968,#2970,#1524,.T.);
#3746=EDGE_CURVE('',#2964,#2967,#2565,.T.);
#3747=EDGE_CURVE('',#2971,#2968,#2566,.T.);
#3748=EDGE_CURVE('',#2963,#2971,#2567,.T.);
#3749=EDGE_CURVE('',#2969,#2966,#2568,.T.);
#3750=EDGE_CURVE('',#2972,#2965,#2569,.T.);
#3751=EDGE_CURVE('',#2970,#2972,#2570,.T.);
#3752=EDGE_CURVE('',#2973,#2974,#1525,.T.);
#3753=EDGE_CURVE('',#2975,#2973,#1526,.T.);
#3754=EDGE_CURVE('',#2976,#2975,#1527,.T.);
#3755=EDGE_CURVE('',#2974,#2976,#1528,.T.);
#3756=EDGE_CURVE('',#2977,#2978,#1529,.T.);
#3757=EDGE_CURVE('',#2979,#2977,#1530,.T.);
#3758=EDGE_CURVE('',#2980,#2979,#1531,.T.);
#3759=EDGE_CURVE('',#2978,#2980,#1532,.T.);
#3760=EDGE_CURVE('',#2974,#2977,#2571,.T.);
#3761=EDGE_CURVE('',#2981,#2978,#2572,.T.);
#3762=EDGE_CURVE('',#2973,#2981,#2573,.T.);
#3763=EDGE_CURVE('',#2979,#2976,#2574,.T.);
#3764=EDGE_CURVE('',#2982,#2975,#2575,.T.);
#3765=EDGE_CURVE('',#2980,#2982,#2576,.T.);
#3766=EDGE_CURVE('',#2983,#2984,#1533,.T.);
#3767=EDGE_CURVE('',#2985,#2983,#1534,.T.);
#3768=EDGE_CURVE('',#2986,#2985,#1535,.T.);
#3769=EDGE_CURVE('',#2984,#2986,#1536,.T.);
#3770=EDGE_CURVE('',#2987,#2988,#1537,.T.);
#3771=EDGE_CURVE('',#2989,#2987,#1538,.T.);
#3772=EDGE_CURVE('',#2990,#2989,#1539,.T.);
#3773=EDGE_CURVE('',#2988,#2990,#1540,.T.);
#3774=EDGE_CURVE('',#2984,#2987,#2577,.T.);
#3775=EDGE_CURVE('',#2991,#2988,#2578,.T.);
#3776=EDGE_CURVE('',#2983,#2991,#2579,.T.);
#3777=EDGE_CURVE('',#2989,#2986,#2580,.T.);
#3778=EDGE_CURVE('',#2992,#2985,#2581,.T.);
#3779=EDGE_CURVE('',#2990,#2992,#2582,.T.);
#3780=EDGE_CURVE('',#2993,#2994,#1541,.T.);
#3781=EDGE_CURVE('',#2995,#2993,#1542,.T.);
#3782=EDGE_CURVE('',#2996,#2995,#1543,.T.);
#3783=EDGE_CURVE('',#2994,#2996,#1544,.T.);
#3784=EDGE_CURVE('',#2997,#2998,#1545,.T.);
#3785=EDGE_CURVE('',#2999,#2997,#1546,.T.);
#3786=EDGE_CURVE('',#3000,#2999,#1547,.T.);
#3787=EDGE_CURVE('',#2998,#3000,#1548,.T.);
#3788=EDGE_CURVE('',#2994,#2997,#2583,.T.);
#3789=EDGE_CURVE('',#3001,#2998,#2584,.T.);
#3790=EDGE_CURVE('',#2993,#3001,#2585,.T.);
#3791=EDGE_CURVE('',#2999,#2996,#2586,.T.);
#3792=EDGE_CURVE('',#3002,#2995,#2587,.T.);
#3793=EDGE_CURVE('',#3000,#3002,#2588,.T.);
#3794=EDGE_CURVE('',#3003,#3004,#1549,.T.);
#3795=EDGE_CURVE('',#3005,#3003,#1550,.T.);
#3796=EDGE_CURVE('',#3006,#3005,#1551,.T.);
#3797=EDGE_CURVE('',#3004,#3006,#1552,.T.);
#3798=EDGE_CURVE('',#3007,#3008,#1553,.T.);
#3799=EDGE_CURVE('',#3009,#3007,#1554,.T.);
#3800=EDGE_CURVE('',#3010,#3009,#1555,.T.);
#3801=EDGE_CURVE('',#3008,#3010,#1556,.T.);
#3802=EDGE_CURVE('',#3004,#3007,#2589,.T.);
#3803=EDGE_CURVE('',#3011,#3008,#2590,.T.);
#3804=EDGE_CURVE('',#3003,#3011,#2591,.T.);
#3805=EDGE_CURVE('',#3009,#3006,#2592,.T.);
#3806=EDGE_CURVE('',#3012,#3005,#2593,.T.);
#3807=EDGE_CURVE('',#3010,#3012,#2594,.T.);
#3808=EDGE_CURVE('',#3013,#3014,#1557,.T.);
#3809=EDGE_CURVE('',#3015,#3013,#1558,.T.);
#3810=EDGE_CURVE('',#3016,#3015,#1559,.T.);
#3811=EDGE_CURVE('',#3014,#3016,#1560,.T.);
#3812=EDGE_CURVE('',#3017,#3018,#1561,.T.);
#3813=EDGE_CURVE('',#3019,#3017,#1562,.T.);
#3814=EDGE_CURVE('',#3020,#3019,#1563,.T.);
#3815=EDGE_CURVE('',#3018,#3020,#1564,.T.);
#3816=EDGE_CURVE('',#3014,#3017,#2595,.T.);
#3817=EDGE_CURVE('',#3021,#3018,#2596,.T.);
#3818=EDGE_CURVE('',#3013,#3021,#2597,.T.);
#3819=EDGE_CURVE('',#3019,#3016,#2598,.T.);
#3820=EDGE_CURVE('',#3022,#3015,#2599,.T.);
#3821=EDGE_CURVE('',#3020,#3022,#2600,.T.);
#3822=EDGE_CURVE('',#3023,#3024,#1565,.T.);
#3823=EDGE_CURVE('',#3025,#3023,#1566,.T.);
#3824=EDGE_CURVE('',#3026,#3025,#1567,.T.);
#3825=EDGE_CURVE('',#3024,#3026,#1568,.T.);
#3826=EDGE_CURVE('',#3027,#3028,#1569,.T.);
#3827=EDGE_CURVE('',#3029,#3027,#1570,.T.);
#3828=EDGE_CURVE('',#3030,#3029,#1571,.T.);
#3829=EDGE_CURVE('',#3028,#3030,#1572,.T.);
#3830=EDGE_CURVE('',#3024,#3027,#2601,.T.);
#3831=EDGE_CURVE('',#3031,#3028,#2602,.T.);
#3832=EDGE_CURVE('',#3023,#3031,#2603,.T.);
#3833=EDGE_CURVE('',#3029,#3026,#2604,.T.);
#3834=EDGE_CURVE('',#3032,#3025,#2605,.T.);
#3835=EDGE_CURVE('',#3030,#3032,#2606,.T.);
#3836=EDGE_CURVE('',#3033,#3034,#1573,.T.);
#3837=EDGE_CURVE('',#3035,#3033,#1574,.T.);
#3838=EDGE_CURVE('',#3036,#3035,#1575,.T.);
#3839=EDGE_CURVE('',#3034,#3036,#1576,.T.);
#3840=EDGE_CURVE('',#3037,#3038,#1577,.T.);
#3841=EDGE_CURVE('',#3039,#3037,#1578,.T.);
#3842=EDGE_CURVE('',#3040,#3039,#1579,.T.);
#3843=EDGE_CURVE('',#3038,#3040,#1580,.T.);
#3844=EDGE_CURVE('',#3034,#3037,#2607,.T.);
#3845=EDGE_CURVE('',#3041,#3038,#2608,.T.);
#3846=EDGE_CURVE('',#3033,#3041,#2609,.T.);
#3847=EDGE_CURVE('',#3039,#3036,#2610,.T.);
#3848=EDGE_CURVE('',#3042,#3035,#2611,.T.);
#3849=EDGE_CURVE('',#3040,#3042,#2612,.T.);
#3850=EDGE_CURVE('',#3043,#3044,#1581,.T.);
#3851=EDGE_CURVE('',#3045,#3043,#1582,.T.);
#3852=EDGE_CURVE('',#3046,#3045,#1583,.T.);
#3853=EDGE_CURVE('',#3044,#3046,#1584,.T.);
#3854=EDGE_CURVE('',#3047,#3048,#1585,.T.);
#3855=EDGE_CURVE('',#3049,#3047,#1586,.T.);
#3856=EDGE_CURVE('',#3050,#3049,#1587,.T.);
#3857=EDGE_CURVE('',#3048,#3050,#1588,.T.);
#3858=EDGE_CURVE('',#3044,#3047,#2613,.T.);
#3859=EDGE_CURVE('',#3051,#3048,#2614,.T.);
#3860=EDGE_CURVE('',#3043,#3051,#2615,.T.);
#3861=EDGE_CURVE('',#3049,#3046,#2616,.T.);
#3862=EDGE_CURVE('',#3052,#3045,#2617,.T.);
#3863=EDGE_CURVE('',#3050,#3052,#2618,.T.);
#3864=EDGE_CURVE('',#3053,#3053,#2619,.T.);
#3865=EDGE_CURVE('',#3053,#3054,#1589,.T.);
#3866=EDGE_CURVE('',#3054,#3054,#2620,.T.);
#3867=EDGE_CURVE('',#3055,#3055,#2621,.T.);
#3868=EDGE_CURVE('',#3056,#3056,#2622,.T.);
#3869=EDGE_CURVE('',#3056,#3055,#1590,.T.);
#3870=EDGE_CURVE('',#3057,#3057,#2623,.T.);
#3871=EDGE_CURVE('',#3057,#3058,#1591,.T.);
#3872=EDGE_CURVE('',#3058,#3058,#2624,.T.);
#3873=EDGE_CURVE('',#3059,#3059,#2625,.T.);
#3874=EDGE_CURVE('',#3060,#3060,#2626,.T.);
#3875=EDGE_CURVE('',#3060,#3059,#1592,.T.);
#3876=EDGE_CURVE('',#3061,#3061,#2627,.T.);
#3877=EDGE_CURVE('',#3061,#3062,#1593,.T.);
#3878=EDGE_CURVE('',#3062,#3062,#2628,.T.);
#3879=EDGE_CURVE('',#3063,#3063,#2629,.T.);
#3880=EDGE_CURVE('',#3064,#3064,#2630,.T.);
#3881=EDGE_CURVE('',#3064,#3063,#1594,.T.);
#3882=EDGE_CURVE('',#3065,#3065,#2631,.T.);
#3883=EDGE_CURVE('',#3066,#3066,#2632,.T.);
#3884=EDGE_CURVE('',#3066,#3067,#1595,.T.);
#3885=EDGE_CURVE('',#3067,#3067,#2633,.T.);
#3886=EDGE_CURVE('',#3068,#3068,#2634,.T.);
#3887=EDGE_CURVE('',#3069,#3069,#2635,.T.);
#3888=EDGE_CURVE('',#3070,#3070,#2636,.T.);
#3889=EDGE_CURVE('',#3070,#3069,#1596,.T.);
#3890=EDGE_CURVE('',#3071,#3071,#2637,.T.);
#3891=EDGE_CURVE('',#3071,#3072,#1597,.T.);
#3892=EDGE_CURVE('',#3072,#3072,#2638,.T.);
#3893=EDGE_CURVE('',#3073,#3073,#2639,.T.);
#3894=EDGE_CURVE('',#3074,#3074,#2640,.T.);
#3895=EDGE_CURVE('',#3068,#3074,#1598,.T.);
#3896=EDGE_CURVE('',#3075,#3075,#2641,.T.);
#3897=EDGE_CURVE('',#3075,#3076,#1599,.T.);
#3898=EDGE_CURVE('',#3076,#3076,#2642,.T.);
#3899=EDGE_CURVE('',#3077,#3077,#2643,.T.);
#3900=EDGE_CURVE('',#3078,#3078,#2644,.T.);
#3901=EDGE_CURVE('',#3079,#3079,#2645,.T.);
#3902=EDGE_CURVE('',#3079,#3078,#1600,.T.);
#3903=EDGE_CURVE('',#3080,#3080,#2646,.T.);
#3904=EDGE_CURVE('',#3080,#3081,#1601,.T.);
#3905=EDGE_CURVE('',#3081,#3081,#2647,.T.);
#3906=EDGE_CURVE('',#3082,#3082,#2648,.T.);
#3907=EDGE_CURVE('',#3083,#3083,#2649,.T.);
#3908=EDGE_CURVE('',#2762,#2794,#1602,.T.);
#3909=EDGE_CURVE('',#2793,#2774,#1603,.T.);
#3910=EDGE_CURVE('',#2773,#2812,#1604,.T.);
#3911=EDGE_CURVE('',#2811,#2784,#1605,.T.);
#3912=EDGE_CURVE('',#2783,#2759,#1606,.T.);
#3913=EDGE_CURVE('',#2758,#3032,#1607,.T.);
#3914=EDGE_CURVE('',#3031,#3042,#1608,.T.);
#3915=EDGE_CURVE('',#3041,#2982,#1609,.T.);
#3916=EDGE_CURVE('',#2981,#2992,#1610,.T.);
#3917=EDGE_CURVE('',#2991,#3052,#1611,.T.);
#3918=EDGE_CURVE('',#3051,#3002,#1612,.T.);
#3919=EDGE_CURVE('',#3001,#3012,#1613,.T.);
#3920=EDGE_CURVE('',#3011,#3022,#1614,.T.);
#3921=EDGE_CURVE('',#3021,#3084,#1615,.T.);
#3922=EDGE_CURVE('',#3084,#3085,#2650,.T.);
#3923=EDGE_CURVE('',#3085,#3086,#1616,.T.);
#3924=EDGE_CURVE('',#3086,#3087,#2651,.T.);
#3925=EDGE_CURVE('',#3087,#3088,#1617,.T.);
#3926=EDGE_CURVE('',#3088,#3089,#2652,.T.);
#3927=EDGE_CURVE('',#3089,#3090,#1618,.T.);
#3928=EDGE_CURVE('',#3090,#3091,#2653,.T.);
#3929=EDGE_CURVE('',#3091,#3092,#1619,.T.);
#3930=EDGE_CURVE('',#3092,#3093,#2654,.T.);
#3931=EDGE_CURVE('',#3093,#3094,#1620,.T.);
#3932=EDGE_CURVE('',#3094,#3095,#2655,.T.);
#3933=EDGE_CURVE('',#3095,#3096,#1621,.T.);
#3934=EDGE_CURVE('',#3096,#3097,#2656,.T.);
#3935=EDGE_CURVE('',#3097,#3098,#1622,.T.);
#3936=EDGE_CURVE('',#3098,#3099,#2657,.T.);
#3937=EDGE_CURVE('',#3099,#3100,#1623,.T.);
#3938=EDGE_CURVE('',#3100,#3101,#2658,.T.);
#3939=EDGE_CURVE('',#3101,#3102,#1624,.T.);
#3940=EDGE_CURVE('',#3102,#3103,#2659,.T.);
#3941=EDGE_CURVE('',#3103,#3104,#1625,.T.);
#3942=EDGE_CURVE('',#3104,#3105,#2660,.T.);
#3943=EDGE_CURVE('',#3105,#3106,#1626,.T.);
#3944=EDGE_CURVE('',#3106,#3107,#2661,.T.);
#3945=EDGE_CURVE('',#3107,#3108,#1627,.T.);
#3946=EDGE_CURVE('',#3108,#3109,#2662,.T.);
#3947=EDGE_CURVE('',#3109,#3110,#1628,.T.);
#3948=EDGE_CURVE('',#3110,#3111,#2663,.T.);
#3949=EDGE_CURVE('',#3111,#3112,#1629,.T.);
#3950=EDGE_CURVE('',#3112,#3113,#2664,.T.);
#3951=EDGE_CURVE('',#3113,#3114,#1630,.T.);
#3952=EDGE_CURVE('',#3114,#3115,#2665,.T.);
#3953=EDGE_CURVE('',#3115,#2892,#1631,.T.);
#3954=EDGE_CURVE('',#2891,#2822,#1632,.T.);
#3955=EDGE_CURVE('',#2821,#2832,#1633,.T.);
#3956=EDGE_CURVE('',#2831,#2842,#1634,.T.);
#3957=EDGE_CURVE('',#2841,#2862,#1635,.T.);
#3958=EDGE_CURVE('',#2861,#2872,#1636,.T.);
#3959=EDGE_CURVE('',#2871,#2852,#1637,.T.);
#3960=EDGE_CURVE('',#2851,#2882,#1638,.T.);
#3961=EDGE_CURVE('',#2881,#2962,#1639,.T.);
#3962=EDGE_CURVE('',#2961,#2972,#1640,.T.);
#3963=EDGE_CURVE('',#2971,#2902,#1641,.T.);
#3964=EDGE_CURVE('',#2901,#2912,#1642,.T.);
#3965=EDGE_CURVE('',#2911,#2922,#1643,.T.);
#3966=EDGE_CURVE('',#2921,#2932,#1644,.T.);
#3967=EDGE_CURVE('',#2931,#2942,#1645,.T.);
#3968=EDGE_CURVE('',#2941,#2952,#1646,.T.);
#3969=EDGE_CURVE('',#2951,#3083,#1647,.T.);
#3970=EDGE_CURVE('',#3115,#3116,#2666,.T.);
#3971=EDGE_CURVE('',#3116,#3117,#1648,.T.);
#3972=EDGE_CURVE('',#3117,#3112,#2667,.T.);
#3973=EDGE_CURVE('',#3111,#3118,#2668,.T.);
#3974=EDGE_CURVE('',#3118,#3119,#1649,.T.);
#3975=EDGE_CURVE('',#3119,#3108,#2669,.T.);
#3976=EDGE_CURVE('',#3107,#3120,#2670,.T.);
#3977=EDGE_CURVE('',#3120,#3121,#1650,.T.);
#3978=EDGE_CURVE('',#3121,#3104,#2671,.T.);
#3979=EDGE_CURVE('',#3103,#3122,#2672,.T.);
#3980=EDGE_CURVE('',#3122,#3123,#1651,.T.);
#3981=EDGE_CURVE('',#3123,#3100,#2673,.T.);
#3982=EDGE_CURVE('',#3099,#3124,#2674,.T.);
#3983=EDGE_CURVE('',#3124,#3125,#1652,.T.);
#3984=EDGE_CURVE('',#3125,#3096,#2675,.T.);
#3985=EDGE_CURVE('',#3095,#3126,#2676,.T.);
#3986=EDGE_CURVE('',#3126,#3127,#1653,.T.);
#3987=EDGE_CURVE('',#3127,#3092,#2677,.T.);
#3988=EDGE_CURVE('',#3091,#3128,#2678,.T.);
#3989=EDGE_CURVE('',#3128,#3129,#1654,.T.);
#3990=EDGE_CURVE('',#3129,#3088,#2679,.T.);
#3991=EDGE_CURVE('',#3087,#3130,#2680,.T.);
#3992=EDGE_CURVE('',#3130,#3131,#1655,.T.);
#3993=EDGE_CURVE('',#3131,#3084,#2681,.T.);
#3994=EDGE_CURVE('',#3132,#3133,#111,.T.);
#3995=EDGE_CURVE('',#3133,#3134,#1656,.T.);
#3996=EDGE_CURVE('',#3134,#3135,#112,.T.);
#3997=EDGE_CURVE('',#3135,#3136,#1657,.T.);
#3998=EDGE_CURVE('',#3136,#3137,#113,.T.);
#3999=EDGE_CURVE('',#3137,#3138,#1658,.T.);
#4000=EDGE_CURVE('',#3138,#3139,#114,.T.);
#4001=EDGE_CURVE('',#3139,#3132,#1659,.T.);
#4002=EDGE_CURVE('',#3140,#3141,#2682,.T.);
#4003=EDGE_CURVE('',#3141,#3142,#1660,.T.);
#4004=EDGE_CURVE('',#3142,#3143,#2683,.T.);
#4005=EDGE_CURVE('',#3143,#3144,#1661,.T.);
#4006=EDGE_CURVE('',#3144,#3145,#115,.T.);
#4007=EDGE_CURVE('',#3145,#3146,#2684,.T.);
#4008=EDGE_CURVE('',#3146,#3147,#1662,.T.);
#4009=EDGE_CURVE('',#3147,#3148,#2685,.T.);
#4010=EDGE_CURVE('',#3148,#3149,#1663,.T.);
#4011=EDGE_CURVE('',#3149,#3140,#116,.T.);
#4012=EDGE_CURVE('',#3150,#3151,#117,.T.);
#4013=EDGE_CURVE('',#3151,#3152,#118,.T.);
#4014=EDGE_CURVE('',#3152,#3153,#119,.T.);
#4015=EDGE_CURVE('',#3153,#3154,#120,.T.);
#4016=EDGE_CURVE('',#3154,#3155,#121,.T.);
#4017=EDGE_CURVE('',#3155,#3156,#122,.T.);
#4018=EDGE_CURVE('',#3156,#3157,#123,.T.);
#4019=EDGE_CURVE('',#3157,#3158,#124,.T.);
#4020=EDGE_CURVE('',#3158,#3159,#125,.T.);
#4021=EDGE_CURVE('',#3159,#3160,#1664,.T.);
#4022=EDGE_CURVE('',#3160,#3161,#126,.T.);
#4023=EDGE_CURVE('',#3161,#3162,#127,.T.);
#4024=EDGE_CURVE('',#3162,#3163,#128,.T.);
#4025=EDGE_CURVE('',#3163,#3164,#129,.T.);
#4026=EDGE_CURVE('',#3164,#3165,#1665,.T.);
#4027=EDGE_CURVE('',#3165,#3166,#130,.T.);
#4028=EDGE_CURVE('',#3166,#3167,#131,.T.);
#4029=EDGE_CURVE('',#3167,#3150,#132,.T.);
#4030=EDGE_CURVE('',#3168,#3169,#2686,.T.);
#4031=EDGE_CURVE('',#3169,#3170,#1666,.T.);
#4032=EDGE_CURVE('',#3170,#3171,#2687,.T.);
#4033=EDGE_CURVE('',#3171,#3168,#1667,.T.);
#4034=EDGE_CURVE('',#3172,#3173,#2688,.T.);
#4035=EDGE_CURVE('',#3173,#3174,#1668,.T.);
#4036=EDGE_CURVE('',#3174,#3175,#2689,.T.);
#4037=EDGE_CURVE('',#3175,#3172,#1669,.T.);
#4038=EDGE_CURVE('',#3176,#3177,#1670,.T.);
#4039=EDGE_CURVE('',#3177,#3178,#133,.T.);
#4040=EDGE_CURVE('',#3178,#3179,#134,.T.);
#4041=EDGE_CURVE('',#3179,#3180,#135,.T.);
#4042=EDGE_CURVE('',#3180,#3181,#136,.T.);
#4043=EDGE_CURVE('',#3181,#3182,#137,.T.);
#4044=EDGE_CURVE('',#3182,#3183,#138,.T.);
#4045=EDGE_CURVE('',#3183,#3184,#139,.T.);
#4046=EDGE_CURVE('',#3184,#3185,#140,.T.);
#4047=EDGE_CURVE('',#3185,#3186,#141,.T.);
#4048=EDGE_CURVE('',#3186,#3187,#142,.T.);
#4049=EDGE_CURVE('',#3187,#3188,#143,.T.);
#4050=EDGE_CURVE('',#3188,#3189,#144,.T.);
#4051=EDGE_CURVE('',#3189,#3190,#145,.T.);
#4052=EDGE_CURVE('',#3190,#3191,#146,.T.);
#4053=EDGE_CURVE('',#3191,#3192,#147,.T.);
#4054=EDGE_CURVE('',#3192,#3193,#148,.T.);
#4055=EDGE_CURVE('',#3193,#3194,#149,.T.);
#4056=EDGE_CURVE('',#3194,#3195,#150,.T.);
#4057=EDGE_CURVE('',#3195,#3196,#151,.T.);
#4058=EDGE_CURVE('',#3196,#3197,#152,.T.);
#4059=EDGE_CURVE('',#3197,#3198,#153,.T.);
#4060=EDGE_CURVE('',#3198,#3199,#154,.T.);
#4061=EDGE_CURVE('',#3199,#3200,#155,.T.);
#4062=EDGE_CURVE('',#3200,#3201,#2690,.T.);
#4063=EDGE_CURVE('',#3201,#3202,#156,.T.);
#4064=EDGE_CURVE('',#3202,#3176,#157,.T.);
#4065=EDGE_CURVE('',#3203,#3204,#158,.T.);
#4066=EDGE_CURVE('',#3204,#3205,#159,.T.);
#4067=EDGE_CURVE('',#3205,#3206,#160,.T.);
#4068=EDGE_CURVE('',#3206,#3207,#161,.T.);
#4069=EDGE_CURVE('',#3207,#3208,#162,.T.);
#4070=EDGE_CURVE('',#3208,#3209,#163,.T.);
#4071=EDGE_CURVE('',#3209,#3210,#164,.T.);
#4072=EDGE_CURVE('',#3210,#3211,#2691,.T.);
#4073=EDGE_CURVE('',#3211,#3212,#1671,.T.);
#4074=EDGE_CURVE('',#3212,#3213,#2692,.T.);
#4075=EDGE_CURVE('',#3213,#3214,#1672,.T.);
#4076=EDGE_CURVE('',#3214,#3215,#2693,.T.);
#4077=EDGE_CURVE('',#3215,#3216,#165,.T.);
#4078=EDGE_CURVE('',#3216,#3217,#2694,.T.);
#4079=EDGE_CURVE('',#3217,#3218,#1673,.T.);
#4080=EDGE_CURVE('',#3218,#3219,#2695,.T.);
#4081=EDGE_CURVE('',#3219,#3220,#1674,.T.);
#4082=EDGE_CURVE('',#3220,#3221,#2696,.T.);
#4083=EDGE_CURVE('',#3221,#3222,#166,.T.);
#4084=EDGE_CURVE('',#3222,#3203,#167,.T.);
#4085=EDGE_CURVE('',#3223,#3224,#2697,.T.);
#4086=EDGE_CURVE('',#3224,#3225,#1675,.T.);
#4087=EDGE_CURVE('',#3225,#3226,#2698,.T.);
#4088=EDGE_CURVE('',#3226,#3223,#1676,.T.);
#4089=EDGE_CURVE('',#3227,#3228,#2699,.T.);
#4090=EDGE_CURVE('',#3228,#3229,#1677,.T.);
#4091=EDGE_CURVE('',#3229,#3230,#2700,.T.);
#4092=EDGE_CURVE('',#3230,#3231,#168,.T.);
#4093=EDGE_CURVE('',#3231,#3232,#169,.T.);
#4094=EDGE_CURVE('',#3232,#3233,#170,.T.);
#4095=EDGE_CURVE('',#3233,#3234,#171,.T.);
#4096=EDGE_CURVE('',#3234,#3235,#172,.T.);
#4097=EDGE_CURVE('',#3235,#3236,#173,.T.);
#4098=EDGE_CURVE('',#3236,#3237,#174,.T.);
#4099=EDGE_CURVE('',#3237,#3238,#175,.T.);
#4100=EDGE_CURVE('',#3238,#3239,#176,.T.);
#4101=EDGE_CURVE('',#3239,#3240,#2701,.T.);
#4102=EDGE_CURVE('',#3240,#3227,#1678,.T.);
#4103=EDGE_CURVE('',#3241,#3241,#2702,.T.);
#4104=EDGE_CURVE('',#3241,#3242,#1679,.T.);
#4105=EDGE_CURVE('',#3242,#3242,#2703,.T.);
#4106=EDGE_CURVE('',#3243,#3243,#2704,.T.);
#4107=EDGE_CURVE('',#3077,#3243,#1680,.T.);
#4108=EDGE_CURVE('',#3244,#3244,#2705,.T.);
#4109=EDGE_CURVE('',#3244,#3245,#1681,.T.);
#4110=EDGE_CURVE('',#3245,#3245,#2706,.T.);
#4111=EDGE_CURVE('',#3246,#3246,#2707,.T.);
#4112=EDGE_CURVE('',#3082,#3246,#1682,.T.);
#4113=EDGE_CURVE('',#3114,#3247,#1683,.T.);
#4114=EDGE_CURVE('',#3248,#3113,#1684,.T.);
#4115=EDGE_CURVE('',#3247,#3248,#1685,.T.);
#4116=EDGE_CURVE('',#3249,#3116,#1686,.T.);
#4117=EDGE_CURVE('',#3250,#3249,#1687,.T.);
#4118=EDGE_CURVE('',#3117,#3250,#1688,.T.);
#4119=EDGE_CURVE('',#3247,#3249,#2708,.T.);
#4120=EDGE_CURVE('',#3250,#3248,#2709,.T.);
#4121=EDGE_CURVE('',#3110,#3251,#1689,.T.);
#4122=EDGE_CURVE('',#3252,#3109,#1690,.T.);
#4123=EDGE_CURVE('',#3251,#3252,#1691,.T.);
#4124=EDGE_CURVE('',#3253,#3118,#1692,.T.);
#4125=EDGE_CURVE('',#3254,#3253,#1693,.T.);
#4126=EDGE_CURVE('',#3119,#3254,#1694,.T.);
#4127=EDGE_CURVE('',#3251,#3253,#2710,.T.);
#4128=EDGE_CURVE('',#3254,#3252,#2711,.T.);
#4129=EDGE_CURVE('',#3098,#3255,#1695,.T.);
#4130=EDGE_CURVE('',#3256,#3097,#1696,.T.);
#4131=EDGE_CURVE('',#3255,#3256,#1697,.T.);
#4132=EDGE_CURVE('',#3257,#3124,#1698,.T.);
#4133=EDGE_CURVE('',#3258,#3257,#1699,.T.);
#4134=EDGE_CURVE('',#3125,#3258,#1700,.T.);
#4135=EDGE_CURVE('',#3255,#3257,#2712,.T.);
#4136=EDGE_CURVE('',#3258,#3256,#2713,.T.);
#4137=EDGE_CURVE('',#3102,#3259,#1701,.T.);
#4138=EDGE_CURVE('',#3260,#3101,#1702,.T.);
#4139=EDGE_CURVE('',#3259,#3260,#1703,.T.);
#4140=EDGE_CURVE('',#3261,#3122,#1704,.T.);
#4141=EDGE_CURVE('',#3262,#3261,#1705,.T.);
#4142=EDGE_CURVE('',#3123,#3262,#1706,.T.);
#4143=EDGE_CURVE('',#3259,#3261,#2714,.T.);
#4144=EDGE_CURVE('',#3262,#3260,#2715,.T.);
#4145=EDGE_CURVE('',#3086,#3263,#1707,.T.);
#4146=EDGE_CURVE('',#3264,#3085,#1708,.T.);
#4147=EDGE_CURVE('',#3263,#3264,#1709,.T.);
#4148=EDGE_CURVE('',#3265,#3130,#1710,.T.);
#4149=EDGE_CURVE('',#3266,#3265,#1711,.T.);
#4150=EDGE_CURVE('',#3131,#3266,#1712,.T.);
#4151=EDGE_CURVE('',#3263,#3265,#2716,.T.);
#4152=EDGE_CURVE('',#3266,#3264,#2717,.T.);
#4153=EDGE_CURVE('',#3090,#3267,#1713,.T.);
#4154=EDGE_CURVE('',#3268,#3089,#1714,.T.);
#4155=EDGE_CURVE('',#3267,#3268,#1715,.T.);
#4156=EDGE_CURVE('',#3269,#3128,#1716,.T.);
#4157=EDGE_CURVE('',#3270,#3269,#1717,.T.);
#4158=EDGE_CURVE('',#3129,#3270,#1718,.T.);
#4159=EDGE_CURVE('',#3267,#3269,#2718,.T.);
#4160=EDGE_CURVE('',#3270,#3268,#2719,.T.);
#4161=EDGE_CURVE('',#3094,#3271,#1719,.T.);
#4162=EDGE_CURVE('',#3272,#3093,#1720,.T.);
#4163=EDGE_CURVE('',#3271,#3272,#1721,.T.);
#4164=EDGE_CURVE('',#3273,#3126,#1722,.T.);
#4165=EDGE_CURVE('',#3274,#3273,#1723,.T.);
#4166=EDGE_CURVE('',#3127,#3274,#1724,.T.);
#4167=EDGE_CURVE('',#3271,#3273,#2720,.T.);
#4168=EDGE_CURVE('',#3274,#3272,#2721,.T.);
#4169=EDGE_CURVE('',#3106,#3275,#1725,.T.);
#4170=EDGE_CURVE('',#3276,#3105,#1726,.T.);
#4171=EDGE_CURVE('',#3275,#3276,#1727,.T.);
#4172=EDGE_CURVE('',#3277,#3120,#1728,.T.);
#4173=EDGE_CURVE('',#3278,#3277,#1729,.T.);
#4174=EDGE_CURVE('',#3121,#3278,#1730,.T.);
#4175=EDGE_CURVE('',#3275,#3277,#2722,.T.);
#4176=EDGE_CURVE('',#3278,#3276,#2723,.T.);
#4177=EDGE_CURVE('',#3279,#3280,#2724,.T.);
#4178=EDGE_CURVE('',#3281,#3279,#1731,.T.);
#4179=EDGE_CURVE('',#3282,#3281,#2725,.T.);
#4180=EDGE_CURVE('',#3283,#3282,#177,.T.);
#4181=EDGE_CURVE('',#3284,#3283,#178,.T.);
#4182=EDGE_CURVE('',#3285,#3284,#179,.T.);
#4183=EDGE_CURVE('',#3286,#3285,#180,.T.);
#4184=EDGE_CURVE('',#3287,#3286,#181,.T.);
#4185=EDGE_CURVE('',#3288,#3287,#182,.T.);
#4186=EDGE_CURVE('',#3289,#3288,#183,.T.);
#4187=EDGE_CURVE('',#3290,#3289,#184,.T.);
#4188=EDGE_CURVE('',#3291,#3290,#185,.T.);
#4189=EDGE_CURVE('',#3292,#3291,#2726,.T.);
#4190=EDGE_CURVE('',#3280,#3292,#1732,.T.);
#4191=EDGE_CURVE('',#3293,#3294,#186,.T.);
#4192=EDGE_CURVE('',#3295,#3293,#187,.T.);
#4193=EDGE_CURVE('',#3296,#3295,#188,.T.);
#4194=EDGE_CURVE('',#3297,#3296,#189,.T.);
#4195=EDGE_CURVE('',#3298,#3297,#190,.T.);
#4196=EDGE_CURVE('',#3299,#3298,#191,.T.);
#4197=EDGE_CURVE('',#3300,#3299,#192,.T.);
#4198=EDGE_CURVE('',#3294,#3300,#193,.T.);
#4199=EDGE_CURVE('',#3301,#3302,#194,.T.);
#4200=EDGE_CURVE('',#3301,#3293,#1733,.T.);
#4201=EDGE_CURVE('',#3302,#3294,#1734,.T.);
#4202=EDGE_CURVE('',#3303,#3301,#195,.T.);
#4203=EDGE_CURVE('',#3303,#3295,#1735,.T.);
#4204=EDGE_CURVE('',#3304,#3303,#196,.T.);
#4205=EDGE_CURVE('',#3304,#3296,#1736,.T.);
#4206=EDGE_CURVE('',#3305,#3304,#197,.T.);
#4207=EDGE_CURVE('',#3305,#3297,#1737,.T.);
#4208=EDGE_CURVE('',#3306,#3305,#198,.T.);
#4209=EDGE_CURVE('',#3306,#3298,#1738,.T.);
#4210=EDGE_CURVE('',#3307,#3306,#199,.T.);
#4211=EDGE_CURVE('',#3307,#3299,#1739,.T.);
#4212=EDGE_CURVE('',#3308,#3307,#200,.T.);
#4213=EDGE_CURVE('',#3308,#3300,#1740,.T.);
#4214=EDGE_CURVE('',#3302,#3308,#201,.T.);
#4215=EDGE_CURVE('',#3227,#3279,#1741,.T.);
#4216=EDGE_CURVE('',#3228,#3280,#1742,.T.);
#4217=EDGE_CURVE('',#3240,#3281,#1743,.T.);
#4218=EDGE_CURVE('',#3239,#3282,#1744,.T.);
#4219=EDGE_CURVE('',#3238,#3283,#1745,.T.);
#4220=EDGE_CURVE('',#3237,#3284,#1746,.T.);
#4221=EDGE_CURVE('',#3236,#3285,#1747,.T.);
#4222=EDGE_CURVE('',#3235,#3286,#1748,.T.);
#4223=EDGE_CURVE('',#3234,#3287,#1749,.T.);
#4224=EDGE_CURVE('',#3233,#3288,#1750,.T.);
#4225=EDGE_CURVE('',#3232,#3289,#1751,.T.);
#4226=EDGE_CURVE('',#3231,#3290,#1752,.T.);
#4227=EDGE_CURVE('',#3230,#3291,#1753,.T.);
#4228=EDGE_CURVE('',#3229,#3292,#1754,.T.);
#4229=EDGE_CURVE('',#3073,#3065,#1755,.T.);
#4230=EDGE_CURVE('',#3309,#3310,#2727,.T.);
#4231=EDGE_CURVE('',#3311,#3309,#1756,.T.);
#4232=EDGE_CURVE('',#3312,#3311,#2728,.T.);
#4233=EDGE_CURVE('',#3310,#3312,#1757,.T.);
#4234=EDGE_CURVE('',#3223,#3309,#1758,.T.);
#4235=EDGE_CURVE('',#3224,#3310,#1759,.T.);
#4236=EDGE_CURVE('',#3226,#3311,#1760,.T.);
#4237=EDGE_CURVE('',#3225,#3312,#1761,.T.);
#4238=EDGE_CURVE('',#3313,#3314,#202,.T.);
#4239=EDGE_CURVE('',#3315,#3313,#203,.T.);
#4240=EDGE_CURVE('',#3316,#3315,#204,.T.);
#4241=EDGE_CURVE('',#3317,#3316,#2729,.T.);
#4242=EDGE_CURVE('',#3318,#3317,#1762,.T.);
#4243=EDGE_CURVE('',#3319,#3318,#2730,.T.);
#4244=EDGE_CURVE('',#3320,#3319,#1763,.T.);
#4245=EDGE_CURVE('',#3321,#3320,#2731,.T.);
#4246=EDGE_CURVE('',#3322,#3321,#205,.T.);
#4247=EDGE_CURVE('',#3323,#3322,#2732,.T.);
#4248=EDGE_CURVE('',#3324,#3323,#1764,.T.);
#4249=EDGE_CURVE('',#3325,#3324,#2733,.T.);
#4250=EDGE_CURVE('',#3326,#3325,#1765,.T.);
#4251=EDGE_CURVE('',#3327,#3326,#2734,.T.);
#4252=EDGE_CURVE('',#3328,#3327,#206,.T.);
#4253=EDGE_CURVE('',#3329,#3328,#207,.T.);
#4254=EDGE_CURVE('',#3330,#3329,#208,.T.);
#4255=EDGE_CURVE('',#3331,#3330,#209,.T.);
#4256=EDGE_CURVE('',#3332,#3331,#210,.T.);
#4257=EDGE_CURVE('',#3314,#3332,#211,.T.);
#4258=EDGE_CURVE('',#3203,#3313,#1766,.T.);
#4259=EDGE_CURVE('',#3204,#3314,#1767,.T.);
#4260=EDGE_CURVE('',#3222,#3315,#1768,.T.);
#4261=EDGE_CURVE('',#3221,#3316,#1769,.T.);
#4262=EDGE_CURVE('',#3220,#3317,#1770,.T.);
#4263=EDGE_CURVE('',#3219,#3318,#1771,.T.);
#4264=EDGE_CURVE('',#3218,#3319,#1772,.T.);
#4265=EDGE_CURVE('',#3217,#3320,#1773,.T.);
#4266=EDGE_CURVE('',#3216,#3321,#1774,.T.);
#4267=EDGE_CURVE('',#3215,#3322,#1775,.T.);
#4268=EDGE_CURVE('',#3214,#3323,#1776,.T.);
#4269=EDGE_CURVE('',#3213,#3324,#1777,.T.);
#4270=EDGE_CURVE('',#3212,#3325,#1778,.T.);
#4271=EDGE_CURVE('',#3211,#3326,#1779,.T.);
#4272=EDGE_CURVE('',#3210,#3327,#1780,.T.);
#4273=EDGE_CURVE('',#3209,#3328,#1781,.T.);
#4274=EDGE_CURVE('',#3208,#3329,#1782,.T.);
#4275=EDGE_CURVE('',#3207,#3330,#1783,.T.);
#4276=EDGE_CURVE('',#3206,#3331,#1784,.T.);
#4277=EDGE_CURVE('',#3205,#3332,#1785,.T.);
#4278=EDGE_CURVE('',#3333,#3334,#1786,.T.);
#4279=EDGE_CURVE('',#3335,#3333,#212,.T.);
#4280=EDGE_CURVE('',#3336,#3335,#213,.T.);
#4281=EDGE_CURVE('',#3337,#3336,#2735,.T.);
#4282=EDGE_CURVE('',#3338,#3337,#214,.T.);
#4283=EDGE_CURVE('',#3339,#3338,#215,.T.);
#4284=EDGE_CURVE('',#3340,#3339,#216,.T.);
#4285=EDGE_CURVE('',#3341,#3340,#217,.T.);
#4286=EDGE_CURVE('',#3342,#3341,#218,.T.);
#4287=EDGE_CURVE('',#3343,#3342,#219,.T.);
#4288=EDGE_CURVE('',#3344,#3343,#220,.T.);
#4289=EDGE_CURVE('',#3345,#3344,#221,.T.);
#4290=EDGE_CURVE('',#3346,#3345,#222,.T.);
#4291=EDGE_CURVE('',#3347,#3346,#223,.T.);
#4292=EDGE_CURVE('',#3348,#3347,#224,.T.);
#4293=EDGE_CURVE('',#3349,#3348,#225,.T.);
#4294=EDGE_CURVE('',#3350,#3349,#226,.T.);
#4295=EDGE_CURVE('',#3351,#3350,#227,.T.);
#4296=EDGE_CURVE('',#3352,#3351,#228,.T.);
#4297=EDGE_CURVE('',#3353,#3352,#229,.T.);
#4298=EDGE_CURVE('',#3354,#3353,#230,.T.);
#4299=EDGE_CURVE('',#3355,#3354,#231,.T.);
#4300=EDGE_CURVE('',#3356,#3355,#232,.T.);
#4301=EDGE_CURVE('',#3357,#3356,#233,.T.);
#4302=EDGE_CURVE('',#3358,#3357,#234,.T.);
#4303=EDGE_CURVE('',#3359,#3358,#235,.T.);
#4304=EDGE_CURVE('',#3334,#3359,#236,.T.);
#4305=EDGE_CURVE('',#3360,#3361,#237,.T.);
#4306=EDGE_CURVE('',#3362,#3360,#238,.T.);
#4307=EDGE_CURVE('',#3363,#3362,#239,.T.);
#4308=EDGE_CURVE('',#3364,#3363,#240,.T.);
#4309=EDGE_CURVE('',#3365,#3364,#241,.T.);
#4310=EDGE_CURVE('',#3366,#3365,#242,.T.);
#4311=EDGE_CURVE('',#3367,#3366,#243,.T.);
#4312=EDGE_CURVE('',#3368,#3367,#244,.T.);
#4313=EDGE_CURVE('',#3369,#3368,#245,.T.);
#4314=EDGE_CURVE('',#3361,#3369,#2736,.T.);
#4315=EDGE_CURVE('',#3176,#3333,#1787,.T.);
#4316=EDGE_CURVE('',#3177,#3334,#1788,.T.);
#4317=EDGE_CURVE('',#3202,#3335,#1789,.T.);
#4318=EDGE_CURVE('',#3201,#3336,#1790,.T.);
#4319=EDGE_CURVE('',#3200,#3337,#1791,.T.);
#4320=EDGE_CURVE('',#3199,#3338,#1792,.T.);
#4321=EDGE_CURVE('',#3198,#3339,#1793,.T.);
#4322=EDGE_CURVE('',#3197,#3340,#1794,.T.);
#4323=EDGE_CURVE('',#3196,#3341,#1795,.T.);
#4324=EDGE_CURVE('',#3195,#3342,#1796,.T.);
#4325=EDGE_CURVE('',#3194,#3343,#1797,.T.);
#4326=EDGE_CURVE('',#3193,#3344,#1798,.T.);
#4327=EDGE_CURVE('',#3192,#3345,#1799,.T.);
#4328=EDGE_CURVE('',#3191,#3346,#1800,.T.);
#4329=EDGE_CURVE('',#3190,#3347,#1801,.T.);
#4330=EDGE_CURVE('',#3189,#3348,#1802,.T.);
#4331=EDGE_CURVE('',#3188,#3349,#1803,.T.);
#4332=EDGE_CURVE('',#3187,#3350,#1804,.T.);
#4333=EDGE_CURVE('',#3186,#3351,#1805,.T.);
#4334=EDGE_CURVE('',#3185,#3352,#1806,.T.);
#4335=EDGE_CURVE('',#3184,#3353,#1807,.T.);
#4336=EDGE_CURVE('',#3183,#3354,#1808,.T.);
#4337=EDGE_CURVE('',#3182,#3355,#1809,.T.);
#4338=EDGE_CURVE('',#3181,#3356,#1810,.T.);
#4339=EDGE_CURVE('',#3180,#3357,#1811,.T.);
#4340=EDGE_CURVE('',#3179,#3358,#1812,.T.);
#4341=EDGE_CURVE('',#3178,#3359,#1813,.T.);
#4342=EDGE_CURVE('',#3370,#3371,#246,.T.);
#4343=EDGE_CURVE('',#3370,#3360,#1814,.T.);
#4344=EDGE_CURVE('',#3371,#3361,#1815,.T.);
#4345=EDGE_CURVE('',#3372,#3370,#247,.T.);
#4346=EDGE_CURVE('',#3372,#3362,#1816,.T.);
#4347=EDGE_CURVE('',#3373,#3372,#248,.T.);
#4348=EDGE_CURVE('',#3373,#3363,#1817,.T.);
#4349=EDGE_CURVE('',#3374,#3373,#249,.T.);
#4350=EDGE_CURVE('',#3374,#3364,#1818,.T.);
#4351=EDGE_CURVE('',#3375,#3374,#250,.T.);
#4352=EDGE_CURVE('',#3375,#3365,#1819,.T.);
#4353=EDGE_CURVE('',#3376,#3375,#251,.T.);
#4354=EDGE_CURVE('',#3376,#3366,#1820,.T.);
#4355=EDGE_CURVE('',#3377,#3376,#252,.T.);
#4356=EDGE_CURVE('',#3377,#3367,#1821,.T.);
#4357=EDGE_CURVE('',#3378,#3377,#253,.T.);
#4358=EDGE_CURVE('',#3378,#3368,#1822,.T.);
#4359=EDGE_CURVE('',#3379,#3378,#254,.T.);
#4360=EDGE_CURVE('',#3379,#3369,#1823,.T.);
#4361=EDGE_CURVE('',#3371,#3379,#2737,.T.);
#4362=EDGE_CURVE('',#3380,#3381,#255,.T.);
#4363=EDGE_CURVE('',#3382,#3380,#1824,.T.);
#4364=EDGE_CURVE('',#3383,#3382,#256,.T.);
#4365=EDGE_CURVE('',#3384,#3383,#1825,.T.);
#4366=EDGE_CURVE('',#3385,#3384,#257,.T.);
#4367=EDGE_CURVE('',#3386,#3385,#1826,.T.);
#4368=EDGE_CURVE('',#3387,#3386,#258,.T.);
#4369=EDGE_CURVE('',#3381,#3387,#1827,.T.);
#4370=EDGE_CURVE('',#3388,#3389,#259,.T.);
#4371=EDGE_CURVE('',#3390,#3388,#260,.T.);
#4372=EDGE_CURVE('',#3391,#3390,#261,.T.);
#4373=EDGE_CURVE('',#3392,#3391,#1828,.T.);
#4374=EDGE_CURVE('',#3389,#3392,#262,.T.);
#4375=EDGE_CURVE('',#3393,#3394,#263,.T.);
#4376=EDGE_CURVE('',#3393,#3388,#1829,.T.);
#4377=EDGE_CURVE('',#3394,#3389,#1830,.T.);
#4378=EDGE_CURVE('',#3395,#3393,#264,.T.);
#4379=EDGE_CURVE('',#3395,#3390,#1831,.T.);
#4380=EDGE_CURVE('',#3396,#3395,#265,.T.);
#4381=EDGE_CURVE('',#3396,#3391,#1832,.T.);
#4382=EDGE_CURVE('',#3397,#3396,#1833,.T.);
#4383=EDGE_CURVE('',#3397,#3392,#1834,.T.);
#4384=EDGE_CURVE('',#3394,#3397,#266,.T.);
#4385=EDGE_CURVE('',#3132,#3380,#1835,.T.);
#4386=EDGE_CURVE('',#3133,#3381,#1836,.T.);
#4387=EDGE_CURVE('',#3139,#3382,#1837,.T.);
#4388=EDGE_CURVE('',#3138,#3383,#1838,.T.);
#4389=EDGE_CURVE('',#3137,#3384,#1839,.T.);
#4390=EDGE_CURVE('',#3136,#3385,#1840,.T.);
#4391=EDGE_CURVE('',#3135,#3386,#1841,.T.);
#4392=EDGE_CURVE('',#3134,#3387,#1842,.T.);
#4393=EDGE_CURVE('',#3398,#3399,#2738,.T.);
#4394=EDGE_CURVE('',#3400,#3398,#267,.T.);
#4395=EDGE_CURVE('',#3401,#3400,#1843,.T.);
#4396=EDGE_CURVE('',#3402,#3401,#2739,.T.);
#4397=EDGE_CURVE('',#3403,#3402,#1844,.T.);
#4398=EDGE_CURVE('',#3404,#3403,#2740,.T.);
#4399=EDGE_CURVE('',#3405,#3404,#268,.T.);
#4400=EDGE_CURVE('',#3406,#3405,#1845,.T.);
#4401=EDGE_CURVE('',#3407,#3406,#2741,.T.);
#4402=EDGE_CURVE('',#3399,#3407,#1846,.T.);
#4403=EDGE_CURVE('',#3140,#3398,#1847,.T.);
#4404=EDGE_CURVE('',#3141,#3399,#1848,.T.);
#4405=EDGE_CURVE('',#3149,#3400,#1849,.T.);
#4406=EDGE_CURVE('',#3148,#3401,#1850,.T.);
#4407=EDGE_CURVE('',#3147,#3402,#1851,.T.);
#4408=EDGE_CURVE('',#3146,#3403,#1852,.T.);
#4409=EDGE_CURVE('',#3145,#3404,#1853,.T.);
#4410=EDGE_CURVE('',#3144,#3405,#1854,.T.);
#4411=EDGE_CURVE('',#3143,#3406,#1855,.T.);
#4412=EDGE_CURVE('',#3142,#3407,#1856,.T.);
#4413=EDGE_CURVE('',#3408,#3409,#269,.T.);
#4414=EDGE_CURVE('',#3410,#3408,#270,.T.);
#4415=EDGE_CURVE('',#3411,#3410,#271,.T.);
#4416=EDGE_CURVE('',#3412,#3411,#272,.T.);
#4417=EDGE_CURVE('',#3413,#3412,#1857,.T.);
#4418=EDGE_CURVE('',#3414,#3413,#273,.T.);
#4419=EDGE_CURVE('',#3415,#3414,#274,.T.);
#4420=EDGE_CURVE('',#3416,#3415,#275,.T.);
#4421=EDGE_CURVE('',#3417,#3416,#276,.T.);
#4422=EDGE_CURVE('',#3418,#3417,#1858,.T.);
#4423=EDGE_CURVE('',#3419,#3418,#277,.T.);
#4424=EDGE_CURVE('',#3420,#3419,#278,.T.);
#4425=EDGE_CURVE('',#3421,#3420,#279,.T.);
#4426=EDGE_CURVE('',#3422,#3421,#280,.T.);
#4427=EDGE_CURVE('',#3423,#3422,#281,.T.);
#4428=EDGE_CURVE('',#3424,#3423,#282,.T.);
#4429=EDGE_CURVE('',#3425,#3424,#283,.T.);
#4430=EDGE_CURVE('',#3409,#3425,#284,.T.);
#4431=EDGE_CURVE('',#3150,#3408,#1859,.T.);
#4432=EDGE_CURVE('',#3151,#3409,#1860,.T.);
#4433=EDGE_CURVE('',#3167,#3410,#1861,.T.);
#4434=EDGE_CURVE('',#3166,#3411,#1862,.T.);
#4435=EDGE_CURVE('',#3165,#3412,#1863,.T.);
#4436=EDGE_CURVE('',#3164,#3413,#1864,.T.);
#4437=EDGE_CURVE('',#3163,#3414,#1865,.T.);
#4438=EDGE_CURVE('',#3162,#3415,#1866,.T.);
#4439=EDGE_CURVE('',#3161,#3416,#1867,.T.);
#4440=EDGE_CURVE('',#3160,#3417,#1868,.T.);
#4441=EDGE_CURVE('',#3159,#3418,#1869,.T.);
#4442=EDGE_CURVE('',#3158,#3419,#1870,.T.);
#4443=EDGE_CURVE('',#3157,#3420,#1871,.T.);
#4444=EDGE_CURVE('',#3156,#3421,#1872,.T.);
#4445=EDGE_CURVE('',#3155,#3422,#1873,.T.);
#4446=EDGE_CURVE('',#3154,#3423,#1874,.T.);
#4447=EDGE_CURVE('',#3153,#3424,#1875,.T.);
#4448=EDGE_CURVE('',#3152,#3425,#1876,.T.);
#4449=EDGE_CURVE('',#3426,#3427,#2742,.T.);
#4450=EDGE_CURVE('',#3428,#3426,#1877,.T.);
#4451=EDGE_CURVE('',#3429,#3428,#2743,.T.);
#4452=EDGE_CURVE('',#3427,#3429,#1878,.T.);
#4453=EDGE_CURVE('',#3168,#3426,#1879,.T.);
#4454=EDGE_CURVE('',#3169,#3427,#1880,.T.);
#4455=EDGE_CURVE('',#3171,#3428,#1881,.T.);
#4456=EDGE_CURVE('',#3170,#3429,#1882,.T.);
#4457=EDGE_CURVE('',#3430,#3431,#2744,.T.);
#4458=EDGE_CURVE('',#3432,#3430,#1883,.T.);
#4459=EDGE_CURVE('',#3433,#3432,#2745,.T.);
#4460=EDGE_CURVE('',#3431,#3433,#1884,.T.);
#4461=EDGE_CURVE('',#3172,#3430,#1885,.T.);
#4462=EDGE_CURVE('',#3173,#3431,#1886,.T.);
#4463=EDGE_CURVE('',#3175,#3432,#1887,.T.);
#4464=EDGE_CURVE('',#3174,#3433,#1888,.T.);
#4465=EDGE_CURVE('',#3434,#3434,#2746,.T.);
#4466=EDGE_CURVE('',#3434,#3435,#1889,.T.);
#4467=EDGE_CURVE('',#3435,#3435,#2747,.F.);
#4468=ORIENTED_EDGE('',*,*,#3436,.F.);
#4469=ORIENTED_EDGE('',*,*,#3437,.T.);
#4470=ORIENTED_EDGE('',*,*,#3438,.F.);
#4471=ORIENTED_EDGE('',*,*,#3437,.F.);
#4472=ORIENTED_EDGE('',*,*,#3439,.F.);
#4473=ORIENTED_EDGE('',*,*,#3440,.F.);
#4474=ORIENTED_EDGE('',*,*,#3441,.F.);
#4475=ORIENTED_EDGE('',*,*,#3442,.F.);
#4476=ORIENTED_EDGE('',*,*,#3443,.F.);
#4477=ORIENTED_EDGE('',*,*,#3444,.F.);
#4478=ORIENTED_EDGE('',*,*,#3445,.F.);
#4479=ORIENTED_EDGE('',*,*,#3446,.F.);
#4480=ORIENTED_EDGE('',*,*,#3439,.T.);
#4481=ORIENTED_EDGE('',*,*,#3447,.T.);
#4482=ORIENTED_EDGE('',*,*,#3443,.T.);
#4483=ORIENTED_EDGE('',*,*,#3448,.F.);
#4484=ORIENTED_EDGE('',*,*,#3449,.F.);
#4485=ORIENTED_EDGE('',*,*,#3442,.T.);
#4486=ORIENTED_EDGE('',*,*,#3450,.F.);
#4487=ORIENTED_EDGE('',*,*,#3444,.T.);
#4488=ORIENTED_EDGE('',*,*,#3447,.F.);
#4489=ORIENTED_EDGE('',*,*,#3441,.T.);
#4490=ORIENTED_EDGE('',*,*,#3451,.F.);
#4491=ORIENTED_EDGE('',*,*,#3452,.F.);
#4492=ORIENTED_EDGE('',*,*,#3445,.T.);
#4493=ORIENTED_EDGE('',*,*,#3450,.T.);
#4494=ORIENTED_EDGE('',*,*,#3453,.F.);
#4495=ORIENTED_EDGE('',*,*,#3454,.T.);
#4496=ORIENTED_EDGE('',*,*,#3455,.F.);
#4497=ORIENTED_EDGE('',*,*,#3454,.F.);
#4498=ORIENTED_EDGE('',*,*,#3455,.T.);
#4499=ORIENTED_EDGE('',*,*,#3456,.F.);
#4500=ORIENTED_EDGE('',*,*,#3453,.T.);
#4501=ORIENTED_EDGE('',*,*,#3457,.F.);
#4502=ORIENTED_EDGE('',*,*,#3458,.T.);
#4503=ORIENTED_EDGE('',*,*,#3459,.T.);
#4504=ORIENTED_EDGE('',*,*,#3457,.T.);
#4505=ORIENTED_EDGE('',*,*,#3459,.F.);
#4506=ORIENTED_EDGE('',*,*,#3460,.F.);
#4507=ORIENTED_EDGE('',*,*,#3461,.F.);
#4508=ORIENTED_EDGE('',*,*,#3462,.F.);
#4509=ORIENTED_EDGE('',*,*,#3463,.F.);
#4510=ORIENTED_EDGE('',*,*,#3464,.F.);
#4511=ORIENTED_EDGE('',*,*,#3465,.F.);
#4512=ORIENTED_EDGE('',*,*,#3466,.F.);
#4513=ORIENTED_EDGE('',*,*,#3467,.F.);
#4514=ORIENTED_EDGE('',*,*,#3460,.T.);
#4515=ORIENTED_EDGE('',*,*,#3468,.T.);
#4516=ORIENTED_EDGE('',*,*,#3464,.T.);
#4517=ORIENTED_EDGE('',*,*,#3469,.F.);
#4518=ORIENTED_EDGE('',*,*,#3470,.F.);
#4519=ORIENTED_EDGE('',*,*,#3463,.T.);
#4520=ORIENTED_EDGE('',*,*,#3471,.F.);
#4521=ORIENTED_EDGE('',*,*,#3465,.T.);
#4522=ORIENTED_EDGE('',*,*,#3468,.F.);
#4523=ORIENTED_EDGE('',*,*,#3462,.T.);
#4524=ORIENTED_EDGE('',*,*,#3472,.F.);
#4525=ORIENTED_EDGE('',*,*,#3473,.F.);
#4526=ORIENTED_EDGE('',*,*,#3466,.T.);
#4527=ORIENTED_EDGE('',*,*,#3471,.T.);
#4528=ORIENTED_EDGE('',*,*,#3474,.F.);
#4529=ORIENTED_EDGE('',*,*,#3475,.F.);
#4530=ORIENTED_EDGE('',*,*,#3476,.F.);
#4531=ORIENTED_EDGE('',*,*,#3477,.F.);
#4532=ORIENTED_EDGE('',*,*,#3478,.F.);
#4533=ORIENTED_EDGE('',*,*,#3479,.F.);
#4534=ORIENTED_EDGE('',*,*,#3480,.F.);
#4535=ORIENTED_EDGE('',*,*,#3481,.F.);
#4536=ORIENTED_EDGE('',*,*,#3474,.T.);
#4537=ORIENTED_EDGE('',*,*,#3482,.T.);
#4538=ORIENTED_EDGE('',*,*,#3478,.T.);
#4539=ORIENTED_EDGE('',*,*,#3483,.F.);
#4540=ORIENTED_EDGE('',*,*,#3484,.F.);
#4541=ORIENTED_EDGE('',*,*,#3477,.T.);
#4542=ORIENTED_EDGE('',*,*,#3485,.F.);
#4543=ORIENTED_EDGE('',*,*,#3479,.T.);
#4544=ORIENTED_EDGE('',*,*,#3482,.F.);
#4545=ORIENTED_EDGE('',*,*,#3476,.T.);
#4546=ORIENTED_EDGE('',*,*,#3486,.F.);
#4547=ORIENTED_EDGE('',*,*,#3487,.F.);
#4548=ORIENTED_EDGE('',*,*,#3480,.T.);
#4549=ORIENTED_EDGE('',*,*,#3485,.T.);
#4550=ORIENTED_EDGE('',*,*,#3488,.F.);
#4551=ORIENTED_EDGE('',*,*,#3489,.F.);
#4552=ORIENTED_EDGE('',*,*,#3490,.F.);
#4553=ORIENTED_EDGE('',*,*,#3491,.F.);
#4554=ORIENTED_EDGE('',*,*,#3492,.F.);
#4555=ORIENTED_EDGE('',*,*,#3493,.F.);
#4556=ORIENTED_EDGE('',*,*,#3494,.F.);
#4557=ORIENTED_EDGE('',*,*,#3495,.F.);
#4558=ORIENTED_EDGE('',*,*,#3488,.T.);
#4559=ORIENTED_EDGE('',*,*,#3496,.T.);
#4560=ORIENTED_EDGE('',*,*,#3492,.T.);
#4561=ORIENTED_EDGE('',*,*,#3497,.F.);
#4562=ORIENTED_EDGE('',*,*,#3498,.F.);
#4563=ORIENTED_EDGE('',*,*,#3491,.T.);
#4564=ORIENTED_EDGE('',*,*,#3499,.F.);
#4565=ORIENTED_EDGE('',*,*,#3493,.T.);
#4566=ORIENTED_EDGE('',*,*,#3496,.F.);
#4567=ORIENTED_EDGE('',*,*,#3490,.T.);
#4568=ORIENTED_EDGE('',*,*,#3500,.F.);
#4569=ORIENTED_EDGE('',*,*,#3501,.F.);
#4570=ORIENTED_EDGE('',*,*,#3494,.T.);
#4571=ORIENTED_EDGE('',*,*,#3499,.T.);
#4572=ORIENTED_EDGE('',*,*,#3502,.F.);
#4573=ORIENTED_EDGE('',*,*,#3503,.T.);
#4574=ORIENTED_EDGE('',*,*,#3504,.F.);
#4575=ORIENTED_EDGE('',*,*,#3503,.F.);
#4576=ORIENTED_EDGE('',*,*,#3504,.T.);
#4577=ORIENTED_EDGE('',*,*,#3505,.F.);
#4578=ORIENTED_EDGE('',*,*,#3502,.T.);
#4579=ORIENTED_EDGE('',*,*,#3506,.F.);
#4580=ORIENTED_EDGE('',*,*,#3507,.T.);
#4581=ORIENTED_EDGE('',*,*,#3508,.T.);
#4582=ORIENTED_EDGE('',*,*,#3506,.T.);
#4583=ORIENTED_EDGE('',*,*,#3508,.F.);
#4584=ORIENTED_EDGE('',*,*,#3509,.F.);
#4585=ORIENTED_EDGE('',*,*,#3510,.T.);
#4586=ORIENTED_EDGE('',*,*,#3511,.F.);
#4587=ORIENTED_EDGE('',*,*,#3510,.F.);
#4588=ORIENTED_EDGE('',*,*,#3511,.T.);
#4589=ORIENTED_EDGE('',*,*,#3458,.F.);
#4590=ORIENTED_EDGE('',*,*,#3509,.T.);
#4591=ORIENTED_EDGE('',*,*,#3512,.F.);
#4592=ORIENTED_EDGE('',*,*,#3505,.T.);
#4593=ORIENTED_EDGE('',*,*,#3513,.T.);
#4594=ORIENTED_EDGE('',*,*,#3512,.T.);
#4595=ORIENTED_EDGE('',*,*,#3513,.F.);
#4596=ORIENTED_EDGE('',*,*,#3514,.F.);
#4597=ORIENTED_EDGE('',*,*,#3515,.F.);
#4598=ORIENTED_EDGE('',*,*,#3516,.F.);
#4599=ORIENTED_EDGE('',*,*,#3517,.F.);
#4600=ORIENTED_EDGE('',*,*,#3518,.F.);
#4601=ORIENTED_EDGE('',*,*,#3519,.F.);
#4602=ORIENTED_EDGE('',*,*,#3520,.F.);
#4603=ORIENTED_EDGE('',*,*,#3521,.F.);
#4604=ORIENTED_EDGE('',*,*,#3514,.T.);
#4605=ORIENTED_EDGE('',*,*,#3522,.T.);
#4606=ORIENTED_EDGE('',*,*,#3518,.T.);
#4607=ORIENTED_EDGE('',*,*,#3523,.F.);
#4608=ORIENTED_EDGE('',*,*,#3524,.F.);
#4609=ORIENTED_EDGE('',*,*,#3517,.T.);
#4610=ORIENTED_EDGE('',*,*,#3525,.F.);
#4611=ORIENTED_EDGE('',*,*,#3519,.T.);
#4612=ORIENTED_EDGE('',*,*,#3522,.F.);
#4613=ORIENTED_EDGE('',*,*,#3516,.T.);
#4614=ORIENTED_EDGE('',*,*,#3526,.F.);
#4615=ORIENTED_EDGE('',*,*,#3527,.F.);
#4616=ORIENTED_EDGE('',*,*,#3520,.T.);
#4617=ORIENTED_EDGE('',*,*,#3525,.T.);
#4618=ORIENTED_EDGE('',*,*,#3528,.F.);
#4619=ORIENTED_EDGE('',*,*,#3529,.F.);
#4620=ORIENTED_EDGE('',*,*,#3530,.F.);
#4621=ORIENTED_EDGE('',*,*,#3531,.F.);
#4622=ORIENTED_EDGE('',*,*,#3532,.F.);
#4623=ORIENTED_EDGE('',*,*,#3533,.F.);
#4624=ORIENTED_EDGE('',*,*,#3534,.F.);
#4625=ORIENTED_EDGE('',*,*,#3535,.F.);
#4626=ORIENTED_EDGE('',*,*,#3528,.T.);
#4627=ORIENTED_EDGE('',*,*,#3536,.T.);
#4628=ORIENTED_EDGE('',*,*,#3532,.T.);
#4629=ORIENTED_EDGE('',*,*,#3537,.F.);
#4630=ORIENTED_EDGE('',*,*,#3538,.F.);
#4631=ORIENTED_EDGE('',*,*,#3531,.T.);
#4632=ORIENTED_EDGE('',*,*,#3539,.F.);
#4633=ORIENTED_EDGE('',*,*,#3533,.T.);
#4634=ORIENTED_EDGE('',*,*,#3536,.F.);
#4635=ORIENTED_EDGE('',*,*,#3530,.T.);
#4636=ORIENTED_EDGE('',*,*,#3540,.F.);
#4637=ORIENTED_EDGE('',*,*,#3541,.F.);
#4638=ORIENTED_EDGE('',*,*,#3534,.T.);
#4639=ORIENTED_EDGE('',*,*,#3539,.T.);
#4640=ORIENTED_EDGE('',*,*,#3542,.F.);
#4641=ORIENTED_EDGE('',*,*,#3543,.F.);
#4642=ORIENTED_EDGE('',*,*,#3544,.F.);
#4643=ORIENTED_EDGE('',*,*,#3545,.F.);
#4644=ORIENTED_EDGE('',*,*,#3546,.F.);
#4645=ORIENTED_EDGE('',*,*,#3547,.F.);
#4646=ORIENTED_EDGE('',*,*,#3548,.F.);
#4647=ORIENTED_EDGE('',*,*,#3549,.F.);
#4648=ORIENTED_EDGE('',*,*,#3542,.T.);
#4649=ORIENTED_EDGE('',*,*,#3550,.T.);
#4650=ORIENTED_EDGE('',*,*,#3546,.T.);
#4651=ORIENTED_EDGE('',*,*,#3551,.F.);
#4652=ORIENTED_EDGE('',*,*,#3552,.F.);
#4653=ORIENTED_EDGE('',*,*,#3545,.T.);
#4654=ORIENTED_EDGE('',*,*,#3553,.F.);
#4655=ORIENTED_EDGE('',*,*,#3547,.T.);
#4656=ORIENTED_EDGE('',*,*,#3550,.F.);
#4657=ORIENTED_EDGE('',*,*,#3544,.T.);
#4658=ORIENTED_EDGE('',*,*,#3554,.F.);
#4659=ORIENTED_EDGE('',*,*,#3555,.F.);
#4660=ORIENTED_EDGE('',*,*,#3548,.T.);
#4661=ORIENTED_EDGE('',*,*,#3553,.T.);
#4662=ORIENTED_EDGE('',*,*,#3556,.F.);
#4663=ORIENTED_EDGE('',*,*,#3557,.F.);
#4664=ORIENTED_EDGE('',*,*,#3558,.F.);
#4665=ORIENTED_EDGE('',*,*,#3559,.F.);
#4666=ORIENTED_EDGE('',*,*,#3560,.F.);
#4667=ORIENTED_EDGE('',*,*,#3561,.F.);
#4668=ORIENTED_EDGE('',*,*,#3562,.F.);
#4669=ORIENTED_EDGE('',*,*,#3563,.F.);
#4670=ORIENTED_EDGE('',*,*,#3556,.T.);
#4671=ORIENTED_EDGE('',*,*,#3564,.T.);
#4672=ORIENTED_EDGE('',*,*,#3560,.T.);
#4673=ORIENTED_EDGE('',*,*,#3565,.F.);
#4674=ORIENTED_EDGE('',*,*,#3566,.F.);
#4675=ORIENTED_EDGE('',*,*,#3559,.T.);
#4676=ORIENTED_EDGE('',*,*,#3567,.F.);
#4677=ORIENTED_EDGE('',*,*,#3561,.T.);
#4678=ORIENTED_EDGE('',*,*,#3564,.F.);
#4679=ORIENTED_EDGE('',*,*,#3558,.T.);
#4680=ORIENTED_EDGE('',*,*,#3568,.F.);
#4681=ORIENTED_EDGE('',*,*,#3569,.F.);
#4682=ORIENTED_EDGE('',*,*,#3562,.T.);
#4683=ORIENTED_EDGE('',*,*,#3567,.T.);
#4684=ORIENTED_EDGE('',*,*,#3570,.F.);
#4685=ORIENTED_EDGE('',*,*,#3571,.F.);
#4686=ORIENTED_EDGE('',*,*,#3572,.F.);
#4687=ORIENTED_EDGE('',*,*,#3573,.F.);
#4688=ORIENTED_EDGE('',*,*,#3574,.F.);
#4689=ORIENTED_EDGE('',*,*,#3575,.F.);
#4690=ORIENTED_EDGE('',*,*,#3576,.F.);
#4691=ORIENTED_EDGE('',*,*,#3577,.F.);
#4692=ORIENTED_EDGE('',*,*,#3570,.T.);
#4693=ORIENTED_EDGE('',*,*,#3578,.T.);
#4694=ORIENTED_EDGE('',*,*,#3574,.T.);
#4695=ORIENTED_EDGE('',*,*,#3579,.F.);
#4696=ORIENTED_EDGE('',*,*,#3580,.F.);
#4697=ORIENTED_EDGE('',*,*,#3573,.T.);
#4698=ORIENTED_EDGE('',*,*,#3581,.F.);
#4699=ORIENTED_EDGE('',*,*,#3575,.T.);
#4700=ORIENTED_EDGE('',*,*,#3578,.F.);
#4701=ORIENTED_EDGE('',*,*,#3572,.T.);
#4702=ORIENTED_EDGE('',*,*,#3582,.F.);
#4703=ORIENTED_EDGE('',*,*,#3583,.F.);
#4704=ORIENTED_EDGE('',*,*,#3576,.T.);
#4705=ORIENTED_EDGE('',*,*,#3581,.T.);
#4706=ORIENTED_EDGE('',*,*,#3584,.F.);
#4707=ORIENTED_EDGE('',*,*,#3585,.F.);
#4708=ORIENTED_EDGE('',*,*,#3586,.F.);
#4709=ORIENTED_EDGE('',*,*,#3587,.F.);
#4710=ORIENTED_EDGE('',*,*,#3588,.F.);
#4711=ORIENTED_EDGE('',*,*,#3589,.F.);
#4712=ORIENTED_EDGE('',*,*,#3590,.F.);
#4713=ORIENTED_EDGE('',*,*,#3591,.F.);
#4714=ORIENTED_EDGE('',*,*,#3584,.T.);
#4715=ORIENTED_EDGE('',*,*,#3592,.T.);
#4716=ORIENTED_EDGE('',*,*,#3588,.T.);
#4717=ORIENTED_EDGE('',*,*,#3593,.F.);
#4718=ORIENTED_EDGE('',*,*,#3594,.F.);
#4719=ORIENTED_EDGE('',*,*,#3587,.T.);
#4720=ORIENTED_EDGE('',*,*,#3595,.F.);
#4721=ORIENTED_EDGE('',*,*,#3589,.T.);
#4722=ORIENTED_EDGE('',*,*,#3592,.F.);
#4723=ORIENTED_EDGE('',*,*,#3586,.T.);
#4724=ORIENTED_EDGE('',*,*,#3596,.F.);
#4725=ORIENTED_EDGE('',*,*,#3597,.F.);
#4726=ORIENTED_EDGE('',*,*,#3590,.T.);
#4727=ORIENTED_EDGE('',*,*,#3595,.T.);
#4728=ORIENTED_EDGE('',*,*,#3598,.F.);
#4729=ORIENTED_EDGE('',*,*,#3599,.F.);
#4730=ORIENTED_EDGE('',*,*,#3600,.F.);
#4731=ORIENTED_EDGE('',*,*,#3601,.F.);
#4732=ORIENTED_EDGE('',*,*,#3602,.F.);
#4733=ORIENTED_EDGE('',*,*,#3603,.F.);
#4734=ORIENTED_EDGE('',*,*,#3604,.F.);
#4735=ORIENTED_EDGE('',*,*,#3605,.F.);
#4736=ORIENTED_EDGE('',*,*,#3598,.T.);
#4737=ORIENTED_EDGE('',*,*,#3606,.T.);
#4738=ORIENTED_EDGE('',*,*,#3602,.T.);
#4739=ORIENTED_EDGE('',*,*,#3607,.F.);
#4740=ORIENTED_EDGE('',*,*,#3608,.F.);
#4741=ORIENTED_EDGE('',*,*,#3601,.T.);
#4742=ORIENTED_EDGE('',*,*,#3609,.F.);
#4743=ORIENTED_EDGE('',*,*,#3603,.T.);
#4744=ORIENTED_EDGE('',*,*,#3606,.F.);
#4745=ORIENTED_EDGE('',*,*,#3600,.T.);
#4746=ORIENTED_EDGE('',*,*,#3610,.F.);
#4747=ORIENTED_EDGE('',*,*,#3611,.F.);
#4748=ORIENTED_EDGE('',*,*,#3604,.T.);
#4749=ORIENTED_EDGE('',*,*,#3609,.T.);
#4750=ORIENTED_EDGE('',*,*,#3612,.F.);
#4751=ORIENTED_EDGE('',*,*,#3613,.F.);
#4752=ORIENTED_EDGE('',*,*,#3614,.F.);
#4753=ORIENTED_EDGE('',*,*,#3615,.F.);
#4754=ORIENTED_EDGE('',*,*,#3616,.F.);
#4755=ORIENTED_EDGE('',*,*,#3617,.F.);
#4756=ORIENTED_EDGE('',*,*,#3618,.F.);
#4757=ORIENTED_EDGE('',*,*,#3619,.F.);
#4758=ORIENTED_EDGE('',*,*,#3612,.T.);
#4759=ORIENTED_EDGE('',*,*,#3620,.T.);
#4760=ORIENTED_EDGE('',*,*,#3616,.T.);
#4761=ORIENTED_EDGE('',*,*,#3621,.F.);
#4762=ORIENTED_EDGE('',*,*,#3622,.F.);
#4763=ORIENTED_EDGE('',*,*,#3615,.T.);
#4764=ORIENTED_EDGE('',*,*,#3623,.F.);
#4765=ORIENTED_EDGE('',*,*,#3617,.T.);
#4766=ORIENTED_EDGE('',*,*,#3620,.F.);
#4767=ORIENTED_EDGE('',*,*,#3614,.T.);
#4768=ORIENTED_EDGE('',*,*,#3624,.F.);
#4769=ORIENTED_EDGE('',*,*,#3625,.F.);
#4770=ORIENTED_EDGE('',*,*,#3618,.T.);
#4771=ORIENTED_EDGE('',*,*,#3623,.T.);
#4772=ORIENTED_EDGE('',*,*,#3626,.F.);
#4773=ORIENTED_EDGE('',*,*,#3627,.F.);
#4774=ORIENTED_EDGE('',*,*,#3628,.F.);
#4775=ORIENTED_EDGE('',*,*,#3629,.F.);
#4776=ORIENTED_EDGE('',*,*,#3630,.F.);
#4777=ORIENTED_EDGE('',*,*,#3631,.F.);
#4778=ORIENTED_EDGE('',*,*,#3632,.F.);
#4779=ORIENTED_EDGE('',*,*,#3633,.F.);
#4780=ORIENTED_EDGE('',*,*,#3626,.T.);
#4781=ORIENTED_EDGE('',*,*,#3634,.T.);
#4782=ORIENTED_EDGE('',*,*,#3630,.T.);
#4783=ORIENTED_EDGE('',*,*,#3635,.F.);
#4784=ORIENTED_EDGE('',*,*,#3636,.F.);
#4785=ORIENTED_EDGE('',*,*,#3629,.T.);
#4786=ORIENTED_EDGE('',*,*,#3637,.F.);
#4787=ORIENTED_EDGE('',*,*,#3631,.T.);
#4788=ORIENTED_EDGE('',*,*,#3634,.F.);
#4789=ORIENTED_EDGE('',*,*,#3628,.T.);
#4790=ORIENTED_EDGE('',*,*,#3638,.F.);
#4791=ORIENTED_EDGE('',*,*,#3639,.F.);
#4792=ORIENTED_EDGE('',*,*,#3632,.T.);
#4793=ORIENTED_EDGE('',*,*,#3637,.T.);
#4794=ORIENTED_EDGE('',*,*,#3640,.F.);
#4795=ORIENTED_EDGE('',*,*,#3641,.F.);
#4796=ORIENTED_EDGE('',*,*,#3642,.F.);
#4797=ORIENTED_EDGE('',*,*,#3643,.F.);
#4798=ORIENTED_EDGE('',*,*,#3644,.F.);
#4799=ORIENTED_EDGE('',*,*,#3645,.F.);
#4800=ORIENTED_EDGE('',*,*,#3646,.F.);
#4801=ORIENTED_EDGE('',*,*,#3647,.F.);
#4802=ORIENTED_EDGE('',*,*,#3640,.T.);
#4803=ORIENTED_EDGE('',*,*,#3648,.T.);
#4804=ORIENTED_EDGE('',*,*,#3644,.T.);
#4805=ORIENTED_EDGE('',*,*,#3649,.F.);
#4806=ORIENTED_EDGE('',*,*,#3650,.F.);
#4807=ORIENTED_EDGE('',*,*,#3643,.T.);
#4808=ORIENTED_EDGE('',*,*,#3651,.F.);
#4809=ORIENTED_EDGE('',*,*,#3645,.T.);
#4810=ORIENTED_EDGE('',*,*,#3648,.F.);
#4811=ORIENTED_EDGE('',*,*,#3642,.T.);
#4812=ORIENTED_EDGE('',*,*,#3652,.F.);
#4813=ORIENTED_EDGE('',*,*,#3653,.F.);
#4814=ORIENTED_EDGE('',*,*,#3646,.T.);
#4815=ORIENTED_EDGE('',*,*,#3651,.T.);
#4816=ORIENTED_EDGE('',*,*,#3654,.F.);
#4817=ORIENTED_EDGE('',*,*,#3655,.F.);
#4818=ORIENTED_EDGE('',*,*,#3656,.F.);
#4819=ORIENTED_EDGE('',*,*,#3657,.F.);
#4820=ORIENTED_EDGE('',*,*,#3658,.F.);
#4821=ORIENTED_EDGE('',*,*,#3659,.F.);
#4822=ORIENTED_EDGE('',*,*,#3660,.F.);
#4823=ORIENTED_EDGE('',*,*,#3661,.F.);
#4824=ORIENTED_EDGE('',*,*,#3654,.T.);
#4825=ORIENTED_EDGE('',*,*,#3662,.T.);
#4826=ORIENTED_EDGE('',*,*,#3658,.T.);
#4827=ORIENTED_EDGE('',*,*,#3663,.F.);
#4828=ORIENTED_EDGE('',*,*,#3664,.F.);
#4829=ORIENTED_EDGE('',*,*,#3657,.T.);
#4830=ORIENTED_EDGE('',*,*,#3665,.F.);
#4831=ORIENTED_EDGE('',*,*,#3659,.T.);
#4832=ORIENTED_EDGE('',*,*,#3662,.F.);
#4833=ORIENTED_EDGE('',*,*,#3656,.T.);
#4834=ORIENTED_EDGE('',*,*,#3666,.F.);
#4835=ORIENTED_EDGE('',*,*,#3667,.F.);
#4836=ORIENTED_EDGE('',*,*,#3660,.T.);
#4837=ORIENTED_EDGE('',*,*,#3665,.T.);
#4838=ORIENTED_EDGE('',*,*,#3668,.F.);
#4839=ORIENTED_EDGE('',*,*,#3669,.F.);
#4840=ORIENTED_EDGE('',*,*,#3670,.F.);
#4841=ORIENTED_EDGE('',*,*,#3671,.F.);
#4842=ORIENTED_EDGE('',*,*,#3672,.F.);
#4843=ORIENTED_EDGE('',*,*,#3673,.F.);
#4844=ORIENTED_EDGE('',*,*,#3674,.F.);
#4845=ORIENTED_EDGE('',*,*,#3675,.F.);
#4846=ORIENTED_EDGE('',*,*,#3668,.T.);
#4847=ORIENTED_EDGE('',*,*,#3676,.T.);
#4848=ORIENTED_EDGE('',*,*,#3672,.T.);
#4849=ORIENTED_EDGE('',*,*,#3677,.F.);
#4850=ORIENTED_EDGE('',*,*,#3678,.F.);
#4851=ORIENTED_EDGE('',*,*,#3671,.T.);
#4852=ORIENTED_EDGE('',*,*,#3679,.F.);
#4853=ORIENTED_EDGE('',*,*,#3673,.T.);
#4854=ORIENTED_EDGE('',*,*,#3676,.F.);
#4855=ORIENTED_EDGE('',*,*,#3670,.T.);
#4856=ORIENTED_EDGE('',*,*,#3680,.F.);
#4857=ORIENTED_EDGE('',*,*,#3681,.F.);
#4858=ORIENTED_EDGE('',*,*,#3674,.T.);
#4859=ORIENTED_EDGE('',*,*,#3679,.T.);
#4860=ORIENTED_EDGE('',*,*,#3682,.F.);
#4861=ORIENTED_EDGE('',*,*,#3683,.F.);
#4862=ORIENTED_EDGE('',*,*,#3684,.F.);
#4863=ORIENTED_EDGE('',*,*,#3685,.F.);
#4864=ORIENTED_EDGE('',*,*,#3686,.F.);
#4865=ORIENTED_EDGE('',*,*,#3687,.F.);
#4866=ORIENTED_EDGE('',*,*,#3688,.F.);
#4867=ORIENTED_EDGE('',*,*,#3689,.F.);
#4868=ORIENTED_EDGE('',*,*,#3682,.T.);
#4869=ORIENTED_EDGE('',*,*,#3690,.T.);
#4870=ORIENTED_EDGE('',*,*,#3686,.T.);
#4871=ORIENTED_EDGE('',*,*,#3691,.F.);
#4872=ORIENTED_EDGE('',*,*,#3692,.F.);
#4873=ORIENTED_EDGE('',*,*,#3685,.T.);
#4874=ORIENTED_EDGE('',*,*,#3693,.F.);
#4875=ORIENTED_EDGE('',*,*,#3687,.T.);
#4876=ORIENTED_EDGE('',*,*,#3690,.F.);
#4877=ORIENTED_EDGE('',*,*,#3684,.T.);
#4878=ORIENTED_EDGE('',*,*,#3694,.F.);
#4879=ORIENTED_EDGE('',*,*,#3695,.F.);
#4880=ORIENTED_EDGE('',*,*,#3688,.T.);
#4881=ORIENTED_EDGE('',*,*,#3693,.T.);
#4882=ORIENTED_EDGE('',*,*,#3696,.F.);
#4883=ORIENTED_EDGE('',*,*,#3697,.F.);
#4884=ORIENTED_EDGE('',*,*,#3698,.F.);
#4885=ORIENTED_EDGE('',*,*,#3699,.F.);
#4886=ORIENTED_EDGE('',*,*,#3700,.F.);
#4887=ORIENTED_EDGE('',*,*,#3701,.F.);
#4888=ORIENTED_EDGE('',*,*,#3702,.F.);
#4889=ORIENTED_EDGE('',*,*,#3703,.F.);
#4890=ORIENTED_EDGE('',*,*,#3696,.T.);
#4891=ORIENTED_EDGE('',*,*,#3704,.T.);
#4892=ORIENTED_EDGE('',*,*,#3700,.T.);
#4893=ORIENTED_EDGE('',*,*,#3705,.F.);
#4894=ORIENTED_EDGE('',*,*,#3706,.F.);
#4895=ORIENTED_EDGE('',*,*,#3699,.T.);
#4896=ORIENTED_EDGE('',*,*,#3707,.F.);
#4897=ORIENTED_EDGE('',*,*,#3701,.T.);
#4898=ORIENTED_EDGE('',*,*,#3704,.F.);
#4899=ORIENTED_EDGE('',*,*,#3698,.T.);
#4900=ORIENTED_EDGE('',*,*,#3708,.F.);
#4901=ORIENTED_EDGE('',*,*,#3709,.F.);
#4902=ORIENTED_EDGE('',*,*,#3702,.T.);
#4903=ORIENTED_EDGE('',*,*,#3707,.T.);
#4904=ORIENTED_EDGE('',*,*,#3710,.F.);
#4905=ORIENTED_EDGE('',*,*,#3711,.F.);
#4906=ORIENTED_EDGE('',*,*,#3712,.F.);
#4907=ORIENTED_EDGE('',*,*,#3713,.F.);
#4908=ORIENTED_EDGE('',*,*,#3714,.F.);
#4909=ORIENTED_EDGE('',*,*,#3715,.F.);
#4910=ORIENTED_EDGE('',*,*,#3716,.F.);
#4911=ORIENTED_EDGE('',*,*,#3717,.F.);
#4912=ORIENTED_EDGE('',*,*,#3710,.T.);
#4913=ORIENTED_EDGE('',*,*,#3718,.T.);
#4914=ORIENTED_EDGE('',*,*,#3714,.T.);
#4915=ORIENTED_EDGE('',*,*,#3719,.F.);
#4916=ORIENTED_EDGE('',*,*,#3720,.F.);
#4917=ORIENTED_EDGE('',*,*,#3713,.T.);
#4918=ORIENTED_EDGE('',*,*,#3721,.F.);
#4919=ORIENTED_EDGE('',*,*,#3715,.T.);
#4920=ORIENTED_EDGE('',*,*,#3718,.F.);
#4921=ORIENTED_EDGE('',*,*,#3712,.T.);
#4922=ORIENTED_EDGE('',*,*,#3722,.F.);
#4923=ORIENTED_EDGE('',*,*,#3723,.F.);
#4924=ORIENTED_EDGE('',*,*,#3716,.T.);
#4925=ORIENTED_EDGE('',*,*,#3721,.T.);
#4926=ORIENTED_EDGE('',*,*,#3724,.F.);
#4927=ORIENTED_EDGE('',*,*,#3725,.F.);
#4928=ORIENTED_EDGE('',*,*,#3726,.F.);
#4929=ORIENTED_EDGE('',*,*,#3727,.F.);
#4930=ORIENTED_EDGE('',*,*,#3728,.F.);
#4931=ORIENTED_EDGE('',*,*,#3729,.F.);
#4932=ORIENTED_EDGE('',*,*,#3730,.F.);
#4933=ORIENTED_EDGE('',*,*,#3731,.F.);
#4934=ORIENTED_EDGE('',*,*,#3724,.T.);
#4935=ORIENTED_EDGE('',*,*,#3732,.T.);
#4936=ORIENTED_EDGE('',*,*,#3728,.T.);
#4937=ORIENTED_EDGE('',*,*,#3733,.F.);
#4938=ORIENTED_EDGE('',*,*,#3734,.F.);
#4939=ORIENTED_EDGE('',*,*,#3727,.T.);
#4940=ORIENTED_EDGE('',*,*,#3735,.F.);
#4941=ORIENTED_EDGE('',*,*,#3729,.T.);
#4942=ORIENTED_EDGE('',*,*,#3732,.F.);
#4943=ORIENTED_EDGE('',*,*,#3726,.T.);
#4944=ORIENTED_EDGE('',*,*,#3736,.F.);
#4945=ORIENTED_EDGE('',*,*,#3737,.F.);
#4946=ORIENTED_EDGE('',*,*,#3730,.T.);
#4947=ORIENTED_EDGE('',*,*,#3735,.T.);
#4948=ORIENTED_EDGE('',*,*,#3738,.F.);
#4949=ORIENTED_EDGE('',*,*,#3739,.F.);
#4950=ORIENTED_EDGE('',*,*,#3740,.F.);
#4951=ORIENTED_EDGE('',*,*,#3741,.F.);
#4952=ORIENTED_EDGE('',*,*,#3742,.F.);
#4953=ORIENTED_EDGE('',*,*,#3743,.F.);
#4954=ORIENTED_EDGE('',*,*,#3744,.F.);
#4955=ORIENTED_EDGE('',*,*,#3745,.F.);
#4956=ORIENTED_EDGE('',*,*,#3738,.T.);
#4957=ORIENTED_EDGE('',*,*,#3746,.T.);
#4958=ORIENTED_EDGE('',*,*,#3742,.T.);
#4959=ORIENTED_EDGE('',*,*,#3747,.F.);
#4960=ORIENTED_EDGE('',*,*,#3748,.F.);
#4961=ORIENTED_EDGE('',*,*,#3741,.T.);
#4962=ORIENTED_EDGE('',*,*,#3749,.F.);
#4963=ORIENTED_EDGE('',*,*,#3743,.T.);
#4964=ORIENTED_EDGE('',*,*,#3746,.F.);
#4965=ORIENTED_EDGE('',*,*,#3740,.T.);
#4966=ORIENTED_EDGE('',*,*,#3750,.F.);
#4967=ORIENTED_EDGE('',*,*,#3751,.F.);
#4968=ORIENTED_EDGE('',*,*,#3744,.T.);
#4969=ORIENTED_EDGE('',*,*,#3749,.T.);
#4970=ORIENTED_EDGE('',*,*,#3752,.F.);
#4971=ORIENTED_EDGE('',*,*,#3753,.F.);
#4972=ORIENTED_EDGE('',*,*,#3754,.F.);
#4973=ORIENTED_EDGE('',*,*,#3755,.F.);
#4974=ORIENTED_EDGE('',*,*,#3756,.F.);
#4975=ORIENTED_EDGE('',*,*,#3757,.F.);
#4976=ORIENTED_EDGE('',*,*,#3758,.F.);
#4977=ORIENTED_EDGE('',*,*,#3759,.F.);
#4978=ORIENTED_EDGE('',*,*,#3752,.T.);
#4979=ORIENTED_EDGE('',*,*,#3760,.T.);
#4980=ORIENTED_EDGE('',*,*,#3756,.T.);
#4981=ORIENTED_EDGE('',*,*,#3761,.F.);
#4982=ORIENTED_EDGE('',*,*,#3762,.F.);
#4983=ORIENTED_EDGE('',*,*,#3755,.T.);
#4984=ORIENTED_EDGE('',*,*,#3763,.F.);
#4985=ORIENTED_EDGE('',*,*,#3757,.T.);
#4986=ORIENTED_EDGE('',*,*,#3760,.F.);
#4987=ORIENTED_EDGE('',*,*,#3754,.T.);
#4988=ORIENTED_EDGE('',*,*,#3764,.F.);
#4989=ORIENTED_EDGE('',*,*,#3765,.F.);
#4990=ORIENTED_EDGE('',*,*,#3758,.T.);
#4991=ORIENTED_EDGE('',*,*,#3763,.T.);
#4992=ORIENTED_EDGE('',*,*,#3766,.F.);
#4993=ORIENTED_EDGE('',*,*,#3767,.F.);
#4994=ORIENTED_EDGE('',*,*,#3768,.F.);
#4995=ORIENTED_EDGE('',*,*,#3769,.F.);
#4996=ORIENTED_EDGE('',*,*,#3770,.F.);
#4997=ORIENTED_EDGE('',*,*,#3771,.F.);
#4998=ORIENTED_EDGE('',*,*,#3772,.F.);
#4999=ORIENTED_EDGE('',*,*,#3773,.F.);
#5000=ORIENTED_EDGE('',*,*,#3766,.T.);
#5001=ORIENTED_EDGE('',*,*,#3774,.T.);
#5002=ORIENTED_EDGE('',*,*,#3770,.T.);
#5003=ORIENTED_EDGE('',*,*,#3775,.F.);
#5004=ORIENTED_EDGE('',*,*,#3776,.F.);
#5005=ORIENTED_EDGE('',*,*,#3769,.T.);
#5006=ORIENTED_EDGE('',*,*,#3777,.F.);
#5007=ORIENTED_EDGE('',*,*,#3771,.T.);
#5008=ORIENTED_EDGE('',*,*,#3774,.F.);
#5009=ORIENTED_EDGE('',*,*,#3768,.T.);
#5010=ORIENTED_EDGE('',*,*,#3778,.F.);
#5011=ORIENTED_EDGE('',*,*,#3779,.F.);
#5012=ORIENTED_EDGE('',*,*,#3772,.T.);
#5013=ORIENTED_EDGE('',*,*,#3777,.T.);
#5014=ORIENTED_EDGE('',*,*,#3780,.F.);
#5015=ORIENTED_EDGE('',*,*,#3781,.F.);
#5016=ORIENTED_EDGE('',*,*,#3782,.F.);
#5017=ORIENTED_EDGE('',*,*,#3783,.F.);
#5018=ORIENTED_EDGE('',*,*,#3784,.F.);
#5019=ORIENTED_EDGE('',*,*,#3785,.F.);
#5020=ORIENTED_EDGE('',*,*,#3786,.F.);
#5021=ORIENTED_EDGE('',*,*,#3787,.F.);
#5022=ORIENTED_EDGE('',*,*,#3780,.T.);
#5023=ORIENTED_EDGE('',*,*,#3788,.T.);
#5024=ORIENTED_EDGE('',*,*,#3784,.T.);
#5025=ORIENTED_EDGE('',*,*,#3789,.F.);
#5026=ORIENTED_EDGE('',*,*,#3790,.F.);
#5027=ORIENTED_EDGE('',*,*,#3783,.T.);
#5028=ORIENTED_EDGE('',*,*,#3791,.F.);
#5029=ORIENTED_EDGE('',*,*,#3785,.T.);
#5030=ORIENTED_EDGE('',*,*,#3788,.F.);
#5031=ORIENTED_EDGE('',*,*,#3782,.T.);
#5032=ORIENTED_EDGE('',*,*,#3792,.F.);
#5033=ORIENTED_EDGE('',*,*,#3793,.F.);
#5034=ORIENTED_EDGE('',*,*,#3786,.T.);
#5035=ORIENTED_EDGE('',*,*,#3791,.T.);
#5036=ORIENTED_EDGE('',*,*,#3794,.F.);
#5037=ORIENTED_EDGE('',*,*,#3795,.F.);
#5038=ORIENTED_EDGE('',*,*,#3796,.F.);
#5039=ORIENTED_EDGE('',*,*,#3797,.F.);
#5040=ORIENTED_EDGE('',*,*,#3798,.F.);
#5041=ORIENTED_EDGE('',*,*,#3799,.F.);
#5042=ORIENTED_EDGE('',*,*,#3800,.F.);
#5043=ORIENTED_EDGE('',*,*,#3801,.F.);
#5044=ORIENTED_EDGE('',*,*,#3794,.T.);
#5045=ORIENTED_EDGE('',*,*,#3802,.T.);
#5046=ORIENTED_EDGE('',*,*,#3798,.T.);
#5047=ORIENTED_EDGE('',*,*,#3803,.F.);
#5048=ORIENTED_EDGE('',*,*,#3804,.F.);
#5049=ORIENTED_EDGE('',*,*,#3797,.T.);
#5050=ORIENTED_EDGE('',*,*,#3805,.F.);
#5051=ORIENTED_EDGE('',*,*,#3799,.T.);
#5052=ORIENTED_EDGE('',*,*,#3802,.F.);
#5053=ORIENTED_EDGE('',*,*,#3796,.T.);
#5054=ORIENTED_EDGE('',*,*,#3806,.F.);
#5055=ORIENTED_EDGE('',*,*,#3807,.F.);
#5056=ORIENTED_EDGE('',*,*,#3800,.T.);
#5057=ORIENTED_EDGE('',*,*,#3805,.T.);
#5058=ORIENTED_EDGE('',*,*,#3808,.F.);
#5059=ORIENTED_EDGE('',*,*,#3809,.F.);
#5060=ORIENTED_EDGE('',*,*,#3810,.F.);
#5061=ORIENTED_EDGE('',*,*,#3811,.F.);
#5062=ORIENTED_EDGE('',*,*,#3812,.F.);
#5063=ORIENTED_EDGE('',*,*,#3813,.F.);
#5064=ORIENTED_EDGE('',*,*,#3814,.F.);
#5065=ORIENTED_EDGE('',*,*,#3815,.F.);
#5066=ORIENTED_EDGE('',*,*,#3808,.T.);
#5067=ORIENTED_EDGE('',*,*,#3816,.T.);
#5068=ORIENTED_EDGE('',*,*,#3812,.T.);
#5069=ORIENTED_EDGE('',*,*,#3817,.F.);
#5070=ORIENTED_EDGE('',*,*,#3818,.F.);
#5071=ORIENTED_EDGE('',*,*,#3811,.T.);
#5072=ORIENTED_EDGE('',*,*,#3819,.F.);
#5073=ORIENTED_EDGE('',*,*,#3813,.T.);
#5074=ORIENTED_EDGE('',*,*,#3816,.F.);
#5075=ORIENTED_EDGE('',*,*,#3810,.T.);
#5076=ORIENTED_EDGE('',*,*,#3820,.F.);
#5077=ORIENTED_EDGE('',*,*,#3821,.F.);
#5078=ORIENTED_EDGE('',*,*,#3814,.T.);
#5079=ORIENTED_EDGE('',*,*,#3819,.T.);
#5080=ORIENTED_EDGE('',*,*,#3822,.F.);
#5081=ORIENTED_EDGE('',*,*,#3823,.F.);
#5082=ORIENTED_EDGE('',*,*,#3824,.F.);
#5083=ORIENTED_EDGE('',*,*,#3825,.F.);
#5084=ORIENTED_EDGE('',*,*,#3826,.F.);
#5085=ORIENTED_EDGE('',*,*,#3827,.F.);
#5086=ORIENTED_EDGE('',*,*,#3828,.F.);
#5087=ORIENTED_EDGE('',*,*,#3829,.F.);
#5088=ORIENTED_EDGE('',*,*,#3822,.T.);
#5089=ORIENTED_EDGE('',*,*,#3830,.T.);
#5090=ORIENTED_EDGE('',*,*,#3826,.T.);
#5091=ORIENTED_EDGE('',*,*,#3831,.F.);
#5092=ORIENTED_EDGE('',*,*,#3832,.F.);
#5093=ORIENTED_EDGE('',*,*,#3825,.T.);
#5094=ORIENTED_EDGE('',*,*,#3833,.F.);
#5095=ORIENTED_EDGE('',*,*,#3827,.T.);
#5096=ORIENTED_EDGE('',*,*,#3830,.F.);
#5097=ORIENTED_EDGE('',*,*,#3824,.T.);
#5098=ORIENTED_EDGE('',*,*,#3834,.F.);
#5099=ORIENTED_EDGE('',*,*,#3835,.F.);
#5100=ORIENTED_EDGE('',*,*,#3828,.T.);
#5101=ORIENTED_EDGE('',*,*,#3833,.T.);
#5102=ORIENTED_EDGE('',*,*,#3836,.F.);
#5103=ORIENTED_EDGE('',*,*,#3837,.F.);
#5104=ORIENTED_EDGE('',*,*,#3838,.F.);
#5105=ORIENTED_EDGE('',*,*,#3839,.F.);
#5106=ORIENTED_EDGE('',*,*,#3840,.F.);
#5107=ORIENTED_EDGE('',*,*,#3841,.F.);
#5108=ORIENTED_EDGE('',*,*,#3842,.F.);
#5109=ORIENTED_EDGE('',*,*,#3843,.F.);
#5110=ORIENTED_EDGE('',*,*,#3836,.T.);
#5111=ORIENTED_EDGE('',*,*,#3844,.T.);
#5112=ORIENTED_EDGE('',*,*,#3840,.T.);
#5113=ORIENTED_EDGE('',*,*,#3845,.F.);
#5114=ORIENTED_EDGE('',*,*,#3846,.F.);
#5115=ORIENTED_EDGE('',*,*,#3839,.T.);
#5116=ORIENTED_EDGE('',*,*,#3847,.F.);
#5117=ORIENTED_EDGE('',*,*,#3841,.T.);
#5118=ORIENTED_EDGE('',*,*,#3844,.F.);
#5119=ORIENTED_EDGE('',*,*,#3838,.T.);
#5120=ORIENTED_EDGE('',*,*,#3848,.F.);
#5121=ORIENTED_EDGE('',*,*,#3849,.F.);
#5122=ORIENTED_EDGE('',*,*,#3842,.T.);
#5123=ORIENTED_EDGE('',*,*,#3847,.T.);
#5124=ORIENTED_EDGE('',*,*,#3850,.F.);
#5125=ORIENTED_EDGE('',*,*,#3851,.F.);
#5126=ORIENTED_EDGE('',*,*,#3852,.F.);
#5127=ORIENTED_EDGE('',*,*,#3853,.F.);
#5128=ORIENTED_EDGE('',*,*,#3854,.F.);
#5129=ORIENTED_EDGE('',*,*,#3855,.F.);
#5130=ORIENTED_EDGE('',*,*,#3856,.F.);
#5131=ORIENTED_EDGE('',*,*,#3857,.F.);
#5132=ORIENTED_EDGE('',*,*,#3850,.T.);
#5133=ORIENTED_EDGE('',*,*,#3858,.T.);
#5134=ORIENTED_EDGE('',*,*,#3854,.T.);
#5135=ORIENTED_EDGE('',*,*,#3859,.F.);
#5136=ORIENTED_EDGE('',*,*,#3860,.F.);
#5137=ORIENTED_EDGE('',*,*,#3853,.T.);
#5138=ORIENTED_EDGE('',*,*,#3861,.F.);
#5139=ORIENTED_EDGE('',*,*,#3855,.T.);
#5140=ORIENTED_EDGE('',*,*,#3858,.F.);
#5141=ORIENTED_EDGE('',*,*,#3852,.T.);
#5142=ORIENTED_EDGE('',*,*,#3862,.F.);
#5143=ORIENTED_EDGE('',*,*,#3863,.F.);
#5144=ORIENTED_EDGE('',*,*,#3856,.T.);
#5145=ORIENTED_EDGE('',*,*,#3861,.T.);
#5146=ORIENTED_EDGE('',*,*,#3864,.F.);
#5147=ORIENTED_EDGE('',*,*,#3865,.T.);
#5148=ORIENTED_EDGE('',*,*,#3866,.F.);
#5149=ORIENTED_EDGE('',*,*,#3865,.F.);
#5150=ORIENTED_EDGE('',*,*,#3866,.T.);
#5151=ORIENTED_EDGE('',*,*,#3507,.F.);
#5152=ORIENTED_EDGE('',*,*,#3864,.T.);
#5153=ORIENTED_EDGE('',*,*,#3867,.F.);
#5154=ORIENTED_EDGE('',*,*,#3868,.T.);
#5155=ORIENTED_EDGE('',*,*,#3869,.T.);
#5156=ORIENTED_EDGE('',*,*,#3867,.T.);
#5157=ORIENTED_EDGE('',*,*,#3869,.F.);
#5158=ORIENTED_EDGE('',*,*,#3870,.F.);
#5159=ORIENTED_EDGE('',*,*,#3871,.T.);
#5160=ORIENTED_EDGE('',*,*,#3872,.F.);
#5161=ORIENTED_EDGE('',*,*,#3871,.F.);
#5162=ORIENTED_EDGE('',*,*,#3872,.T.);
#5163=ORIENTED_EDGE('',*,*,#3868,.F.);
#5164=ORIENTED_EDGE('',*,*,#3870,.T.);
#5165=ORIENTED_EDGE('',*,*,#3873,.F.);
#5166=ORIENTED_EDGE('',*,*,#3874,.T.);
#5167=ORIENTED_EDGE('',*,*,#3875,.T.);
#5168=ORIENTED_EDGE('',*,*,#3873,.T.);
#5169=ORIENTED_EDGE('',*,*,#3875,.F.);
#5170=ORIENTED_EDGE('',*,*,#3876,.F.);
#5171=ORIENTED_EDGE('',*,*,#3877,.T.);
#5172=ORIENTED_EDGE('',*,*,#3878,.F.);
#5173=ORIENTED_EDGE('',*,*,#3877,.F.);
#5174=ORIENTED_EDGE('',*,*,#3878,.T.);
#5175=ORIENTED_EDGE('',*,*,#3874,.F.);
#5176=ORIENTED_EDGE('',*,*,#3876,.T.);
#5177=ORIENTED_EDGE('',*,*,#3879,.F.);
#5178=ORIENTED_EDGE('',*,*,#3880,.F.);
#5179=ORIENTED_EDGE('',*,*,#3881,.T.);
#5180=ORIENTED_EDGE('',*,*,#3879,.T.);
#5181=ORIENTED_EDGE('',*,*,#3881,.F.);
#5182=ORIENTED_EDGE('',*,*,#3436,.T.);
#5183=ORIENTED_EDGE('',*,*,#3882,.F.);
#5184=ORIENTED_EDGE('',*,*,#3883,.F.);
#5185=ORIENTED_EDGE('',*,*,#3884,.T.);
#5186=ORIENTED_EDGE('',*,*,#3885,.F.);
#5187=ORIENTED_EDGE('',*,*,#3884,.F.);
#5188=ORIENTED_EDGE('',*,*,#3885,.T.);
#5189=ORIENTED_EDGE('',*,*,#3886,.F.);
#5190=ORIENTED_EDGE('',*,*,#3883,.T.);
#5191=ORIENTED_EDGE('',*,*,#3887,.F.);
#5192=ORIENTED_EDGE('',*,*,#3888,.T.);
#5193=ORIENTED_EDGE('',*,*,#3889,.T.);
#5194=ORIENTED_EDGE('',*,*,#3887,.T.);
#5195=ORIENTED_EDGE('',*,*,#3889,.F.);
#5196=ORIENTED_EDGE('',*,*,#3890,.F.);
#5197=ORIENTED_EDGE('',*,*,#3891,.T.);
#5198=ORIENTED_EDGE('',*,*,#3892,.F.);
#5199=ORIENTED_EDGE('',*,*,#3891,.F.);
#5200=ORIENTED_EDGE('',*,*,#3892,.T.);
#5201=ORIENTED_EDGE('',*,*,#3893,.F.);
#5202=ORIENTED_EDGE('',*,*,#3890,.T.);
#5203=ORIENTED_EDGE('',*,*,#3894,.F.);
#5204=ORIENTED_EDGE('',*,*,#3886,.T.);
#5205=ORIENTED_EDGE('',*,*,#3895,.T.);
#5206=ORIENTED_EDGE('',*,*,#3894,.T.);
#5207=ORIENTED_EDGE('',*,*,#3895,.F.);
#5208=ORIENTED_EDGE('',*,*,#3896,.F.);
#5209=ORIENTED_EDGE('',*,*,#3897,.T.);
#5210=ORIENTED_EDGE('',*,*,#3898,.F.);
#5211=ORIENTED_EDGE('',*,*,#3897,.F.);
#5212=ORIENTED_EDGE('',*,*,#3898,.T.);
#5213=ORIENTED_EDGE('',*,*,#3899,.F.);
#5214=ORIENTED_EDGE('',*,*,#3896,.T.);
#5215=ORIENTED_EDGE('',*,*,#3900,.F.);
#5216=ORIENTED_EDGE('',*,*,#3901,.T.);
#5217=ORIENTED_EDGE('',*,*,#3902,.T.);
#5218=ORIENTED_EDGE('',*,*,#3900,.T.);
#5219=ORIENTED_EDGE('',*,*,#3902,.F.);
#5220=ORIENTED_EDGE('',*,*,#3903,.F.);
#5221=ORIENTED_EDGE('',*,*,#3904,.T.);
#5222=ORIENTED_EDGE('',*,*,#3905,.F.);
#5223=ORIENTED_EDGE('',*,*,#3904,.F.);
#5224=ORIENTED_EDGE('',*,*,#3905,.T.);
#5225=ORIENTED_EDGE('',*,*,#3906,.F.);
#5226=ORIENTED_EDGE('',*,*,#3903,.T.);
#5227=ORIENTED_EDGE('',*,*,#3907,.F.);
#5228=ORIENTED_EDGE('',*,*,#3456,.T.);
#5229=ORIENTED_EDGE('',*,*,#3908,.T.);
#5230=ORIENTED_EDGE('',*,*,#3500,.T.);
#5231=ORIENTED_EDGE('',*,*,#3489,.T.);
#5232=ORIENTED_EDGE('',*,*,#3498,.T.);
#5233=ORIENTED_EDGE('',*,*,#3909,.T.);
#5234=ORIENTED_EDGE('',*,*,#3472,.T.);
#5235=ORIENTED_EDGE('',*,*,#3461,.T.);
#5236=ORIENTED_EDGE('',*,*,#3470,.T.);
#5237=ORIENTED_EDGE('',*,*,#3910,.T.);
#5238=ORIENTED_EDGE('',*,*,#3526,.T.);
#5239=ORIENTED_EDGE('',*,*,#3515,.T.);
#5240=ORIENTED_EDGE('',*,*,#3524,.T.);
#5241=ORIENTED_EDGE('',*,*,#3911,.T.);
#5242=ORIENTED_EDGE('',*,*,#3486,.T.);
#5243=ORIENTED_EDGE('',*,*,#3475,.T.);
#5244=ORIENTED_EDGE('',*,*,#3484,.T.);
#5245=ORIENTED_EDGE('',*,*,#3912,.T.);
#5246=ORIENTED_EDGE('',*,*,#3451,.T.);
#5247=ORIENTED_EDGE('',*,*,#3440,.T.);
#5248=ORIENTED_EDGE('',*,*,#3449,.T.);
#5249=ORIENTED_EDGE('',*,*,#3913,.T.);
#5250=ORIENTED_EDGE('',*,*,#3834,.T.);
#5251=ORIENTED_EDGE('',*,*,#3823,.T.);
#5252=ORIENTED_EDGE('',*,*,#3832,.T.);
#5253=ORIENTED_EDGE('',*,*,#3914,.T.);
#5254=ORIENTED_EDGE('',*,*,#3848,.T.);
#5255=ORIENTED_EDGE('',*,*,#3837,.T.);
#5256=ORIENTED_EDGE('',*,*,#3846,.T.);
#5257=ORIENTED_EDGE('',*,*,#3915,.T.);
#5258=ORIENTED_EDGE('',*,*,#3764,.T.);
#5259=ORIENTED_EDGE('',*,*,#3753,.T.);
#5260=ORIENTED_EDGE('',*,*,#3762,.T.);
#5261=ORIENTED_EDGE('',*,*,#3916,.T.);
#5262=ORIENTED_EDGE('',*,*,#3778,.T.);
#5263=ORIENTED_EDGE('',*,*,#3767,.T.);
#5264=ORIENTED_EDGE('',*,*,#3776,.T.);
#5265=ORIENTED_EDGE('',*,*,#3917,.T.);
#5266=ORIENTED_EDGE('',*,*,#3862,.T.);
#5267=ORIENTED_EDGE('',*,*,#3851,.T.);
#5268=ORIENTED_EDGE('',*,*,#3860,.T.);
#5269=ORIENTED_EDGE('',*,*,#3918,.T.);
#5270=ORIENTED_EDGE('',*,*,#3792,.T.);
#5271=ORIENTED_EDGE('',*,*,#3781,.T.);
#5272=ORIENTED_EDGE('',*,*,#3790,.T.);
#5273=ORIENTED_EDGE('',*,*,#3919,.T.);
#5274=ORIENTED_EDGE('',*,*,#3806,.T.);
#5275=ORIENTED_EDGE('',*,*,#3795,.T.);
#5276=ORIENTED_EDGE('',*,*,#3804,.T.);
#5277=ORIENTED_EDGE('',*,*,#3920,.T.);
#5278=ORIENTED_EDGE('',*,*,#3820,.T.);
#5279=ORIENTED_EDGE('',*,*,#3809,.T.);
#5280=ORIENTED_EDGE('',*,*,#3818,.T.);
#5281=ORIENTED_EDGE('',*,*,#3921,.T.);
#5282=ORIENTED_EDGE('',*,*,#3922,.T.);
#5283=ORIENTED_EDGE('',*,*,#3923,.T.);
#5284=ORIENTED_EDGE('',*,*,#3924,.T.);
#5285=ORIENTED_EDGE('',*,*,#3925,.T.);
#5286=ORIENTED_EDGE('',*,*,#3926,.T.);
#5287=ORIENTED_EDGE('',*,*,#3927,.T.);
#5288=ORIENTED_EDGE('',*,*,#3928,.T.);
#5289=ORIENTED_EDGE('',*,*,#3929,.T.);
#5290=ORIENTED_EDGE('',*,*,#3930,.T.);
#5291=ORIENTED_EDGE('',*,*,#3931,.T.);
#5292=ORIENTED_EDGE('',*,*,#3932,.T.);
#5293=ORIENTED_EDGE('',*,*,#3933,.T.);
#5294=ORIENTED_EDGE('',*,*,#3934,.T.);
#5295=ORIENTED_EDGE('',*,*,#3935,.T.);
#5296=ORIENTED_EDGE('',*,*,#3936,.T.);
#5297=ORIENTED_EDGE('',*,*,#3937,.T.);
#5298=ORIENTED_EDGE('',*,*,#3938,.T.);
#5299=ORIENTED_EDGE('',*,*,#3939,.T.);
#5300=ORIENTED_EDGE('',*,*,#3940,.T.);
#5301=ORIENTED_EDGE('',*,*,#3941,.T.);
#5302=ORIENTED_EDGE('',*,*,#3942,.T.);
#5303=ORIENTED_EDGE('',*,*,#3943,.T.);
#5304=ORIENTED_EDGE('',*,*,#3944,.T.);
#5305=ORIENTED_EDGE('',*,*,#3945,.T.);
#5306=ORIENTED_EDGE('',*,*,#3946,.T.);
#5307=ORIENTED_EDGE('',*,*,#3947,.T.);
#5308=ORIENTED_EDGE('',*,*,#3948,.T.);
#5309=ORIENTED_EDGE('',*,*,#3949,.T.);
#5310=ORIENTED_EDGE('',*,*,#3950,.T.);
#5311=ORIENTED_EDGE('',*,*,#3951,.T.);
#5312=ORIENTED_EDGE('',*,*,#3952,.T.);
#5313=ORIENTED_EDGE('',*,*,#3953,.T.);
#5314=ORIENTED_EDGE('',*,*,#3638,.T.);
#5315=ORIENTED_EDGE('',*,*,#3627,.T.);
#5316=ORIENTED_EDGE('',*,*,#3636,.T.);
#5317=ORIENTED_EDGE('',*,*,#3954,.T.);
#5318=ORIENTED_EDGE('',*,*,#3540,.T.);
#5319=ORIENTED_EDGE('',*,*,#3529,.T.);
#5320=ORIENTED_EDGE('',*,*,#3538,.T.);
#5321=ORIENTED_EDGE('',*,*,#3955,.T.);
#5322=ORIENTED_EDGE('',*,*,#3554,.T.);
#5323=ORIENTED_EDGE('',*,*,#3543,.T.);
#5324=ORIENTED_EDGE('',*,*,#3552,.T.);
#5325=ORIENTED_EDGE('',*,*,#3956,.T.);
#5326=ORIENTED_EDGE('',*,*,#3568,.T.);
#5327=ORIENTED_EDGE('',*,*,#3557,.T.);
#5328=ORIENTED_EDGE('',*,*,#3566,.T.);
#5329=ORIENTED_EDGE('',*,*,#3957,.T.);
#5330=ORIENTED_EDGE('',*,*,#3596,.T.);
#5331=ORIENTED_EDGE('',*,*,#3585,.T.);
#5332=ORIENTED_EDGE('',*,*,#3594,.T.);
#5333=ORIENTED_EDGE('',*,*,#3958,.T.);
#5334=ORIENTED_EDGE('',*,*,#3610,.T.);
#5335=ORIENTED_EDGE('',*,*,#3599,.T.);
#5336=ORIENTED_EDGE('',*,*,#3608,.T.);
#5337=ORIENTED_EDGE('',*,*,#3959,.T.);
#5338=ORIENTED_EDGE('',*,*,#3582,.T.);
#5339=ORIENTED_EDGE('',*,*,#3571,.T.);
#5340=ORIENTED_EDGE('',*,*,#3580,.T.);
#5341=ORIENTED_EDGE('',*,*,#3960,.T.);
#5342=ORIENTED_EDGE('',*,*,#3624,.T.);
#5343=ORIENTED_EDGE('',*,*,#3613,.T.);
#5344=ORIENTED_EDGE('',*,*,#3622,.T.);
#5345=ORIENTED_EDGE('',*,*,#3961,.T.);
#5346=ORIENTED_EDGE('',*,*,#3736,.T.);
#5347=ORIENTED_EDGE('',*,*,#3725,.T.);
#5348=ORIENTED_EDGE('',*,*,#3734,.T.);
#5349=ORIENTED_EDGE('',*,*,#3962,.T.);
#5350=ORIENTED_EDGE('',*,*,#3750,.T.);
#5351=ORIENTED_EDGE('',*,*,#3739,.T.);
#5352=ORIENTED_EDGE('',*,*,#3748,.T.);
#5353=ORIENTED_EDGE('',*,*,#3963,.T.);
#5354=ORIENTED_EDGE('',*,*,#3652,.T.);
#5355=ORIENTED_EDGE('',*,*,#3641,.T.);
#5356=ORIENTED_EDGE('',*,*,#3650,.T.);
#5357=ORIENTED_EDGE('',*,*,#3964,.T.);
#5358=ORIENTED_EDGE('',*,*,#3666,.T.);
#5359=ORIENTED_EDGE('',*,*,#3655,.T.);
#5360=ORIENTED_EDGE('',*,*,#3664,.T.);
#5361=ORIENTED_EDGE('',*,*,#3965,.T.);
#5362=ORIENTED_EDGE('',*,*,#3680,.T.);
#5363=ORIENTED_EDGE('',*,*,#3669,.T.);
#5364=ORIENTED_EDGE('',*,*,#3678,.T.);
#5365=ORIENTED_EDGE('',*,*,#3966,.T.);
#5366=ORIENTED_EDGE('',*,*,#3694,.T.);
#5367=ORIENTED_EDGE('',*,*,#3683,.T.);
#5368=ORIENTED_EDGE('',*,*,#3692,.T.);
#5369=ORIENTED_EDGE('',*,*,#3967,.T.);
#5370=ORIENTED_EDGE('',*,*,#3708,.T.);
#5371=ORIENTED_EDGE('',*,*,#3697,.T.);
#5372=ORIENTED_EDGE('',*,*,#3706,.T.);
#5373=ORIENTED_EDGE('',*,*,#3968,.T.);
#5374=ORIENTED_EDGE('',*,*,#3722,.T.);
#5375=ORIENTED_EDGE('',*,*,#3711,.T.);
#5376=ORIENTED_EDGE('',*,*,#3720,.T.);
#5377=ORIENTED_EDGE('',*,*,#3969,.T.);
#5378=ORIENTED_EDGE('',*,*,#3907,.T.);
#5379=ORIENTED_EDGE('',*,*,#3969,.F.);
#5380=ORIENTED_EDGE('',*,*,#3719,.T.);
#5381=ORIENTED_EDGE('',*,*,#3717,.T.);
#5382=ORIENTED_EDGE('',*,*,#3723,.T.);
#5383=ORIENTED_EDGE('',*,*,#3968,.F.);
#5384=ORIENTED_EDGE('',*,*,#3705,.T.);
#5385=ORIENTED_EDGE('',*,*,#3703,.T.);
#5386=ORIENTED_EDGE('',*,*,#3709,.T.);
#5387=ORIENTED_EDGE('',*,*,#3967,.F.);
#5388=ORIENTED_EDGE('',*,*,#3691,.T.);
#5389=ORIENTED_EDGE('',*,*,#3689,.T.);
#5390=ORIENTED_EDGE('',*,*,#3695,.T.);
#5391=ORIENTED_EDGE('',*,*,#3966,.F.);
#5392=ORIENTED_EDGE('',*,*,#3677,.T.);
#5393=ORIENTED_EDGE('',*,*,#3675,.T.);
#5394=ORIENTED_EDGE('',*,*,#3681,.T.);
#5395=ORIENTED_EDGE('',*,*,#3965,.F.);
#5396=ORIENTED_EDGE('',*,*,#3663,.T.);
#5397=ORIENTED_EDGE('',*,*,#3661,.T.);
#5398=ORIENTED_EDGE('',*,*,#3667,.T.);
#5399=ORIENTED_EDGE('',*,*,#3964,.F.);
#5400=ORIENTED_EDGE('',*,*,#3649,.T.);
#5401=ORIENTED_EDGE('',*,*,#3647,.T.);
#5402=ORIENTED_EDGE('',*,*,#3653,.T.);
#5403=ORIENTED_EDGE('',*,*,#3963,.F.);
#5404=ORIENTED_EDGE('',*,*,#3747,.T.);
#5405=ORIENTED_EDGE('',*,*,#3745,.T.);
#5406=ORIENTED_EDGE('',*,*,#3751,.T.);
#5407=ORIENTED_EDGE('',*,*,#3962,.F.);
#5408=ORIENTED_EDGE('',*,*,#3733,.T.);
#5409=ORIENTED_EDGE('',*,*,#3731,.T.);
#5410=ORIENTED_EDGE('',*,*,#3737,.T.);
#5411=ORIENTED_EDGE('',*,*,#3961,.F.);
#5412=ORIENTED_EDGE('',*,*,#3621,.T.);
#5413=ORIENTED_EDGE('',*,*,#3619,.T.);
#5414=ORIENTED_EDGE('',*,*,#3625,.T.);
#5415=ORIENTED_EDGE('',*,*,#3960,.F.);
#5416=ORIENTED_EDGE('',*,*,#3579,.T.);
#5417=ORIENTED_EDGE('',*,*,#3577,.T.);
#5418=ORIENTED_EDGE('',*,*,#3583,.T.);
#5419=ORIENTED_EDGE('',*,*,#3959,.F.);
#5420=ORIENTED_EDGE('',*,*,#3607,.T.);
#5421=ORIENTED_EDGE('',*,*,#3605,.T.);
#5422=ORIENTED_EDGE('',*,*,#3611,.T.);
#5423=ORIENTED_EDGE('',*,*,#3958,.F.);
#5424=ORIENTED_EDGE('',*,*,#3593,.T.);
#5425=ORIENTED_EDGE('',*,*,#3591,.T.);
#5426=ORIENTED_EDGE('',*,*,#3597,.T.);
#5427=ORIENTED_EDGE('',*,*,#3957,.F.);
#5428=ORIENTED_EDGE('',*,*,#3565,.T.);
#5429=ORIENTED_EDGE('',*,*,#3563,.T.);
#5430=ORIENTED_EDGE('',*,*,#3569,.T.);
#5431=ORIENTED_EDGE('',*,*,#3956,.F.);
#5432=ORIENTED_EDGE('',*,*,#3551,.T.);
#5433=ORIENTED_EDGE('',*,*,#3549,.T.);
#5434=ORIENTED_EDGE('',*,*,#3555,.T.);
#5435=ORIENTED_EDGE('',*,*,#3955,.F.);
#5436=ORIENTED_EDGE('',*,*,#3537,.T.);
#5437=ORIENTED_EDGE('',*,*,#3535,.T.);
#5438=ORIENTED_EDGE('',*,*,#3541,.T.);
#5439=ORIENTED_EDGE('',*,*,#3954,.F.);
#5440=ORIENTED_EDGE('',*,*,#3635,.T.);
#5441=ORIENTED_EDGE('',*,*,#3633,.T.);
#5442=ORIENTED_EDGE('',*,*,#3639,.T.);
#5443=ORIENTED_EDGE('',*,*,#3953,.F.);
#5444=ORIENTED_EDGE('',*,*,#3970,.T.);
#5445=ORIENTED_EDGE('',*,*,#3971,.T.);
#5446=ORIENTED_EDGE('',*,*,#3972,.T.);
#5447=ORIENTED_EDGE('',*,*,#3949,.F.);
#5448=ORIENTED_EDGE('',*,*,#3973,.T.);
#5449=ORIENTED_EDGE('',*,*,#3974,.T.);
#5450=ORIENTED_EDGE('',*,*,#3975,.T.);
#5451=ORIENTED_EDGE('',*,*,#3945,.F.);
#5452=ORIENTED_EDGE('',*,*,#3976,.T.);
#5453=ORIENTED_EDGE('',*,*,#3977,.T.);
#5454=ORIENTED_EDGE('',*,*,#3978,.T.);
#5455=ORIENTED_EDGE('',*,*,#3941,.F.);
#5456=ORIENTED_EDGE('',*,*,#3979,.T.);
#5457=ORIENTED_EDGE('',*,*,#3980,.T.);
#5458=ORIENTED_EDGE('',*,*,#3981,.T.);
#5459=ORIENTED_EDGE('',*,*,#3937,.F.);
#5460=ORIENTED_EDGE('',*,*,#3982,.T.);
#5461=ORIENTED_EDGE('',*,*,#3983,.T.);
#5462=ORIENTED_EDGE('',*,*,#3984,.T.);
#5463=ORIENTED_EDGE('',*,*,#3933,.F.);
#5464=ORIENTED_EDGE('',*,*,#3985,.T.);
#5465=ORIENTED_EDGE('',*,*,#3986,.T.);
#5466=ORIENTED_EDGE('',*,*,#3987,.T.);
#5467=ORIENTED_EDGE('',*,*,#3929,.F.);
#5468=ORIENTED_EDGE('',*,*,#3988,.T.);
#5469=ORIENTED_EDGE('',*,*,#3989,.T.);
#5470=ORIENTED_EDGE('',*,*,#3990,.T.);
#5471=ORIENTED_EDGE('',*,*,#3925,.F.);
#5472=ORIENTED_EDGE('',*,*,#3991,.T.);
#5473=ORIENTED_EDGE('',*,*,#3992,.T.);
#5474=ORIENTED_EDGE('',*,*,#3993,.T.);
#5475=ORIENTED_EDGE('',*,*,#3921,.F.);
#5476=ORIENTED_EDGE('',*,*,#3817,.T.);
#5477=ORIENTED_EDGE('',*,*,#3815,.T.);
#5478=ORIENTED_EDGE('',*,*,#3821,.T.);
#5479=ORIENTED_EDGE('',*,*,#3920,.F.);
#5480=ORIENTED_EDGE('',*,*,#3803,.T.);
#5481=ORIENTED_EDGE('',*,*,#3801,.T.);
#5482=ORIENTED_EDGE('',*,*,#3807,.T.);
#5483=ORIENTED_EDGE('',*,*,#3919,.F.);
#5484=ORIENTED_EDGE('',*,*,#3789,.T.);
#5485=ORIENTED_EDGE('',*,*,#3787,.T.);
#5486=ORIENTED_EDGE('',*,*,#3793,.T.);
#5487=ORIENTED_EDGE('',*,*,#3918,.F.);
#5488=ORIENTED_EDGE('',*,*,#3859,.T.);
#5489=ORIENTED_EDGE('',*,*,#3857,.T.);
#5490=ORIENTED_EDGE('',*,*,#3863,.T.);
#5491=ORIENTED_EDGE('',*,*,#3917,.F.);
#5492=ORIENTED_EDGE('',*,*,#3775,.T.);
#5493=ORIENTED_EDGE('',*,*,#3773,.T.);
#5494=ORIENTED_EDGE('',*,*,#3779,.T.);
#5495=ORIENTED_EDGE('',*,*,#3916,.F.);
#5496=ORIENTED_EDGE('',*,*,#3761,.T.);
#5497=ORIENTED_EDGE('',*,*,#3759,.T.);
#5498=ORIENTED_EDGE('',*,*,#3765,.T.);
#5499=ORIENTED_EDGE('',*,*,#3915,.F.);
#5500=ORIENTED_EDGE('',*,*,#3845,.T.);
#5501=ORIENTED_EDGE('',*,*,#3843,.T.);
#5502=ORIENTED_EDGE('',*,*,#3849,.T.);
#5503=ORIENTED_EDGE('',*,*,#3914,.F.);
#5504=ORIENTED_EDGE('',*,*,#3831,.T.);
#5505=ORIENTED_EDGE('',*,*,#3829,.T.);
#5506=ORIENTED_EDGE('',*,*,#3835,.T.);
#5507=ORIENTED_EDGE('',*,*,#3913,.F.);
#5508=ORIENTED_EDGE('',*,*,#3448,.T.);
#5509=ORIENTED_EDGE('',*,*,#3446,.T.);
#5510=ORIENTED_EDGE('',*,*,#3452,.T.);
#5511=ORIENTED_EDGE('',*,*,#3912,.F.);
#5512=ORIENTED_EDGE('',*,*,#3483,.T.);
#5513=ORIENTED_EDGE('',*,*,#3481,.T.);
#5514=ORIENTED_EDGE('',*,*,#3487,.T.);
#5515=ORIENTED_EDGE('',*,*,#3911,.F.);
#5516=ORIENTED_EDGE('',*,*,#3523,.T.);
#5517=ORIENTED_EDGE('',*,*,#3521,.T.);
#5518=ORIENTED_EDGE('',*,*,#3527,.T.);
#5519=ORIENTED_EDGE('',*,*,#3910,.F.);
#5520=ORIENTED_EDGE('',*,*,#3469,.T.);
#5521=ORIENTED_EDGE('',*,*,#3467,.T.);
#5522=ORIENTED_EDGE('',*,*,#3473,.T.);
#5523=ORIENTED_EDGE('',*,*,#3909,.F.);
#5524=ORIENTED_EDGE('',*,*,#3497,.T.);
#5525=ORIENTED_EDGE('',*,*,#3495,.T.);
#5526=ORIENTED_EDGE('',*,*,#3501,.T.);
#5527=ORIENTED_EDGE('',*,*,#3908,.F.);
#5528=ORIENTED_EDGE('',*,*,#3994,.T.);
#5529=ORIENTED_EDGE('',*,*,#3995,.T.);
#5530=ORIENTED_EDGE('',*,*,#3996,.T.);
#5531=ORIENTED_EDGE('',*,*,#3997,.T.);
#5532=ORIENTED_EDGE('',*,*,#3998,.T.);
#5533=ORIENTED_EDGE('',*,*,#3999,.T.);
#5534=ORIENTED_EDGE('',*,*,#4000,.T.);
#5535=ORIENTED_EDGE('',*,*,#4001,.T.);
#5536=ORIENTED_EDGE('',*,*,#4002,.T.);
#5537=ORIENTED_EDGE('',*,*,#4003,.T.);
#5538=ORIENTED_EDGE('',*,*,#4004,.T.);
#5539=ORIENTED_EDGE('',*,*,#4005,.T.);
#5540=ORIENTED_EDGE('',*,*,#4006,.T.);
#5541=ORIENTED_EDGE('',*,*,#4007,.T.);
#5542=ORIENTED_EDGE('',*,*,#4008,.T.);
#5543=ORIENTED_EDGE('',*,*,#4009,.T.);
#5544=ORIENTED_EDGE('',*,*,#4010,.T.);
#5545=ORIENTED_EDGE('',*,*,#4011,.T.);
#5546=ORIENTED_EDGE('',*,*,#4012,.T.);
#5547=ORIENTED_EDGE('',*,*,#4013,.T.);
#5548=ORIENTED_EDGE('',*,*,#4014,.T.);
#5549=ORIENTED_EDGE('',*,*,#4015,.T.);
#5550=ORIENTED_EDGE('',*,*,#4016,.T.);
#5551=ORIENTED_EDGE('',*,*,#4017,.T.);
#5552=ORIENTED_EDGE('',*,*,#4018,.T.);
#5553=ORIENTED_EDGE('',*,*,#4019,.T.);
#5554=ORIENTED_EDGE('',*,*,#4020,.T.);
#5555=ORIENTED_EDGE('',*,*,#4021,.T.);
#5556=ORIENTED_EDGE('',*,*,#4022,.T.);
#5557=ORIENTED_EDGE('',*,*,#4023,.T.);
#5558=ORIENTED_EDGE('',*,*,#4024,.T.);
#5559=ORIENTED_EDGE('',*,*,#4025,.T.);
#5560=ORIENTED_EDGE('',*,*,#4026,.T.);
#5561=ORIENTED_EDGE('',*,*,#4027,.T.);
#5562=ORIENTED_EDGE('',*,*,#4028,.T.);
#5563=ORIENTED_EDGE('',*,*,#4029,.T.);
#5564=ORIENTED_EDGE('',*,*,#4030,.T.);
#5565=ORIENTED_EDGE('',*,*,#4031,.T.);
#5566=ORIENTED_EDGE('',*,*,#4032,.T.);
#5567=ORIENTED_EDGE('',*,*,#4033,.T.);
#5568=ORIENTED_EDGE('',*,*,#4034,.T.);
#5569=ORIENTED_EDGE('',*,*,#4035,.T.);
#5570=ORIENTED_EDGE('',*,*,#4036,.T.);
#5571=ORIENTED_EDGE('',*,*,#4037,.T.);
#5572=ORIENTED_EDGE('',*,*,#4038,.T.);
#5573=ORIENTED_EDGE('',*,*,#4039,.T.);
#5574=ORIENTED_EDGE('',*,*,#4040,.T.);
#5575=ORIENTED_EDGE('',*,*,#4041,.T.);
#5576=ORIENTED_EDGE('',*,*,#4042,.T.);
#5577=ORIENTED_EDGE('',*,*,#4043,.T.);
#5578=ORIENTED_EDGE('',*,*,#4044,.T.);
#5579=ORIENTED_EDGE('',*,*,#4045,.T.);
#5580=ORIENTED_EDGE('',*,*,#4046,.T.);
#5581=ORIENTED_EDGE('',*,*,#4047,.T.);
#5582=ORIENTED_EDGE('',*,*,#4048,.T.);
#5583=ORIENTED_EDGE('',*,*,#4049,.T.);
#5584=ORIENTED_EDGE('',*,*,#4050,.T.);
#5585=ORIENTED_EDGE('',*,*,#4051,.T.);
#5586=ORIENTED_EDGE('',*,*,#4052,.T.);
#5587=ORIENTED_EDGE('',*,*,#4053,.T.);
#5588=ORIENTED_EDGE('',*,*,#4054,.T.);
#5589=ORIENTED_EDGE('',*,*,#4055,.T.);
#5590=ORIENTED_EDGE('',*,*,#4056,.T.);
#5591=ORIENTED_EDGE('',*,*,#4057,.T.);
#5592=ORIENTED_EDGE('',*,*,#4058,.T.);
#5593=ORIENTED_EDGE('',*,*,#4059,.T.);
#5594=ORIENTED_EDGE('',*,*,#4060,.T.);
#5595=ORIENTED_EDGE('',*,*,#4061,.T.);
#5596=ORIENTED_EDGE('',*,*,#4062,.T.);
#5597=ORIENTED_EDGE('',*,*,#4063,.T.);
#5598=ORIENTED_EDGE('',*,*,#4064,.T.);
#5599=ORIENTED_EDGE('',*,*,#4065,.T.);
#5600=ORIENTED_EDGE('',*,*,#4066,.T.);
#5601=ORIENTED_EDGE('',*,*,#4067,.T.);
#5602=ORIENTED_EDGE('',*,*,#4068,.T.);
#5603=ORIENTED_EDGE('',*,*,#4069,.T.);
#5604=ORIENTED_EDGE('',*,*,#4070,.T.);
#5605=ORIENTED_EDGE('',*,*,#4071,.T.);
#5606=ORIENTED_EDGE('',*,*,#4072,.T.);
#5607=ORIENTED_EDGE('',*,*,#4073,.T.);
#5608=ORIENTED_EDGE('',*,*,#4074,.T.);
#5609=ORIENTED_EDGE('',*,*,#4075,.T.);
#5610=ORIENTED_EDGE('',*,*,#4076,.T.);
#5611=ORIENTED_EDGE('',*,*,#4077,.T.);
#5612=ORIENTED_EDGE('',*,*,#4078,.T.);
#5613=ORIENTED_EDGE('',*,*,#4079,.T.);
#5614=ORIENTED_EDGE('',*,*,#4080,.T.);
#5615=ORIENTED_EDGE('',*,*,#4081,.T.);
#5616=ORIENTED_EDGE('',*,*,#4082,.T.);
#5617=ORIENTED_EDGE('',*,*,#4083,.T.);
#5618=ORIENTED_EDGE('',*,*,#4084,.T.);
#5619=ORIENTED_EDGE('',*,*,#4085,.T.);
#5620=ORIENTED_EDGE('',*,*,#4086,.T.);
#5621=ORIENTED_EDGE('',*,*,#4087,.T.);
#5622=ORIENTED_EDGE('',*,*,#4088,.T.);
#5623=ORIENTED_EDGE('',*,*,#4089,.T.);
#5624=ORIENTED_EDGE('',*,*,#4090,.T.);
#5625=ORIENTED_EDGE('',*,*,#4091,.T.);
#5626=ORIENTED_EDGE('',*,*,#4092,.T.);
#5627=ORIENTED_EDGE('',*,*,#4093,.T.);
#5628=ORIENTED_EDGE('',*,*,#4094,.T.);
#5629=ORIENTED_EDGE('',*,*,#4095,.T.);
#5630=ORIENTED_EDGE('',*,*,#4096,.T.);
#5631=ORIENTED_EDGE('',*,*,#4097,.T.);
#5632=ORIENTED_EDGE('',*,*,#4098,.T.);
#5633=ORIENTED_EDGE('',*,*,#4099,.T.);
#5634=ORIENTED_EDGE('',*,*,#4100,.T.);
#5635=ORIENTED_EDGE('',*,*,#4101,.T.);
#5636=ORIENTED_EDGE('',*,*,#4102,.T.);
#5637=ORIENTED_EDGE('',*,*,#4103,.F.);
#5638=ORIENTED_EDGE('',*,*,#4104,.T.);
#5639=ORIENTED_EDGE('',*,*,#4105,.F.);
#5640=ORIENTED_EDGE('',*,*,#4104,.F.);
#5641=ORIENTED_EDGE('',*,*,#4105,.T.);
#5642=ORIENTED_EDGE('',*,*,#3888,.F.);
#5643=ORIENTED_EDGE('',*,*,#4103,.T.);
#5644=ORIENTED_EDGE('',*,*,#4106,.F.);
#5645=ORIENTED_EDGE('',*,*,#3899,.T.);
#5646=ORIENTED_EDGE('',*,*,#4107,.T.);
#5647=ORIENTED_EDGE('',*,*,#4106,.T.);
#5648=ORIENTED_EDGE('',*,*,#4107,.F.);
#5649=ORIENTED_EDGE('',*,*,#4108,.F.);
#5650=ORIENTED_EDGE('',*,*,#4109,.T.);
#5651=ORIENTED_EDGE('',*,*,#4110,.F.);
#5652=ORIENTED_EDGE('',*,*,#4109,.F.);
#5653=ORIENTED_EDGE('',*,*,#4110,.T.);
#5654=ORIENTED_EDGE('',*,*,#3901,.F.);
#5655=ORIENTED_EDGE('',*,*,#4108,.T.);
#5656=ORIENTED_EDGE('',*,*,#4111,.F.);
#5657=ORIENTED_EDGE('',*,*,#3906,.T.);
#5658=ORIENTED_EDGE('',*,*,#4112,.T.);
#5659=ORIENTED_EDGE('',*,*,#4111,.T.);
#5660=ORIENTED_EDGE('',*,*,#4112,.F.);
#5661=ORIENTED_EDGE('',*,*,#4113,.F.);
#5662=ORIENTED_EDGE('',*,*,#3951,.F.);
#5663=ORIENTED_EDGE('',*,*,#4114,.F.);
#5664=ORIENTED_EDGE('',*,*,#4115,.F.);
#5665=ORIENTED_EDGE('',*,*,#4116,.F.);
#5666=ORIENTED_EDGE('',*,*,#4117,.F.);
#5667=ORIENTED_EDGE('',*,*,#4118,.F.);
#5668=ORIENTED_EDGE('',*,*,#3971,.F.);
#5669=ORIENTED_EDGE('',*,*,#4113,.T.);
#5670=ORIENTED_EDGE('',*,*,#4119,.T.);
#5671=ORIENTED_EDGE('',*,*,#4116,.T.);
#5672=ORIENTED_EDGE('',*,*,#3970,.F.);
#5673=ORIENTED_EDGE('',*,*,#3952,.F.);
#5674=ORIENTED_EDGE('',*,*,#4115,.T.);
#5675=ORIENTED_EDGE('',*,*,#4120,.F.);
#5676=ORIENTED_EDGE('',*,*,#4117,.T.);
#5677=ORIENTED_EDGE('',*,*,#4119,.F.);
#5678=ORIENTED_EDGE('',*,*,#4114,.T.);
#5679=ORIENTED_EDGE('',*,*,#3950,.F.);
#5680=ORIENTED_EDGE('',*,*,#3972,.F.);
#5681=ORIENTED_EDGE('',*,*,#4118,.T.);
#5682=ORIENTED_EDGE('',*,*,#4120,.T.);
#5683=ORIENTED_EDGE('',*,*,#4121,.F.);
#5684=ORIENTED_EDGE('',*,*,#3947,.F.);
#5685=ORIENTED_EDGE('',*,*,#4122,.F.);
#5686=ORIENTED_EDGE('',*,*,#4123,.F.);
#5687=ORIENTED_EDGE('',*,*,#4124,.F.);
#5688=ORIENTED_EDGE('',*,*,#4125,.F.);
#5689=ORIENTED_EDGE('',*,*,#4126,.F.);
#5690=ORIENTED_EDGE('',*,*,#3974,.F.);
#5691=ORIENTED_EDGE('',*,*,#4121,.T.);
#5692=ORIENTED_EDGE('',*,*,#4127,.T.);
#5693=ORIENTED_EDGE('',*,*,#4124,.T.);
#5694=ORIENTED_EDGE('',*,*,#3973,.F.);
#5695=ORIENTED_EDGE('',*,*,#3948,.F.);
#5696=ORIENTED_EDGE('',*,*,#4123,.T.);
#5697=ORIENTED_EDGE('',*,*,#4128,.F.);
#5698=ORIENTED_EDGE('',*,*,#4125,.T.);
#5699=ORIENTED_EDGE('',*,*,#4127,.F.);
#5700=ORIENTED_EDGE('',*,*,#4122,.T.);
#5701=ORIENTED_EDGE('',*,*,#3946,.F.);
#5702=ORIENTED_EDGE('',*,*,#3975,.F.);
#5703=ORIENTED_EDGE('',*,*,#4126,.T.);
#5704=ORIENTED_EDGE('',*,*,#4128,.T.);
#5705=ORIENTED_EDGE('',*,*,#4129,.F.);
#5706=ORIENTED_EDGE('',*,*,#3935,.F.);
#5707=ORIENTED_EDGE('',*,*,#4130,.F.);
#5708=ORIENTED_EDGE('',*,*,#4131,.F.);
#5709=ORIENTED_EDGE('',*,*,#4132,.F.);
#5710=ORIENTED_EDGE('',*,*,#4133,.F.);
#5711=ORIENTED_EDGE('',*,*,#4134,.F.);
#5712=ORIENTED_EDGE('',*,*,#3983,.F.);
#5713=ORIENTED_EDGE('',*,*,#4129,.T.);
#5714=ORIENTED_EDGE('',*,*,#4135,.T.);
#5715=ORIENTED_EDGE('',*,*,#4132,.T.);
#5716=ORIENTED_EDGE('',*,*,#3982,.F.);
#5717=ORIENTED_EDGE('',*,*,#3936,.F.);
#5718=ORIENTED_EDGE('',*,*,#4131,.T.);
#5719=ORIENTED_EDGE('',*,*,#4136,.F.);
#5720=ORIENTED_EDGE('',*,*,#4133,.T.);
#5721=ORIENTED_EDGE('',*,*,#4135,.F.);
#5722=ORIENTED_EDGE('',*,*,#4130,.T.);
#5723=ORIENTED_EDGE('',*,*,#3934,.F.);
#5724=ORIENTED_EDGE('',*,*,#3984,.F.);
#5725=ORIENTED_EDGE('',*,*,#4134,.T.);
#5726=ORIENTED_EDGE('',*,*,#4136,.T.);
#5727=ORIENTED_EDGE('',*,*,#4137,.F.);
#5728=ORIENTED_EDGE('',*,*,#3939,.F.);
#5729=ORIENTED_EDGE('',*,*,#4138,.F.);
#5730=ORIENTED_EDGE('',*,*,#4139,.F.);
#5731=ORIENTED_EDGE('',*,*,#4140,.F.);
#5732=ORIENTED_EDGE('',*,*,#4141,.F.);
#5733=ORIENTED_EDGE('',*,*,#4142,.F.);
#5734=ORIENTED_EDGE('',*,*,#3980,.F.);
#5735=ORIENTED_EDGE('',*,*,#4137,.T.);
#5736=ORIENTED_EDGE('',*,*,#4143,.T.);
#5737=ORIENTED_EDGE('',*,*,#4140,.T.);
#5738=ORIENTED_EDGE('',*,*,#3979,.F.);
#5739=ORIENTED_EDGE('',*,*,#3940,.F.);
#5740=ORIENTED_EDGE('',*,*,#4139,.T.);
#5741=ORIENTED_EDGE('',*,*,#4144,.F.);
#5742=ORIENTED_EDGE('',*,*,#4141,.T.);
#5743=ORIENTED_EDGE('',*,*,#4143,.F.);
#5744=ORIENTED_EDGE('',*,*,#4138,.T.);
#5745=ORIENTED_EDGE('',*,*,#3938,.F.);
#5746=ORIENTED_EDGE('',*,*,#3981,.F.);
#5747=ORIENTED_EDGE('',*,*,#4142,.T.);
#5748=ORIENTED_EDGE('',*,*,#4144,.T.);
#5749=ORIENTED_EDGE('',*,*,#4145,.F.);
#5750=ORIENTED_EDGE('',*,*,#3923,.F.);
#5751=ORIENTED_EDGE('',*,*,#4146,.F.);
#5752=ORIENTED_EDGE('',*,*,#4147,.F.);
#5753=ORIENTED_EDGE('',*,*,#4148,.F.);
#5754=ORIENTED_EDGE('',*,*,#4149,.F.);
#5755=ORIENTED_EDGE('',*,*,#4150,.F.);
#5756=ORIENTED_EDGE('',*,*,#3992,.F.);
#5757=ORIENTED_EDGE('',*,*,#4145,.T.);
#5758=ORIENTED_EDGE('',*,*,#4151,.T.);
#5759=ORIENTED_EDGE('',*,*,#4148,.T.);
#5760=ORIENTED_EDGE('',*,*,#3991,.F.);
#5761=ORIENTED_EDGE('',*,*,#3924,.F.);
#5762=ORIENTED_EDGE('',*,*,#4147,.T.);
#5763=ORIENTED_EDGE('',*,*,#4152,.F.);
#5764=ORIENTED_EDGE('',*,*,#4149,.T.);
#5765=ORIENTED_EDGE('',*,*,#4151,.F.);
#5766=ORIENTED_EDGE('',*,*,#4146,.T.);
#5767=ORIENTED_EDGE('',*,*,#3922,.F.);
#5768=ORIENTED_EDGE('',*,*,#3993,.F.);
#5769=ORIENTED_EDGE('',*,*,#4150,.T.);
#5770=ORIENTED_EDGE('',*,*,#4152,.T.);
#5771=ORIENTED_EDGE('',*,*,#4153,.F.);
#5772=ORIENTED_EDGE('',*,*,#3927,.F.);
#5773=ORIENTED_EDGE('',*,*,#4154,.F.);
#5774=ORIENTED_EDGE('',*,*,#4155,.F.);
#5775=ORIENTED_EDGE('',*,*,#4156,.F.);
#5776=ORIENTED_EDGE('',*,*,#4157,.F.);
#5777=ORIENTED_EDGE('',*,*,#4158,.F.);
#5778=ORIENTED_EDGE('',*,*,#3989,.F.);
#5779=ORIENTED_EDGE('',*,*,#4153,.T.);
#5780=ORIENTED_EDGE('',*,*,#4159,.T.);
#5781=ORIENTED_EDGE('',*,*,#4156,.T.);
#5782=ORIENTED_EDGE('',*,*,#3988,.F.);
#5783=ORIENTED_EDGE('',*,*,#3928,.F.);
#5784=ORIENTED_EDGE('',*,*,#4155,.T.);
#5785=ORIENTED_EDGE('',*,*,#4160,.F.);
#5786=ORIENTED_EDGE('',*,*,#4157,.T.);
#5787=ORIENTED_EDGE('',*,*,#4159,.F.);
#5788=ORIENTED_EDGE('',*,*,#4154,.T.);
#5789=ORIENTED_EDGE('',*,*,#3926,.F.);
#5790=ORIENTED_EDGE('',*,*,#3990,.F.);
#5791=ORIENTED_EDGE('',*,*,#4158,.T.);
#5792=ORIENTED_EDGE('',*,*,#4160,.T.);
#5793=ORIENTED_EDGE('',*,*,#4161,.F.);
#5794=ORIENTED_EDGE('',*,*,#3931,.F.);
#5795=ORIENTED_EDGE('',*,*,#4162,.F.);
#5796=ORIENTED_EDGE('',*,*,#4163,.F.);
#5797=ORIENTED_EDGE('',*,*,#4164,.F.);
#5798=ORIENTED_EDGE('',*,*,#4165,.F.);
#5799=ORIENTED_EDGE('',*,*,#4166,.F.);
#5800=ORIENTED_EDGE('',*,*,#3986,.F.);
#5801=ORIENTED_EDGE('',*,*,#4161,.T.);
#5802=ORIENTED_EDGE('',*,*,#4167,.T.);
#5803=ORIENTED_EDGE('',*,*,#4164,.T.);
#5804=ORIENTED_EDGE('',*,*,#3985,.F.);
#5805=ORIENTED_EDGE('',*,*,#3932,.F.);
#5806=ORIENTED_EDGE('',*,*,#4163,.T.);
#5807=ORIENTED_EDGE('',*,*,#4168,.F.);
#5808=ORIENTED_EDGE('',*,*,#4165,.T.);
#5809=ORIENTED_EDGE('',*,*,#4167,.F.);
#5810=ORIENTED_EDGE('',*,*,#4162,.T.);
#5811=ORIENTED_EDGE('',*,*,#3930,.F.);
#5812=ORIENTED_EDGE('',*,*,#3987,.F.);
#5813=ORIENTED_EDGE('',*,*,#4166,.T.);
#5814=ORIENTED_EDGE('',*,*,#4168,.T.);
#5815=ORIENTED_EDGE('',*,*,#4169,.F.);
#5816=ORIENTED_EDGE('',*,*,#3943,.F.);
#5817=ORIENTED_EDGE('',*,*,#4170,.F.);
#5818=ORIENTED_EDGE('',*,*,#4171,.F.);
#5819=ORIENTED_EDGE('',*,*,#4172,.F.);
#5820=ORIENTED_EDGE('',*,*,#4173,.F.);
#5821=ORIENTED_EDGE('',*,*,#4174,.F.);
#5822=ORIENTED_EDGE('',*,*,#3977,.F.);
#5823=ORIENTED_EDGE('',*,*,#4169,.T.);
#5824=ORIENTED_EDGE('',*,*,#4175,.T.);
#5825=ORIENTED_EDGE('',*,*,#4172,.T.);
#5826=ORIENTED_EDGE('',*,*,#3976,.F.);
#5827=ORIENTED_EDGE('',*,*,#3944,.F.);
#5828=ORIENTED_EDGE('',*,*,#4171,.T.);
#5829=ORIENTED_EDGE('',*,*,#4176,.F.);
#5830=ORIENTED_EDGE('',*,*,#4173,.T.);
#5831=ORIENTED_EDGE('',*,*,#4175,.F.);
#5832=ORIENTED_EDGE('',*,*,#4170,.T.);
#5833=ORIENTED_EDGE('',*,*,#3942,.F.);
#5834=ORIENTED_EDGE('',*,*,#3978,.F.);
#5835=ORIENTED_EDGE('',*,*,#4174,.T.);
#5836=ORIENTED_EDGE('',*,*,#4176,.T.);
#5837=ORIENTED_EDGE('',*,*,#4177,.F.);
#5838=ORIENTED_EDGE('',*,*,#4178,.F.);
#5839=ORIENTED_EDGE('',*,*,#4179,.F.);
#5840=ORIENTED_EDGE('',*,*,#4180,.F.);
#5841=ORIENTED_EDGE('',*,*,#4181,.F.);
#5842=ORIENTED_EDGE('',*,*,#4182,.F.);
#5843=ORIENTED_EDGE('',*,*,#4183,.F.);
#5844=ORIENTED_EDGE('',*,*,#4184,.F.);
#5845=ORIENTED_EDGE('',*,*,#4185,.F.);
#5846=ORIENTED_EDGE('',*,*,#4186,.F.);
#5847=ORIENTED_EDGE('',*,*,#4187,.F.);
#5848=ORIENTED_EDGE('',*,*,#4188,.F.);
#5849=ORIENTED_EDGE('',*,*,#4189,.F.);
#5850=ORIENTED_EDGE('',*,*,#4190,.F.);
#5851=ORIENTED_EDGE('',*,*,#4191,.F.);
#5852=ORIENTED_EDGE('',*,*,#4192,.F.);
#5853=ORIENTED_EDGE('',*,*,#4193,.F.);
#5854=ORIENTED_EDGE('',*,*,#4194,.F.);
#5855=ORIENTED_EDGE('',*,*,#4195,.F.);
#5856=ORIENTED_EDGE('',*,*,#4196,.F.);
#5857=ORIENTED_EDGE('',*,*,#4197,.F.);
#5858=ORIENTED_EDGE('',*,*,#4198,.F.);
#5859=ORIENTED_EDGE('',*,*,#4199,.F.);
#5860=ORIENTED_EDGE('',*,*,#4200,.T.);
#5861=ORIENTED_EDGE('',*,*,#4191,.T.);
#5862=ORIENTED_EDGE('',*,*,#4201,.F.);
#5863=ORIENTED_EDGE('',*,*,#4202,.F.);
#5864=ORIENTED_EDGE('',*,*,#4203,.T.);
#5865=ORIENTED_EDGE('',*,*,#4192,.T.);
#5866=ORIENTED_EDGE('',*,*,#4200,.F.);
#5867=ORIENTED_EDGE('',*,*,#4204,.F.);
#5868=ORIENTED_EDGE('',*,*,#4205,.T.);
#5869=ORIENTED_EDGE('',*,*,#4193,.T.);
#5870=ORIENTED_EDGE('',*,*,#4203,.F.);
#5871=ORIENTED_EDGE('',*,*,#4206,.F.);
#5872=ORIENTED_EDGE('',*,*,#4207,.T.);
#5873=ORIENTED_EDGE('',*,*,#4194,.T.);
#5874=ORIENTED_EDGE('',*,*,#4205,.F.);
#5875=ORIENTED_EDGE('',*,*,#4208,.F.);
#5876=ORIENTED_EDGE('',*,*,#4209,.T.);
#5877=ORIENTED_EDGE('',*,*,#4195,.T.);
#5878=ORIENTED_EDGE('',*,*,#4207,.F.);
#5879=ORIENTED_EDGE('',*,*,#4210,.F.);
#5880=ORIENTED_EDGE('',*,*,#4211,.T.);
#5881=ORIENTED_EDGE('',*,*,#4196,.T.);
#5882=ORIENTED_EDGE('',*,*,#4209,.F.);
#5883=ORIENTED_EDGE('',*,*,#4212,.F.);
#5884=ORIENTED_EDGE('',*,*,#4213,.T.);
#5885=ORIENTED_EDGE('',*,*,#4197,.T.);
#5886=ORIENTED_EDGE('',*,*,#4211,.F.);
#5887=ORIENTED_EDGE('',*,*,#4214,.F.);
#5888=ORIENTED_EDGE('',*,*,#4201,.T.);
#5889=ORIENTED_EDGE('',*,*,#4198,.T.);
#5890=ORIENTED_EDGE('',*,*,#4213,.F.);
#5891=ORIENTED_EDGE('',*,*,#4089,.F.);
#5892=ORIENTED_EDGE('',*,*,#4215,.T.);
#5893=ORIENTED_EDGE('',*,*,#4177,.T.);
#5894=ORIENTED_EDGE('',*,*,#4216,.F.);
#5895=ORIENTED_EDGE('',*,*,#4102,.F.);
#5896=ORIENTED_EDGE('',*,*,#4217,.T.);
#5897=ORIENTED_EDGE('',*,*,#4178,.T.);
#5898=ORIENTED_EDGE('',*,*,#4215,.F.);
#5899=ORIENTED_EDGE('',*,*,#4101,.F.);
#5900=ORIENTED_EDGE('',*,*,#4218,.T.);
#5901=ORIENTED_EDGE('',*,*,#4179,.T.);
#5902=ORIENTED_EDGE('',*,*,#4217,.F.);
#5903=ORIENTED_EDGE('',*,*,#4100,.F.);
#5904=ORIENTED_EDGE('',*,*,#4219,.T.);
#5905=ORIENTED_EDGE('',*,*,#4180,.T.);
#5906=ORIENTED_EDGE('',*,*,#4218,.F.);
#5907=ORIENTED_EDGE('',*,*,#4099,.F.);
#5908=ORIENTED_EDGE('',*,*,#4220,.T.);
#5909=ORIENTED_EDGE('',*,*,#4181,.T.);
#5910=ORIENTED_EDGE('',*,*,#4219,.F.);
#5911=ORIENTED_EDGE('',*,*,#4098,.F.);
#5912=ORIENTED_EDGE('',*,*,#4221,.T.);
#5913=ORIENTED_EDGE('',*,*,#4182,.T.);
#5914=ORIENTED_EDGE('',*,*,#4220,.F.);
#5915=ORIENTED_EDGE('',*,*,#4097,.F.);
#5916=ORIENTED_EDGE('',*,*,#4222,.T.);
#5917=ORIENTED_EDGE('',*,*,#4183,.T.);
#5918=ORIENTED_EDGE('',*,*,#4221,.F.);
#5919=ORIENTED_EDGE('',*,*,#4096,.F.);
#5920=ORIENTED_EDGE('',*,*,#4223,.T.);
#5921=ORIENTED_EDGE('',*,*,#4184,.T.);
#5922=ORIENTED_EDGE('',*,*,#4222,.F.);
#5923=ORIENTED_EDGE('',*,*,#4095,.F.);
#5924=ORIENTED_EDGE('',*,*,#4224,.T.);
#5925=ORIENTED_EDGE('',*,*,#4185,.T.);
#5926=ORIENTED_EDGE('',*,*,#4223,.F.);
#5927=ORIENTED_EDGE('',*,*,#4094,.F.);
#5928=ORIENTED_EDGE('',*,*,#4225,.T.);
#5929=ORIENTED_EDGE('',*,*,#4186,.T.);
#5930=ORIENTED_EDGE('',*,*,#4224,.F.);
#5931=ORIENTED_EDGE('',*,*,#4093,.F.);
#5932=ORIENTED_EDGE('',*,*,#4226,.T.);
#5933=ORIENTED_EDGE('',*,*,#4187,.T.);
#5934=ORIENTED_EDGE('',*,*,#4225,.F.);
#5935=ORIENTED_EDGE('',*,*,#4092,.F.);
#5936=ORIENTED_EDGE('',*,*,#4227,.T.);
#5937=ORIENTED_EDGE('',*,*,#4188,.T.);
#5938=ORIENTED_EDGE('',*,*,#4226,.F.);
#5939=ORIENTED_EDGE('',*,*,#4091,.F.);
#5940=ORIENTED_EDGE('',*,*,#4228,.T.);
#5941=ORIENTED_EDGE('',*,*,#4189,.T.);
#5942=ORIENTED_EDGE('',*,*,#4227,.F.);
#5943=ORIENTED_EDGE('',*,*,#4090,.F.);
#5944=ORIENTED_EDGE('',*,*,#4216,.T.);
#5945=ORIENTED_EDGE('',*,*,#4190,.T.);
#5946=ORIENTED_EDGE('',*,*,#4228,.F.);
#5947=ORIENTED_EDGE('',*,*,#3893,.T.);
#5948=ORIENTED_EDGE('',*,*,#4229,.T.);
#5949=ORIENTED_EDGE('',*,*,#3882,.T.);
#5950=ORIENTED_EDGE('',*,*,#4229,.F.);
#5951=ORIENTED_EDGE('',*,*,#4230,.F.);
#5952=ORIENTED_EDGE('',*,*,#4231,.F.);
#5953=ORIENTED_EDGE('',*,*,#4232,.F.);
#5954=ORIENTED_EDGE('',*,*,#4233,.F.);
#5955=ORIENTED_EDGE('',*,*,#4085,.F.);
#5956=ORIENTED_EDGE('',*,*,#4234,.T.);
#5957=ORIENTED_EDGE('',*,*,#4230,.T.);
#5958=ORIENTED_EDGE('',*,*,#4235,.F.);
#5959=ORIENTED_EDGE('',*,*,#4088,.F.);
#5960=ORIENTED_EDGE('',*,*,#4236,.T.);
#5961=ORIENTED_EDGE('',*,*,#4231,.T.);
#5962=ORIENTED_EDGE('',*,*,#4234,.F.);
#5963=ORIENTED_EDGE('',*,*,#4087,.F.);
#5964=ORIENTED_EDGE('',*,*,#4237,.T.);
#5965=ORIENTED_EDGE('',*,*,#4232,.T.);
#5966=ORIENTED_EDGE('',*,*,#4236,.F.);
#5967=ORIENTED_EDGE('',*,*,#4086,.F.);
#5968=ORIENTED_EDGE('',*,*,#4235,.T.);
#5969=ORIENTED_EDGE('',*,*,#4233,.T.);
#5970=ORIENTED_EDGE('',*,*,#4237,.F.);
#5971=ORIENTED_EDGE('',*,*,#4238,.F.);
#5972=ORIENTED_EDGE('',*,*,#4239,.F.);
#5973=ORIENTED_EDGE('',*,*,#4240,.F.);
#5974=ORIENTED_EDGE('',*,*,#4241,.F.);
#5975=ORIENTED_EDGE('',*,*,#4242,.F.);
#5976=ORIENTED_EDGE('',*,*,#4243,.F.);
#5977=ORIENTED_EDGE('',*,*,#4244,.F.);
#5978=ORIENTED_EDGE('',*,*,#4245,.F.);
#5979=ORIENTED_EDGE('',*,*,#4246,.F.);
#5980=ORIENTED_EDGE('',*,*,#4247,.F.);
#5981=ORIENTED_EDGE('',*,*,#4248,.F.);
#5982=ORIENTED_EDGE('',*,*,#4249,.F.);
#5983=ORIENTED_EDGE('',*,*,#4250,.F.);
#5984=ORIENTED_EDGE('',*,*,#4251,.F.);
#5985=ORIENTED_EDGE('',*,*,#4252,.F.);
#5986=ORIENTED_EDGE('',*,*,#4253,.F.);
#5987=ORIENTED_EDGE('',*,*,#4254,.F.);
#5988=ORIENTED_EDGE('',*,*,#4255,.F.);
#5989=ORIENTED_EDGE('',*,*,#4256,.F.);
#5990=ORIENTED_EDGE('',*,*,#4257,.F.);
#5991=ORIENTED_EDGE('',*,*,#4065,.F.);
#5992=ORIENTED_EDGE('',*,*,#4258,.T.);
#5993=ORIENTED_EDGE('',*,*,#4238,.T.);
#5994=ORIENTED_EDGE('',*,*,#4259,.F.);
#5995=ORIENTED_EDGE('',*,*,#4084,.F.);
#5996=ORIENTED_EDGE('',*,*,#4260,.T.);
#5997=ORIENTED_EDGE('',*,*,#4239,.T.);
#5998=ORIENTED_EDGE('',*,*,#4258,.F.);
#5999=ORIENTED_EDGE('',*,*,#4083,.F.);
#6000=ORIENTED_EDGE('',*,*,#4261,.T.);
#6001=ORIENTED_EDGE('',*,*,#4240,.T.);
#6002=ORIENTED_EDGE('',*,*,#4260,.F.);
#6003=ORIENTED_EDGE('',*,*,#4082,.F.);
#6004=ORIENTED_EDGE('',*,*,#4262,.T.);
#6005=ORIENTED_EDGE('',*,*,#4241,.T.);
#6006=ORIENTED_EDGE('',*,*,#4261,.F.);
#6007=ORIENTED_EDGE('',*,*,#4081,.F.);
#6008=ORIENTED_EDGE('',*,*,#4263,.T.);
#6009=ORIENTED_EDGE('',*,*,#4242,.T.);
#6010=ORIENTED_EDGE('',*,*,#4262,.F.);
#6011=ORIENTED_EDGE('',*,*,#4080,.F.);
#6012=ORIENTED_EDGE('',*,*,#4264,.T.);
#6013=ORIENTED_EDGE('',*,*,#4243,.T.);
#6014=ORIENTED_EDGE('',*,*,#4263,.F.);
#6015=ORIENTED_EDGE('',*,*,#4079,.F.);
#6016=ORIENTED_EDGE('',*,*,#4265,.T.);
#6017=ORIENTED_EDGE('',*,*,#4244,.T.);
#6018=ORIENTED_EDGE('',*,*,#4264,.F.);
#6019=ORIENTED_EDGE('',*,*,#4078,.F.);
#6020=ORIENTED_EDGE('',*,*,#4266,.T.);
#6021=ORIENTED_EDGE('',*,*,#4245,.T.);
#6022=ORIENTED_EDGE('',*,*,#4265,.F.);
#6023=ORIENTED_EDGE('',*,*,#4077,.F.);
#6024=ORIENTED_EDGE('',*,*,#4267,.T.);
#6025=ORIENTED_EDGE('',*,*,#4246,.T.);
#6026=ORIENTED_EDGE('',*,*,#4266,.F.);
#6027=ORIENTED_EDGE('',*,*,#4076,.F.);
#6028=ORIENTED_EDGE('',*,*,#4268,.T.);
#6029=ORIENTED_EDGE('',*,*,#4247,.T.);
#6030=ORIENTED_EDGE('',*,*,#4267,.F.);
#6031=ORIENTED_EDGE('',*,*,#4075,.F.);
#6032=ORIENTED_EDGE('',*,*,#4269,.T.);
#6033=ORIENTED_EDGE('',*,*,#4248,.T.);
#6034=ORIENTED_EDGE('',*,*,#4268,.F.);
#6035=ORIENTED_EDGE('',*,*,#4074,.F.);
#6036=ORIENTED_EDGE('',*,*,#4270,.T.);
#6037=ORIENTED_EDGE('',*,*,#4249,.T.);
#6038=ORIENTED_EDGE('',*,*,#4269,.F.);
#6039=ORIENTED_EDGE('',*,*,#4073,.F.);
#6040=ORIENTED_EDGE('',*,*,#4271,.T.);
#6041=ORIENTED_EDGE('',*,*,#4250,.T.);
#6042=ORIENTED_EDGE('',*,*,#4270,.F.);
#6043=ORIENTED_EDGE('',*,*,#4072,.F.);
#6044=ORIENTED_EDGE('',*,*,#4272,.T.);
#6045=ORIENTED_EDGE('',*,*,#4251,.T.);
#6046=ORIENTED_EDGE('',*,*,#4271,.F.);
#6047=ORIENTED_EDGE('',*,*,#4071,.F.);
#6048=ORIENTED_EDGE('',*,*,#4273,.T.);
#6049=ORIENTED_EDGE('',*,*,#4252,.T.);
#6050=ORIENTED_EDGE('',*,*,#4272,.F.);
#6051=ORIENTED_EDGE('',*,*,#4070,.F.);
#6052=ORIENTED_EDGE('',*,*,#4274,.T.);
#6053=ORIENTED_EDGE('',*,*,#4253,.T.);
#6054=ORIENTED_EDGE('',*,*,#4273,.F.);
#6055=ORIENTED_EDGE('',*,*,#4069,.F.);
#6056=ORIENTED_EDGE('',*,*,#4275,.T.);
#6057=ORIENTED_EDGE('',*,*,#4254,.T.);
#6058=ORIENTED_EDGE('',*,*,#4274,.F.);
#6059=ORIENTED_EDGE('',*,*,#4068,.F.);
#6060=ORIENTED_EDGE('',*,*,#4276,.T.);
#6061=ORIENTED_EDGE('',*,*,#4255,.T.);
#6062=ORIENTED_EDGE('',*,*,#4275,.F.);
#6063=ORIENTED_EDGE('',*,*,#4067,.F.);
#6064=ORIENTED_EDGE('',*,*,#4277,.T.);
#6065=ORIENTED_EDGE('',*,*,#4256,.T.);
#6066=ORIENTED_EDGE('',*,*,#4276,.F.);
#6067=ORIENTED_EDGE('',*,*,#4066,.F.);
#6068=ORIENTED_EDGE('',*,*,#4259,.T.);
#6069=ORIENTED_EDGE('',*,*,#4257,.T.);
#6070=ORIENTED_EDGE('',*,*,#4277,.F.);
#6071=ORIENTED_EDGE('',*,*,#4278,.F.);
#6072=ORIENTED_EDGE('',*,*,#4279,.F.);
#6073=ORIENTED_EDGE('',*,*,#4280,.F.);
#6074=ORIENTED_EDGE('',*,*,#4281,.F.);
#6075=ORIENTED_EDGE('',*,*,#4282,.F.);
#6076=ORIENTED_EDGE('',*,*,#4283,.F.);
#6077=ORIENTED_EDGE('',*,*,#4284,.F.);
#6078=ORIENTED_EDGE('',*,*,#4285,.F.);
#6079=ORIENTED_EDGE('',*,*,#4286,.F.);
#6080=ORIENTED_EDGE('',*,*,#4287,.F.);
#6081=ORIENTED_EDGE('',*,*,#4288,.F.);
#6082=ORIENTED_EDGE('',*,*,#4289,.F.);
#6083=ORIENTED_EDGE('',*,*,#4290,.F.);
#6084=ORIENTED_EDGE('',*,*,#4291,.F.);
#6085=ORIENTED_EDGE('',*,*,#4292,.F.);
#6086=ORIENTED_EDGE('',*,*,#4293,.F.);
#6087=ORIENTED_EDGE('',*,*,#4294,.F.);
#6088=ORIENTED_EDGE('',*,*,#4295,.F.);
#6089=ORIENTED_EDGE('',*,*,#4296,.F.);
#6090=ORIENTED_EDGE('',*,*,#4297,.F.);
#6091=ORIENTED_EDGE('',*,*,#4298,.F.);
#6092=ORIENTED_EDGE('',*,*,#4299,.F.);
#6093=ORIENTED_EDGE('',*,*,#4300,.F.);
#6094=ORIENTED_EDGE('',*,*,#4301,.F.);
#6095=ORIENTED_EDGE('',*,*,#4302,.F.);
#6096=ORIENTED_EDGE('',*,*,#4303,.F.);
#6097=ORIENTED_EDGE('',*,*,#4304,.F.);
#6098=ORIENTED_EDGE('',*,*,#4305,.F.);
#6099=ORIENTED_EDGE('',*,*,#4306,.F.);
#6100=ORIENTED_EDGE('',*,*,#4307,.F.);
#6101=ORIENTED_EDGE('',*,*,#4308,.F.);
#6102=ORIENTED_EDGE('',*,*,#4309,.F.);
#6103=ORIENTED_EDGE('',*,*,#4310,.F.);
#6104=ORIENTED_EDGE('',*,*,#4311,.F.);
#6105=ORIENTED_EDGE('',*,*,#4312,.F.);
#6106=ORIENTED_EDGE('',*,*,#4313,.F.);
#6107=ORIENTED_EDGE('',*,*,#4314,.F.);
#6108=ORIENTED_EDGE('',*,*,#4038,.F.);
#6109=ORIENTED_EDGE('',*,*,#4315,.T.);
#6110=ORIENTED_EDGE('',*,*,#4278,.T.);
#6111=ORIENTED_EDGE('',*,*,#4316,.F.);
#6112=ORIENTED_EDGE('',*,*,#4064,.F.);
#6113=ORIENTED_EDGE('',*,*,#4317,.T.);
#6114=ORIENTED_EDGE('',*,*,#4279,.T.);
#6115=ORIENTED_EDGE('',*,*,#4315,.F.);
#6116=ORIENTED_EDGE('',*,*,#4063,.F.);
#6117=ORIENTED_EDGE('',*,*,#4318,.T.);
#6118=ORIENTED_EDGE('',*,*,#4280,.T.);
#6119=ORIENTED_EDGE('',*,*,#4317,.F.);
#6120=ORIENTED_EDGE('',*,*,#4062,.F.);
#6121=ORIENTED_EDGE('',*,*,#4319,.T.);
#6122=ORIENTED_EDGE('',*,*,#4281,.T.);
#6123=ORIENTED_EDGE('',*,*,#4318,.F.);
#6124=ORIENTED_EDGE('',*,*,#4061,.F.);
#6125=ORIENTED_EDGE('',*,*,#4320,.T.);
#6126=ORIENTED_EDGE('',*,*,#4282,.T.);
#6127=ORIENTED_EDGE('',*,*,#4319,.F.);
#6128=ORIENTED_EDGE('',*,*,#4060,.F.);
#6129=ORIENTED_EDGE('',*,*,#4321,.T.);
#6130=ORIENTED_EDGE('',*,*,#4283,.T.);
#6131=ORIENTED_EDGE('',*,*,#4320,.F.);
#6132=ORIENTED_EDGE('',*,*,#4059,.F.);
#6133=ORIENTED_EDGE('',*,*,#4322,.T.);
#6134=ORIENTED_EDGE('',*,*,#4284,.T.);
#6135=ORIENTED_EDGE('',*,*,#4321,.F.);
#6136=ORIENTED_EDGE('',*,*,#4058,.F.);
#6137=ORIENTED_EDGE('',*,*,#4323,.T.);
#6138=ORIENTED_EDGE('',*,*,#4285,.T.);
#6139=ORIENTED_EDGE('',*,*,#4322,.F.);
#6140=ORIENTED_EDGE('',*,*,#4057,.F.);
#6141=ORIENTED_EDGE('',*,*,#4324,.T.);
#6142=ORIENTED_EDGE('',*,*,#4286,.T.);
#6143=ORIENTED_EDGE('',*,*,#4323,.F.);
#6144=ORIENTED_EDGE('',*,*,#4056,.F.);
#6145=ORIENTED_EDGE('',*,*,#4325,.T.);
#6146=ORIENTED_EDGE('',*,*,#4287,.T.);
#6147=ORIENTED_EDGE('',*,*,#4324,.F.);
#6148=ORIENTED_EDGE('',*,*,#4055,.F.);
#6149=ORIENTED_EDGE('',*,*,#4326,.T.);
#6150=ORIENTED_EDGE('',*,*,#4288,.T.);
#6151=ORIENTED_EDGE('',*,*,#4325,.F.);
#6152=ORIENTED_EDGE('',*,*,#4054,.F.);
#6153=ORIENTED_EDGE('',*,*,#4327,.T.);
#6154=ORIENTED_EDGE('',*,*,#4289,.T.);
#6155=ORIENTED_EDGE('',*,*,#4326,.F.);
#6156=ORIENTED_EDGE('',*,*,#4053,.F.);
#6157=ORIENTED_EDGE('',*,*,#4328,.T.);
#6158=ORIENTED_EDGE('',*,*,#4290,.T.);
#6159=ORIENTED_EDGE('',*,*,#4327,.F.);
#6160=ORIENTED_EDGE('',*,*,#4052,.F.);
#6161=ORIENTED_EDGE('',*,*,#4329,.T.);
#6162=ORIENTED_EDGE('',*,*,#4291,.T.);
#6163=ORIENTED_EDGE('',*,*,#4328,.F.);
#6164=ORIENTED_EDGE('',*,*,#4051,.F.);
#6165=ORIENTED_EDGE('',*,*,#4330,.T.);
#6166=ORIENTED_EDGE('',*,*,#4292,.T.);
#6167=ORIENTED_EDGE('',*,*,#4329,.F.);
#6168=ORIENTED_EDGE('',*,*,#4050,.F.);
#6169=ORIENTED_EDGE('',*,*,#4331,.T.);
#6170=ORIENTED_EDGE('',*,*,#4293,.T.);
#6171=ORIENTED_EDGE('',*,*,#4330,.F.);
#6172=ORIENTED_EDGE('',*,*,#4049,.F.);
#6173=ORIENTED_EDGE('',*,*,#4332,.T.);
#6174=ORIENTED_EDGE('',*,*,#4294,.T.);
#6175=ORIENTED_EDGE('',*,*,#4331,.F.);
#6176=ORIENTED_EDGE('',*,*,#4048,.F.);
#6177=ORIENTED_EDGE('',*,*,#4333,.T.);
#6178=ORIENTED_EDGE('',*,*,#4295,.T.);
#6179=ORIENTED_EDGE('',*,*,#4332,.F.);
#6180=ORIENTED_EDGE('',*,*,#4047,.F.);
#6181=ORIENTED_EDGE('',*,*,#4334,.T.);
#6182=ORIENTED_EDGE('',*,*,#4296,.T.);
#6183=ORIENTED_EDGE('',*,*,#4333,.F.);
#6184=ORIENTED_EDGE('',*,*,#4046,.F.);
#6185=ORIENTED_EDGE('',*,*,#4335,.T.);
#6186=ORIENTED_EDGE('',*,*,#4297,.T.);
#6187=ORIENTED_EDGE('',*,*,#4334,.F.);
#6188=ORIENTED_EDGE('',*,*,#4045,.F.);
#6189=ORIENTED_EDGE('',*,*,#4336,.T.);
#6190=ORIENTED_EDGE('',*,*,#4298,.T.);
#6191=ORIENTED_EDGE('',*,*,#4335,.F.);
#6192=ORIENTED_EDGE('',*,*,#4044,.F.);
#6193=ORIENTED_EDGE('',*,*,#4337,.T.);
#6194=ORIENTED_EDGE('',*,*,#4299,.T.);
#6195=ORIENTED_EDGE('',*,*,#4336,.F.);
#6196=ORIENTED_EDGE('',*,*,#4043,.F.);
#6197=ORIENTED_EDGE('',*,*,#4338,.T.);
#6198=ORIENTED_EDGE('',*,*,#4300,.T.);
#6199=ORIENTED_EDGE('',*,*,#4337,.F.);
#6200=ORIENTED_EDGE('',*,*,#4042,.F.);
#6201=ORIENTED_EDGE('',*,*,#4339,.T.);
#6202=ORIENTED_EDGE('',*,*,#4301,.T.);
#6203=ORIENTED_EDGE('',*,*,#4338,.F.);
#6204=ORIENTED_EDGE('',*,*,#4041,.F.);
#6205=ORIENTED_EDGE('',*,*,#4340,.T.);
#6206=ORIENTED_EDGE('',*,*,#4302,.T.);
#6207=ORIENTED_EDGE('',*,*,#4339,.F.);
#6208=ORIENTED_EDGE('',*,*,#4040,.F.);
#6209=ORIENTED_EDGE('',*,*,#4341,.T.);
#6210=ORIENTED_EDGE('',*,*,#4303,.T.);
#6211=ORIENTED_EDGE('',*,*,#4340,.F.);
#6212=ORIENTED_EDGE('',*,*,#4039,.F.);
#6213=ORIENTED_EDGE('',*,*,#4316,.T.);
#6214=ORIENTED_EDGE('',*,*,#4304,.T.);
#6215=ORIENTED_EDGE('',*,*,#4341,.F.);
#6216=ORIENTED_EDGE('',*,*,#4342,.F.);
#6217=ORIENTED_EDGE('',*,*,#4343,.T.);
#6218=ORIENTED_EDGE('',*,*,#4305,.T.);
#6219=ORIENTED_EDGE('',*,*,#4344,.F.);
#6220=ORIENTED_EDGE('',*,*,#4345,.F.);
#6221=ORIENTED_EDGE('',*,*,#4346,.T.);
#6222=ORIENTED_EDGE('',*,*,#4306,.T.);
#6223=ORIENTED_EDGE('',*,*,#4343,.F.);
#6224=ORIENTED_EDGE('',*,*,#4347,.F.);
#6225=ORIENTED_EDGE('',*,*,#4348,.T.);
#6226=ORIENTED_EDGE('',*,*,#4307,.T.);
#6227=ORIENTED_EDGE('',*,*,#4346,.F.);
#6228=ORIENTED_EDGE('',*,*,#4349,.F.);
#6229=ORIENTED_EDGE('',*,*,#4350,.T.);
#6230=ORIENTED_EDGE('',*,*,#4308,.T.);
#6231=ORIENTED_EDGE('',*,*,#4348,.F.);
#6232=ORIENTED_EDGE('',*,*,#4351,.F.);
#6233=ORIENTED_EDGE('',*,*,#4352,.T.);
#6234=ORIENTED_EDGE('',*,*,#4309,.T.);
#6235=ORIENTED_EDGE('',*,*,#4350,.F.);
#6236=ORIENTED_EDGE('',*,*,#4353,.F.);
#6237=ORIENTED_EDGE('',*,*,#4354,.T.);
#6238=ORIENTED_EDGE('',*,*,#4310,.T.);
#6239=ORIENTED_EDGE('',*,*,#4352,.F.);
#6240=ORIENTED_EDGE('',*,*,#4355,.F.);
#6241=ORIENTED_EDGE('',*,*,#4356,.T.);
#6242=ORIENTED_EDGE('',*,*,#4311,.T.);
#6243=ORIENTED_EDGE('',*,*,#4354,.F.);
#6244=ORIENTED_EDGE('',*,*,#4357,.F.);
#6245=ORIENTED_EDGE('',*,*,#4358,.T.);
#6246=ORIENTED_EDGE('',*,*,#4312,.T.);
#6247=ORIENTED_EDGE('',*,*,#4356,.F.);
#6248=ORIENTED_EDGE('',*,*,#4359,.F.);
#6249=ORIENTED_EDGE('',*,*,#4360,.T.);
#6250=ORIENTED_EDGE('',*,*,#4313,.T.);
#6251=ORIENTED_EDGE('',*,*,#4358,.F.);
#6252=ORIENTED_EDGE('',*,*,#4361,.F.);
#6253=ORIENTED_EDGE('',*,*,#4344,.T.);
#6254=ORIENTED_EDGE('',*,*,#4314,.T.);
#6255=ORIENTED_EDGE('',*,*,#4360,.F.);
#6256=ORIENTED_EDGE('',*,*,#4342,.T.);
#6257=ORIENTED_EDGE('',*,*,#4361,.T.);
#6258=ORIENTED_EDGE('',*,*,#4359,.T.);
#6259=ORIENTED_EDGE('',*,*,#4357,.T.);
#6260=ORIENTED_EDGE('',*,*,#4355,.T.);
#6261=ORIENTED_EDGE('',*,*,#4353,.T.);
#6262=ORIENTED_EDGE('',*,*,#4351,.T.);
#6263=ORIENTED_EDGE('',*,*,#4349,.T.);
#6264=ORIENTED_EDGE('',*,*,#4347,.T.);
#6265=ORIENTED_EDGE('',*,*,#4345,.T.);
#6266=ORIENTED_EDGE('',*,*,#4362,.F.);
#6267=ORIENTED_EDGE('',*,*,#4363,.F.);
#6268=ORIENTED_EDGE('',*,*,#4364,.F.);
#6269=ORIENTED_EDGE('',*,*,#4365,.F.);
#6270=ORIENTED_EDGE('',*,*,#4366,.F.);
#6271=ORIENTED_EDGE('',*,*,#4367,.F.);
#6272=ORIENTED_EDGE('',*,*,#4368,.F.);
#6273=ORIENTED_EDGE('',*,*,#4369,.F.);
#6274=ORIENTED_EDGE('',*,*,#4370,.F.);
#6275=ORIENTED_EDGE('',*,*,#4371,.F.);
#6276=ORIENTED_EDGE('',*,*,#4372,.F.);
#6277=ORIENTED_EDGE('',*,*,#4373,.F.);
#6278=ORIENTED_EDGE('',*,*,#4374,.F.);
#6279=ORIENTED_EDGE('',*,*,#4375,.F.);
#6280=ORIENTED_EDGE('',*,*,#4376,.T.);
#6281=ORIENTED_EDGE('',*,*,#4370,.T.);
#6282=ORIENTED_EDGE('',*,*,#4377,.F.);
#6283=ORIENTED_EDGE('',*,*,#4378,.F.);
#6284=ORIENTED_EDGE('',*,*,#4379,.T.);
#6285=ORIENTED_EDGE('',*,*,#4371,.T.);
#6286=ORIENTED_EDGE('',*,*,#4376,.F.);
#6287=ORIENTED_EDGE('',*,*,#4380,.F.);
#6288=ORIENTED_EDGE('',*,*,#4381,.T.);
#6289=ORIENTED_EDGE('',*,*,#4372,.T.);
#6290=ORIENTED_EDGE('',*,*,#4379,.F.);
#6291=ORIENTED_EDGE('',*,*,#4382,.F.);
#6292=ORIENTED_EDGE('',*,*,#4383,.T.);
#6293=ORIENTED_EDGE('',*,*,#4373,.T.);
#6294=ORIENTED_EDGE('',*,*,#4381,.F.);
#6295=ORIENTED_EDGE('',*,*,#4384,.F.);
#6296=ORIENTED_EDGE('',*,*,#4377,.T.);
#6297=ORIENTED_EDGE('',*,*,#4374,.T.);
#6298=ORIENTED_EDGE('',*,*,#4383,.F.);
#6299=ORIENTED_EDGE('',*,*,#3994,.F.);
#6300=ORIENTED_EDGE('',*,*,#4385,.T.);
#6301=ORIENTED_EDGE('',*,*,#4362,.T.);
#6302=ORIENTED_EDGE('',*,*,#4386,.F.);
#6303=ORIENTED_EDGE('',*,*,#4001,.F.);
#6304=ORIENTED_EDGE('',*,*,#4387,.T.);
#6305=ORIENTED_EDGE('',*,*,#4363,.T.);
#6306=ORIENTED_EDGE('',*,*,#4385,.F.);
#6307=ORIENTED_EDGE('',*,*,#4000,.F.);
#6308=ORIENTED_EDGE('',*,*,#4388,.T.);
#6309=ORIENTED_EDGE('',*,*,#4364,.T.);
#6310=ORIENTED_EDGE('',*,*,#4387,.F.);
#6311=ORIENTED_EDGE('',*,*,#3999,.F.);
#6312=ORIENTED_EDGE('',*,*,#4389,.T.);
#6313=ORIENTED_EDGE('',*,*,#4365,.T.);
#6314=ORIENTED_EDGE('',*,*,#4388,.F.);
#6315=ORIENTED_EDGE('',*,*,#3998,.F.);
#6316=ORIENTED_EDGE('',*,*,#4390,.T.);
#6317=ORIENTED_EDGE('',*,*,#4366,.T.);
#6318=ORIENTED_EDGE('',*,*,#4389,.F.);
#6319=ORIENTED_EDGE('',*,*,#3997,.F.);
#6320=ORIENTED_EDGE('',*,*,#4391,.T.);
#6321=ORIENTED_EDGE('',*,*,#4367,.T.);
#6322=ORIENTED_EDGE('',*,*,#4390,.F.);
#6323=ORIENTED_EDGE('',*,*,#3996,.F.);
#6324=ORIENTED_EDGE('',*,*,#4392,.T.);
#6325=ORIENTED_EDGE('',*,*,#4368,.T.);
#6326=ORIENTED_EDGE('',*,*,#4391,.F.);
#6327=ORIENTED_EDGE('',*,*,#3995,.F.);
#6328=ORIENTED_EDGE('',*,*,#4386,.T.);
#6329=ORIENTED_EDGE('',*,*,#4369,.T.);
#6330=ORIENTED_EDGE('',*,*,#4392,.F.);
#6331=ORIENTED_EDGE('',*,*,#4199,.T.);
#6332=ORIENTED_EDGE('',*,*,#4214,.T.);
#6333=ORIENTED_EDGE('',*,*,#4212,.T.);
#6334=ORIENTED_EDGE('',*,*,#4210,.T.);
#6335=ORIENTED_EDGE('',*,*,#4208,.T.);
#6336=ORIENTED_EDGE('',*,*,#4206,.T.);
#6337=ORIENTED_EDGE('',*,*,#4204,.T.);
#6338=ORIENTED_EDGE('',*,*,#4202,.T.);
#6339=ORIENTED_EDGE('',*,*,#4393,.F.);
#6340=ORIENTED_EDGE('',*,*,#4394,.F.);
#6341=ORIENTED_EDGE('',*,*,#4395,.F.);
#6342=ORIENTED_EDGE('',*,*,#4396,.F.);
#6343=ORIENTED_EDGE('',*,*,#4397,.F.);
#6344=ORIENTED_EDGE('',*,*,#4398,.F.);
#6345=ORIENTED_EDGE('',*,*,#4399,.F.);
#6346=ORIENTED_EDGE('',*,*,#4400,.F.);
#6347=ORIENTED_EDGE('',*,*,#4401,.F.);
#6348=ORIENTED_EDGE('',*,*,#4402,.F.);
#6349=ORIENTED_EDGE('',*,*,#4002,.F.);
#6350=ORIENTED_EDGE('',*,*,#4403,.T.);
#6351=ORIENTED_EDGE('',*,*,#4393,.T.);
#6352=ORIENTED_EDGE('',*,*,#4404,.F.);
#6353=ORIENTED_EDGE('',*,*,#4011,.F.);
#6354=ORIENTED_EDGE('',*,*,#4405,.T.);
#6355=ORIENTED_EDGE('',*,*,#4394,.T.);
#6356=ORIENTED_EDGE('',*,*,#4403,.F.);
#6357=ORIENTED_EDGE('',*,*,#4010,.F.);
#6358=ORIENTED_EDGE('',*,*,#4406,.T.);
#6359=ORIENTED_EDGE('',*,*,#4395,.T.);
#6360=ORIENTED_EDGE('',*,*,#4405,.F.);
#6361=ORIENTED_EDGE('',*,*,#4009,.F.);
#6362=ORIENTED_EDGE('',*,*,#4407,.T.);
#6363=ORIENTED_EDGE('',*,*,#4396,.T.);
#6364=ORIENTED_EDGE('',*,*,#4406,.F.);
#6365=ORIENTED_EDGE('',*,*,#4008,.F.);
#6366=ORIENTED_EDGE('',*,*,#4408,.T.);
#6367=ORIENTED_EDGE('',*,*,#4397,.T.);
#6368=ORIENTED_EDGE('',*,*,#4407,.F.);
#6369=ORIENTED_EDGE('',*,*,#4007,.F.);
#6370=ORIENTED_EDGE('',*,*,#4409,.T.);
#6371=ORIENTED_EDGE('',*,*,#4398,.T.);
#6372=ORIENTED_EDGE('',*,*,#4408,.F.);
#6373=ORIENTED_EDGE('',*,*,#4006,.F.);
#6374=ORIENTED_EDGE('',*,*,#4410,.T.);
#6375=ORIENTED_EDGE('',*,*,#4399,.T.);
#6376=ORIENTED_EDGE('',*,*,#4409,.F.);
#6377=ORIENTED_EDGE('',*,*,#4005,.F.);
#6378=ORIENTED_EDGE('',*,*,#4411,.T.);
#6379=ORIENTED_EDGE('',*,*,#4400,.T.);
#6380=ORIENTED_EDGE('',*,*,#4410,.F.);
#6381=ORIENTED_EDGE('',*,*,#4004,.F.);
#6382=ORIENTED_EDGE('',*,*,#4412,.T.);
#6383=ORIENTED_EDGE('',*,*,#4401,.T.);
#6384=ORIENTED_EDGE('',*,*,#4411,.F.);
#6385=ORIENTED_EDGE('',*,*,#4003,.F.);
#6386=ORIENTED_EDGE('',*,*,#4404,.T.);
#6387=ORIENTED_EDGE('',*,*,#4402,.T.);
#6388=ORIENTED_EDGE('',*,*,#4412,.F.);
#6389=ORIENTED_EDGE('',*,*,#4413,.F.);
#6390=ORIENTED_EDGE('',*,*,#4414,.F.);
#6391=ORIENTED_EDGE('',*,*,#4415,.F.);
#6392=ORIENTED_EDGE('',*,*,#4416,.F.);
#6393=ORIENTED_EDGE('',*,*,#4417,.F.);
#6394=ORIENTED_EDGE('',*,*,#4418,.F.);
#6395=ORIENTED_EDGE('',*,*,#4419,.F.);
#6396=ORIENTED_EDGE('',*,*,#4420,.F.);
#6397=ORIENTED_EDGE('',*,*,#4421,.F.);
#6398=ORIENTED_EDGE('',*,*,#4422,.F.);
#6399=ORIENTED_EDGE('',*,*,#4423,.F.);
#6400=ORIENTED_EDGE('',*,*,#4424,.F.);
#6401=ORIENTED_EDGE('',*,*,#4425,.F.);
#6402=ORIENTED_EDGE('',*,*,#4426,.F.);
#6403=ORIENTED_EDGE('',*,*,#4427,.F.);
#6404=ORIENTED_EDGE('',*,*,#4428,.F.);
#6405=ORIENTED_EDGE('',*,*,#4429,.F.);
#6406=ORIENTED_EDGE('',*,*,#4430,.F.);
#6407=ORIENTED_EDGE('',*,*,#4012,.F.);
#6408=ORIENTED_EDGE('',*,*,#4431,.T.);
#6409=ORIENTED_EDGE('',*,*,#4413,.T.);
#6410=ORIENTED_EDGE('',*,*,#4432,.F.);
#6411=ORIENTED_EDGE('',*,*,#4029,.F.);
#6412=ORIENTED_EDGE('',*,*,#4433,.T.);
#6413=ORIENTED_EDGE('',*,*,#4414,.T.);
#6414=ORIENTED_EDGE('',*,*,#4431,.F.);
#6415=ORIENTED_EDGE('',*,*,#4028,.F.);
#6416=ORIENTED_EDGE('',*,*,#4434,.T.);
#6417=ORIENTED_EDGE('',*,*,#4415,.T.);
#6418=ORIENTED_EDGE('',*,*,#4433,.F.);
#6419=ORIENTED_EDGE('',*,*,#4027,.F.);
#6420=ORIENTED_EDGE('',*,*,#4435,.T.);
#6421=ORIENTED_EDGE('',*,*,#4416,.T.);
#6422=ORIENTED_EDGE('',*,*,#4434,.F.);
#6423=ORIENTED_EDGE('',*,*,#4026,.F.);
#6424=ORIENTED_EDGE('',*,*,#4436,.T.);
#6425=ORIENTED_EDGE('',*,*,#4417,.T.);
#6426=ORIENTED_EDGE('',*,*,#4435,.F.);
#6427=ORIENTED_EDGE('',*,*,#4025,.F.);
#6428=ORIENTED_EDGE('',*,*,#4437,.T.);
#6429=ORIENTED_EDGE('',*,*,#4418,.T.);
#6430=ORIENTED_EDGE('',*,*,#4436,.F.);
#6431=ORIENTED_EDGE('',*,*,#4024,.F.);
#6432=ORIENTED_EDGE('',*,*,#4438,.T.);
#6433=ORIENTED_EDGE('',*,*,#4419,.T.);
#6434=ORIENTED_EDGE('',*,*,#4437,.F.);
#6435=ORIENTED_EDGE('',*,*,#4023,.F.);
#6436=ORIENTED_EDGE('',*,*,#4439,.T.);
#6437=ORIENTED_EDGE('',*,*,#4420,.T.);
#6438=ORIENTED_EDGE('',*,*,#4438,.F.);
#6439=ORIENTED_EDGE('',*,*,#4022,.F.);
#6440=ORIENTED_EDGE('',*,*,#4440,.T.);
#6441=ORIENTED_EDGE('',*,*,#4421,.T.);
#6442=ORIENTED_EDGE('',*,*,#4439,.F.);
#6443=ORIENTED_EDGE('',*,*,#4021,.F.);
#6444=ORIENTED_EDGE('',*,*,#4441,.T.);
#6445=ORIENTED_EDGE('',*,*,#4422,.T.);
#6446=ORIENTED_EDGE('',*,*,#4440,.F.);
#6447=ORIENTED_EDGE('',*,*,#4020,.F.);
#6448=ORIENTED_EDGE('',*,*,#4442,.T.);
#6449=ORIENTED_EDGE('',*,*,#4423,.T.);
#6450=ORIENTED_EDGE('',*,*,#4441,.F.);
#6451=ORIENTED_EDGE('',*,*,#4019,.F.);
#6452=ORIENTED_EDGE('',*,*,#4443,.T.);
#6453=ORIENTED_EDGE('',*,*,#4424,.T.);
#6454=ORIENTED_EDGE('',*,*,#4442,.F.);
#6455=ORIENTED_EDGE('',*,*,#4018,.F.);
#6456=ORIENTED_EDGE('',*,*,#4444,.T.);
#6457=ORIENTED_EDGE('',*,*,#4425,.T.);
#6458=ORIENTED_EDGE('',*,*,#4443,.F.);
#6459=ORIENTED_EDGE('',*,*,#4017,.F.);
#6460=ORIENTED_EDGE('',*,*,#4445,.T.);
#6461=ORIENTED_EDGE('',*,*,#4426,.T.);
#6462=ORIENTED_EDGE('',*,*,#4444,.F.);
#6463=ORIENTED_EDGE('',*,*,#4016,.F.);
#6464=ORIENTED_EDGE('',*,*,#4446,.T.);
#6465=ORIENTED_EDGE('',*,*,#4427,.T.);
#6466=ORIENTED_EDGE('',*,*,#4445,.F.);
#6467=ORIENTED_EDGE('',*,*,#4015,.F.);
#6468=ORIENTED_EDGE('',*,*,#4447,.T.);
#6469=ORIENTED_EDGE('',*,*,#4428,.T.);
#6470=ORIENTED_EDGE('',*,*,#4446,.F.);
#6471=ORIENTED_EDGE('',*,*,#4014,.F.);
#6472=ORIENTED_EDGE('',*,*,#4448,.T.);
#6473=ORIENTED_EDGE('',*,*,#4429,.T.);
#6474=ORIENTED_EDGE('',*,*,#4447,.F.);
#6475=ORIENTED_EDGE('',*,*,#4013,.F.);
#6476=ORIENTED_EDGE('',*,*,#4432,.T.);
#6477=ORIENTED_EDGE('',*,*,#4430,.T.);
#6478=ORIENTED_EDGE('',*,*,#4448,.F.);
#6479=ORIENTED_EDGE('',*,*,#4449,.F.);
#6480=ORIENTED_EDGE('',*,*,#4450,.F.);
#6481=ORIENTED_EDGE('',*,*,#4451,.F.);
#6482=ORIENTED_EDGE('',*,*,#4452,.F.);
#6483=ORIENTED_EDGE('',*,*,#4030,.F.);
#6484=ORIENTED_EDGE('',*,*,#4453,.T.);
#6485=ORIENTED_EDGE('',*,*,#4449,.T.);
#6486=ORIENTED_EDGE('',*,*,#4454,.F.);
#6487=ORIENTED_EDGE('',*,*,#4033,.F.);
#6488=ORIENTED_EDGE('',*,*,#4455,.T.);
#6489=ORIENTED_EDGE('',*,*,#4450,.T.);
#6490=ORIENTED_EDGE('',*,*,#4453,.F.);
#6491=ORIENTED_EDGE('',*,*,#4032,.F.);
#6492=ORIENTED_EDGE('',*,*,#4456,.T.);
#6493=ORIENTED_EDGE('',*,*,#4451,.T.);
#6494=ORIENTED_EDGE('',*,*,#4455,.F.);
#6495=ORIENTED_EDGE('',*,*,#4031,.F.);
#6496=ORIENTED_EDGE('',*,*,#4454,.T.);
#6497=ORIENTED_EDGE('',*,*,#4452,.T.);
#6498=ORIENTED_EDGE('',*,*,#4456,.F.);
#6499=ORIENTED_EDGE('',*,*,#4457,.F.);
#6500=ORIENTED_EDGE('',*,*,#4458,.F.);
#6501=ORIENTED_EDGE('',*,*,#4459,.F.);
#6502=ORIENTED_EDGE('',*,*,#4460,.F.);
#6503=ORIENTED_EDGE('',*,*,#4034,.F.);
#6504=ORIENTED_EDGE('',*,*,#4461,.T.);
#6505=ORIENTED_EDGE('',*,*,#4457,.T.);
#6506=ORIENTED_EDGE('',*,*,#4462,.F.);
#6507=ORIENTED_EDGE('',*,*,#4037,.F.);
#6508=ORIENTED_EDGE('',*,*,#4463,.T.);
#6509=ORIENTED_EDGE('',*,*,#4458,.T.);
#6510=ORIENTED_EDGE('',*,*,#4461,.F.);
#6511=ORIENTED_EDGE('',*,*,#4036,.F.);
#6512=ORIENTED_EDGE('',*,*,#4464,.T.);
#6513=ORIENTED_EDGE('',*,*,#4459,.T.);
#6514=ORIENTED_EDGE('',*,*,#4463,.F.);
#6515=ORIENTED_EDGE('',*,*,#4035,.F.);
#6516=ORIENTED_EDGE('',*,*,#4462,.T.);
#6517=ORIENTED_EDGE('',*,*,#4460,.T.);
#6518=ORIENTED_EDGE('',*,*,#4464,.F.);
#6519=ORIENTED_EDGE('',*,*,#4465,.F.);
#6520=ORIENTED_EDGE('',*,*,#4466,.T.);
#6521=ORIENTED_EDGE('',*,*,#4467,.T.);
#6522=ORIENTED_EDGE('',*,*,#4466,.F.);
#6523=ORIENTED_EDGE('',*,*,#4467,.F.);
#6524=ORIENTED_EDGE('',*,*,#4375,.T.);
#6525=ORIENTED_EDGE('',*,*,#4384,.T.);
#6526=ORIENTED_EDGE('',*,*,#4382,.T.);
#6527=ORIENTED_EDGE('',*,*,#4380,.T.);
#6528=ORIENTED_EDGE('',*,*,#4378,.T.);
#6529=ORIENTED_EDGE('',*,*,#3880,.T.);
#6530=ORIENTED_EDGE('',*,*,#3438,.T.);
#6531=ORIENTED_EDGE('',*,*,#4465,.T.);
#6532=CYLINDRICAL_SURFACE('',#7006,22.);
#6533=CYLINDRICAL_SURFACE('',#7015,17.);
#6534=CYLINDRICAL_SURFACE('',#7020,17.);
#6535=CYLINDRICAL_SURFACE('',#7027,15.);
#6536=CYLINDRICAL_SURFACE('',#7035,17.);
#6537=CYLINDRICAL_SURFACE('',#7046,17.);
#6538=CYLINDRICAL_SURFACE('',#7057,17.);
#6539=CYLINDRICAL_SURFACE('',#7062,17.);
#6540=CYLINDRICAL_SURFACE('',#7069,15.);
#6541=CYLINDRICAL_SURFACE('',#7071,17.);
#6542=CYLINDRICAL_SURFACE('',#7077,15.);
#6543=CYLINDRICAL_SURFACE('',#7084,17.);
#6544=CYLINDRICAL_SURFACE('',#7095,17.);
#6545=CYLINDRICAL_SURFACE('',#7106,17.);
#6546=CYLINDRICAL_SURFACE('',#7117,17.);
#6547=CYLINDRICAL_SURFACE('',#7128,17.);
#6548=CYLINDRICAL_SURFACE('',#7139,17.);
#6549=CYLINDRICAL_SURFACE('',#7150,17.);
#6550=CYLINDRICAL_SURFACE('',#7161,17.);
#6551=CYLINDRICAL_SURFACE('',#7172,17.);
#6552=CYLINDRICAL_SURFACE('',#7183,17.);
#6553=CYLINDRICAL_SURFACE('',#7194,17.);
#6554=CYLINDRICAL_SURFACE('',#7205,17.);
#6555=CYLINDRICAL_SURFACE('',#7216,17.);
#6556=CYLINDRICAL_SURFACE('',#7227,17.);
#6557=CYLINDRICAL_SURFACE('',#7238,17.);
#6558=CYLINDRICAL_SURFACE('',#7249,17.);
#6559=CYLINDRICAL_SURFACE('',#7260,17.);
#6560=CYLINDRICAL_SURFACE('',#7271,17.);
#6561=CYLINDRICAL_SURFACE('',#7282,17.);
#6562=CYLINDRICAL_SURFACE('',#7293,17.);
#6563=CYLINDRICAL_SURFACE('',#7304,17.);
#6564=CYLINDRICAL_SURFACE('',#7315,17.);
#6565=CYLINDRICAL_SURFACE('',#7326,17.);
#6566=CYLINDRICAL_SURFACE('',#7337,17.);
#6567=CYLINDRICAL_SURFACE('',#7348,17.);
#6568=CYLINDRICAL_SURFACE('',#7353,17.);
#6569=CYLINDRICAL_SURFACE('',#7359,15.);
#6570=CYLINDRICAL_SURFACE('',#7361,17.);
#6571=CYLINDRICAL_SURFACE('',#7367,15.);
#6572=CYLINDRICAL_SURFACE('',#7369,17.);
#6573=CYLINDRICAL_SURFACE('',#7375,15.);
#6574=CYLINDRICAL_SURFACE('',#7379,17.);
#6575=CYLINDRICAL_SURFACE('',#7386,15.);
#6576=CYLINDRICAL_SURFACE('',#7388,17.);
#6577=CYLINDRICAL_SURFACE('',#7395,15.);
#6578=CYLINDRICAL_SURFACE('',#7396,17.);
#6579=CYLINDRICAL_SURFACE('',#7403,15.);
#6580=CYLINDRICAL_SURFACE('',#7405,17.);
#6581=CYLINDRICAL_SURFACE('',#7412,15.);
#6582=CYLINDRICAL_SURFACE('',#7465,17.);
#6583=CYLINDRICAL_SURFACE('',#7471,15.);
#6584=CYLINDRICAL_SURFACE('',#7472,17.);
#6585=CYLINDRICAL_SURFACE('',#7478,15.);
#6586=CYLINDRICAL_SURFACE('',#7483,17.);
#6587=CYLINDRICAL_SURFACE('',#7490,17.);
#6588=CYLINDRICAL_SURFACE('',#7497,17.);
#6589=CYLINDRICAL_SURFACE('',#7504,17.);
#6590=CYLINDRICAL_SURFACE('',#7511,17.);
#6591=CYLINDRICAL_SURFACE('',#7518,17.);
#6592=CYLINDRICAL_SURFACE('',#7525,17.);
#6593=CYLINDRICAL_SURFACE('',#7532,17.);
#6594=CYLINDRICAL_SURFACE('',#7535,17.);
#6595=CYLINDRICAL_SURFACE('',#7544,15.);
#6596=CYLINDRICAL_SURFACE('',#7545,17.);
#6597=CYLINDRICAL_SURFACE('',#7552,17.);
#6598=CYLINDRICAL_SURFACE('',#7569,17.);
#6599=CYLINDRICAL_SURFACE('',#7576,15.);
#6600=CYLINDRICAL_SURFACE('',#7577,17.);
#6601=CYLINDRICAL_SURFACE('',#7583,15.);
#6602=CYLINDRICAL_SURFACE('',#7584,17.);
#6603=CYLINDRICAL_SURFACE('',#7597,17.);
#6604=CYLINDRICAL_SURFACE('',#7600,17.);
#6605=CYLINDRICAL_SURFACE('',#7607,17.);
#6606=CYLINDRICAL_SURFACE('',#7614,13.);
#6607=CYLINDRICAL_SURFACE('',#7618,15.);
#6608=ADVANCED_FACE('',(#544),#6532,.T.);
#6609=ADVANCED_FACE('',(#545),#323,.F.);
#6610=ADVANCED_FACE('',(#546),#324,.F.);
#6611=ADVANCED_FACE('',(#547),#325,.T.);
#6612=ADVANCED_FACE('',(#548),#6533,.T.);
#6613=ADVANCED_FACE('',(#549),#326,.F.);
#6614=ADVANCED_FACE('',(#550),#6534,.T.);
#6615=ADVANCED_FACE('',(#551,#285),#327,.T.);
#6616=ADVANCED_FACE('',(#552,#286),#328,.F.);
#6617=ADVANCED_FACE('',(#553),#6535,.T.);
#6618=ADVANCED_FACE('',(#554),#329,.F.);
#6619=ADVANCED_FACE('',(#555),#330,.F.);
#6620=ADVANCED_FACE('',(#556),#331,.T.);
#6621=ADVANCED_FACE('',(#557),#6536,.T.);
#6622=ADVANCED_FACE('',(#558),#332,.F.);
#6623=ADVANCED_FACE('',(#559),#333,.F.);
#6624=ADVANCED_FACE('',(#560),#334,.F.);
#6625=ADVANCED_FACE('',(#561),#335,.T.);
#6626=ADVANCED_FACE('',(#562),#6537,.T.);
#6627=ADVANCED_FACE('',(#563),#336,.F.);
#6628=ADVANCED_FACE('',(#564),#337,.F.);
#6629=ADVANCED_FACE('',(#565),#338,.F.);
#6630=ADVANCED_FACE('',(#566),#339,.T.);
#6631=ADVANCED_FACE('',(#567),#6538,.T.);
#6632=ADVANCED_FACE('',(#568),#340,.F.);
#6633=ADVANCED_FACE('',(#569),#6539,.T.);
#6634=ADVANCED_FACE('',(#570,#287),#341,.T.);
#6635=ADVANCED_FACE('',(#571,#288),#342,.F.);
#6636=ADVANCED_FACE('',(#572),#6540,.T.);
#6637=ADVANCED_FACE('',(#573),#6541,.T.);
#6638=ADVANCED_FACE('',(#574,#289),#343,.T.);
#6639=ADVANCED_FACE('',(#575,#290),#344,.F.);
#6640=ADVANCED_FACE('',(#576),#6542,.T.);
#6641=ADVANCED_FACE('',(#577),#345,.F.);
#6642=ADVANCED_FACE('',(#578),#346,.F.);
#6643=ADVANCED_FACE('',(#579),#347,.T.);
#6644=ADVANCED_FACE('',(#580),#6543,.T.);
#6645=ADVANCED_FACE('',(#581),#348,.F.);
#6646=ADVANCED_FACE('',(#582),#349,.F.);
#6647=ADVANCED_FACE('',(#583),#350,.F.);
#6648=ADVANCED_FACE('',(#584),#351,.T.);
#6649=ADVANCED_FACE('',(#585),#6544,.T.);
#6650=ADVANCED_FACE('',(#586),#352,.F.);
#6651=ADVANCED_FACE('',(#587),#353,.F.);
#6652=ADVANCED_FACE('',(#588),#354,.F.);
#6653=ADVANCED_FACE('',(#589),#355,.T.);
#6654=ADVANCED_FACE('',(#590),#6545,.T.);
#6655=ADVANCED_FACE('',(#591),#356,.F.);
#6656=ADVANCED_FACE('',(#592),#357,.F.);
#6657=ADVANCED_FACE('',(#593),#358,.F.);
#6658=ADVANCED_FACE('',(#594),#359,.T.);
#6659=ADVANCED_FACE('',(#595),#6546,.T.);
#6660=ADVANCED_FACE('',(#596),#360,.F.);
#6661=ADVANCED_FACE('',(#597),#361,.F.);
#6662=ADVANCED_FACE('',(#598),#362,.F.);
#6663=ADVANCED_FACE('',(#599),#363,.T.);
#6664=ADVANCED_FACE('',(#600),#6547,.T.);
#6665=ADVANCED_FACE('',(#601),#364,.F.);
#6666=ADVANCED_FACE('',(#602),#365,.F.);
#6667=ADVANCED_FACE('',(#603),#366,.F.);
#6668=ADVANCED_FACE('',(#604),#367,.T.);
#6669=ADVANCED_FACE('',(#605),#6548,.T.);
#6670=ADVANCED_FACE('',(#606),#368,.F.);
#6671=ADVANCED_FACE('',(#607),#369,.F.);
#6672=ADVANCED_FACE('',(#608),#370,.F.);
#6673=ADVANCED_FACE('',(#609),#371,.T.);
#6674=ADVANCED_FACE('',(#610),#6549,.T.);
#6675=ADVANCED_FACE('',(#611),#372,.F.);
#6676=ADVANCED_FACE('',(#612),#373,.F.);
#6677=ADVANCED_FACE('',(#613),#374,.F.);
#6678=ADVANCED_FACE('',(#614),#375,.T.);
#6679=ADVANCED_FACE('',(#615),#6550,.T.);
#6680=ADVANCED_FACE('',(#616),#376,.F.);
#6681=ADVANCED_FACE('',(#617),#377,.F.);
#6682=ADVANCED_FACE('',(#618),#378,.F.);
#6683=ADVANCED_FACE('',(#619),#379,.T.);
#6684=ADVANCED_FACE('',(#620),#6551,.T.);
#6685=ADVANCED_FACE('',(#621),#380,.F.);
#6686=ADVANCED_FACE('',(#622),#381,.F.);
#6687=ADVANCED_FACE('',(#623),#382,.F.);
#6688=ADVANCED_FACE('',(#624),#383,.T.);
#6689=ADVANCED_FACE('',(#625),#6552,.T.);
#6690=ADVANCED_FACE('',(#626),#384,.F.);
#6691=ADVANCED_FACE('',(#627),#385,.F.);
#6692=ADVANCED_FACE('',(#628),#386,.F.);
#6693=ADVANCED_FACE('',(#629),#387,.T.);
#6694=ADVANCED_FACE('',(#630),#6553,.T.);
#6695=ADVANCED_FACE('',(#631),#388,.F.);
#6696=ADVANCED_FACE('',(#632),#389,.F.);
#6697=ADVANCED_FACE('',(#633),#390,.F.);
#6698=ADVANCED_FACE('',(#634),#391,.T.);
#6699=ADVANCED_FACE('',(#635),#6554,.T.);
#6700=ADVANCED_FACE('',(#636),#392,.F.);
#6701=ADVANCED_FACE('',(#637),#393,.F.);
#6702=ADVANCED_FACE('',(#638),#394,.F.);
#6703=ADVANCED_FACE('',(#639),#395,.T.);
#6704=ADVANCED_FACE('',(#640),#6555,.T.);
#6705=ADVANCED_FACE('',(#641),#396,.F.);
#6706=ADVANCED_FACE('',(#642),#397,.F.);
#6707=ADVANCED_FACE('',(#643),#398,.F.);
#6708=ADVANCED_FACE('',(#644),#399,.T.);
#6709=ADVANCED_FACE('',(#645),#6556,.T.);
#6710=ADVANCED_FACE('',(#646),#400,.F.);
#6711=ADVANCED_FACE('',(#647),#401,.F.);
#6712=ADVANCED_FACE('',(#648),#402,.F.);
#6713=ADVANCED_FACE('',(#649),#403,.T.);
#6714=ADVANCED_FACE('',(#650),#6557,.T.);
#6715=ADVANCED_FACE('',(#651),#404,.F.);
#6716=ADVANCED_FACE('',(#652),#405,.F.);
#6717=ADVANCED_FACE('',(#653),#406,.F.);
#6718=ADVANCED_FACE('',(#654),#407,.T.);
#6719=ADVANCED_FACE('',(#655),#6558,.T.);
#6720=ADVANCED_FACE('',(#656),#408,.F.);
#6721=ADVANCED_FACE('',(#657),#409,.F.);
#6722=ADVANCED_FACE('',(#658),#410,.F.);
#6723=ADVANCED_FACE('',(#659),#411,.T.);
#6724=ADVANCED_FACE('',(#660),#6559,.T.);
#6725=ADVANCED_FACE('',(#661),#412,.F.);
#6726=ADVANCED_FACE('',(#662),#413,.F.);
#6727=ADVANCED_FACE('',(#663),#414,.F.);
#6728=ADVANCED_FACE('',(#664),#415,.T.);
#6729=ADVANCED_FACE('',(#665),#6560,.T.);
#6730=ADVANCED_FACE('',(#666),#416,.F.);
#6731=ADVANCED_FACE('',(#667),#417,.F.);
#6732=ADVANCED_FACE('',(#668),#418,.F.);
#6733=ADVANCED_FACE('',(#669),#419,.T.);
#6734=ADVANCED_FACE('',(#670),#6561,.T.);
#6735=ADVANCED_FACE('',(#671),#420,.F.);
#6736=ADVANCED_FACE('',(#672),#421,.F.);
#6737=ADVANCED_FACE('',(#673),#422,.F.);
#6738=ADVANCED_FACE('',(#674),#423,.T.);
#6739=ADVANCED_FACE('',(#675),#6562,.T.);
#6740=ADVANCED_FACE('',(#676),#424,.F.);
#6741=ADVANCED_FACE('',(#677),#425,.F.);
#6742=ADVANCED_FACE('',(#678),#426,.F.);
#6743=ADVANCED_FACE('',(#679),#427,.T.);
#6744=ADVANCED_FACE('',(#680),#6563,.T.);
#6745=ADVANCED_FACE('',(#681),#428,.F.);
#6746=ADVANCED_FACE('',(#682),#429,.F.);
#6747=ADVANCED_FACE('',(#683),#430,.F.);
#6748=ADVANCED_FACE('',(#684),#431,.T.);
#6749=ADVANCED_FACE('',(#685),#6564,.T.);
#6750=ADVANCED_FACE('',(#686),#432,.F.);
#6751=ADVANCED_FACE('',(#687),#433,.F.);
#6752=ADVANCED_FACE('',(#688),#434,.F.);
#6753=ADVANCED_FACE('',(#689),#435,.T.);
#6754=ADVANCED_FACE('',(#690),#6565,.T.);
#6755=ADVANCED_FACE('',(#691),#436,.F.);
#6756=ADVANCED_FACE('',(#692),#437,.F.);
#6757=ADVANCED_FACE('',(#693),#438,.F.);
#6758=ADVANCED_FACE('',(#694),#439,.T.);
#6759=ADVANCED_FACE('',(#695),#6566,.T.);
#6760=ADVANCED_FACE('',(#696),#440,.F.);
#6761=ADVANCED_FACE('',(#697),#441,.F.);
#6762=ADVANCED_FACE('',(#698),#442,.F.);
#6763=ADVANCED_FACE('',(#699),#443,.T.);
#6764=ADVANCED_FACE('',(#700),#6567,.T.);
#6765=ADVANCED_FACE('',(#701),#444,.F.);
#6766=ADVANCED_FACE('',(#702),#6568,.T.);
#6767=ADVANCED_FACE('',(#703,#291),#445,.T.);
#6768=ADVANCED_FACE('',(#704,#292),#446,.F.);
#6769=ADVANCED_FACE('',(#705),#6569,.T.);
#6770=ADVANCED_FACE('',(#706),#6570,.T.);
#6771=ADVANCED_FACE('',(#707,#293),#447,.T.);
#6772=ADVANCED_FACE('',(#708,#294),#448,.F.);
#6773=ADVANCED_FACE('',(#709),#6571,.T.);
#6774=ADVANCED_FACE('',(#710),#6572,.T.);
#6775=ADVANCED_FACE('',(#711,#295),#449,.T.);
#6776=ADVANCED_FACE('',(#712,#296),#450,.F.);
#6777=ADVANCED_FACE('',(#713),#6573,.T.);
#6778=ADVANCED_FACE('',(#714,#297),#451,.F.);
#6779=ADVANCED_FACE('',(#715),#6574,.T.);
#6780=ADVANCED_FACE('',(#716,#298),#452,.T.);
#6781=ADVANCED_FACE('',(#717,#299),#453,.F.);
#6782=ADVANCED_FACE('',(#718),#6575,.T.);
#6783=ADVANCED_FACE('',(#719),#6576,.T.);
#6784=ADVANCED_FACE('',(#720,#300),#454,.T.);
#6785=ADVANCED_FACE('',(#721,#301),#455,.F.);
#6786=ADVANCED_FACE('',(#722),#6577,.T.);
#6787=ADVANCED_FACE('',(#723),#6578,.T.);
#6788=ADVANCED_FACE('',(#724,#302),#456,.T.);
#6789=ADVANCED_FACE('',(#725,#303),#457,.F.);
#6790=ADVANCED_FACE('',(#726),#6579,.T.);
#6791=ADVANCED_FACE('',(#727),#6580,.T.);
#6792=ADVANCED_FACE('',(#728,#304),#458,.T.);
#6793=ADVANCED_FACE('',(#729,#305),#459,.F.);
#6794=ADVANCED_FACE('',(#730,#306,#307,#308,#309,#310,#311,#312,#313,#314),
#6581,.T.);
#6795=ADVANCED_FACE('',(#731),#6582,.T.);
#6796=ADVANCED_FACE('',(#732,#315),#460,.T.);
#6797=ADVANCED_FACE('',(#733,#316),#461,.F.);
#6798=ADVANCED_FACE('',(#734),#6583,.T.);
#6799=ADVANCED_FACE('',(#735),#6584,.T.);
#6800=ADVANCED_FACE('',(#736,#317),#462,.T.);
#6801=ADVANCED_FACE('',(#737,#318),#463,.F.);
#6802=ADVANCED_FACE('',(#738),#6585,.T.);
#6803=ADVANCED_FACE('',(#739),#464,.F.);
#6804=ADVANCED_FACE('',(#740),#465,.F.);
#6805=ADVANCED_FACE('',(#741),#466,.T.);
#6806=ADVANCED_FACE('',(#742),#6586,.T.);
#6807=ADVANCED_FACE('',(#743),#467,.F.);
#6808=ADVANCED_FACE('',(#744),#468,.F.);
#6809=ADVANCED_FACE('',(#745),#469,.F.);
#6810=ADVANCED_FACE('',(#746),#470,.T.);
#6811=ADVANCED_FACE('',(#747),#6587,.T.);
#6812=ADVANCED_FACE('',(#748),#471,.F.);
#6813=ADVANCED_FACE('',(#749),#472,.F.);
#6814=ADVANCED_FACE('',(#750),#473,.F.);
#6815=ADVANCED_FACE('',(#751),#474,.T.);
#6816=ADVANCED_FACE('',(#752),#6588,.T.);
#6817=ADVANCED_FACE('',(#753),#475,.F.);
#6818=ADVANCED_FACE('',(#754),#476,.F.);
#6819=ADVANCED_FACE('',(#755),#477,.F.);
#6820=ADVANCED_FACE('',(#756),#478,.T.);
#6821=ADVANCED_FACE('',(#757),#6589,.T.);
#6822=ADVANCED_FACE('',(#758),#479,.F.);
#6823=ADVANCED_FACE('',(#759),#480,.F.);
#6824=ADVANCED_FACE('',(#760),#481,.F.);
#6825=ADVANCED_FACE('',(#761),#482,.T.);
#6826=ADVANCED_FACE('',(#762),#6590,.T.);
#6827=ADVANCED_FACE('',(#763),#483,.F.);
#6828=ADVANCED_FACE('',(#764),#484,.F.);
#6829=ADVANCED_FACE('',(#765),#485,.F.);
#6830=ADVANCED_FACE('',(#766),#486,.T.);
#6831=ADVANCED_FACE('',(#767),#6591,.T.);
#6832=ADVANCED_FACE('',(#768),#487,.F.);
#6833=ADVANCED_FACE('',(#769),#488,.F.);
#6834=ADVANCED_FACE('',(#770),#489,.F.);
#6835=ADVANCED_FACE('',(#771),#490,.T.);
#6836=ADVANCED_FACE('',(#772),#6592,.T.);
#6837=ADVANCED_FACE('',(#773),#491,.F.);
#6838=ADVANCED_FACE('',(#774),#492,.F.);
#6839=ADVANCED_FACE('',(#775),#493,.F.);
#6840=ADVANCED_FACE('',(#776),#494,.T.);
#6841=ADVANCED_FACE('',(#777),#6593,.T.);
#6842=ADVANCED_FACE('',(#778),#495,.F.);
#6843=ADVANCED_FACE('',(#779,#319),#6594,.T.);
#6844=ADVANCED_FACE('',(#780),#14,.F.);
#6845=ADVANCED_FACE('',(#781),#15,.F.);
#6846=ADVANCED_FACE('',(#782),#16,.F.);
#6847=ADVANCED_FACE('',(#783),#17,.F.);
#6848=ADVANCED_FACE('',(#784),#18,.F.);
#6849=ADVANCED_FACE('',(#785),#19,.F.);
#6850=ADVANCED_FACE('',(#786),#20,.F.);
#6851=ADVANCED_FACE('',(#787),#21,.F.);
#6852=ADVANCED_FACE('',(#788),#496,.F.);
#6853=ADVANCED_FACE('',(#789),#497,.F.);
#6854=ADVANCED_FACE('',(#790),#498,.F.);
#6855=ADVANCED_FACE('',(#791),#22,.F.);
#6856=ADVANCED_FACE('',(#792),#23,.F.);
#6857=ADVANCED_FACE('',(#793),#24,.F.);
#6858=ADVANCED_FACE('',(#794),#25,.F.);
#6859=ADVANCED_FACE('',(#795),#26,.F.);
#6860=ADVANCED_FACE('',(#796),#27,.F.);
#6861=ADVANCED_FACE('',(#797),#28,.F.);
#6862=ADVANCED_FACE('',(#798),#29,.F.);
#6863=ADVANCED_FACE('',(#799),#30,.F.);
#6864=ADVANCED_FACE('',(#800),#499,.F.);
#6865=ADVANCED_FACE('',(#801),#500,.F.);
#6866=ADVANCED_FACE('',(#802),#6595,.T.);
#6867=ADVANCED_FACE('',(#803),#6596,.T.);
#6868=ADVANCED_FACE('',(#804),#501,.F.);
#6869=ADVANCED_FACE('',(#805),#502,.F.);
#6870=ADVANCED_FACE('',(#806),#503,.F.);
#6871=ADVANCED_FACE('',(#807),#504,.F.);
#6872=ADVANCED_FACE('',(#808),#6597,.T.);
#6873=ADVANCED_FACE('',(#809),#31,.F.);
#6874=ADVANCED_FACE('',(#810),#32,.F.);
#6875=ADVANCED_FACE('',(#811),#33,.F.);
#6876=ADVANCED_FACE('',(#812),#505,.F.);
#6877=ADVANCED_FACE('',(#813),#506,.F.);
#6878=ADVANCED_FACE('',(#814),#507,.F.);
#6879=ADVANCED_FACE('',(#815),#508,.F.);
#6880=ADVANCED_FACE('',(#816),#509,.F.);
#6881=ADVANCED_FACE('',(#817),#34,.F.);
#6882=ADVANCED_FACE('',(#818),#510,.F.);
#6883=ADVANCED_FACE('',(#819),#511,.F.);
#6884=ADVANCED_FACE('',(#820),#512,.F.);
#6885=ADVANCED_FACE('',(#821),#513,.F.);
#6886=ADVANCED_FACE('',(#822),#514,.F.);
#6887=ADVANCED_FACE('',(#823),#35,.F.);
#6888=ADVANCED_FACE('',(#824),#36,.F.);
#6889=ADVANCED_FACE('',(#825),#37,.F.);
#6890=ADVANCED_FACE('',(#826),#38,.F.);
#6891=ADVANCED_FACE('',(#827),#39,.F.);
#6892=ADVANCED_FACE('',(#828),#40,.F.);
#6893=ADVANCED_FACE('',(#829,#320),#6598,.T.);
#6894=ADVANCED_FACE('',(#830),#515,.F.);
#6895=ADVANCED_FACE('',(#831),#41,.F.);
#6896=ADVANCED_FACE('',(#832),#42,.F.);
#6897=ADVANCED_FACE('',(#833),#516,.F.);
#6898=ADVANCED_FACE('',(#834),#43,.F.);
#6899=ADVANCED_FACE('',(#835),#44,.F.);
#6900=ADVANCED_FACE('',(#836),#45,.F.);
#6901=ADVANCED_FACE('',(#837),#46,.F.);
#6902=ADVANCED_FACE('',(#838),#47,.F.);
#6903=ADVANCED_FACE('',(#839),#48,.F.);
#6904=ADVANCED_FACE('',(#840),#49,.F.);
#6905=ADVANCED_FACE('',(#841),#50,.F.);
#6906=ADVANCED_FACE('',(#842),#51,.F.);
#6907=ADVANCED_FACE('',(#843),#52,.F.);
#6908=ADVANCED_FACE('',(#844),#53,.F.);
#6909=ADVANCED_FACE('',(#845),#54,.F.);
#6910=ADVANCED_FACE('',(#846),#55,.F.);
#6911=ADVANCED_FACE('',(#847),#56,.F.);
#6912=ADVANCED_FACE('',(#848),#57,.F.);
#6913=ADVANCED_FACE('',(#849),#58,.F.);
#6914=ADVANCED_FACE('',(#850),#59,.F.);
#6915=ADVANCED_FACE('',(#851),#60,.F.);
#6916=ADVANCED_FACE('',(#852),#61,.F.);
#6917=ADVANCED_FACE('',(#853),#62,.F.);
#6918=ADVANCED_FACE('',(#854),#63,.F.);
#6919=ADVANCED_FACE('',(#855),#64,.F.);
#6920=ADVANCED_FACE('',(#856),#65,.F.);
#6921=ADVANCED_FACE('',(#857),#66,.F.);
#6922=ADVANCED_FACE('',(#858),#67,.F.);
#6923=ADVANCED_FACE('',(#859),#68,.F.);
#6924=ADVANCED_FACE('',(#860),#69,.F.);
#6925=ADVANCED_FACE('',(#861),#70,.F.);
#6926=ADVANCED_FACE('',(#862),#71,.F.);
#6927=ADVANCED_FACE('',(#863),#72,.F.);
#6928=ADVANCED_FACE('',(#864),#73,.F.);
#6929=ADVANCED_FACE('',(#865),#74,.F.);
#6930=ADVANCED_FACE('',(#866),#517,.F.);
#6931=ADVANCED_FACE('',(#867),#6599,.T.);
#6932=ADVANCED_FACE('',(#868,#321),#6600,.T.);
#6933=ADVANCED_FACE('',(#869),#75,.F.);
#6934=ADVANCED_FACE('',(#870),#76,.F.);
#6935=ADVANCED_FACE('',(#871),#77,.F.);
#6936=ADVANCED_FACE('',(#872),#518,.F.);
#6937=ADVANCED_FACE('',(#873),#78,.F.);
#6938=ADVANCED_FACE('',(#874),#79,.F.);
#6939=ADVANCED_FACE('',(#875),#519,.F.);
#6940=ADVANCED_FACE('',(#876),#80,.F.);
#6941=ADVANCED_FACE('',(#877),#520,.F.);
#6942=ADVANCED_FACE('',(#878),#81,.F.);
#6943=ADVANCED_FACE('',(#879),#521,.F.);
#6944=ADVANCED_FACE('',(#880),#82,.F.);
#6945=ADVANCED_FACE('',(#881),#522,.F.);
#6946=ADVANCED_FACE('',(#882),#6601,.T.);
#6947=ADVANCED_FACE('',(#883),#6602,.T.);
#6948=ADVANCED_FACE('',(#884),#523,.F.);
#6949=ADVANCED_FACE('',(#885),#83,.F.);
#6950=ADVANCED_FACE('',(#886),#524,.F.);
#6951=ADVANCED_FACE('',(#887),#525,.F.);
#6952=ADVANCED_FACE('',(#888),#526,.F.);
#6953=ADVANCED_FACE('',(#889),#527,.F.);
#6954=ADVANCED_FACE('',(#890),#84,.F.);
#6955=ADVANCED_FACE('',(#891),#528,.F.);
#6956=ADVANCED_FACE('',(#892),#529,.F.);
#6957=ADVANCED_FACE('',(#893),#530,.F.);
#6958=ADVANCED_FACE('',(#894),#6603,.T.);
#6959=ADVANCED_FACE('',(#895),#85,.F.);
#6960=ADVANCED_FACE('',(#896),#86,.F.);
#6961=ADVANCED_FACE('',(#897),#87,.F.);
#6962=ADVANCED_FACE('',(#898),#88,.F.);
#6963=ADVANCED_FACE('',(#899),#531,.F.);
#6964=ADVANCED_FACE('',(#900),#89,.F.);
#6965=ADVANCED_FACE('',(#901),#90,.F.);
#6966=ADVANCED_FACE('',(#902),#91,.F.);
#6967=ADVANCED_FACE('',(#903),#92,.F.);
#6968=ADVANCED_FACE('',(#904),#532,.F.);
#6969=ADVANCED_FACE('',(#905),#93,.F.);
#6970=ADVANCED_FACE('',(#906),#94,.F.);
#6971=ADVANCED_FACE('',(#907),#95,.F.);
#6972=ADVANCED_FACE('',(#908),#96,.F.);
#6973=ADVANCED_FACE('',(#909),#97,.F.);
#6974=ADVANCED_FACE('',(#910),#98,.F.);
#6975=ADVANCED_FACE('',(#911),#99,.F.);
#6976=ADVANCED_FACE('',(#912),#100,.F.);
#6977=ADVANCED_FACE('',(#913),#6604,.T.);
#6978=ADVANCED_FACE('',(#914),#533,.F.);
#6979=ADVANCED_FACE('',(#915),#534,.F.);
#6980=ADVANCED_FACE('',(#916),#535,.F.);
#6981=ADVANCED_FACE('',(#917),#536,.F.);
#6982=ADVANCED_FACE('',(#918),#6605,.T.);
#6983=ADVANCED_FACE('',(#919),#537,.F.);
#6984=ADVANCED_FACE('',(#920),#538,.F.);
#6985=ADVANCED_FACE('',(#921),#539,.F.);
#6986=ADVANCED_FACE('',(#922),#540,.F.);
#6987=ADVANCED_FACE('',(#923),#6606,.F.);
#6988=ADVANCED_FACE('',(#924),#541,.F.);
#6989=ADVANCED_FACE('',(#925),#6607,.T.);
#6990=ADVANCED_FACE('',(#926),#542,.T.);
#6991=ADVANCED_FACE('',(#927,#322),#543,.F.);
#6992=CLOSED_SHELL('',(#6608,#6609,#6610,#6611,#6612,#6613,#6614,#6615,
#6616,#6617,#6618,#6619,#6620,#6621,#6622,#6623,#6624,#6625,#6626,#6627,
#6628,#6629,#6630,#6631,#6632,#6633,#6634,#6635,#6636,#6637,#6638,#6639,
#6640,#6641,#6642,#6643,#6644,#6645,#6646,#6647,#6648,#6649,#6650,#6651,
#6652,#6653,#6654,#6655,#6656,#6657,#6658,#6659,#6660,#6661,#6662,#6663,
#6664,#6665,#6666,#6667,#6668,#6669,#6670,#6671,#6672,#6673,#6674,#6675,
#6676,#6677,#6678,#6679,#6680,#6681,#6682,#6683,#6684,#6685,#6686,#6687,
#6688,#6689,#6690,#6691,#6692,#6693,#6694,#6695,#6696,#6697,#6698,#6699,
#6700,#6701,#6702,#6703,#6704,#6705,#6706,#6707,#6708,#6709,#6710,#6711,
#6712,#6713,#6714,#6715,#6716,#6717,#6718,#6719,#6720,#6721,#6722,#6723,
#6724,#6725,#6726,#6727,#6728,#6729,#6730,#6731,#6732,#6733,#6734,#6735,
#6736,#6737,#6738,#6739,#6740,#6741,#6742,#6743,#6744,#6745,#6746,#6747,
#6748,#6749,#6750,#6751,#6752,#6753,#6754,#6755,#6756,#6757,#6758,#6759,
#6760,#6761,#6762,#6763,#6764,#6765,#6766,#6767,#6768,#6769,#6770,#6771,
#6772,#6773,#6774,#6775,#6776,#6777,#6778,#6779,#6780,#6781,#6782,#6783,
#6784,#6785,#6786,#6787,#6788,#6789,#6790,#6791,#6792,#6793,#6794,#6795,
#6796,#6797,#6798,#6799,#6800,#6801,#6802,#6803,#6804,#6805,#6806,#6807,
#6808,#6809,#6810,#6811,#6812,#6813,#6814,#6815,#6816,#6817,#6818,#6819,
#6820,#6821,#6822,#6823,#6824,#6825,#6826,#6827,#6828,#6829,#6830,#6831,
#6832,#6833,#6834,#6835,#6836,#6837,#6838,#6839,#6840,#6841,#6842,#6843,
#6844,#6845,#6846,#6847,#6848,#6849,#6850,#6851,#6852,#6853,#6854,#6855,
#6856,#6857,#6858,#6859,#6860,#6861,#6862,#6863,#6864,#6865,#6866,#6867,
#6868,#6869,#6870,#6871,#6872,#6873,#6874,#6875,#6876,#6877,#6878,#6879,
#6880,#6881,#6882,#6883,#6884,#6885,#6886,#6887,#6888,#6889,#6890,#6891,
#6892,#6893,#6894,#6895,#6896,#6897,#6898,#6899,#6900,#6901,#6902,#6903,
#6904,#6905,#6906,#6907,#6908,#6909,#6910,#6911,#6912,#6913,#6914,#6915,
#6916,#6917,#6918,#6919,#6920,#6921,#6922,#6923,#6924,#6925,#6926,#6927,
#6928,#6929,#6930,#6931,#6932,#6933,#6934,#6935,#6936,#6937,#6938,#6939,
#6940,#6941,#6942,#6943,#6944,#6945,#6946,#6947,#6948,#6949,#6950,#6951,
#6952,#6953,#6954,#6955,#6956,#6957,#6958,#6959,#6960,#6961,#6962,#6963,
#6964,#6965,#6966,#6967,#6968,#6969,#6970,#6971,#6972,#6973,#6974,#6975,
#6976,#6977,#6978,#6979,#6980,#6981,#6982,#6983,#6984,#6985,#6986,#6987,
#6988,#6989,#6990,#6991));
#6993=DERIVED_UNIT_ELEMENT(#6995,1.);
#6994=DERIVED_UNIT_ELEMENT(#13792,-3.);
#6995=(
MASS_UNIT()
NAMED_UNIT(*)
SI_UNIT(.KILO.,.GRAM.)
);
#6996=DERIVED_UNIT((#6993,#6994));
#6997=MEASURE_REPRESENTATION_ITEM('density measure',
POSITIVE_RATIO_MEASURE(7850.),#6996);
#6998=PROPERTY_DEFINITION_REPRESENTATION(#7003,#7000);
#6999=PROPERTY_DEFINITION_REPRESENTATION(#7004,#7001);
#7000=REPRESENTATION('material name',(#7002),#13789);
#7001=REPRESENTATION('density',(#6997),#13789);
#7002=DESCRIPTIVE_REPRESENTATION_ITEM('Steel','Steel');
#7003=PROPERTY_DEFINITION('material property','material name',#13799);
#7004=PROPERTY_DEFINITION('material property','density of part',#13799);
#7005=AXIS2_PLACEMENT_3D('',#9393,#7621,#7622);
#7006=AXIS2_PLACEMENT_3D('',#9394,#7623,#7624);
#7007=AXIS2_PLACEMENT_3D('',#9396,#7625,#7626);
#7008=AXIS2_PLACEMENT_3D('',#9399,#7628,#7629);
#7009=AXIS2_PLACEMENT_3D('',#9400,#7630,#7631);
#7010=AXIS2_PLACEMENT_3D('',#9409,#7636,#7637);
#7011=AXIS2_PLACEMENT_3D('',#9418,#7642,#7643);
#7012=AXIS2_PLACEMENT_3D('',#9419,#7644,#7645);
#7013=AXIS2_PLACEMENT_3D('',#9421,#7646,#7647);
#7014=AXIS2_PLACEMENT_3D('',#9422,#7648,#7649);
#7015=AXIS2_PLACEMENT_3D('',#9423,#7650,#7651);
#7016=AXIS2_PLACEMENT_3D('',#9424,#7652,#7653);
#7017=AXIS2_PLACEMENT_3D('',#9425,#7654,#7655);
#7018=AXIS2_PLACEMENT_3D('',#9427,#7656,#7657);
#7019=AXIS2_PLACEMENT_3D('',#9428,#7658,#7659);
#7020=AXIS2_PLACEMENT_3D('',#9429,#7660,#7661);
#7021=AXIS2_PLACEMENT_3D('',#9431,#7662,#7663);
#7022=AXIS2_PLACEMENT_3D('',#9434,#7665,#7666);
#7023=AXIS2_PLACEMENT_3D('',#9435,#7667,#7668);
#7024=AXIS2_PLACEMENT_3D('',#9437,#7669,#7670);
#7025=AXIS2_PLACEMENT_3D('',#9438,#7671,#7672);
#7026=AXIS2_PLACEMENT_3D('',#9440,#7673,#7674);
#7027=AXIS2_PLACEMENT_3D('',#9441,#7675,#7676);
#7028=AXIS2_PLACEMENT_3D('',#9443,#7677,#7678);
#7029=AXIS2_PLACEMENT_3D('',#9445,#7680,#7681);
#7030=AXIS2_PLACEMENT_3D('',#9454,#7686,#7687);
#7031=AXIS2_PLACEMENT_3D('',#9463,#7692,#7693);
#7032=AXIS2_PLACEMENT_3D('',#9464,#7694,#7695);
#7033=AXIS2_PLACEMENT_3D('',#9466,#7696,#7697);
#7034=AXIS2_PLACEMENT_3D('',#9467,#7698,#7699);
#7035=AXIS2_PLACEMENT_3D('',#9468,#7700,#7701);
#7036=AXIS2_PLACEMENT_3D('',#9469,#7702,#7703);
#7037=AXIS2_PLACEMENT_3D('',#9470,#7704,#7705);
#7038=AXIS2_PLACEMENT_3D('',#9472,#7706,#7707);
#7039=AXIS2_PLACEMENT_3D('',#9473,#7708,#7709);
#7040=AXIS2_PLACEMENT_3D('',#9474,#7710,#7711);
#7041=AXIS2_PLACEMENT_3D('',#9483,#7716,#7717);
#7042=AXIS2_PLACEMENT_3D('',#9492,#7722,#7723);
#7043=AXIS2_PLACEMENT_3D('',#9493,#7724,#7725);
#7044=AXIS2_PLACEMENT_3D('',#9495,#7726,#7727);
#7045=AXIS2_PLACEMENT_3D('',#9496,#7728,#7729);
#7046=AXIS2_PLACEMENT_3D('',#9497,#7730,#7731);
#7047=AXIS2_PLACEMENT_3D('',#9498,#7732,#7733);
#7048=AXIS2_PLACEMENT_3D('',#9499,#7734,#7735);
#7049=AXIS2_PLACEMENT_3D('',#9501,#7736,#7737);
#7050=AXIS2_PLACEMENT_3D('',#9502,#7738,#7739);
#7051=AXIS2_PLACEMENT_3D('',#9503,#7740,#7741);
#7052=AXIS2_PLACEMENT_3D('',#9512,#7746,#7747);
#7053=AXIS2_PLACEMENT_3D('',#9521,#7752,#7753);
#7054=AXIS2_PLACEMENT_3D('',#9522,#7754,#7755);
#7055=AXIS2_PLACEMENT_3D('',#9524,#7756,#7757);
#7056=AXIS2_PLACEMENT_3D('',#9525,#7758,#7759);
#7057=AXIS2_PLACEMENT_3D('',#9526,#7760,#7761);
#7058=AXIS2_PLACEMENT_3D('',#9527,#7762,#7763);
#7059=AXIS2_PLACEMENT_3D('',#9528,#7764,#7765);
#7060=AXIS2_PLACEMENT_3D('',#9530,#7766,#7767);
#7061=AXIS2_PLACEMENT_3D('',#9531,#7768,#7769);
#7062=AXIS2_PLACEMENT_3D('',#9532,#7770,#7771);
#7063=AXIS2_PLACEMENT_3D('',#9534,#7772,#7773);
#7064=AXIS2_PLACEMENT_3D('',#9537,#7775,#7776);
#7065=AXIS2_PLACEMENT_3D('',#9538,#7777,#7778);
#7066=AXIS2_PLACEMENT_3D('',#9540,#7779,#7780);
#7067=AXIS2_PLACEMENT_3D('',#9541,#7781,#7782);
#7068=AXIS2_PLACEMENT_3D('',#9543,#7783,#7784);
#7069=AXIS2_PLACEMENT_3D('',#9544,#7785,#7786);
#7070=AXIS2_PLACEMENT_3D('',#9546,#7787,#7788);
#7071=AXIS2_PLACEMENT_3D('',#9548,#7790,#7791);
#7072=AXIS2_PLACEMENT_3D('',#9550,#7792,#7793);
#7073=AXIS2_PLACEMENT_3D('',#9553,#7795,#7796);
#7074=AXIS2_PLACEMENT_3D('',#9554,#7797,#7798);
#7075=AXIS2_PLACEMENT_3D('',#9555,#7799,#7800);
#7076=AXIS2_PLACEMENT_3D('',#9557,#7801,#7802);
#7077=AXIS2_PLACEMENT_3D('',#9558,#7803,#7804);
#7078=AXIS2_PLACEMENT_3D('',#9560,#7806,#7807);
#7079=AXIS2_PLACEMENT_3D('',#9569,#7812,#7813);
#7080=AXIS2_PLACEMENT_3D('',#9578,#7818,#7819);
#7081=AXIS2_PLACEMENT_3D('',#9579,#7820,#7821);
#7082=AXIS2_PLACEMENT_3D('',#9581,#7822,#7823);
#7083=AXIS2_PLACEMENT_3D('',#9582,#7824,#7825);
#7084=AXIS2_PLACEMENT_3D('',#9583,#7826,#7827);
#7085=AXIS2_PLACEMENT_3D('',#9584,#7828,#7829);
#7086=AXIS2_PLACEMENT_3D('',#9585,#7830,#7831);
#7087=AXIS2_PLACEMENT_3D('',#9587,#7832,#7833);
#7088=AXIS2_PLACEMENT_3D('',#9588,#7834,#7835);
#7089=AXIS2_PLACEMENT_3D('',#9589,#7836,#7837);
#7090=AXIS2_PLACEMENT_3D('',#9598,#7842,#7843);
#7091=AXIS2_PLACEMENT_3D('',#9607,#7848,#7849);
#7092=AXIS2_PLACEMENT_3D('',#9608,#7850,#7851);
#7093=AXIS2_PLACEMENT_3D('',#9610,#7852,#7853);
#7094=AXIS2_PLACEMENT_3D('',#9611,#7854,#7855);
#7095=AXIS2_PLACEMENT_3D('',#9612,#7856,#7857);
#7096=AXIS2_PLACEMENT_3D('',#9613,#7858,#7859);
#7097=AXIS2_PLACEMENT_3D('',#9614,#7860,#7861);
#7098=AXIS2_PLACEMENT_3D('',#9616,#7862,#7863);
#7099=AXIS2_PLACEMENT_3D('',#9617,#7864,#7865);
#7100=AXIS2_PLACEMENT_3D('',#9618,#7866,#7867);
#7101=AXIS2_PLACEMENT_3D('',#9627,#7872,#7873);
#7102=AXIS2_PLACEMENT_3D('',#9636,#7878,#7879);
#7103=AXIS2_PLACEMENT_3D('',#9637,#7880,#7881);
#7104=AXIS2_PLACEMENT_3D('',#9639,#7882,#7883);
#7105=AXIS2_PLACEMENT_3D('',#9640,#7884,#7885);
#7106=AXIS2_PLACEMENT_3D('',#9641,#7886,#7887);
#7107=AXIS2_PLACEMENT_3D('',#9642,#7888,#7889);
#7108=AXIS2_PLACEMENT_3D('',#9643,#7890,#7891);
#7109=AXIS2_PLACEMENT_3D('',#9645,#7892,#7893);
#7110=AXIS2_PLACEMENT_3D('',#9646,#7894,#7895);
#7111=AXIS2_PLACEMENT_3D('',#9647,#7896,#7897);
#7112=AXIS2_PLACEMENT_3D('',#9656,#7902,#7903);
#7113=AXIS2_PLACEMENT_3D('',#9665,#7908,#7909);
#7114=AXIS2_PLACEMENT_3D('',#9666,#7910,#7911);
#7115=AXIS2_PLACEMENT_3D('',#9668,#7912,#7913);
#7116=AXIS2_PLACEMENT_3D('',#9669,#7914,#7915);
#7117=AXIS2_PLACEMENT_3D('',#9670,#7916,#7917);
#7118=AXIS2_PLACEMENT_3D('',#9671,#7918,#7919);
#7119=AXIS2_PLACEMENT_3D('',#9672,#7920,#7921);
#7120=AXIS2_PLACEMENT_3D('',#9674,#7922,#7923);
#7121=AXIS2_PLACEMENT_3D('',#9675,#7924,#7925);
#7122=AXIS2_PLACEMENT_3D('',#9676,#7926,#7927);
#7123=AXIS2_PLACEMENT_3D('',#9685,#7932,#7933);
#7124=AXIS2_PLACEMENT_3D('',#9694,#7938,#7939);
#7125=AXIS2_PLACEMENT_3D('',#9695,#7940,#7941);
#7126=AXIS2_PLACEMENT_3D('',#9697,#7942,#7943);
#7127=AXIS2_PLACEMENT_3D('',#9698,#7944,#7945);
#7128=AXIS2_PLACEMENT_3D('',#9699,#7946,#7947);
#7129=AXIS2_PLACEMENT_3D('',#9700,#7948,#7949);
#7130=AXIS2_PLACEMENT_3D('',#9701,#7950,#7951);
#7131=AXIS2_PLACEMENT_3D('',#9703,#7952,#7953);
#7132=AXIS2_PLACEMENT_3D('',#9704,#7954,#7955);
#7133=AXIS2_PLACEMENT_3D('',#9705,#7956,#7957);
#7134=AXIS2_PLACEMENT_3D('',#9714,#7962,#7963);
#7135=AXIS2_PLACEMENT_3D('',#9723,#7968,#7969);
#7136=AXIS2_PLACEMENT_3D('',#9724,#7970,#7971);
#7137=AXIS2_PLACEMENT_3D('',#9726,#7972,#7973);
#7138=AXIS2_PLACEMENT_3D('',#9727,#7974,#7975);
#7139=AXIS2_PLACEMENT_3D('',#9728,#7976,#7977);
#7140=AXIS2_PLACEMENT_3D('',#9729,#7978,#7979);
#7141=AXIS2_PLACEMENT_3D('',#9730,#7980,#7981);
#7142=AXIS2_PLACEMENT_3D('',#9732,#7982,#7983);
#7143=AXIS2_PLACEMENT_3D('',#9733,#7984,#7985);
#7144=AXIS2_PLACEMENT_3D('',#9734,#7986,#7987);
#7145=AXIS2_PLACEMENT_3D('',#9743,#7992,#7993);
#7146=AXIS2_PLACEMENT_3D('',#9752,#7998,#7999);
#7147=AXIS2_PLACEMENT_3D('',#9753,#8000,#8001);
#7148=AXIS2_PLACEMENT_3D('',#9755,#8002,#8003);
#7149=AXIS2_PLACEMENT_3D('',#9756,#8004,#8005);
#7150=AXIS2_PLACEMENT_3D('',#9757,#8006,#8007);
#7151=AXIS2_PLACEMENT_3D('',#9758,#8008,#8009);
#7152=AXIS2_PLACEMENT_3D('',#9759,#8010,#8011);
#7153=AXIS2_PLACEMENT_3D('',#9761,#8012,#8013);
#7154=AXIS2_PLACEMENT_3D('',#9762,#8014,#8015);
#7155=AXIS2_PLACEMENT_3D('',#9763,#8016,#8017);
#7156=AXIS2_PLACEMENT_3D('',#9772,#8022,#8023);
#7157=AXIS2_PLACEMENT_3D('',#9781,#8028,#8029);
#7158=AXIS2_PLACEMENT_3D('',#9782,#8030,#8031);
#7159=AXIS2_PLACEMENT_3D('',#9784,#8032,#8033);
#7160=AXIS2_PLACEMENT_3D('',#9785,#8034,#8035);
#7161=AXIS2_PLACEMENT_3D('',#9786,#8036,#8037);
#7162=AXIS2_PLACEMENT_3D('',#9787,#8038,#8039);
#7163=AXIS2_PLACEMENT_3D('',#9788,#8040,#8041);
#7164=AXIS2_PLACEMENT_3D('',#9790,#8042,#8043);
#7165=AXIS2_PLACEMENT_3D('',#9791,#8044,#8045);
#7166=AXIS2_PLACEMENT_3D('',#9792,#8046,#8047);
#7167=AXIS2_PLACEMENT_3D('',#9801,#8052,#8053);
#7168=AXIS2_PLACEMENT_3D('',#9810,#8058,#8059);
#7169=AXIS2_PLACEMENT_3D('',#9811,#8060,#8061);
#7170=AXIS2_PLACEMENT_3D('',#9813,#8062,#8063);
#7171=AXIS2_PLACEMENT_3D('',#9814,#8064,#8065);
#7172=AXIS2_PLACEMENT_3D('',#9815,#8066,#8067);
#7173=AXIS2_PLACEMENT_3D('',#9816,#8068,#8069);
#7174=AXIS2_PLACEMENT_3D('',#9817,#8070,#8071);
#7175=AXIS2_PLACEMENT_3D('',#9819,#8072,#8073);
#7176=AXIS2_PLACEMENT_3D('',#9820,#8074,#8075);
#7177=AXIS2_PLACEMENT_3D('',#9821,#8076,#8077);
#7178=AXIS2_PLACEMENT_3D('',#9830,#8082,#8083);
#7179=AXIS2_PLACEMENT_3D('',#9839,#8088,#8089);
#7180=AXIS2_PLACEMENT_3D('',#9840,#8090,#8091);
#7181=AXIS2_PLACEMENT_3D('',#9842,#8092,#8093);
#7182=AXIS2_PLACEMENT_3D('',#9843,#8094,#8095);
#7183=AXIS2_PLACEMENT_3D('',#9844,#8096,#8097);
#7184=AXIS2_PLACEMENT_3D('',#9845,#8098,#8099);
#7185=AXIS2_PLACEMENT_3D('',#9846,#8100,#8101);
#7186=AXIS2_PLACEMENT_3D('',#9848,#8102,#8103);
#7187=AXIS2_PLACEMENT_3D('',#9849,#8104,#8105);
#7188=AXIS2_PLACEMENT_3D('',#9850,#8106,#8107);
#7189=AXIS2_PLACEMENT_3D('',#9859,#8112,#8113);
#7190=AXIS2_PLACEMENT_3D('',#9868,#8118,#8119);
#7191=AXIS2_PLACEMENT_3D('',#9869,#8120,#8121);
#7192=AXIS2_PLACEMENT_3D('',#9871,#8122,#8123);
#7193=AXIS2_PLACEMENT_3D('',#9872,#8124,#8125);
#7194=AXIS2_PLACEMENT_3D('',#9873,#8126,#8127);
#7195=AXIS2_PLACEMENT_3D('',#9874,#8128,#8129);
#7196=AXIS2_PLACEMENT_3D('',#9875,#8130,#8131);
#7197=AXIS2_PLACEMENT_3D('',#9877,#8132,#8133);
#7198=AXIS2_PLACEMENT_3D('',#9878,#8134,#8135);
#7199=AXIS2_PLACEMENT_3D('',#9879,#8136,#8137);
#7200=AXIS2_PLACEMENT_3D('',#9888,#8142,#8143);
#7201=AXIS2_PLACEMENT_3D('',#9897,#8148,#8149);
#7202=AXIS2_PLACEMENT_3D('',#9898,#8150,#8151);
#7203=AXIS2_PLACEMENT_3D('',#9900,#8152,#8153);
#7204=AXIS2_PLACEMENT_3D('',#9901,#8154,#8155);
#7205=AXIS2_PLACEMENT_3D('',#9902,#8156,#8157);
#7206=AXIS2_PLACEMENT_3D('',#9903,#8158,#8159);
#7207=AXIS2_PLACEMENT_3D('',#9904,#8160,#8161);
#7208=AXIS2_PLACEMENT_3D('',#9906,#8162,#8163);
#7209=AXIS2_PLACEMENT_3D('',#9907,#8164,#8165);
#7210=AXIS2_PLACEMENT_3D('',#9908,#8166,#8167);
#7211=AXIS2_PLACEMENT_3D('',#9917,#8172,#8173);
#7212=AXIS2_PLACEMENT_3D('',#9926,#8178,#8179);
#7213=AXIS2_PLACEMENT_3D('',#9927,#8180,#8181);
#7214=AXIS2_PLACEMENT_3D('',#9929,#8182,#8183);
#7215=AXIS2_PLACEMENT_3D('',#9930,#8184,#8185);
#7216=AXIS2_PLACEMENT_3D('',#9931,#8186,#8187);
#7217=AXIS2_PLACEMENT_3D('',#9932,#8188,#8189);
#7218=AXIS2_PLACEMENT_3D('',#9933,#8190,#8191);
#7219=AXIS2_PLACEMENT_3D('',#9935,#8192,#8193);
#7220=AXIS2_PLACEMENT_3D('',#9936,#8194,#8195);
#7221=AXIS2_PLACEMENT_3D('',#9937,#8196,#8197);
#7222=AXIS2_PLACEMENT_3D('',#9946,#8202,#8203);
#7223=AXIS2_PLACEMENT_3D('',#9955,#8208,#8209);
#7224=AXIS2_PLACEMENT_3D('',#9956,#8210,#8211);
#7225=AXIS2_PLACEMENT_3D('',#9958,#8212,#8213);
#7226=AXIS2_PLACEMENT_3D('',#9959,#8214,#8215);
#7227=AXIS2_PLACEMENT_3D('',#9960,#8216,#8217);
#7228=AXIS2_PLACEMENT_3D('',#9961,#8218,#8219);
#7229=AXIS2_PLACEMENT_3D('',#9962,#8220,#8221);
#7230=AXIS2_PLACEMENT_3D('',#9964,#8222,#8223);
#7231=AXIS2_PLACEMENT_3D('',#9965,#8224,#8225);
#7232=AXIS2_PLACEMENT_3D('',#9966,#8226,#8227);
#7233=AXIS2_PLACEMENT_3D('',#9975,#8232,#8233);
#7234=AXIS2_PLACEMENT_3D('',#9984,#8238,#8239);
#7235=AXIS2_PLACEMENT_3D('',#9985,#8240,#8241);
#7236=AXIS2_PLACEMENT_3D('',#9987,#8242,#8243);
#7237=AXIS2_PLACEMENT_3D('',#9988,#8244,#8245);
#7238=AXIS2_PLACEMENT_3D('',#9989,#8246,#8247);
#7239=AXIS2_PLACEMENT_3D('',#9990,#8248,#8249);
#7240=AXIS2_PLACEMENT_3D('',#9991,#8250,#8251);
#7241=AXIS2_PLACEMENT_3D('',#9993,#8252,#8253);
#7242=AXIS2_PLACEMENT_3D('',#9994,#8254,#8255);
#7243=AXIS2_PLACEMENT_3D('',#9995,#8256,#8257);
#7244=AXIS2_PLACEMENT_3D('',#10004,#8262,#8263);
#7245=AXIS2_PLACEMENT_3D('',#10013,#8268,#8269);
#7246=AXIS2_PLACEMENT_3D('',#10014,#8270,#8271);
#7247=AXIS2_PLACEMENT_3D('',#10016,#8272,#8273);
#7248=AXIS2_PLACEMENT_3D('',#10017,#8274,#8275);
#7249=AXIS2_PLACEMENT_3D('',#10018,#8276,#8277);
#7250=AXIS2_PLACEMENT_3D('',#10019,#8278,#8279);
#7251=AXIS2_PLACEMENT_3D('',#10020,#8280,#8281);
#7252=AXIS2_PLACEMENT_3D('',#10022,#8282,#8283);
#7253=AXIS2_PLACEMENT_3D('',#10023,#8284,#8285);
#7254=AXIS2_PLACEMENT_3D('',#10024,#8286,#8287);
#7255=AXIS2_PLACEMENT_3D('',#10033,#8292,#8293);
#7256=AXIS2_PLACEMENT_3D('',#10042,#8298,#8299);
#7257=AXIS2_PLACEMENT_3D('',#10043,#8300,#8301);
#7258=AXIS2_PLACEMENT_3D('',#10045,#8302,#8303);
#7259=AXIS2_PLACEMENT_3D('',#10046,#8304,#8305);
#7260=AXIS2_PLACEMENT_3D('',#10047,#8306,#8307);
#7261=AXIS2_PLACEMENT_3D('',#10048,#8308,#8309);
#7262=AXIS2_PLACEMENT_3D('',#10049,#8310,#8311);
#7263=AXIS2_PLACEMENT_3D('',#10051,#8312,#8313);
#7264=AXIS2_PLACEMENT_3D('',#10052,#8314,#8315);
#7265=AXIS2_PLACEMENT_3D('',#10053,#8316,#8317);
#7266=AXIS2_PLACEMENT_3D('',#10062,#8322,#8323);
#7267=AXIS2_PLACEMENT_3D('',#10071,#8328,#8329);
#7268=AXIS2_PLACEMENT_3D('',#10072,#8330,#8331);
#7269=AXIS2_PLACEMENT_3D('',#10074,#8332,#8333);
#7270=AXIS2_PLACEMENT_3D('',#10075,#8334,#8335);
#7271=AXIS2_PLACEMENT_3D('',#10076,#8336,#8337);
#7272=AXIS2_PLACEMENT_3D('',#10077,#8338,#8339);
#7273=AXIS2_PLACEMENT_3D('',#10078,#8340,#8341);
#7274=AXIS2_PLACEMENT_3D('',#10080,#8342,#8343);
#7275=AXIS2_PLACEMENT_3D('',#10081,#8344,#8345);
#7276=AXIS2_PLACEMENT_3D('',#10082,#8346,#8347);
#7277=AXIS2_PLACEMENT_3D('',#10091,#8352,#8353);
#7278=AXIS2_PLACEMENT_3D('',#10100,#8358,#8359);
#7279=AXIS2_PLACEMENT_3D('',#10101,#8360,#8361);
#7280=AXIS2_PLACEMENT_3D('',#10103,#8362,#8363);
#7281=AXIS2_PLACEMENT_3D('',#10104,#8364,#8365);
#7282=AXIS2_PLACEMENT_3D('',#10105,#8366,#8367);
#7283=AXIS2_PLACEMENT_3D('',#10106,#8368,#8369);
#7284=AXIS2_PLACEMENT_3D('',#10107,#8370,#8371);
#7285=AXIS2_PLACEMENT_3D('',#10109,#8372,#8373);
#7286=AXIS2_PLACEMENT_3D('',#10110,#8374,#8375);
#7287=AXIS2_PLACEMENT_3D('',#10111,#8376,#8377);
#7288=AXIS2_PLACEMENT_3D('',#10120,#8382,#8383);
#7289=AXIS2_PLACEMENT_3D('',#10129,#8388,#8389);
#7290=AXIS2_PLACEMENT_3D('',#10130,#8390,#8391);
#7291=AXIS2_PLACEMENT_3D('',#10132,#8392,#8393);
#7292=AXIS2_PLACEMENT_3D('',#10133,#8394,#8395);
#7293=AXIS2_PLACEMENT_3D('',#10134,#8396,#8397);
#7294=AXIS2_PLACEMENT_3D('',#10135,#8398,#8399);
#7295=AXIS2_PLACEMENT_3D('',#10136,#8400,#8401);
#7296=AXIS2_PLACEMENT_3D('',#10138,#8402,#8403);
#7297=AXIS2_PLACEMENT_3D('',#10139,#8404,#8405);
#7298=AXIS2_PLACEMENT_3D('',#10140,#8406,#8407);
#7299=AXIS2_PLACEMENT_3D('',#10149,#8412,#8413);
#7300=AXIS2_PLACEMENT_3D('',#10158,#8418,#8419);
#7301=AXIS2_PLACEMENT_3D('',#10159,#8420,#8421);
#7302=AXIS2_PLACEMENT_3D('',#10161,#8422,#8423);
#7303=AXIS2_PLACEMENT_3D('',#10162,#8424,#8425);
#7304=AXIS2_PLACEMENT_3D('',#10163,#8426,#8427);
#7305=AXIS2_PLACEMENT_3D('',#10164,#8428,#8429);
#7306=AXIS2_PLACEMENT_3D('',#10165,#8430,#8431);
#7307=AXIS2_PLACEMENT_3D('',#10167,#8432,#8433);
#7308=AXIS2_PLACEMENT_3D('',#10168,#8434,#8435);
#7309=AXIS2_PLACEMENT_3D('',#10169,#8436,#8437);
#7310=AXIS2_PLACEMENT_3D('',#10178,#8442,#8443);
#7311=AXIS2_PLACEMENT_3D('',#10187,#8448,#8449);
#7312=AXIS2_PLACEMENT_3D('',#10188,#8450,#8451);
#7313=AXIS2_PLACEMENT_3D('',#10190,#8452,#8453);
#7314=AXIS2_PLACEMENT_3D('',#10191,#8454,#8455);
#7315=AXIS2_PLACEMENT_3D('',#10192,#8456,#8457);
#7316=AXIS2_PLACEMENT_3D('',#10193,#8458,#8459);
#7317=AXIS2_PLACEMENT_3D('',#10194,#8460,#8461);
#7318=AXIS2_PLACEMENT_3D('',#10196,#8462,#8463);
#7319=AXIS2_PLACEMENT_3D('',#10197,#8464,#8465);
#7320=AXIS2_PLACEMENT_3D('',#10198,#8466,#8467);
#7321=AXIS2_PLACEMENT_3D('',#10207,#8472,#8473);
#7322=AXIS2_PLACEMENT_3D('',#10216,#8478,#8479);
#7323=AXIS2_PLACEMENT_3D('',#10217,#8480,#8481);
#7324=AXIS2_PLACEMENT_3D('',#10219,#8482,#8483);
#7325=AXIS2_PLACEMENT_3D('',#10220,#8484,#8485);
#7326=AXIS2_PLACEMENT_3D('',#10221,#8486,#8487);
#7327=AXIS2_PLACEMENT_3D('',#10222,#8488,#8489);
#7328=AXIS2_PLACEMENT_3D('',#10223,#8490,#8491);
#7329=AXIS2_PLACEMENT_3D('',#10225,#8492,#8493);
#7330=AXIS2_PLACEMENT_3D('',#10226,#8494,#8495);
#7331=AXIS2_PLACEMENT_3D('',#10227,#8496,#8497);
#7332=AXIS2_PLACEMENT_3D('',#10236,#8502,#8503);
#7333=AXIS2_PLACEMENT_3D('',#10245,#8508,#8509);
#7334=AXIS2_PLACEMENT_3D('',#10246,#8510,#8511);
#7335=AXIS2_PLACEMENT_3D('',#10248,#8512,#8513);
#7336=AXIS2_PLACEMENT_3D('',#10249,#8514,#8515);
#7337=AXIS2_PLACEMENT_3D('',#10250,#8516,#8517);
#7338=AXIS2_PLACEMENT_3D('',#10251,#8518,#8519);
#7339=AXIS2_PLACEMENT_3D('',#10252,#8520,#8521);
#7340=AXIS2_PLACEMENT_3D('',#10254,#8522,#8523);
#7341=AXIS2_PLACEMENT_3D('',#10255,#8524,#8525);
#7342=AXIS2_PLACEMENT_3D('',#10256,#8526,#8527);
#7343=AXIS2_PLACEMENT_3D('',#10265,#8532,#8533);
#7344=AXIS2_PLACEMENT_3D('',#10274,#8538,#8539);
#7345=AXIS2_PLACEMENT_3D('',#10275,#8540,#8541);
#7346=AXIS2_PLACEMENT_3D('',#10277,#8542,#8543);
#7347=AXIS2_PLACEMENT_3D('',#10278,#8544,#8545);
#7348=AXIS2_PLACEMENT_3D('',#10279,#8546,#8547);
#7349=AXIS2_PLACEMENT_3D('',#10280,#8548,#8549);
#7350=AXIS2_PLACEMENT_3D('',#10281,#8550,#8551);
#7351=AXIS2_PLACEMENT_3D('',#10283,#8552,#8553);
#7352=AXIS2_PLACEMENT_3D('',#10284,#8554,#8555);
#7353=AXIS2_PLACEMENT_3D('',#10285,#8556,#8557);
#7354=AXIS2_PLACEMENT_3D('',#10287,#8558,#8559);
#7355=AXIS2_PLACEMENT_3D('',#10290,#8561,#8562);
#7356=AXIS2_PLACEMENT_3D('',#10291,#8563,#8564);
#7357=AXIS2_PLACEMENT_3D('',#10292,#8565,#8566);
#7358=AXIS2_PLACEMENT_3D('',#10294,#8567,#8568);
#7359=AXIS2_PLACEMENT_3D('',#10295,#8569,#8570);
#7360=AXIS2_PLACEMENT_3D('',#10297,#8571,#8572);
#7361=AXIS2_PLACEMENT_3D('',#10299,#8574,#8575);
#7362=AXIS2_PLACEMENT_3D('',#10301,#8576,#8577);
#7363=AXIS2_PLACEMENT_3D('',#10304,#8579,#8580);
#7364=AXIS2_PLACEMENT_3D('',#10305,#8581,#8582);
#7365=AXIS2_PLACEMENT_3D('',#10306,#8583,#8584);
#7366=AXIS2_PLACEMENT_3D('',#10308,#8585,#8586);
#7367=AXIS2_PLACEMENT_3D('',#10309,#8587,#8588);
#7368=AXIS2_PLACEMENT_3D('',#10311,#8589,#8590);
#7369=AXIS2_PLACEMENT_3D('',#10313,#8592,#8593);
#7370=AXIS2_PLACEMENT_3D('',#10315,#8594,#8595);
#7371=AXIS2_PLACEMENT_3D('',#10318,#8597,#8598);
#7372=AXIS2_PLACEMENT_3D('',#10319,#8599,#8600);
#7373=AXIS2_PLACEMENT_3D('',#10320,#8601,#8602);
#7374=AXIS2_PLACEMENT_3D('',#10322,#8603,#8604);
#7375=AXIS2_PLACEMENT_3D('',#10323,#8605,#8606);
#7376=AXIS2_PLACEMENT_3D('',#10325,#8607,#8608);
#7377=AXIS2_PLACEMENT_3D('',#10327,#8610,#8611);
#7378=AXIS2_PLACEMENT_3D('',#10329,#8612,#8613);
#7379=AXIS2_PLACEMENT_3D('',#10330,#8614,#8615);
#7380=AXIS2_PLACEMENT_3D('',#10332,#8616,#8617);
#7381=AXIS2_PLACEMENT_3D('',#10335,#8619,#8620);
#7382=AXIS2_PLACEMENT_3D('',#10336,#8621,#8622);
#7383=AXIS2_PLACEMENT_3D('',#10338,#8623,#8624);
#7384=AXIS2_PLACEMENT_3D('',#10339,#8625,#8626);
#7385=AXIS2_PLACEMENT_3D('',#10341,#8627,#8628);
#7386=AXIS2_PLACEMENT_3D('',#10342,#8629,#8630);
#7387=AXIS2_PLACEMENT_3D('',#10344,#8631,#8632);
#7388=AXIS2_PLACEMENT_3D('',#10346,#8634,#8635);
#7389=AXIS2_PLACEMENT_3D('',#10348,#8636,#8637);
#7390=AXIS2_PLACEMENT_3D('',#10351,#8639,#8640);
#7391=AXIS2_PLACEMENT_3D('',#10352,#8641,#8642);
#7392=AXIS2_PLACEMENT_3D('',#10354,#8643,#8644);
#7393=AXIS2_PLACEMENT_3D('',#10355,#8645,#8646);
#7394=AXIS2_PLACEMENT_3D('',#10357,#8647,#8648);
#7395=AXIS2_PLACEMENT_3D('',#10358,#8649,#8650);
#7396=AXIS2_PLACEMENT_3D('',#10360,#8652,#8653);
#7397=AXIS2_PLACEMENT_3D('',#10362,#8654,#8655);
#7398=AXIS2_PLACEMENT_3D('',#10365,#8657,#8658);
#7399=AXIS2_PLACEMENT_3D('',#10366,#8659,#8660);
#7400=AXIS2_PLACEMENT_3D('',#10368,#8661,#8662);
#7401=AXIS2_PLACEMENT_3D('',#10369,#8663,#8664);
#7402=AXIS2_PLACEMENT_3D('',#10371,#8665,#8666);
#7403=AXIS2_PLACEMENT_3D('',#10372,#8667,#8668);
#7404=AXIS2_PLACEMENT_3D('',#10374,#8669,#8670);
#7405=AXIS2_PLACEMENT_3D('',#10376,#8672,#8673);
#7406=AXIS2_PLACEMENT_3D('',#10378,#8674,#8675);
#7407=AXIS2_PLACEMENT_3D('',#10381,#8677,#8678);
#7408=AXIS2_PLACEMENT_3D('',#10382,#8679,#8680);
#7409=AXIS2_PLACEMENT_3D('',#10384,#8681,#8682);
#7410=AXIS2_PLACEMENT_3D('',#10385,#8683,#8684);
#7411=AXIS2_PLACEMENT_3D('',#10387,#8685,#8686);
#7412=AXIS2_PLACEMENT_3D('',#10388,#8687,#8688);
#7413=AXIS2_PLACEMENT_3D('',#10405,#8703,#8704);
#7414=AXIS2_PLACEMENT_3D('',#10409,#8706,#8707);
#7415=AXIS2_PLACEMENT_3D('',#10413,#8709,#8710);
#7416=AXIS2_PLACEMENT_3D('',#10417,#8712,#8713);
#7417=AXIS2_PLACEMENT_3D('',#10421,#8715,#8716);
#7418=AXIS2_PLACEMENT_3D('',#10425,#8718,#8719);
#7419=AXIS2_PLACEMENT_3D('',#10429,#8721,#8722);
#7420=AXIS2_PLACEMENT_3D('',#10433,#8724,#8725);
#7421=AXIS2_PLACEMENT_3D('',#10437,#8727,#8728);
#7422=AXIS2_PLACEMENT_3D('',#10441,#8730,#8731);
#7423=AXIS2_PLACEMENT_3D('',#10445,#8733,#8734);
#7424=AXIS2_PLACEMENT_3D('',#10449,#8736,#8737);
#7425=AXIS2_PLACEMENT_3D('',#10453,#8739,#8740);
#7426=AXIS2_PLACEMENT_3D('',#10457,#8742,#8743);
#7427=AXIS2_PLACEMENT_3D('',#10461,#8745,#8746);
#7428=AXIS2_PLACEMENT_3D('',#10465,#8748,#8749);
#7429=AXIS2_PLACEMENT_3D('',#10484,#8767,#8768);
#7430=AXIS2_PLACEMENT_3D('',#10487,#8770,#8771);
#7431=AXIS2_PLACEMENT_3D('',#10489,#8772,#8773);
#7432=AXIS2_PLACEMENT_3D('',#10492,#8775,#8776);
#7433=AXIS2_PLACEMENT_3D('',#10494,#8777,#8778);
#7434=AXIS2_PLACEMENT_3D('',#10497,#8780,#8781);
#7435=AXIS2_PLACEMENT_3D('',#10499,#8782,#8783);
#7436=AXIS2_PLACEMENT_3D('',#10502,#8785,#8786);
#7437=AXIS2_PLACEMENT_3D('',#10504,#8787,#8788);
#7438=AXIS2_PLACEMENT_3D('',#10507,#8790,#8791);
#7439=AXIS2_PLACEMENT_3D('',#10509,#8792,#8793);
#7440=AXIS2_PLACEMENT_3D('',#10512,#8795,#8796);
#7441=AXIS2_PLACEMENT_3D('',#10514,#8797,#8798);
#7442=AXIS2_PLACEMENT_3D('',#10517,#8800,#8801);
#7443=AXIS2_PLACEMENT_3D('',#10519,#8802,#8803);
#7444=AXIS2_PLACEMENT_3D('',#10522,#8805,#8806);
#7445=AXIS2_PLACEMENT_3D('',#10555,#8811,#8812);
#7446=AXIS2_PLACEMENT_3D('',#10559,#8814,#8815);
#7447=AXIS2_PLACEMENT_3D('',#10569,#8817,#8818);
#7448=AXIS2_PLACEMENT_3D('',#10573,#8820,#8821);
#7449=AXIS2_PLACEMENT_3D('',#10680,#8825,#8826);
#7450=AXIS2_PLACEMENT_3D('',#10684,#8828,#8829);
#7451=AXIS2_PLACEMENT_3D('',#10688,#8831,#8832);
#7452=AXIS2_PLACEMENT_3D('',#10692,#8834,#8835);
#7453=AXIS2_PLACEMENT_3D('',#10835,#8838,#8839);
#7454=AXIS2_PLACEMENT_3D('',#10890,#8840,#8841);
#7455=AXIS2_PLACEMENT_3D('',#10894,#8843,#8844);
#7456=AXIS2_PLACEMENT_3D('',#10898,#8846,#8847);
#7457=AXIS2_PLACEMENT_3D('',#10905,#8848,#8849);
#7458=AXIS2_PLACEMENT_3D('',#10909,#8851,#8852);
#7459=AXIS2_PLACEMENT_3D('',#10913,#8854,#8855);
#7460=AXIS2_PLACEMENT_3D('',#10927,#8856,#8857);
#7461=AXIS2_PLACEMENT_3D('',#10931,#8859,#8860);
#7462=AXIS2_PLACEMENT_3D('',#10935,#8862,#8863);
#7463=AXIS2_PLACEMENT_3D('',#10939,#8865,#8866);
#7464=AXIS2_PLACEMENT_3D('',#10995,#8867,#8868);
#7465=AXIS2_PLACEMENT_3D('',#10997,#8870,#8871);
#7466=AXIS2_PLACEMENT_3D('',#10999,#8872,#8873);
#7467=AXIS2_PLACEMENT_3D('',#11002,#8875,#8876);
#7468=AXIS2_PLACEMENT_3D('',#11003,#8877,#8878);
#7469=AXIS2_PLACEMENT_3D('',#11004,#8879,#8880);
#7470=AXIS2_PLACEMENT_3D('',#11006,#8881,#8882);
#7471=AXIS2_PLACEMENT_3D('',#11007,#8883,#8884);
#7472=AXIS2_PLACEMENT_3D('',#11009,#8886,#8887);
#7473=AXIS2_PLACEMENT_3D('',#11011,#8888,#8889);
#7474=AXIS2_PLACEMENT_3D('',#11014,#8891,#8892);
#7475=AXIS2_PLACEMENT_3D('',#11015,#8893,#8894);
#7476=AXIS2_PLACEMENT_3D('',#11016,#8895,#8896);
#7477=AXIS2_PLACEMENT_3D('',#11018,#8897,#8898);
#7478=AXIS2_PLACEMENT_3D('',#11019,#8899,#8900);
#7479=AXIS2_PLACEMENT_3D('',#11021,#8902,#8903);
#7480=AXIS2_PLACEMENT_3D('',#11027,#8907,#8908);
#7481=AXIS2_PLACEMENT_3D('',#11033,#8912,#8913);
#7482=AXIS2_PLACEMENT_3D('',#11034,#8914,#8915);
#7483=AXIS2_PLACEMENT_3D('',#11035,#8916,#8917);
#7484=AXIS2_PLACEMENT_3D('',#11036,#8918,#8919);
#7485=AXIS2_PLACEMENT_3D('',#11037,#8920,#8921);
#7486=AXIS2_PLACEMENT_3D('',#11038,#8922,#8923);
#7487=AXIS2_PLACEMENT_3D('',#11044,#8927,#8928);
#7488=AXIS2_PLACEMENT_3D('',#11050,#8932,#8933);
#7489=AXIS2_PLACEMENT_3D('',#11051,#8934,#8935);
#7490=AXIS2_PLACEMENT_3D('',#11052,#8936,#8937);
#7491=AXIS2_PLACEMENT_3D('',#11053,#8938,#8939);
#7492=AXIS2_PLACEMENT_3D('',#11054,#8940,#8941);
#7493=AXIS2_PLACEMENT_3D('',#11055,#8942,#8943);
#7494=AXIS2_PLACEMENT_3D('',#11061,#8947,#8948);
#7495=AXIS2_PLACEMENT_3D('',#11067,#8952,#8953);
#7496=AXIS2_PLACEMENT_3D('',#11068,#8954,#8955);
#7497=AXIS2_PLACEMENT_3D('',#11069,#8956,#8957);
#7498=AXIS2_PLACEMENT_3D('',#11070,#8958,#8959);
#7499=AXIS2_PLACEMENT_3D('',#11071,#8960,#8961);
#7500=AXIS2_PLACEMENT_3D('',#11072,#8962,#8963);
#7501=AXIS2_PLACEMENT_3D('',#11078,#8967,#8968);
#7502=AXIS2_PLACEMENT_3D('',#11084,#8972,#8973);
#7503=AXIS2_PLACEMENT_3D('',#11085,#8974,#8975);
#7504=AXIS2_PLACEMENT_3D('',#11086,#8976,#8977);
#7505=AXIS2_PLACEMENT_3D('',#11087,#8978,#8979);
#7506=AXIS2_PLACEMENT_3D('',#11088,#8980,#8981);
#7507=AXIS2_PLACEMENT_3D('',#11089,#8982,#8983);
#7508=AXIS2_PLACEMENT_3D('',#11095,#8987,#8988);
#7509=AXIS2_PLACEMENT_3D('',#11101,#8992,#8993);
#7510=AXIS2_PLACEMENT_3D('',#11102,#8994,#8995);
#7511=AXIS2_PLACEMENT_3D('',#11103,#8996,#8997);
#7512=AXIS2_PLACEMENT_3D('',#11104,#8998,#8999);
#7513=AXIS2_PLACEMENT_3D('',#11105,#9000,#9001);
#7514=AXIS2_PLACEMENT_3D('',#11106,#9002,#9003);
#7515=AXIS2_PLACEMENT_3D('',#11112,#9007,#9008);
#7516=AXIS2_PLACEMENT_3D('',#11118,#9012,#9013);
#7517=AXIS2_PLACEMENT_3D('',#11119,#9014,#9015);
#7518=AXIS2_PLACEMENT_3D('',#11120,#9016,#9017);
#7519=AXIS2_PLACEMENT_3D('',#11121,#9018,#9019);
#7520=AXIS2_PLACEMENT_3D('',#11122,#9020,#9021);
#7521=AXIS2_PLACEMENT_3D('',#11123,#9022,#9023);
#7522=AXIS2_PLACEMENT_3D('',#11129,#9027,#9028);
#7523=AXIS2_PLACEMENT_3D('',#11135,#9032,#9033);
#7524=AXIS2_PLACEMENT_3D('',#11136,#9034,#9035);
#7525=AXIS2_PLACEMENT_3D('',#11137,#9036,#9037);
#7526=AXIS2_PLACEMENT_3D('',#11138,#9038,#9039);
#7527=AXIS2_PLACEMENT_3D('',#11139,#9040,#9041);
#7528=AXIS2_PLACEMENT_3D('',#11140,#9042,#9043);
#7529=AXIS2_PLACEMENT_3D('',#11146,#9047,#9048);
#7530=AXIS2_PLACEMENT_3D('',#11152,#9052,#9053);
#7531=AXIS2_PLACEMENT_3D('',#11153,#9054,#9055);
#7532=AXIS2_PLACEMENT_3D('',#11154,#9056,#9057);
#7533=AXIS2_PLACEMENT_3D('',#11155,#9058,#9059);
#7534=AXIS2_PLACEMENT_3D('',#11156,#9060,#9061);
#7535=AXIS2_PLACEMENT_3D('',#11157,#9062,#9063);
#7536=AXIS2_PLACEMENT_3D('',#11160,#9064,#9065);
#7537=AXIS2_PLACEMENT_3D('',#11164,#9067,#9068);
#7538=AXIS2_PLACEMENT_3D('',#11220,#9069,#9070);
#7539=AXIS2_PLACEMENT_3D('',#11486,#9080,#9081);
#7540=AXIS2_PLACEMENT_3D('',#11489,#9084,#9085);
#7541=AXIS2_PLACEMENT_3D('',#11491,#9087,#9088);
#7542=AXIS2_PLACEMENT_3D('',#11682,#9099,#9100);
#7543=AXIS2_PLACEMENT_3D('',#11684,#9102,#9103);
#7544=AXIS2_PLACEMENT_3D('',#11685,#9104,#9105);
#7545=AXIS2_PLACEMENT_3D('',#11687,#9107,#9108);
#7546=AXIS2_PLACEMENT_3D('',#11690,#9109,#9110);
#7547=AXIS2_PLACEMENT_3D('',#11694,#9112,#9113);
#7548=AXIS2_PLACEMENT_3D('',#11696,#9115,#9116);
#7549=AXIS2_PLACEMENT_3D('',#11699,#9119,#9120);
#7550=AXIS2_PLACEMENT_3D('',#11701,#9122,#9123);
#7551=AXIS2_PLACEMENT_3D('',#11703,#9125,#9126);
#7552=AXIS2_PLACEMENT_3D('',#11704,#9127,#9128);
#7553=AXIS2_PLACEMENT_3D('',#11725,#9129,#9130);
#7554=AXIS2_PLACEMENT_3D('',#11729,#9132,#9133);
#7555=AXIS2_PLACEMENT_3D('',#11733,#9135,#9136);
#7556=AXIS2_PLACEMENT_3D('',#11740,#9137,#9138);
#7557=AXIS2_PLACEMENT_3D('',#11744,#9140,#9141);
#7558=AXIS2_PLACEMENT_3D('',#11748,#9143,#9144);
#7559=AXIS2_PLACEMENT_3D('',#11847,#9149,#9150);
#7560=AXIS2_PLACEMENT_3D('',#11849,#9152,#9153);
#7561=AXIS2_PLACEMENT_3D('',#11851,#9155,#9156);
#7562=AXIS2_PLACEMENT_3D('',#11853,#9158,#9159);
#7563=AXIS2_PLACEMENT_3D('',#11855,#9161,#9162);
#7564=AXIS2_PLACEMENT_3D('',#11874,#9165,#9166);
#7565=AXIS2_PLACEMENT_3D('',#11876,#9168,#9169);
#7566=AXIS2_PLACEMENT_3D('',#11878,#9171,#9172);
#7567=AXIS2_PLACEMENT_3D('',#11880,#9174,#9175);
#7568=AXIS2_PLACEMENT_3D('',#11882,#9177,#9178);
#7569=AXIS2_PLACEMENT_3D('',#12005,#9185,#9186);
#7570=AXIS2_PLACEMENT_3D('',#12022,#9188,#9189);
#7571=AXIS2_PLACEMENT_3D('',#12214,#9190,#9191);
#7572=AXIS2_PLACEMENT_3D('',#12215,#9192,#9193);
#7573=AXIS2_PLACEMENT_3D('',#12260,#9198,#9199);
#7574=AXIS2_PLACEMENT_3D('',#12985,#9233,#9234);
#7575=AXIS2_PLACEMENT_3D('',#12986,#9235,#9236);
#7576=AXIS2_PLACEMENT_3D('',#12987,#9237,#9238);
#7577=AXIS2_PLACEMENT_3D('',#12988,#9239,#9240);
#7578=AXIS2_PLACEMENT_3D('',#13121,#9250,#9251);
#7579=AXIS2_PLACEMENT_3D('',#13163,#9256,#9257);
#7580=AXIS2_PLACEMENT_3D('',#13182,#9260,#9261);
#7581=AXIS2_PLACEMENT_3D('',#13205,#9264,#9265);
#7582=AXIS2_PLACEMENT_3D('',#13228,#9268,#9269);
#7583=AXIS2_PLACEMENT_3D('',#13229,#9270,#9271);
#7584=AXIS2_PLACEMENT_3D('',#13230,#9272,#9273);
#7585=AXIS2_PLACEMENT_3D('',#13233,#9274,#9275);
#7586=AXIS2_PLACEMENT_3D('',#13243,#9277,#9278);
#7587=AXIS2_PLACEMENT_3D('',#13247,#9280,#9281);
#7588=AXIS2_PLACEMENT_3D('',#13257,#9283,#9284);
#7589=AXIS2_PLACEMENT_3D('',#13259,#9286,#9287);
#7590=AXIS2_PLACEMENT_3D('',#13283,#9291,#9292);
#7591=AXIS2_PLACEMENT_3D('',#13285,#9294,#9295);
#7592=AXIS2_PLACEMENT_3D('',#13287,#9297,#9298);
#7593=AXIS2_PLACEMENT_3D('',#13289,#9300,#9301);
#7594=AXIS2_PLACEMENT_3D('',#13312,#9304,#9305);
#7595=AXIS2_PLACEMENT_3D('',#13314,#9307,#9308);
#7596=AXIS2_PLACEMENT_3D('',#13316,#9310,#9311);
#7597=AXIS2_PLACEMENT_3D('',#13317,#9312,#9313);
#7598=AXIS2_PLACEMENT_3D('',#13500,#9321,#9322);
#7599=AXIS2_PLACEMENT_3D('',#13578,#9328,#9329);
#7600=AXIS2_PLACEMENT_3D('',#13743,#9338,#9339);
#7601=AXIS2_PLACEMENT_3D('',#13746,#9340,#9341);
#7602=AXIS2_PLACEMENT_3D('',#13750,#9343,#9344);
#7603=AXIS2_PLACEMENT_3D('',#13752,#9346,#9347);
#7604=AXIS2_PLACEMENT_3D('',#13755,#9350,#9351);
#7605=AXIS2_PLACEMENT_3D('',#13757,#9353,#9354);
#7606=AXIS2_PLACEMENT_3D('',#13759,#9356,#9357);
#7607=AXIS2_PLACEMENT_3D('',#13760,#9358,#9359);
#7608=AXIS2_PLACEMENT_3D('',#13763,#9360,#9361);
#7609=AXIS2_PLACEMENT_3D('',#13767,#9363,#9364);
#7610=AXIS2_PLACEMENT_3D('',#13769,#9366,#9367);
#7611=AXIS2_PLACEMENT_3D('',#13772,#9370,#9371);
#7612=AXIS2_PLACEMENT_3D('',#13774,#9373,#9374);
#7613=AXIS2_PLACEMENT_3D('',#13776,#9376,#9377);
#7614=AXIS2_PLACEMENT_3D('',#13777,#9378,#9379);
#7615=AXIS2_PLACEMENT_3D('',#13779,#9380,#9381);
#7616=AXIS2_PLACEMENT_3D('',#13782,#9383,#9384);
#7617=AXIS2_PLACEMENT_3D('',#13783,#9385,#9386);
#7618=AXIS2_PLACEMENT_3D('',#13784,#9387,#9388);
#7619=AXIS2_PLACEMENT_3D('',#13785,#9389,#9390);
#7620=AXIS2_PLACEMENT_3D('',#13786,#9391,#9392);
#7621=DIRECTION('axis',(0.,0.,1.));
#7622=DIRECTION('refdir',(1.,0.,0.));
#7623=DIRECTION('center_axis',(0.,1.,0.));
#7624=DIRECTION('ref_axis',(1.,0.,0.));
#7625=DIRECTION('center_axis',(0.,1.,0.));
#7626=DIRECTION('ref_axis',(1.,0.,0.));
#7627=DIRECTION('',(0.,-1.,0.));
#7628=DIRECTION('center_axis',(0.,-1.,0.));
#7629=DIRECTION('ref_axis',(1.,0.,0.));
#7630=DIRECTION('center_axis',(-0.562355535619805,0.,0.826895550573204));
#7631=DIRECTION('ref_axis',(0.826895550573204,0.,0.562355535619805));
#7632=DIRECTION('',(0.826895550573204,0.,0.562355535619805));
#7633=DIRECTION('',(0.,-1.,0.));
#7634=DIRECTION('',(-0.826895550573204,0.,-0.562355535619805));
#7635=DIRECTION('',(0.,1.,0.));
#7636=DIRECTION('center_axis',(-0.826895550573207,0.,-0.562355535619801));
#7637=DIRECTION('ref_axis',(-0.562355535619801,0.,0.826895550573207));
#7638=DIRECTION('',(-0.562355535619801,0.,0.826895550573207));
#7639=DIRECTION('',(0.,-1.,0.));
#7640=DIRECTION('',(0.562355535619801,0.,-0.826895550573207));
#7641=DIRECTION('',(0.,1.,0.));
#7642=DIRECTION('center_axis',(0.,-1.,0.));
#7643=DIRECTION('ref_axis',(1.,0.,0.));
#7644=DIRECTION('center_axis',(0.,-1.,0.));
#7645=DIRECTION('ref_axis',(1.,0.,0.));
#7646=DIRECTION('center_axis',(0.,-1.,0.));
#7647=DIRECTION('ref_axis',(1.,0.,0.));
#7648=DIRECTION('center_axis',(0.,-1.,0.));
#7649=DIRECTION('ref_axis',(1.,0.,0.));
#7650=DIRECTION('center_axis',(0.,1.,0.));
#7651=DIRECTION('ref_axis',(-0.989166395399215,0.,0.146798645133137));
#7652=DIRECTION('center_axis',(0.,1.,0.));
#7653=DIRECTION('ref_axis',(1.,0.,0.));
#7654=DIRECTION('center_axis',(0.,-1.,0.));
#7655=DIRECTION('ref_axis',(1.,0.,0.));
#7656=DIRECTION('center_axis',(0.,1.,0.));
#7657=DIRECTION('ref_axis',(1.,0.,0.));
#7658=DIRECTION('center_axis',(0.,1.,0.));
#7659=DIRECTION('ref_axis',(1.,0.,0.));
#7660=DIRECTION('center_axis',(0.,1.,0.));
#7661=DIRECTION('ref_axis',(1.,0.,0.));
#7662=DIRECTION('center_axis',(0.,1.,0.));
#7663=DIRECTION('ref_axis',(1.,0.,0.));
#7664=DIRECTION('',(0.,-1.,0.));
#7665=DIRECTION('center_axis',(0.,-1.,0.));
#7666=DIRECTION('ref_axis',(1.,0.,0.));
#7667=DIRECTION('center_axis',(0.,-1.,0.));
#7668=DIRECTION('ref_axis',(1.,0.,0.));
#7669=DIRECTION('center_axis',(0.,-1.,0.));
#7670=DIRECTION('ref_axis',(1.,0.,0.));
#7671=DIRECTION('center_axis',(0.,-1.,0.));
#7672=DIRECTION('ref_axis',(1.,0.,0.));
#7673=DIRECTION('center_axis',(0.,1.,0.));
#7674=DIRECTION('ref_axis',(1.,0.,0.));
#7675=DIRECTION('center_axis',(0.,1.,0.));
#7676=DIRECTION('ref_axis',(1.,0.,0.));
#7677=DIRECTION('center_axis',(0.,-1.,0.));
#7678=DIRECTION('ref_axis',(1.,0.,0.));
#7679=DIRECTION('',(0.,-1.,0.));
#7680=DIRECTION('center_axis',(-0.562355535619805,0.,0.826895550573204));
#7681=DIRECTION('ref_axis',(0.826895550573204,0.,0.562355535619805));
#7682=DIRECTION('',(0.826895550573204,0.,0.562355535619805));
#7683=DIRECTION('',(0.,-1.,0.));
#7684=DIRECTION('',(-0.826895550573204,0.,-0.562355535619805));
#7685=DIRECTION('',(0.,1.,0.));
#7686=DIRECTION('center_axis',(-0.826895550573207,0.,-0.562355535619801));
#7687=DIRECTION('ref_axis',(-0.562355535619801,0.,0.826895550573207));
#7688=DIRECTION('',(-0.562355535619801,0.,0.826895550573207));
#7689=DIRECTION('',(0.,-1.,0.));
#7690=DIRECTION('',(0.562355535619801,0.,-0.826895550573207));
#7691=DIRECTION('',(0.,1.,0.));
#7692=DIRECTION('center_axis',(0.,-1.,0.));
#7693=DIRECTION('ref_axis',(1.,0.,0.));
#7694=DIRECTION('center_axis',(0.,-1.,0.));
#7695=DIRECTION('ref_axis',(1.,0.,0.));
#7696=DIRECTION('center_axis',(0.,-1.,0.));
#7697=DIRECTION('ref_axis',(1.,0.,0.));
#7698=DIRECTION('center_axis',(0.,-1.,0.));
#7699=DIRECTION('ref_axis',(1.,0.,0.));
#7700=DIRECTION('center_axis',(0.,1.,0.));
#7701=DIRECTION('ref_axis',(-0.989166395399215,0.,0.146798645133137));
#7702=DIRECTION('center_axis',(0.,1.,0.));
#7703=DIRECTION('ref_axis',(1.,0.,0.));
#7704=DIRECTION('center_axis',(0.,-1.,0.));
#7705=DIRECTION('ref_axis',(1.,0.,0.));
#7706=DIRECTION('center_axis',(0.,1.,0.));
#7707=DIRECTION('ref_axis',(1.,0.,0.));
#7708=DIRECTION('center_axis',(0.,1.,0.));
#7709=DIRECTION('ref_axis',(1.,0.,0.));
#7710=DIRECTION('center_axis',(-0.562355535619805,0.,0.826895550573204));
#7711=DIRECTION('ref_axis',(0.826895550573204,0.,0.562355535619805));
#7712=DIRECTION('',(0.826895550573204,0.,0.562355535619805));
#7713=DIRECTION('',(0.,-1.,0.));
#7714=DIRECTION('',(-0.826895550573204,0.,-0.562355535619805));
#7715=DIRECTION('',(0.,1.,0.));
#7716=DIRECTION('center_axis',(-0.826895550573207,0.,-0.562355535619801));
#7717=DIRECTION('ref_axis',(-0.562355535619801,0.,0.826895550573207));
#7718=DIRECTION('',(-0.562355535619801,0.,0.826895550573207));
#7719=DIRECTION('',(0.,-1.,0.));
#7720=DIRECTION('',(0.562355535619801,0.,-0.826895550573207));
#7721=DIRECTION('',(0.,1.,0.));
#7722=DIRECTION('center_axis',(0.,-1.,0.));
#7723=DIRECTION('ref_axis',(1.,0.,0.));
#7724=DIRECTION('center_axis',(0.,-1.,0.));
#7725=DIRECTION('ref_axis',(1.,0.,0.));
#7726=DIRECTION('center_axis',(0.,-1.,0.));
#7727=DIRECTION('ref_axis',(1.,0.,0.));
#7728=DIRECTION('center_axis',(0.,-1.,0.));
#7729=DIRECTION('ref_axis',(1.,0.,0.));
#7730=DIRECTION('center_axis',(0.,1.,0.));
#7731=DIRECTION('ref_axis',(-0.989166395399215,0.,0.146798645133137));
#7732=DIRECTION('center_axis',(0.,1.,0.));
#7733=DIRECTION('ref_axis',(1.,0.,0.));
#7734=DIRECTION('center_axis',(0.,-1.,0.));
#7735=DIRECTION('ref_axis',(1.,0.,0.));
#7736=DIRECTION('center_axis',(0.,1.,0.));
#7737=DIRECTION('ref_axis',(1.,0.,0.));
#7738=DIRECTION('center_axis',(0.,1.,0.));
#7739=DIRECTION('ref_axis',(1.,0.,0.));
#7740=DIRECTION('center_axis',(-0.562355535619805,0.,0.826895550573204));
#7741=DIRECTION('ref_axis',(0.826895550573204,0.,0.562355535619805));
#7742=DIRECTION('',(0.826895550573204,0.,0.562355535619805));
#7743=DIRECTION('',(0.,-1.,0.));
#7744=DIRECTION('',(-0.826895550573204,0.,-0.562355535619805));
#7745=DIRECTION('',(0.,1.,0.));
#7746=DIRECTION('center_axis',(-0.826895550573207,0.,-0.562355535619801));
#7747=DIRECTION('ref_axis',(-0.562355535619801,0.,0.826895550573207));
#7748=DIRECTION('',(-0.562355535619801,0.,0.826895550573207));
#7749=DIRECTION('',(0.,-1.,0.));
#7750=DIRECTION('',(0.562355535619801,0.,-0.826895550573207));
#7751=DIRECTION('',(0.,1.,0.));
#7752=DIRECTION('center_axis',(0.,-1.,0.));
#7753=DIRECTION('ref_axis',(1.,0.,0.));
#7754=DIRECTION('center_axis',(0.,-1.,0.));
#7755=DIRECTION('ref_axis',(1.,0.,0.));
#7756=DIRECTION('center_axis',(0.,-1.,0.));
#7757=DIRECTION('ref_axis',(1.,0.,0.));
#7758=DIRECTION('center_axis',(0.,-1.,0.));
#7759=DIRECTION('ref_axis',(1.,0.,0.));
#7760=DIRECTION('center_axis',(0.,1.,0.));
#7761=DIRECTION('ref_axis',(-0.989166395399215,0.,0.146798645133137));
#7762=DIRECTION('center_axis',(0.,1.,0.));
#7763=DIRECTION('ref_axis',(1.,0.,0.));
#7764=DIRECTION('center_axis',(0.,-1.,0.));
#7765=DIRECTION('ref_axis',(1.,0.,0.));
#7766=DIRECTION('center_axis',(0.,1.,0.));
#7767=DIRECTION('ref_axis',(1.,0.,0.));
#7768=DIRECTION('center_axis',(0.,1.,0.));
#7769=DIRECTION('ref_axis',(1.,0.,0.));
#7770=DIRECTION('center_axis',(0.,1.,0.));
#7771=DIRECTION('ref_axis',(1.,0.,0.));
#7772=DIRECTION('center_axis',(0.,1.,0.));
#7773=DIRECTION('ref_axis',(1.,0.,0.));
#7774=DIRECTION('',(0.,-1.,0.));
#7775=DIRECTION('center_axis',(0.,-1.,0.));
#7776=DIRECTION('ref_axis',(1.,0.,0.));
#7777=DIRECTION('center_axis',(0.,-1.,0.));
#7778=DIRECTION('ref_axis',(1.,0.,0.));
#7779=DIRECTION('center_axis',(0.,-1.,0.));
#7780=DIRECTION('ref_axis',(1.,0.,0.));
#7781=DIRECTION('center_axis',(0.,-1.,0.));
#7782=DIRECTION('ref_axis',(1.,0.,0.));
#7783=DIRECTION('center_axis',(0.,1.,0.));
#7784=DIRECTION('ref_axis',(1.,0.,0.));
#7785=DIRECTION('center_axis',(0.,1.,0.));
#7786=DIRECTION('ref_axis',(1.,0.,0.));
#7787=DIRECTION('center_axis',(0.,-1.,0.));
#7788=DIRECTION('ref_axis',(1.,0.,0.));
#7789=DIRECTION('',(0.,-1.,0.));
#7790=DIRECTION('center_axis',(0.,1.,0.));
#7791=DIRECTION('ref_axis',(1.,0.,0.));
#7792=DIRECTION('center_axis',(0.,1.,0.));
#7793=DIRECTION('ref_axis',(1.,0.,0.));
#7794=DIRECTION('',(0.,-1.,0.));
#7795=DIRECTION('center_axis',(0.,-1.,0.));
#7796=DIRECTION('ref_axis',(1.,0.,0.));
#7797=DIRECTION('center_axis',(0.,-1.,0.));
#7798=DIRECTION('ref_axis',(1.,0.,0.));
#7799=DIRECTION('center_axis',(0.,-1.,0.));
#7800=DIRECTION('ref_axis',(1.,0.,0.));
#7801=DIRECTION('center_axis',(0.,1.,0.));
#7802=DIRECTION('ref_axis',(1.,0.,0.));
#7803=DIRECTION('center_axis',(0.,1.,0.));
#7804=DIRECTION('ref_axis',(1.,0.,0.));
#7805=DIRECTION('',(0.,-1.,0.));
#7806=DIRECTION('center_axis',(-0.562355535619805,0.,0.826895550573204));
#7807=DIRECTION('ref_axis',(0.826895550573204,0.,0.562355535619805));
#7808=DIRECTION('',(0.826895550573204,0.,0.562355535619805));
#7809=DIRECTION('',(0.,-1.,0.));
#7810=DIRECTION('',(-0.826895550573204,0.,-0.562355535619805));
#7811=DIRECTION('',(0.,1.,0.));
#7812=DIRECTION('center_axis',(-0.826895550573207,0.,-0.562355535619801));
#7813=DIRECTION('ref_axis',(-0.562355535619801,0.,0.826895550573207));
#7814=DIRECTION('',(-0.562355535619801,0.,0.826895550573207));
#7815=DIRECTION('',(0.,-1.,0.));
#7816=DIRECTION('',(0.562355535619801,0.,-0.826895550573207));
#7817=DIRECTION('',(0.,1.,0.));
#7818=DIRECTION('center_axis',(0.,-1.,0.));
#7819=DIRECTION('ref_axis',(1.,0.,0.));
#7820=DIRECTION('center_axis',(0.,-1.,0.));
#7821=DIRECTION('ref_axis',(1.,0.,0.));
#7822=DIRECTION('center_axis',(0.,-1.,0.));
#7823=DIRECTION('ref_axis',(1.,0.,0.));
#7824=DIRECTION('center_axis',(0.,-1.,0.));
#7825=DIRECTION('ref_axis',(1.,0.,0.));
#7826=DIRECTION('center_axis',(0.,1.,0.));
#7827=DIRECTION('ref_axis',(-0.989166395399215,0.,0.146798645133137));
#7828=DIRECTION('center_axis',(0.,1.,0.));
#7829=DIRECTION('ref_axis',(1.,0.,0.));
#7830=DIRECTION('center_axis',(0.,-1.,0.));
#7831=DIRECTION('ref_axis',(1.,0.,0.));
#7832=DIRECTION('center_axis',(0.,1.,0.));
#7833=DIRECTION('ref_axis',(1.,0.,0.));
#7834=DIRECTION('center_axis',(0.,1.,0.));
#7835=DIRECTION('ref_axis',(1.,0.,0.));
#7836=DIRECTION('center_axis',(-0.562355535619805,0.,0.826895550573204));
#7837=DIRECTION('ref_axis',(0.826895550573204,0.,0.562355535619805));
#7838=DIRECTION('',(0.826895550573204,0.,0.562355535619805));
#7839=DIRECTION('',(0.,-1.,0.));
#7840=DIRECTION('',(-0.826895550573204,0.,-0.562355535619805));
#7841=DIRECTION('',(0.,1.,0.));
#7842=DIRECTION('center_axis',(-0.826895550573207,0.,-0.562355535619801));
#7843=DIRECTION('ref_axis',(-0.562355535619801,0.,0.826895550573207));
#7844=DIRECTION('',(-0.562355535619801,0.,0.826895550573207));
#7845=DIRECTION('',(0.,-1.,0.));
#7846=DIRECTION('',(0.562355535619801,0.,-0.826895550573207));
#7847=DIRECTION('',(0.,1.,0.));
#7848=DIRECTION('center_axis',(0.,-1.,0.));
#7849=DIRECTION('ref_axis',(1.,0.,0.));
#7850=DIRECTION('center_axis',(0.,-1.,0.));
#7851=DIRECTION('ref_axis',(1.,0.,0.));
#7852=DIRECTION('center_axis',(0.,-1.,0.));
#7853=DIRECTION('ref_axis',(1.,0.,0.));
#7854=DIRECTION('center_axis',(0.,-1.,0.));
#7855=DIRECTION('ref_axis',(1.,0.,0.));
#7856=DIRECTION('center_axis',(0.,1.,0.));
#7857=DIRECTION('ref_axis',(-0.989166395399215,0.,0.146798645133137));
#7858=DIRECTION('center_axis',(0.,1.,0.));
#7859=DIRECTION('ref_axis',(1.,0.,0.));
#7860=DIRECTION('center_axis',(0.,-1.,0.));
#7861=DIRECTION('ref_axis',(1.,0.,0.));
#7862=DIRECTION('center_axis',(0.,1.,0.));
#7863=DIRECTION('ref_axis',(1.,0.,0.));
#7864=DIRECTION('center_axis',(0.,1.,0.));
#7865=DIRECTION('ref_axis',(1.,0.,0.));
#7866=DIRECTION('center_axis',(-0.562355535619805,0.,0.826895550573204));
#7867=DIRECTION('ref_axis',(0.826895550573204,0.,0.562355535619805));
#7868=DIRECTION('',(0.826895550573204,0.,0.562355535619805));
#7869=DIRECTION('',(0.,-1.,0.));
#7870=DIRECTION('',(-0.826895550573204,0.,-0.562355535619805));
#7871=DIRECTION('',(0.,1.,0.));
#7872=DIRECTION('center_axis',(-0.826895550573207,0.,-0.562355535619801));
#7873=DIRECTION('ref_axis',(-0.562355535619801,0.,0.826895550573207));
#7874=DIRECTION('',(-0.562355535619801,0.,0.826895550573207));
#7875=DIRECTION('',(0.,-1.,0.));
#7876=DIRECTION('',(0.562355535619801,0.,-0.826895550573207));
#7877=DIRECTION('',(0.,1.,0.));
#7878=DIRECTION('center_axis',(0.,-1.,0.));
#7879=DIRECTION('ref_axis',(1.,0.,0.));
#7880=DIRECTION('center_axis',(0.,-1.,0.));
#7881=DIRECTION('ref_axis',(1.,0.,0.));
#7882=DIRECTION('center_axis',(0.,-1.,0.));
#7883=DIRECTION('ref_axis',(1.,0.,0.));
#7884=DIRECTION('center_axis',(0.,-1.,0.));
#7885=DIRECTION('ref_axis',(1.,0.,0.));
#7886=DIRECTION('center_axis',(0.,1.,0.));
#7887=DIRECTION('ref_axis',(-0.989166395399215,0.,0.146798645133137));
#7888=DIRECTION('center_axis',(0.,1.,0.));
#7889=DIRECTION('ref_axis',(1.,0.,0.));
#7890=DIRECTION('center_axis',(0.,-1.,0.));
#7891=DIRECTION('ref_axis',(1.,0.,0.));
#7892=DIRECTION('center_axis',(0.,1.,0.));
#7893=DIRECTION('ref_axis',(1.,0.,0.));
#7894=DIRECTION('center_axis',(0.,1.,0.));
#7895=DIRECTION('ref_axis',(1.,0.,0.));
#7896=DIRECTION('center_axis',(-0.562355535619805,0.,0.826895550573204));
#7897=DIRECTION('ref_axis',(0.826895550573204,0.,0.562355535619805));
#7898=DIRECTION('',(0.826895550573204,0.,0.562355535619805));
#7899=DIRECTION('',(0.,-1.,0.));
#7900=DIRECTION('',(-0.826895550573204,0.,-0.562355535619805));
#7901=DIRECTION('',(0.,1.,0.));
#7902=DIRECTION('center_axis',(-0.826895550573207,0.,-0.562355535619801));
#7903=DIRECTION('ref_axis',(-0.562355535619801,0.,0.826895550573207));
#7904=DIRECTION('',(-0.562355535619801,0.,0.826895550573207));
#7905=DIRECTION('',(0.,-1.,0.));
#7906=DIRECTION('',(0.562355535619801,0.,-0.826895550573207));
#7907=DIRECTION('',(0.,1.,0.));
#7908=DIRECTION('center_axis',(0.,-1.,0.));
#7909=DIRECTION('ref_axis',(1.,0.,0.));
#7910=DIRECTION('center_axis',(0.,-1.,0.));
#7911=DIRECTION('ref_axis',(1.,0.,0.));
#7912=DIRECTION('center_axis',(0.,-1.,0.));
#7913=DIRECTION('ref_axis',(1.,0.,0.));
#7914=DIRECTION('center_axis',(0.,-1.,0.));
#7915=DIRECTION('ref_axis',(1.,0.,0.));
#7916=DIRECTION('center_axis',(0.,1.,0.));
#7917=DIRECTION('ref_axis',(-0.989166395399215,0.,0.146798645133137));
#7918=DIRECTION('center_axis',(0.,1.,0.));
#7919=DIRECTION('ref_axis',(1.,0.,0.));
#7920=DIRECTION('center_axis',(0.,-1.,0.));
#7921=DIRECTION('ref_axis',(1.,0.,0.));
#7922=DIRECTION('center_axis',(0.,1.,0.));
#7923=DIRECTION('ref_axis',(1.,0.,0.));
#7924=DIRECTION('center_axis',(0.,1.,0.));
#7925=DIRECTION('ref_axis',(1.,0.,0.));
#7926=DIRECTION('center_axis',(-0.562355535619805,0.,0.826895550573204));
#7927=DIRECTION('ref_axis',(0.826895550573204,0.,0.562355535619805));
#7928=DIRECTION('',(0.826895550573204,0.,0.562355535619805));
#7929=DIRECTION('',(0.,-1.,0.));
#7930=DIRECTION('',(-0.826895550573204,0.,-0.562355535619805));
#7931=DIRECTION('',(0.,1.,0.));
#7932=DIRECTION('center_axis',(-0.826895550573207,0.,-0.562355535619801));
#7933=DIRECTION('ref_axis',(-0.562355535619801,0.,0.826895550573207));
#7934=DIRECTION('',(-0.562355535619801,0.,0.826895550573207));
#7935=DIRECTION('',(0.,-1.,0.));
#7936=DIRECTION('',(0.562355535619801,0.,-0.826895550573207));
#7937=DIRECTION('',(0.,1.,0.));
#7938=DIRECTION('center_axis',(0.,-1.,0.));
#7939=DIRECTION('ref_axis',(1.,0.,0.));
#7940=DIRECTION('center_axis',(0.,-1.,0.));
#7941=DIRECTION('ref_axis',(1.,0.,0.));
#7942=DIRECTION('center_axis',(0.,-1.,0.));
#7943=DIRECTION('ref_axis',(1.,0.,0.));
#7944=DIRECTION('center_axis',(0.,-1.,0.));
#7945=DIRECTION('ref_axis',(1.,0.,0.));
#7946=DIRECTION('center_axis',(0.,1.,0.));
#7947=DIRECTION('ref_axis',(-0.989166395399215,0.,0.146798645133137));
#7948=DIRECTION('center_axis',(0.,1.,0.));
#7949=DIRECTION('ref_axis',(1.,0.,0.));
#7950=DIRECTION('center_axis',(0.,-1.,0.));
#7951=DIRECTION('ref_axis',(1.,0.,0.));
#7952=DIRECTION('center_axis',(0.,1.,0.));
#7953=DIRECTION('ref_axis',(1.,0.,0.));
#7954=DIRECTION('center_axis',(0.,1.,0.));
#7955=DIRECTION('ref_axis',(1.,0.,0.));
#7956=DIRECTION('center_axis',(-0.562355535619805,0.,0.826895550573204));
#7957=DIRECTION('ref_axis',(0.826895550573204,0.,0.562355535619805));
#7958=DIRECTION('',(0.826895550573204,0.,0.562355535619805));
#7959=DIRECTION('',(0.,-1.,0.));
#7960=DIRECTION('',(-0.826895550573204,0.,-0.562355535619805));
#7961=DIRECTION('',(0.,1.,0.));
#7962=DIRECTION('center_axis',(-0.826895550573207,0.,-0.562355535619801));
#7963=DIRECTION('ref_axis',(-0.562355535619801,0.,0.826895550573207));
#7964=DIRECTION('',(-0.562355535619801,0.,0.826895550573207));
#7965=DIRECTION('',(0.,-1.,0.));
#7966=DIRECTION('',(0.562355535619801,0.,-0.826895550573207));
#7967=DIRECTION('',(0.,1.,0.));
#7968=DIRECTION('center_axis',(0.,-1.,0.));
#7969=DIRECTION('ref_axis',(1.,0.,0.));
#7970=DIRECTION('center_axis',(0.,-1.,0.));
#7971=DIRECTION('ref_axis',(1.,0.,0.));
#7972=DIRECTION('center_axis',(0.,-1.,0.));
#7973=DIRECTION('ref_axis',(1.,0.,0.));
#7974=DIRECTION('center_axis',(0.,-1.,0.));
#7975=DIRECTION('ref_axis',(1.,0.,0.));
#7976=DIRECTION('center_axis',(0.,1.,0.));
#7977=DIRECTION('ref_axis',(-0.989166395399215,0.,0.146798645133137));
#7978=DIRECTION('center_axis',(0.,1.,0.));
#7979=DIRECTION('ref_axis',(1.,0.,0.));
#7980=DIRECTION('center_axis',(0.,-1.,0.));
#7981=DIRECTION('ref_axis',(1.,0.,0.));
#7982=DIRECTION('center_axis',(0.,1.,0.));
#7983=DIRECTION('ref_axis',(1.,0.,0.));
#7984=DIRECTION('center_axis',(0.,1.,0.));
#7985=DIRECTION('ref_axis',(1.,0.,0.));
#7986=DIRECTION('center_axis',(-0.562355535619805,0.,0.826895550573204));
#7987=DIRECTION('ref_axis',(0.826895550573204,0.,0.562355535619805));
#7988=DIRECTION('',(0.826895550573204,0.,0.562355535619805));
#7989=DIRECTION('',(0.,-1.,0.));
#7990=DIRECTION('',(-0.826895550573204,0.,-0.562355535619805));
#7991=DIRECTION('',(0.,1.,0.));
#7992=DIRECTION('center_axis',(-0.826895550573207,0.,-0.562355535619801));
#7993=DIRECTION('ref_axis',(-0.562355535619801,0.,0.826895550573207));
#7994=DIRECTION('',(-0.562355535619801,0.,0.826895550573207));
#7995=DIRECTION('',(0.,-1.,0.));
#7996=DIRECTION('',(0.562355535619801,0.,-0.826895550573207));
#7997=DIRECTION('',(0.,1.,0.));
#7998=DIRECTION('center_axis',(0.,-1.,0.));
#7999=DIRECTION('ref_axis',(1.,0.,0.));
#8000=DIRECTION('center_axis',(0.,-1.,0.));
#8001=DIRECTION('ref_axis',(1.,0.,0.));
#8002=DIRECTION('center_axis',(0.,-1.,0.));
#8003=DIRECTION('ref_axis',(1.,0.,0.));
#8004=DIRECTION('center_axis',(0.,-1.,0.));
#8005=DIRECTION('ref_axis',(1.,0.,0.));
#8006=DIRECTION('center_axis',(0.,1.,0.));
#8007=DIRECTION('ref_axis',(-0.989166395399215,0.,0.146798645133137));
#8008=DIRECTION('center_axis',(0.,1.,0.));
#8009=DIRECTION('ref_axis',(1.,0.,0.));
#8010=DIRECTION('center_axis',(0.,-1.,0.));
#8011=DIRECTION('ref_axis',(1.,0.,0.));
#8012=DIRECTION('center_axis',(0.,1.,0.));
#8013=DIRECTION('ref_axis',(1.,0.,0.));
#8014=DIRECTION('center_axis',(0.,1.,0.));
#8015=DIRECTION('ref_axis',(1.,0.,0.));
#8016=DIRECTION('center_axis',(-0.562355535619805,0.,0.826895550573204));
#8017=DIRECTION('ref_axis',(0.826895550573204,0.,0.562355535619805));
#8018=DIRECTION('',(0.826895550573204,0.,0.562355535619805));
#8019=DIRECTION('',(0.,-1.,0.));
#8020=DIRECTION('',(-0.826895550573204,0.,-0.562355535619805));
#8021=DIRECTION('',(0.,1.,0.));
#8022=DIRECTION('center_axis',(-0.826895550573207,0.,-0.562355535619801));
#8023=DIRECTION('ref_axis',(-0.562355535619801,0.,0.826895550573207));
#8024=DIRECTION('',(-0.562355535619801,0.,0.826895550573207));
#8025=DIRECTION('',(0.,-1.,0.));
#8026=DIRECTION('',(0.562355535619801,0.,-0.826895550573207));
#8027=DIRECTION('',(0.,1.,0.));
#8028=DIRECTION('center_axis',(0.,-1.,0.));
#8029=DIRECTION('ref_axis',(1.,0.,0.));
#8030=DIRECTION('center_axis',(0.,-1.,0.));
#8031=DIRECTION('ref_axis',(1.,0.,0.));
#8032=DIRECTION('center_axis',(0.,-1.,0.));
#8033=DIRECTION('ref_axis',(1.,0.,0.));
#8034=DIRECTION('center_axis',(0.,-1.,0.));
#8035=DIRECTION('ref_axis',(1.,0.,0.));
#8036=DIRECTION('center_axis',(0.,1.,0.));
#8037=DIRECTION('ref_axis',(-0.989166395399215,0.,0.146798645133137));
#8038=DIRECTION('center_axis',(0.,1.,0.));
#8039=DIRECTION('ref_axis',(1.,0.,0.));
#8040=DIRECTION('center_axis',(0.,-1.,0.));
#8041=DIRECTION('ref_axis',(1.,0.,0.));
#8042=DIRECTION('center_axis',(0.,1.,0.));
#8043=DIRECTION('ref_axis',(1.,0.,0.));
#8044=DIRECTION('center_axis',(0.,1.,0.));
#8045=DIRECTION('ref_axis',(1.,0.,0.));
#8046=DIRECTION('center_axis',(-0.562355535619805,0.,0.826895550573204));
#8047=DIRECTION('ref_axis',(0.826895550573204,0.,0.562355535619805));
#8048=DIRECTION('',(0.826895550573204,0.,0.562355535619805));
#8049=DIRECTION('',(0.,-1.,0.));
#8050=DIRECTION('',(-0.826895550573204,0.,-0.562355535619805));
#8051=DIRECTION('',(0.,1.,0.));
#8052=DIRECTION('center_axis',(-0.826895550573207,0.,-0.562355535619801));
#8053=DIRECTION('ref_axis',(-0.562355535619801,0.,0.826895550573207));
#8054=DIRECTION('',(-0.562355535619801,0.,0.826895550573207));
#8055=DIRECTION('',(0.,-1.,0.));
#8056=DIRECTION('',(0.562355535619801,0.,-0.826895550573207));
#8057=DIRECTION('',(0.,1.,0.));
#8058=DIRECTION('center_axis',(0.,-1.,0.));
#8059=DIRECTION('ref_axis',(1.,0.,0.));
#8060=DIRECTION('center_axis',(0.,-1.,0.));
#8061=DIRECTION('ref_axis',(1.,0.,0.));
#8062=DIRECTION('center_axis',(0.,-1.,0.));
#8063=DIRECTION('ref_axis',(1.,0.,0.));
#8064=DIRECTION('center_axis',(0.,-1.,0.));
#8065=DIRECTION('ref_axis',(1.,0.,0.));
#8066=DIRECTION('center_axis',(0.,1.,0.));
#8067=DIRECTION('ref_axis',(-0.989166395399215,0.,0.146798645133137));
#8068=DIRECTION('center_axis',(0.,1.,0.));
#8069=DIRECTION('ref_axis',(1.,0.,0.));
#8070=DIRECTION('center_axis',(0.,-1.,0.));
#8071=DIRECTION('ref_axis',(1.,0.,0.));
#8072=DIRECTION('center_axis',(0.,1.,0.));
#8073=DIRECTION('ref_axis',(1.,0.,0.));
#8074=DIRECTION('center_axis',(0.,1.,0.));
#8075=DIRECTION('ref_axis',(1.,0.,0.));
#8076=DIRECTION('center_axis',(-0.562355535619805,0.,0.826895550573204));
#8077=DIRECTION('ref_axis',(0.826895550573204,0.,0.562355535619805));
#8078=DIRECTION('',(0.826895550573204,0.,0.562355535619805));
#8079=DIRECTION('',(0.,-1.,0.));
#8080=DIRECTION('',(-0.826895550573204,0.,-0.562355535619805));
#8081=DIRECTION('',(0.,1.,0.));
#8082=DIRECTION('center_axis',(-0.826895550573207,0.,-0.562355535619801));
#8083=DIRECTION('ref_axis',(-0.562355535619801,0.,0.826895550573207));
#8084=DIRECTION('',(-0.562355535619801,0.,0.826895550573207));
#8085=DIRECTION('',(0.,-1.,0.));
#8086=DIRECTION('',(0.562355535619801,0.,-0.826895550573207));
#8087=DIRECTION('',(0.,1.,0.));
#8088=DIRECTION('center_axis',(0.,-1.,0.));
#8089=DIRECTION('ref_axis',(1.,0.,0.));
#8090=DIRECTION('center_axis',(0.,-1.,0.));
#8091=DIRECTION('ref_axis',(1.,0.,0.));
#8092=DIRECTION('center_axis',(0.,-1.,0.));
#8093=DIRECTION('ref_axis',(1.,0.,0.));
#8094=DIRECTION('center_axis',(0.,-1.,0.));
#8095=DIRECTION('ref_axis',(1.,0.,0.));
#8096=DIRECTION('center_axis',(0.,1.,0.));
#8097=DIRECTION('ref_axis',(-0.989166395399215,0.,0.146798645133137));
#8098=DIRECTION('center_axis',(0.,1.,0.));
#8099=DIRECTION('ref_axis',(1.,0.,0.));
#8100=DIRECTION('center_axis',(0.,-1.,0.));
#8101=DIRECTION('ref_axis',(1.,0.,0.));
#8102=DIRECTION('center_axis',(0.,1.,0.));
#8103=DIRECTION('ref_axis',(1.,0.,0.));
#8104=DIRECTION('center_axis',(0.,1.,0.));
#8105=DIRECTION('ref_axis',(1.,0.,0.));
#8106=DIRECTION('center_axis',(-0.562355535619805,0.,0.826895550573204));
#8107=DIRECTION('ref_axis',(0.826895550573204,0.,0.562355535619805));
#8108=DIRECTION('',(0.826895550573204,0.,0.562355535619805));
#8109=DIRECTION('',(0.,-1.,0.));
#8110=DIRECTION('',(-0.826895550573204,0.,-0.562355535619805));
#8111=DIRECTION('',(0.,1.,0.));
#8112=DIRECTION('center_axis',(-0.826895550573207,0.,-0.562355535619801));
#8113=DIRECTION('ref_axis',(-0.562355535619801,0.,0.826895550573207));
#8114=DIRECTION('',(-0.562355535619801,0.,0.826895550573207));
#8115=DIRECTION('',(0.,-1.,0.));
#8116=DIRECTION('',(0.562355535619801,0.,-0.826895550573207));
#8117=DIRECTION('',(0.,1.,0.));
#8118=DIRECTION('center_axis',(0.,-1.,0.));
#8119=DIRECTION('ref_axis',(1.,0.,0.));
#8120=DIRECTION('center_axis',(0.,-1.,0.));
#8121=DIRECTION('ref_axis',(1.,0.,0.));
#8122=DIRECTION('center_axis',(0.,-1.,0.));
#8123=DIRECTION('ref_axis',(1.,0.,0.));
#8124=DIRECTION('center_axis',(0.,-1.,0.));
#8125=DIRECTION('ref_axis',(1.,0.,0.));
#8126=DIRECTION('center_axis',(0.,1.,0.));
#8127=DIRECTION('ref_axis',(-0.989166395399215,0.,0.146798645133137));
#8128=DIRECTION('center_axis',(0.,1.,0.));
#8129=DIRECTION('ref_axis',(1.,0.,0.));
#8130=DIRECTION('center_axis',(0.,-1.,0.));
#8131=DIRECTION('ref_axis',(1.,0.,0.));
#8132=DIRECTION('center_axis',(0.,1.,0.));
#8133=DIRECTION('ref_axis',(1.,0.,0.));
#8134=DIRECTION('center_axis',(0.,1.,0.));
#8135=DIRECTION('ref_axis',(1.,0.,0.));
#8136=DIRECTION('center_axis',(-0.562355535619805,0.,0.826895550573204));
#8137=DIRECTION('ref_axis',(0.826895550573204,0.,0.562355535619805));
#8138=DIRECTION('',(0.826895550573204,0.,0.562355535619805));
#8139=DIRECTION('',(0.,-1.,0.));
#8140=DIRECTION('',(-0.826895550573204,0.,-0.562355535619805));
#8141=DIRECTION('',(0.,1.,0.));
#8142=DIRECTION('center_axis',(-0.826895550573207,0.,-0.562355535619801));
#8143=DIRECTION('ref_axis',(-0.562355535619801,0.,0.826895550573207));
#8144=DIRECTION('',(-0.562355535619801,0.,0.826895550573207));
#8145=DIRECTION('',(0.,-1.,0.));
#8146=DIRECTION('',(0.562355535619801,0.,-0.826895550573207));
#8147=DIRECTION('',(0.,1.,0.));
#8148=DIRECTION('center_axis',(0.,-1.,0.));
#8149=DIRECTION('ref_axis',(1.,0.,0.));
#8150=DIRECTION('center_axis',(0.,-1.,0.));
#8151=DIRECTION('ref_axis',(1.,0.,0.));
#8152=DIRECTION('center_axis',(0.,-1.,0.));
#8153=DIRECTION('ref_axis',(1.,0.,0.));
#8154=DIRECTION('center_axis',(0.,-1.,0.));
#8155=DIRECTION('ref_axis',(1.,0.,0.));
#8156=DIRECTION('center_axis',(0.,1.,0.));
#8157=DIRECTION('ref_axis',(-0.989166395399215,0.,0.146798645133137));
#8158=DIRECTION('center_axis',(0.,1.,0.));
#8159=DIRECTION('ref_axis',(1.,0.,0.));
#8160=DIRECTION('center_axis',(0.,-1.,0.));
#8161=DIRECTION('ref_axis',(1.,0.,0.));
#8162=DIRECTION('center_axis',(0.,1.,0.));
#8163=DIRECTION('ref_axis',(1.,0.,0.));
#8164=DIRECTION('center_axis',(0.,1.,0.));
#8165=DIRECTION('ref_axis',(1.,0.,0.));
#8166=DIRECTION('center_axis',(-0.562355535619805,0.,0.826895550573204));
#8167=DIRECTION('ref_axis',(0.826895550573204,0.,0.562355535619805));
#8168=DIRECTION('',(0.826895550573204,0.,0.562355535619805));
#8169=DIRECTION('',(0.,-1.,0.));
#8170=DIRECTION('',(-0.826895550573204,0.,-0.562355535619805));
#8171=DIRECTION('',(0.,1.,0.));
#8172=DIRECTION('center_axis',(-0.826895550573207,0.,-0.562355535619801));
#8173=DIRECTION('ref_axis',(-0.562355535619801,0.,0.826895550573207));
#8174=DIRECTION('',(-0.562355535619801,0.,0.826895550573207));
#8175=DIRECTION('',(0.,-1.,0.));
#8176=DIRECTION('',(0.562355535619801,0.,-0.826895550573207));
#8177=DIRECTION('',(0.,1.,0.));
#8178=DIRECTION('center_axis',(0.,-1.,0.));
#8179=DIRECTION('ref_axis',(1.,0.,0.));
#8180=DIRECTION('center_axis',(0.,-1.,0.));
#8181=DIRECTION('ref_axis',(1.,0.,0.));
#8182=DIRECTION('center_axis',(0.,-1.,0.));
#8183=DIRECTION('ref_axis',(1.,0.,0.));
#8184=DIRECTION('center_axis',(0.,-1.,0.));
#8185=DIRECTION('ref_axis',(1.,0.,0.));
#8186=DIRECTION('center_axis',(0.,1.,0.));
#8187=DIRECTION('ref_axis',(-0.989166395399215,0.,0.146798645133137));
#8188=DIRECTION('center_axis',(0.,1.,0.));
#8189=DIRECTION('ref_axis',(1.,0.,0.));
#8190=DIRECTION('center_axis',(0.,-1.,0.));
#8191=DIRECTION('ref_axis',(1.,0.,0.));
#8192=DIRECTION('center_axis',(0.,1.,0.));
#8193=DIRECTION('ref_axis',(1.,0.,0.));
#8194=DIRECTION('center_axis',(0.,1.,0.));
#8195=DIRECTION('ref_axis',(1.,0.,0.));
#8196=DIRECTION('center_axis',(-0.562355535619805,0.,0.826895550573204));
#8197=DIRECTION('ref_axis',(0.826895550573204,0.,0.562355535619805));
#8198=DIRECTION('',(0.826895550573204,0.,0.562355535619805));
#8199=DIRECTION('',(0.,-1.,0.));
#8200=DIRECTION('',(-0.826895550573204,0.,-0.562355535619805));
#8201=DIRECTION('',(0.,1.,0.));
#8202=DIRECTION('center_axis',(-0.826895550573207,0.,-0.562355535619801));
#8203=DIRECTION('ref_axis',(-0.562355535619801,0.,0.826895550573207));
#8204=DIRECTION('',(-0.562355535619801,0.,0.826895550573207));
#8205=DIRECTION('',(0.,-1.,0.));
#8206=DIRECTION('',(0.562355535619801,0.,-0.826895550573207));
#8207=DIRECTION('',(0.,1.,0.));
#8208=DIRECTION('center_axis',(0.,-1.,0.));
#8209=DIRECTION('ref_axis',(1.,0.,0.));
#8210=DIRECTION('center_axis',(0.,-1.,0.));
#8211=DIRECTION('ref_axis',(1.,0.,0.));
#8212=DIRECTION('center_axis',(0.,-1.,0.));
#8213=DIRECTION('ref_axis',(1.,0.,0.));
#8214=DIRECTION('center_axis',(0.,-1.,0.));
#8215=DIRECTION('ref_axis',(1.,0.,0.));
#8216=DIRECTION('center_axis',(0.,1.,0.));
#8217=DIRECTION('ref_axis',(-0.989166395399215,0.,0.146798645133137));
#8218=DIRECTION('center_axis',(0.,1.,0.));
#8219=DIRECTION('ref_axis',(1.,0.,0.));
#8220=DIRECTION('center_axis',(0.,-1.,0.));
#8221=DIRECTION('ref_axis',(1.,0.,0.));
#8222=DIRECTION('center_axis',(0.,1.,0.));
#8223=DIRECTION('ref_axis',(1.,0.,0.));
#8224=DIRECTION('center_axis',(0.,1.,0.));
#8225=DIRECTION('ref_axis',(1.,0.,0.));
#8226=DIRECTION('center_axis',(-0.562355535619805,0.,0.826895550573204));
#8227=DIRECTION('ref_axis',(0.826895550573204,0.,0.562355535619805));
#8228=DIRECTION('',(0.826895550573204,0.,0.562355535619805));
#8229=DIRECTION('',(0.,-1.,0.));
#8230=DIRECTION('',(-0.826895550573204,0.,-0.562355535619805));
#8231=DIRECTION('',(0.,1.,0.));
#8232=DIRECTION('center_axis',(-0.826895550573207,0.,-0.562355535619801));
#8233=DIRECTION('ref_axis',(-0.562355535619801,0.,0.826895550573207));
#8234=DIRECTION('',(-0.562355535619801,0.,0.826895550573207));
#8235=DIRECTION('',(0.,-1.,0.));
#8236=DIRECTION('',(0.562355535619801,0.,-0.826895550573207));
#8237=DIRECTION('',(0.,1.,0.));
#8238=DIRECTION('center_axis',(0.,-1.,0.));
#8239=DIRECTION('ref_axis',(1.,0.,0.));
#8240=DIRECTION('center_axis',(0.,-1.,0.));
#8241=DIRECTION('ref_axis',(1.,0.,0.));
#8242=DIRECTION('center_axis',(0.,-1.,0.));
#8243=DIRECTION('ref_axis',(1.,0.,0.));
#8244=DIRECTION('center_axis',(0.,-1.,0.));
#8245=DIRECTION('ref_axis',(1.,0.,0.));
#8246=DIRECTION('center_axis',(0.,1.,0.));
#8247=DIRECTION('ref_axis',(-0.989166395399215,0.,0.146798645133137));
#8248=DIRECTION('center_axis',(0.,1.,0.));
#8249=DIRECTION('ref_axis',(1.,0.,0.));
#8250=DIRECTION('center_axis',(0.,-1.,0.));
#8251=DIRECTION('ref_axis',(1.,0.,0.));
#8252=DIRECTION('center_axis',(0.,1.,0.));
#8253=DIRECTION('ref_axis',(1.,0.,0.));
#8254=DIRECTION('center_axis',(0.,1.,0.));
#8255=DIRECTION('ref_axis',(1.,0.,0.));
#8256=DIRECTION('center_axis',(-0.562355535619805,0.,0.826895550573204));
#8257=DIRECTION('ref_axis',(0.826895550573204,0.,0.562355535619805));
#8258=DIRECTION('',(0.826895550573204,0.,0.562355535619805));
#8259=DIRECTION('',(0.,-1.,0.));
#8260=DIRECTION('',(-0.826895550573204,0.,-0.562355535619805));
#8261=DIRECTION('',(0.,1.,0.));
#8262=DIRECTION('center_axis',(-0.826895550573207,0.,-0.562355535619801));
#8263=DIRECTION('ref_axis',(-0.562355535619801,0.,0.826895550573207));
#8264=DIRECTION('',(-0.562355535619801,0.,0.826895550573207));
#8265=DIRECTION('',(0.,-1.,0.));
#8266=DIRECTION('',(0.562355535619801,0.,-0.826895550573207));
#8267=DIRECTION('',(0.,1.,0.));
#8268=DIRECTION('center_axis',(0.,-1.,0.));
#8269=DIRECTION('ref_axis',(1.,0.,0.));
#8270=DIRECTION('center_axis',(0.,-1.,0.));
#8271=DIRECTION('ref_axis',(1.,0.,0.));
#8272=DIRECTION('center_axis',(0.,-1.,0.));
#8273=DIRECTION('ref_axis',(1.,0.,0.));
#8274=DIRECTION('center_axis',(0.,-1.,0.));
#8275=DIRECTION('ref_axis',(1.,0.,0.));
#8276=DIRECTION('center_axis',(0.,1.,0.));
#8277=DIRECTION('ref_axis',(-0.989166395399215,0.,0.146798645133137));
#8278=DIRECTION('center_axis',(0.,1.,0.));
#8279=DIRECTION('ref_axis',(1.,0.,0.));
#8280=DIRECTION('center_axis',(0.,-1.,0.));
#8281=DIRECTION('ref_axis',(1.,0.,0.));
#8282=DIRECTION('center_axis',(0.,1.,0.));
#8283=DIRECTION('ref_axis',(1.,0.,0.));
#8284=DIRECTION('center_axis',(0.,1.,0.));
#8285=DIRECTION('ref_axis',(1.,0.,0.));
#8286=DIRECTION('center_axis',(-0.562355535619805,0.,0.826895550573204));
#8287=DIRECTION('ref_axis',(0.826895550573204,0.,0.562355535619805));
#8288=DIRECTION('',(0.826895550573204,0.,0.562355535619805));
#8289=DIRECTION('',(0.,-1.,0.));
#8290=DIRECTION('',(-0.826895550573204,0.,-0.562355535619805));
#8291=DIRECTION('',(0.,1.,0.));
#8292=DIRECTION('center_axis',(-0.826895550573207,0.,-0.562355535619801));
#8293=DIRECTION('ref_axis',(-0.562355535619801,0.,0.826895550573207));
#8294=DIRECTION('',(-0.562355535619801,0.,0.826895550573207));
#8295=DIRECTION('',(0.,-1.,0.));
#8296=DIRECTION('',(0.562355535619801,0.,-0.826895550573207));
#8297=DIRECTION('',(0.,1.,0.));
#8298=DIRECTION('center_axis',(0.,-1.,0.));
#8299=DIRECTION('ref_axis',(1.,0.,0.));
#8300=DIRECTION('center_axis',(0.,-1.,0.));
#8301=DIRECTION('ref_axis',(1.,0.,0.));
#8302=DIRECTION('center_axis',(0.,-1.,0.));
#8303=DIRECTION('ref_axis',(1.,0.,0.));
#8304=DIRECTION('center_axis',(0.,-1.,0.));
#8305=DIRECTION('ref_axis',(1.,0.,0.));
#8306=DIRECTION('center_axis',(0.,1.,0.));
#8307=DIRECTION('ref_axis',(-0.989166395399215,0.,0.146798645133137));
#8308=DIRECTION('center_axis',(0.,1.,0.));
#8309=DIRECTION('ref_axis',(1.,0.,0.));
#8310=DIRECTION('center_axis',(0.,-1.,0.));
#8311=DIRECTION('ref_axis',(1.,0.,0.));
#8312=DIRECTION('center_axis',(0.,1.,0.));
#8313=DIRECTION('ref_axis',(1.,0.,0.));
#8314=DIRECTION('center_axis',(0.,1.,0.));
#8315=DIRECTION('ref_axis',(1.,0.,0.));
#8316=DIRECTION('center_axis',(-0.562355535619805,0.,0.826895550573204));
#8317=DIRECTION('ref_axis',(0.826895550573204,0.,0.562355535619805));
#8318=DIRECTION('',(0.826895550573204,0.,0.562355535619805));
#8319=DIRECTION('',(0.,-1.,0.));
#8320=DIRECTION('',(-0.826895550573204,0.,-0.562355535619805));
#8321=DIRECTION('',(0.,1.,0.));
#8322=DIRECTION('center_axis',(-0.826895550573207,0.,-0.562355535619801));
#8323=DIRECTION('ref_axis',(-0.562355535619801,0.,0.826895550573207));
#8324=DIRECTION('',(-0.562355535619801,0.,0.826895550573207));
#8325=DIRECTION('',(0.,-1.,0.));
#8326=DIRECTION('',(0.562355535619801,0.,-0.826895550573207));
#8327=DIRECTION('',(0.,1.,0.));
#8328=DIRECTION('center_axis',(0.,-1.,0.));
#8329=DIRECTION('ref_axis',(1.,0.,0.));
#8330=DIRECTION('center_axis',(0.,-1.,0.));
#8331=DIRECTION('ref_axis',(1.,0.,0.));
#8332=DIRECTION('center_axis',(0.,-1.,0.));
#8333=DIRECTION('ref_axis',(1.,0.,0.));
#8334=DIRECTION('center_axis',(0.,-1.,0.));
#8335=DIRECTION('ref_axis',(1.,0.,0.));
#8336=DIRECTION('center_axis',(0.,1.,0.));
#8337=DIRECTION('ref_axis',(-0.989166395399215,0.,0.146798645133137));
#8338=DIRECTION('center_axis',(0.,1.,0.));
#8339=DIRECTION('ref_axis',(1.,0.,0.));
#8340=DIRECTION('center_axis',(0.,-1.,0.));
#8341=DIRECTION('ref_axis',(1.,0.,0.));
#8342=DIRECTION('center_axis',(0.,1.,0.));
#8343=DIRECTION('ref_axis',(1.,0.,0.));
#8344=DIRECTION('center_axis',(0.,1.,0.));
#8345=DIRECTION('ref_axis',(1.,0.,0.));
#8346=DIRECTION('center_axis',(-0.562355535619805,0.,0.826895550573204));
#8347=DIRECTION('ref_axis',(0.826895550573204,0.,0.562355535619805));
#8348=DIRECTION('',(0.826895550573204,0.,0.562355535619805));
#8349=DIRECTION('',(0.,-1.,0.));
#8350=DIRECTION('',(-0.826895550573204,0.,-0.562355535619805));
#8351=DIRECTION('',(0.,1.,0.));
#8352=DIRECTION('center_axis',(-0.826895550573207,0.,-0.562355535619801));
#8353=DIRECTION('ref_axis',(-0.562355535619801,0.,0.826895550573207));
#8354=DIRECTION('',(-0.562355535619801,0.,0.826895550573207));
#8355=DIRECTION('',(0.,-1.,0.));
#8356=DIRECTION('',(0.562355535619801,0.,-0.826895550573207));
#8357=DIRECTION('',(0.,1.,0.));
#8358=DIRECTION('center_axis',(0.,-1.,0.));
#8359=DIRECTION('ref_axis',(1.,0.,0.));
#8360=DIRECTION('center_axis',(0.,-1.,0.));
#8361=DIRECTION('ref_axis',(1.,0.,0.));
#8362=DIRECTION('center_axis',(0.,-1.,0.));
#8363=DIRECTION('ref_axis',(1.,0.,0.));
#8364=DIRECTION('center_axis',(0.,-1.,0.));
#8365=DIRECTION('ref_axis',(1.,0.,0.));
#8366=DIRECTION('center_axis',(0.,1.,0.));
#8367=DIRECTION('ref_axis',(-0.989166395399215,0.,0.146798645133137));
#8368=DIRECTION('center_axis',(0.,1.,0.));
#8369=DIRECTION('ref_axis',(1.,0.,0.));
#8370=DIRECTION('center_axis',(0.,-1.,0.));
#8371=DIRECTION('ref_axis',(1.,0.,0.));
#8372=DIRECTION('center_axis',(0.,1.,0.));
#8373=DIRECTION('ref_axis',(1.,0.,0.));
#8374=DIRECTION('center_axis',(0.,1.,0.));
#8375=DIRECTION('ref_axis',(1.,0.,0.));
#8376=DIRECTION('center_axis',(-0.562355535619805,0.,0.826895550573204));
#8377=DIRECTION('ref_axis',(0.826895550573204,0.,0.562355535619805));
#8378=DIRECTION('',(0.826895550573204,0.,0.562355535619805));
#8379=DIRECTION('',(0.,-1.,0.));
#8380=DIRECTION('',(-0.826895550573204,0.,-0.562355535619805));
#8381=DIRECTION('',(0.,1.,0.));
#8382=DIRECTION('center_axis',(-0.826895550573207,0.,-0.562355535619801));
#8383=DIRECTION('ref_axis',(-0.562355535619801,0.,0.826895550573207));
#8384=DIRECTION('',(-0.562355535619801,0.,0.826895550573207));
#8385=DIRECTION('',(0.,-1.,0.));
#8386=DIRECTION('',(0.562355535619801,0.,-0.826895550573207));
#8387=DIRECTION('',(0.,1.,0.));
#8388=DIRECTION('center_axis',(0.,-1.,0.));
#8389=DIRECTION('ref_axis',(1.,0.,0.));
#8390=DIRECTION('center_axis',(0.,-1.,0.));
#8391=DIRECTION('ref_axis',(1.,0.,0.));
#8392=DIRECTION('center_axis',(0.,-1.,0.));
#8393=DIRECTION('ref_axis',(1.,0.,0.));
#8394=DIRECTION('center_axis',(0.,-1.,0.));
#8395=DIRECTION('ref_axis',(1.,0.,0.));
#8396=DIRECTION('center_axis',(0.,1.,0.));
#8397=DIRECTION('ref_axis',(-0.989166395399215,0.,0.146798645133137));
#8398=DIRECTION('center_axis',(0.,1.,0.));
#8399=DIRECTION('ref_axis',(1.,0.,0.));
#8400=DIRECTION('center_axis',(0.,-1.,0.));
#8401=DIRECTION('ref_axis',(1.,0.,0.));
#8402=DIRECTION('center_axis',(0.,1.,0.));
#8403=DIRECTION('ref_axis',(1.,0.,0.));
#8404=DIRECTION('center_axis',(0.,1.,0.));
#8405=DIRECTION('ref_axis',(1.,0.,0.));
#8406=DIRECTION('center_axis',(-0.562355535619805,0.,0.826895550573204));
#8407=DIRECTION('ref_axis',(0.826895550573204,0.,0.562355535619805));
#8408=DIRECTION('',(0.826895550573204,0.,0.562355535619805));
#8409=DIRECTION('',(0.,-1.,0.));
#8410=DIRECTION('',(-0.826895550573204,0.,-0.562355535619805));
#8411=DIRECTION('',(0.,1.,0.));
#8412=DIRECTION('center_axis',(-0.826895550573207,0.,-0.562355535619801));
#8413=DIRECTION('ref_axis',(-0.562355535619801,0.,0.826895550573207));
#8414=DIRECTION('',(-0.562355535619801,0.,0.826895550573207));
#8415=DIRECTION('',(0.,-1.,0.));
#8416=DIRECTION('',(0.562355535619801,0.,-0.826895550573207));
#8417=DIRECTION('',(0.,1.,0.));
#8418=DIRECTION('center_axis',(0.,-1.,0.));
#8419=DIRECTION('ref_axis',(1.,0.,0.));
#8420=DIRECTION('center_axis',(0.,-1.,0.));
#8421=DIRECTION('ref_axis',(1.,0.,0.));
#8422=DIRECTION('center_axis',(0.,-1.,0.));
#8423=DIRECTION('ref_axis',(1.,0.,0.));
#8424=DIRECTION('center_axis',(0.,-1.,0.));
#8425=DIRECTION('ref_axis',(1.,0.,0.));
#8426=DIRECTION('center_axis',(0.,1.,0.));
#8427=DIRECTION('ref_axis',(-0.989166395399215,0.,0.146798645133137));
#8428=DIRECTION('center_axis',(0.,1.,0.));
#8429=DIRECTION('ref_axis',(1.,0.,0.));
#8430=DIRECTION('center_axis',(0.,-1.,0.));
#8431=DIRECTION('ref_axis',(1.,0.,0.));
#8432=DIRECTION('center_axis',(0.,1.,0.));
#8433=DIRECTION('ref_axis',(1.,0.,0.));
#8434=DIRECTION('center_axis',(0.,1.,0.));
#8435=DIRECTION('ref_axis',(1.,0.,0.));
#8436=DIRECTION('center_axis',(-0.562355535619805,0.,0.826895550573204));
#8437=DIRECTION('ref_axis',(0.826895550573204,0.,0.562355535619805));
#8438=DIRECTION('',(0.826895550573204,0.,0.562355535619805));
#8439=DIRECTION('',(0.,-1.,0.));
#8440=DIRECTION('',(-0.826895550573204,0.,-0.562355535619805));
#8441=DIRECTION('',(0.,1.,0.));
#8442=DIRECTION('center_axis',(-0.826895550573207,0.,-0.562355535619801));
#8443=DIRECTION('ref_axis',(-0.562355535619801,0.,0.826895550573207));
#8444=DIRECTION('',(-0.562355535619801,0.,0.826895550573207));
#8445=DIRECTION('',(0.,-1.,0.));
#8446=DIRECTION('',(0.562355535619801,0.,-0.826895550573207));
#8447=DIRECTION('',(0.,1.,0.));
#8448=DIRECTION('center_axis',(0.,-1.,0.));
#8449=DIRECTION('ref_axis',(1.,0.,0.));
#8450=DIRECTION('center_axis',(0.,-1.,0.));
#8451=DIRECTION('ref_axis',(1.,0.,0.));
#8452=DIRECTION('center_axis',(0.,-1.,0.));
#8453=DIRECTION('ref_axis',(1.,0.,0.));
#8454=DIRECTION('center_axis',(0.,-1.,0.));
#8455=DIRECTION('ref_axis',(1.,0.,0.));
#8456=DIRECTION('center_axis',(0.,1.,0.));
#8457=DIRECTION('ref_axis',(-0.989166395399215,0.,0.146798645133137));
#8458=DIRECTION('center_axis',(0.,1.,0.));
#8459=DIRECTION('ref_axis',(1.,0.,0.));
#8460=DIRECTION('center_axis',(0.,-1.,0.));
#8461=DIRECTION('ref_axis',(1.,0.,0.));
#8462=DIRECTION('center_axis',(0.,1.,0.));
#8463=DIRECTION('ref_axis',(1.,0.,0.));
#8464=DIRECTION('center_axis',(0.,1.,0.));
#8465=DIRECTION('ref_axis',(1.,0.,0.));
#8466=DIRECTION('center_axis',(-0.562355535619805,0.,0.826895550573204));
#8467=DIRECTION('ref_axis',(0.826895550573204,0.,0.562355535619805));
#8468=DIRECTION('',(0.826895550573204,0.,0.562355535619805));
#8469=DIRECTION('',(0.,-1.,0.));
#8470=DIRECTION('',(-0.826895550573204,0.,-0.562355535619805));
#8471=DIRECTION('',(0.,1.,0.));
#8472=DIRECTION('center_axis',(-0.826895550573207,0.,-0.562355535619801));
#8473=DIRECTION('ref_axis',(-0.562355535619801,0.,0.826895550573207));
#8474=DIRECTION('',(-0.562355535619801,0.,0.826895550573207));
#8475=DIRECTION('',(0.,-1.,0.));
#8476=DIRECTION('',(0.562355535619801,0.,-0.826895550573207));
#8477=DIRECTION('',(0.,1.,0.));
#8478=DIRECTION('center_axis',(0.,-1.,0.));
#8479=DIRECTION('ref_axis',(1.,0.,0.));
#8480=DIRECTION('center_axis',(0.,-1.,0.));
#8481=DIRECTION('ref_axis',(1.,0.,0.));
#8482=DIRECTION('center_axis',(0.,-1.,0.));
#8483=DIRECTION('ref_axis',(1.,0.,0.));
#8484=DIRECTION('center_axis',(0.,-1.,0.));
#8485=DIRECTION('ref_axis',(1.,0.,0.));
#8486=DIRECTION('center_axis',(0.,1.,0.));
#8487=DIRECTION('ref_axis',(-0.989166395399215,0.,0.146798645133137));
#8488=DIRECTION('center_axis',(0.,1.,0.));
#8489=DIRECTION('ref_axis',(1.,0.,0.));
#8490=DIRECTION('center_axis',(0.,-1.,0.));
#8491=DIRECTION('ref_axis',(1.,0.,0.));
#8492=DIRECTION('center_axis',(0.,1.,0.));
#8493=DIRECTION('ref_axis',(1.,0.,0.));
#8494=DIRECTION('center_axis',(0.,1.,0.));
#8495=DIRECTION('ref_axis',(1.,0.,0.));
#8496=DIRECTION('center_axis',(-0.562355535619805,0.,0.826895550573204));
#8497=DIRECTION('ref_axis',(0.826895550573204,0.,0.562355535619805));
#8498=DIRECTION('',(0.826895550573204,0.,0.562355535619805));
#8499=DIRECTION('',(0.,-1.,0.));
#8500=DIRECTION('',(-0.826895550573204,0.,-0.562355535619805));
#8501=DIRECTION('',(0.,1.,0.));
#8502=DIRECTION('center_axis',(-0.826895550573207,0.,-0.562355535619801));
#8503=DIRECTION('ref_axis',(-0.562355535619801,0.,0.826895550573207));
#8504=DIRECTION('',(-0.562355535619801,0.,0.826895550573207));
#8505=DIRECTION('',(0.,-1.,0.));
#8506=DIRECTION('',(0.562355535619801,0.,-0.826895550573207));
#8507=DIRECTION('',(0.,1.,0.));
#8508=DIRECTION('center_axis',(0.,-1.,0.));
#8509=DIRECTION('ref_axis',(1.,0.,0.));
#8510=DIRECTION('center_axis',(0.,-1.,0.));
#8511=DIRECTION('ref_axis',(1.,0.,0.));
#8512=DIRECTION('center_axis',(0.,-1.,0.));
#8513=DIRECTION('ref_axis',(1.,0.,0.));
#8514=DIRECTION('center_axis',(0.,-1.,0.));
#8515=DIRECTION('ref_axis',(1.,0.,0.));
#8516=DIRECTION('center_axis',(0.,1.,0.));
#8517=DIRECTION('ref_axis',(-0.989166395399215,0.,0.146798645133137));
#8518=DIRECTION('center_axis',(0.,1.,0.));
#8519=DIRECTION('ref_axis',(1.,0.,0.));
#8520=DIRECTION('center_axis',(0.,-1.,0.));
#8521=DIRECTION('ref_axis',(1.,0.,0.));
#8522=DIRECTION('center_axis',(0.,1.,0.));
#8523=DIRECTION('ref_axis',(1.,0.,0.));
#8524=DIRECTION('center_axis',(0.,1.,0.));
#8525=DIRECTION('ref_axis',(1.,0.,0.));
#8526=DIRECTION('center_axis',(-0.562355535619805,0.,0.826895550573204));
#8527=DIRECTION('ref_axis',(0.826895550573204,0.,0.562355535619805));
#8528=DIRECTION('',(0.826895550573204,0.,0.562355535619805));
#8529=DIRECTION('',(0.,-1.,0.));
#8530=DIRECTION('',(-0.826895550573204,0.,-0.562355535619805));
#8531=DIRECTION('',(0.,1.,0.));
#8532=DIRECTION('center_axis',(-0.826895550573207,0.,-0.562355535619801));
#8533=DIRECTION('ref_axis',(-0.562355535619801,0.,0.826895550573207));
#8534=DIRECTION('',(-0.562355535619801,0.,0.826895550573207));
#8535=DIRECTION('',(0.,-1.,0.));
#8536=DIRECTION('',(0.562355535619801,0.,-0.826895550573207));
#8537=DIRECTION('',(0.,1.,0.));
#8538=DIRECTION('center_axis',(0.,-1.,0.));
#8539=DIRECTION('ref_axis',(1.,0.,0.));
#8540=DIRECTION('center_axis',(0.,-1.,0.));
#8541=DIRECTION('ref_axis',(1.,0.,0.));
#8542=DIRECTION('center_axis',(0.,-1.,0.));
#8543=DIRECTION('ref_axis',(1.,0.,0.));
#8544=DIRECTION('center_axis',(0.,-1.,0.));
#8545=DIRECTION('ref_axis',(1.,0.,0.));
#8546=DIRECTION('center_axis',(0.,1.,0.));
#8547=DIRECTION('ref_axis',(-0.989166395399215,0.,0.146798645133137));
#8548=DIRECTION('center_axis',(0.,1.,0.));
#8549=DIRECTION('ref_axis',(1.,0.,0.));
#8550=DIRECTION('center_axis',(0.,-1.,0.));
#8551=DIRECTION('ref_axis',(1.,0.,0.));
#8552=DIRECTION('center_axis',(0.,1.,0.));
#8553=DIRECTION('ref_axis',(1.,0.,0.));
#8554=DIRECTION('center_axis',(0.,1.,0.));
#8555=DIRECTION('ref_axis',(1.,0.,0.));
#8556=DIRECTION('center_axis',(0.,1.,0.));
#8557=DIRECTION('ref_axis',(1.,0.,0.));
#8558=DIRECTION('center_axis',(0.,1.,0.));
#8559=DIRECTION('ref_axis',(1.,0.,0.));
#8560=DIRECTION('',(0.,-1.,0.));
#8561=DIRECTION('center_axis',(0.,-1.,0.));
#8562=DIRECTION('ref_axis',(1.,0.,0.));
#8563=DIRECTION('center_axis',(0.,-1.,0.));
#8564=DIRECTION('ref_axis',(1.,0.,0.));
#8565=DIRECTION('center_axis',(0.,-1.,0.));
#8566=DIRECTION('ref_axis',(1.,0.,0.));
#8567=DIRECTION('center_axis',(0.,1.,0.));
#8568=DIRECTION('ref_axis',(1.,0.,0.));
#8569=DIRECTION('center_axis',(0.,1.,0.));
#8570=DIRECTION('ref_axis',(1.,0.,0.));
#8571=DIRECTION('center_axis',(0.,-1.,0.));
#8572=DIRECTION('ref_axis',(1.,0.,0.));
#8573=DIRECTION('',(0.,-1.,0.));
#8574=DIRECTION('center_axis',(0.,1.,0.));
#8575=DIRECTION('ref_axis',(1.,0.,0.));
#8576=DIRECTION('center_axis',(0.,1.,0.));
#8577=DIRECTION('ref_axis',(1.,0.,0.));
#8578=DIRECTION('',(0.,-1.,0.));
#8579=DIRECTION('center_axis',(0.,-1.,0.));
#8580=DIRECTION('ref_axis',(1.,0.,0.));
#8581=DIRECTION('center_axis',(0.,-1.,0.));
#8582=DIRECTION('ref_axis',(1.,0.,0.));
#8583=DIRECTION('center_axis',(0.,-1.,0.));
#8584=DIRECTION('ref_axis',(1.,0.,0.));
#8585=DIRECTION('center_axis',(0.,1.,0.));
#8586=DIRECTION('ref_axis',(1.,0.,0.));
#8587=DIRECTION('center_axis',(0.,1.,0.));
#8588=DIRECTION('ref_axis',(1.,0.,0.));
#8589=DIRECTION('center_axis',(0.,-1.,0.));
#8590=DIRECTION('ref_axis',(1.,0.,0.));
#8591=DIRECTION('',(0.,-1.,0.));
#8592=DIRECTION('center_axis',(0.,1.,0.));
#8593=DIRECTION('ref_axis',(1.,0.,0.));
#8594=DIRECTION('center_axis',(0.,1.,0.));
#8595=DIRECTION('ref_axis',(1.,0.,0.));
#8596=DIRECTION('',(0.,-1.,0.));
#8597=DIRECTION('center_axis',(0.,-1.,0.));
#8598=DIRECTION('ref_axis',(1.,0.,0.));
#8599=DIRECTION('center_axis',(0.,-1.,0.));
#8600=DIRECTION('ref_axis',(1.,0.,0.));
#8601=DIRECTION('center_axis',(0.,-1.,0.));
#8602=DIRECTION('ref_axis',(1.,0.,0.));
#8603=DIRECTION('center_axis',(0.,1.,0.));
#8604=DIRECTION('ref_axis',(1.,0.,0.));
#8605=DIRECTION('center_axis',(0.,1.,0.));
#8606=DIRECTION('ref_axis',(1.,0.,0.));
#8607=DIRECTION('center_axis',(0.,1.,0.));
#8608=DIRECTION('ref_axis',(1.,0.,0.));
#8609=DIRECTION('',(0.,-1.,0.));
#8610=DIRECTION('center_axis',(0.,-1.,0.));
#8611=DIRECTION('ref_axis',(1.,0.,0.));
#8612=DIRECTION('center_axis',(0.,1.,0.));
#8613=DIRECTION('ref_axis',(1.,0.,0.));
#8614=DIRECTION('center_axis',(0.,1.,0.));
#8615=DIRECTION('ref_axis',(1.,0.,0.));
#8616=DIRECTION('center_axis',(0.,1.,0.));
#8617=DIRECTION('ref_axis',(1.,0.,0.));
#8618=DIRECTION('',(0.,-1.,0.));
#8619=DIRECTION('center_axis',(0.,-1.,0.));
#8620=DIRECTION('ref_axis',(1.,0.,0.));
#8621=DIRECTION('center_axis',(0.,-1.,0.));
#8622=DIRECTION('ref_axis',(1.,0.,0.));
#8623=DIRECTION('center_axis',(0.,-1.,0.));
#8624=DIRECTION('ref_axis',(1.,0.,0.));
#8625=DIRECTION('center_axis',(0.,-1.,0.));
#8626=DIRECTION('ref_axis',(1.,0.,0.));
#8627=DIRECTION('center_axis',(0.,1.,0.));
#8628=DIRECTION('ref_axis',(1.,0.,0.));
#8629=DIRECTION('center_axis',(0.,1.,0.));
#8630=DIRECTION('ref_axis',(1.,0.,0.));
#8631=DIRECTION('center_axis',(0.,-1.,0.));
#8632=DIRECTION('ref_axis',(1.,0.,0.));
#8633=DIRECTION('',(0.,-1.,0.));
#8634=DIRECTION('center_axis',(0.,1.,0.));
#8635=DIRECTION('ref_axis',(1.,0.,0.));
#8636=DIRECTION('center_axis',(0.,1.,0.));
#8637=DIRECTION('ref_axis',(1.,0.,0.));
#8638=DIRECTION('',(0.,-1.,0.));
#8639=DIRECTION('center_axis',(0.,-1.,0.));
#8640=DIRECTION('ref_axis',(1.,0.,0.));
#8641=DIRECTION('center_axis',(0.,-1.,0.));
#8642=DIRECTION('ref_axis',(1.,0.,0.));
#8643=DIRECTION('center_axis',(0.,-1.,0.));
#8644=DIRECTION('ref_axis',(1.,0.,0.));
#8645=DIRECTION('center_axis',(0.,-1.,0.));
#8646=DIRECTION('ref_axis',(1.,0.,0.));
#8647=DIRECTION('center_axis',(0.,1.,0.));
#8648=DIRECTION('ref_axis',(1.,0.,0.));
#8649=DIRECTION('center_axis',(0.,1.,0.));
#8650=DIRECTION('ref_axis',(1.,0.,0.));
#8651=DIRECTION('',(0.,-1.,0.));
#8652=DIRECTION('center_axis',(0.,1.,0.));
#8653=DIRECTION('ref_axis',(1.,0.,0.));
#8654=DIRECTION('center_axis',(0.,1.,0.));
#8655=DIRECTION('ref_axis',(1.,0.,0.));
#8656=DIRECTION('',(0.,-1.,0.));
#8657=DIRECTION('center_axis',(0.,-1.,0.));
#8658=DIRECTION('ref_axis',(1.,0.,0.));
#8659=DIRECTION('center_axis',(0.,-1.,0.));
#8660=DIRECTION('ref_axis',(1.,0.,0.));
#8661=DIRECTION('center_axis',(0.,-1.,0.));
#8662=DIRECTION('ref_axis',(1.,0.,0.));
#8663=DIRECTION('center_axis',(0.,-1.,0.));
#8664=DIRECTION('ref_axis',(1.,0.,0.));
#8665=DIRECTION('center_axis',(0.,1.,0.));
#8666=DIRECTION('ref_axis',(1.,0.,0.));
#8667=DIRECTION('center_axis',(0.,1.,0.));
#8668=DIRECTION('ref_axis',(1.,0.,0.));
#8669=DIRECTION('center_axis',(0.,-1.,0.));
#8670=DIRECTION('ref_axis',(1.,0.,0.));
#8671=DIRECTION('',(0.,-1.,0.));
#8672=DIRECTION('center_axis',(0.,1.,0.));
#8673=DIRECTION('ref_axis',(1.,0.,0.));
#8674=DIRECTION('center_axis',(0.,1.,0.));
#8675=DIRECTION('ref_axis',(1.,0.,0.));
#8676=DIRECTION('',(0.,-1.,0.));
#8677=DIRECTION('center_axis',(0.,-1.,0.));
#8678=DIRECTION('ref_axis',(1.,0.,0.));
#8679=DIRECTION('center_axis',(0.,-1.,0.));
#8680=DIRECTION('ref_axis',(1.,0.,0.));
#8681=DIRECTION('center_axis',(0.,-1.,0.));
#8682=DIRECTION('ref_axis',(1.,0.,0.));
#8683=DIRECTION('center_axis',(0.,-1.,0.));
#8684=DIRECTION('ref_axis',(1.,0.,0.));
#8685=DIRECTION('center_axis',(0.,1.,0.));
#8686=DIRECTION('ref_axis',(1.,0.,0.));
#8687=DIRECTION('center_axis',(0.,1.,0.));
#8688=DIRECTION('ref_axis',(1.,0.,0.));
#8689=DIRECTION('',(0.,-1.,0.));
#8690=DIRECTION('',(0.,-1.,0.));
#8691=DIRECTION('',(0.,-1.,0.));
#8692=DIRECTION('',(0.,-1.,0.));
#8693=DIRECTION('',(0.,-1.,0.));
#8694=DIRECTION('',(0.,-1.,0.));
#8695=DIRECTION('',(0.,-1.,0.));
#8696=DIRECTION('',(0.,-1.,0.));
#8697=DIRECTION('',(0.,-1.,0.));
#8698=DIRECTION('',(0.,-1.,0.));
#8699=DIRECTION('',(0.,-1.,0.));
#8700=DIRECTION('',(0.,-1.,0.));
#8701=DIRECTION('',(0.,-1.,0.));
#8702=DIRECTION('',(0.,-1.,0.));
#8703=DIRECTION('center_axis',(0.,1.,0.));
#8704=DIRECTION('ref_axis',(1.,0.,0.));
#8705=DIRECTION('',(0.,-1.,0.));
#8706=DIRECTION('center_axis',(0.,-1.,0.));
#8707=DIRECTION('ref_axis',(1.,0.,0.));
#8708=DIRECTION('',(0.,-1.,0.));
#8709=DIRECTION('center_axis',(0.,1.,0.));
#8710=DIRECTION('ref_axis',(1.,0.,0.));
#8711=DIRECTION('',(0.,-1.,0.));
#8712=DIRECTION('center_axis',(0.,-1.,0.));
#8713=DIRECTION('ref_axis',(1.,0.,0.));
#8714=DIRECTION('',(0.,-1.,0.));
#8715=DIRECTION('center_axis',(0.,1.,0.));
#8716=DIRECTION('ref_axis',(1.,0.,0.));
#8717=DIRECTION('',(0.,-1.,0.));
#8718=DIRECTION('center_axis',(0.,-1.,0.));
#8719=DIRECTION('ref_axis',(1.,0.,0.));
#8720=DIRECTION('',(0.,-1.,0.));
#8721=DIRECTION('center_axis',(0.,1.,0.));
#8722=DIRECTION('ref_axis',(1.,0.,0.));
#8723=DIRECTION('',(0.,-1.,0.));
#8724=DIRECTION('center_axis',(0.,-1.,0.));
#8725=DIRECTION('ref_axis',(1.,0.,0.));
#8726=DIRECTION('',(0.,-1.,0.));
#8727=DIRECTION('center_axis',(0.,1.,0.));
#8728=DIRECTION('ref_axis',(1.,0.,0.));
#8729=DIRECTION('',(0.,-1.,0.));
#8730=DIRECTION('center_axis',(0.,-1.,0.));
#8731=DIRECTION('ref_axis',(1.,0.,0.));
#8732=DIRECTION('',(0.,-1.,0.));
#8733=DIRECTION('center_axis',(0.,1.,0.));
#8734=DIRECTION('ref_axis',(1.,0.,0.));
#8735=DIRECTION('',(0.,-1.,0.));
#8736=DIRECTION('center_axis',(0.,-1.,0.));
#8737=DIRECTION('ref_axis',(1.,0.,0.));
#8738=DIRECTION('',(0.,-1.,0.));
#8739=DIRECTION('center_axis',(0.,1.,0.));
#8740=DIRECTION('ref_axis',(1.,0.,0.));
#8741=DIRECTION('',(0.,-1.,0.));
#8742=DIRECTION('center_axis',(0.,-1.,0.));
#8743=DIRECTION('ref_axis',(1.,0.,0.));
#8744=DIRECTION('',(0.,-1.,0.));
#8745=DIRECTION('center_axis',(0.,1.,0.));
#8746=DIRECTION('ref_axis',(1.,0.,0.));
#8747=DIRECTION('',(0.,-1.,0.));
#8748=DIRECTION('center_axis',(0.,-1.,0.));
#8749=DIRECTION('ref_axis',(1.,0.,0.));
#8750=DIRECTION('',(0.,-1.,0.));
#8751=DIRECTION('',(0.,-1.,0.));
#8752=DIRECTION('',(0.,-1.,0.));
#8753=DIRECTION('',(0.,-1.,0.));
#8754=DIRECTION('',(0.,-1.,0.));
#8755=DIRECTION('',(0.,-1.,0.));
#8756=DIRECTION('',(0.,-1.,0.));
#8757=DIRECTION('',(0.,-1.,0.));
#8758=DIRECTION('',(0.,-1.,0.));
#8759=DIRECTION('',(0.,-1.,0.));
#8760=DIRECTION('',(0.,-1.,0.));
#8761=DIRECTION('',(0.,-1.,0.));
#8762=DIRECTION('',(0.,-1.,0.));
#8763=DIRECTION('',(0.,-1.,0.));
#8764=DIRECTION('',(0.,-1.,0.));
#8765=DIRECTION('',(0.,-1.,0.));
#8766=DIRECTION('',(0.,-1.,0.));
#8767=DIRECTION('center_axis',(0.,-1.,0.));
#8768=DIRECTION('ref_axis',(1.,0.,0.));
#8769=DIRECTION('',(0.,1.,0.));
#8770=DIRECTION('center_axis',(0.,1.,0.));
#8771=DIRECTION('ref_axis',(1.,0.,0.));
#8772=DIRECTION('center_axis',(0.,-1.,0.));
#8773=DIRECTION('ref_axis',(1.,0.,0.));
#8774=DIRECTION('',(0.,1.,0.));
#8775=DIRECTION('center_axis',(0.,1.,0.));
#8776=DIRECTION('ref_axis',(1.,0.,0.));
#8777=DIRECTION('center_axis',(0.,-1.,0.));
#8778=DIRECTION('ref_axis',(1.,0.,0.));
#8779=DIRECTION('',(0.,1.,0.));
#8780=DIRECTION('center_axis',(0.,1.,0.));
#8781=DIRECTION('ref_axis',(1.,0.,0.));
#8782=DIRECTION('center_axis',(0.,-1.,0.));
#8783=DIRECTION('ref_axis',(1.,0.,0.));
#8784=DIRECTION('',(0.,1.,0.));
#8785=DIRECTION('center_axis',(0.,1.,0.));
#8786=DIRECTION('ref_axis',(1.,0.,0.));
#8787=DIRECTION('center_axis',(0.,-1.,0.));
#8788=DIRECTION('ref_axis',(1.,0.,0.));
#8789=DIRECTION('',(0.,1.,0.));
#8790=DIRECTION('center_axis',(0.,1.,0.));
#8791=DIRECTION('ref_axis',(1.,0.,0.));
#8792=DIRECTION('center_axis',(0.,-1.,0.));
#8793=DIRECTION('ref_axis',(1.,0.,0.));
#8794=DIRECTION('',(0.,1.,0.));
#8795=DIRECTION('center_axis',(0.,1.,0.));
#8796=DIRECTION('ref_axis',(1.,0.,0.));
#8797=DIRECTION('center_axis',(0.,-1.,0.));
#8798=DIRECTION('ref_axis',(1.,0.,0.));
#8799=DIRECTION('',(0.,1.,0.));
#8800=DIRECTION('center_axis',(0.,1.,0.));
#8801=DIRECTION('ref_axis',(1.,0.,0.));
#8802=DIRECTION('center_axis',(0.,-1.,0.));
#8803=DIRECTION('ref_axis',(1.,0.,0.));
#8804=DIRECTION('',(0.,1.,0.));
#8805=DIRECTION('center_axis',(0.,1.,0.));
#8806=DIRECTION('ref_axis',(1.,0.,0.));
#8807=DIRECTION('',(0.,-1.,0.));
#8808=DIRECTION('',(0.,1.,0.));
#8809=DIRECTION('',(0.,-1.,0.));
#8810=DIRECTION('',(0.,-1.,0.));
#8811=DIRECTION('center_axis',(0.,1.,0.));
#8812=DIRECTION('ref_axis',(1.,0.,0.));
#8813=DIRECTION('',(0.,-1.,0.));
#8814=DIRECTION('center_axis',(0.,-1.,0.));
#8815=DIRECTION('ref_axis',(1.,0.,0.));
#8816=DIRECTION('',(0.,1.,0.));
#8817=DIRECTION('center_axis',(0.,-1.,0.));
#8818=DIRECTION('ref_axis',(1.,0.,0.));
#8819=DIRECTION('',(0.,1.,0.));
#8820=DIRECTION('center_axis',(0.,1.,0.));
#8821=DIRECTION('ref_axis',(1.,0.,0.));
#8822=DIRECTION('',(0.,-1.,0.));
#8823=DIRECTION('',(0.,1.,0.));
#8824=DIRECTION('',(0.,1.,0.));
#8825=DIRECTION('center_axis',(0.,1.,0.));
#8826=DIRECTION('ref_axis',(1.,0.,0.));
#8827=DIRECTION('',(0.,-1.,0.));
#8828=DIRECTION('center_axis',(0.,-1.,0.));
#8829=DIRECTION('ref_axis',(1.,0.,0.));
#8830=DIRECTION('',(0.,1.,0.));
#8831=DIRECTION('center_axis',(0.,1.,0.));
#8832=DIRECTION('ref_axis',(1.,0.,0.));
#8833=DIRECTION('',(0.,-1.,0.));
#8834=DIRECTION('center_axis',(0.,-1.,0.));
#8835=DIRECTION('ref_axis',(1.,0.,0.));
#8836=DIRECTION('',(0.,1.,0.));
#8837=DIRECTION('',(0.,-1.,0.));
#8838=DIRECTION('center_axis',(0.,1.,0.));
#8839=DIRECTION('ref_axis',(1.,0.,0.));
#8840=DIRECTION('center_axis',(0.,-1.,0.));
#8841=DIRECTION('ref_axis',(1.,0.,0.));
#8842=DIRECTION('',(0.,-1.,0.));
#8843=DIRECTION('center_axis',(0.,-1.,0.));
#8844=DIRECTION('ref_axis',(1.,0.,0.));
#8845=DIRECTION('',(0.,1.,0.));
#8846=DIRECTION('center_axis',(0.,-1.,0.));
#8847=DIRECTION('ref_axis',(1.,0.,0.));
#8848=DIRECTION('center_axis',(0.,1.,0.));
#8849=DIRECTION('ref_axis',(1.,0.,0.));
#8850=DIRECTION('',(0.,1.,0.));
#8851=DIRECTION('center_axis',(0.,1.,0.));
#8852=DIRECTION('ref_axis',(1.,0.,0.));
#8853=DIRECTION('',(0.,-1.,0.));
#8854=DIRECTION('center_axis',(0.,1.,0.));
#8855=DIRECTION('ref_axis',(1.,0.,0.));
#8856=DIRECTION('center_axis',(0.,1.,0.));
#8857=DIRECTION('ref_axis',(1.,0.,0.));
#8858=DIRECTION('',(0.,-1.,0.));
#8859=DIRECTION('center_axis',(0.,-1.,0.));
#8860=DIRECTION('ref_axis',(1.,0.,0.));
#8861=DIRECTION('',(0.,1.,0.));
#8862=DIRECTION('center_axis',(0.,1.,0.));
#8863=DIRECTION('ref_axis',(1.,0.,0.));
#8864=DIRECTION('',(0.,-1.,0.));
#8865=DIRECTION('center_axis',(0.,-1.,0.));
#8866=DIRECTION('ref_axis',(1.,0.,0.));
#8867=DIRECTION('center_axis',(0.,-1.,0.));
#8868=DIRECTION('ref_axis',(1.,0.,0.));
#8869=DIRECTION('',(0.,1.,0.));
#8870=DIRECTION('center_axis',(0.,1.,0.));
#8871=DIRECTION('ref_axis',(1.,0.,0.));
#8872=DIRECTION('center_axis',(0.,1.,0.));
#8873=DIRECTION('ref_axis',(1.,0.,0.));
#8874=DIRECTION('',(0.,-1.,0.));
#8875=DIRECTION('center_axis',(0.,-1.,0.));
#8876=DIRECTION('ref_axis',(1.,0.,0.));
#8877=DIRECTION('center_axis',(0.,-1.,0.));
#8878=DIRECTION('ref_axis',(1.,0.,0.));
#8879=DIRECTION('center_axis',(0.,-1.,0.));
#8880=DIRECTION('ref_axis',(1.,0.,0.));
#8881=DIRECTION('center_axis',(0.,1.,0.));
#8882=DIRECTION('ref_axis',(1.,0.,0.));
#8883=DIRECTION('center_axis',(0.,1.,0.));
#8884=DIRECTION('ref_axis',(1.,0.,0.));
#8885=DIRECTION('',(0.,-1.,0.));
#8886=DIRECTION('center_axis',(0.,1.,0.));
#8887=DIRECTION('ref_axis',(1.,0.,0.));
#8888=DIRECTION('center_axis',(0.,1.,0.));
#8889=DIRECTION('ref_axis',(1.,0.,0.));
#8890=DIRECTION('',(0.,-1.,0.));
#8891=DIRECTION('center_axis',(0.,-1.,0.));
#8892=DIRECTION('ref_axis',(1.,0.,0.));
#8893=DIRECTION('center_axis',(0.,-1.,0.));
#8894=DIRECTION('ref_axis',(1.,0.,0.));
#8895=DIRECTION('center_axis',(0.,-1.,0.));
#8896=DIRECTION('ref_axis',(1.,0.,0.));
#8897=DIRECTION('center_axis',(0.,1.,0.));
#8898=DIRECTION('ref_axis',(1.,0.,0.));
#8899=DIRECTION('center_axis',(0.,1.,0.));
#8900=DIRECTION('ref_axis',(1.,0.,0.));
#8901=DIRECTION('',(0.,-1.,0.));
#8902=DIRECTION('center_axis',(-0.562355535619805,0.,0.826895550573204));
#8903=DIRECTION('ref_axis',(0.826895550573204,0.,0.562355535619805));
#8904=DIRECTION('',(0.826895550573204,0.,0.562355535619805));
#8905=DIRECTION('',(-0.826895550573204,0.,-0.562355535619805));
#8906=DIRECTION('',(0.,1.,0.));
#8907=DIRECTION('center_axis',(-0.826895550573207,0.,-0.562355535619801));
#8908=DIRECTION('ref_axis',(-0.562355535619801,0.,0.826895550573207));
#8909=DIRECTION('',(-0.562355535619801,0.,0.826895550573207));
#8910=DIRECTION('',(0.,-1.,0.));
#8911=DIRECTION('',(0.562355535619801,0.,-0.826895550573207));
#8912=DIRECTION('center_axis',(0.,-1.,0.));
#8913=DIRECTION('ref_axis',(1.,0.,0.));
#8914=DIRECTION('center_axis',(0.,-1.,0.));
#8915=DIRECTION('ref_axis',(1.,0.,0.));
#8916=DIRECTION('center_axis',(0.,1.,0.));
#8917=DIRECTION('ref_axis',(-0.989166395399215,0.,0.146798645133137));
#8918=DIRECTION('center_axis',(0.,1.,0.));
#8919=DIRECTION('ref_axis',(1.,0.,0.));
#8920=DIRECTION('center_axis',(0.,-1.,0.));
#8921=DIRECTION('ref_axis',(1.,0.,0.));
#8922=DIRECTION('center_axis',(-0.562355535619805,0.,0.826895550573204));
#8923=DIRECTION('ref_axis',(0.826895550573204,0.,0.562355535619805));
#8924=DIRECTION('',(0.826895550573204,0.,0.562355535619805));
#8925=DIRECTION('',(-0.826895550573204,0.,-0.562355535619805));
#8926=DIRECTION('',(0.,1.,0.));
#8927=DIRECTION('center_axis',(-0.826895550573207,0.,-0.562355535619801));
#8928=DIRECTION('ref_axis',(-0.562355535619801,0.,0.826895550573207));
#8929=DIRECTION('',(-0.562355535619801,0.,0.826895550573207));
#8930=DIRECTION('',(0.,-1.,0.));
#8931=DIRECTION('',(0.562355535619801,0.,-0.826895550573207));
#8932=DIRECTION('center_axis',(0.,-1.,0.));
#8933=DIRECTION('ref_axis',(1.,0.,0.));
#8934=DIRECTION('center_axis',(0.,-1.,0.));
#8935=DIRECTION('ref_axis',(1.,0.,0.));
#8936=DIRECTION('center_axis',(0.,1.,0.));
#8937=DIRECTION('ref_axis',(-0.989166395399215,0.,0.146798645133137));
#8938=DIRECTION('center_axis',(0.,1.,0.));
#8939=DIRECTION('ref_axis',(1.,0.,0.));
#8940=DIRECTION('center_axis',(0.,-1.,0.));
#8941=DIRECTION('ref_axis',(1.,0.,0.));
#8942=DIRECTION('center_axis',(-0.562355535619805,0.,0.826895550573204));
#8943=DIRECTION('ref_axis',(0.826895550573204,0.,0.562355535619805));
#8944=DIRECTION('',(0.826895550573204,0.,0.562355535619805));
#8945=DIRECTION('',(-0.826895550573204,0.,-0.562355535619805));
#8946=DIRECTION('',(0.,1.,0.));
#8947=DIRECTION('center_axis',(-0.826895550573207,0.,-0.562355535619801));
#8948=DIRECTION('ref_axis',(-0.562355535619801,0.,0.826895550573207));
#8949=DIRECTION('',(-0.562355535619801,0.,0.826895550573207));
#8950=DIRECTION('',(0.,-1.,0.));
#8951=DIRECTION('',(0.562355535619801,0.,-0.826895550573207));
#8952=DIRECTION('center_axis',(0.,-1.,0.));
#8953=DIRECTION('ref_axis',(1.,0.,0.));
#8954=DIRECTION('center_axis',(0.,-1.,0.));
#8955=DIRECTION('ref_axis',(1.,0.,0.));
#8956=DIRECTION('center_axis',(0.,1.,0.));
#8957=DIRECTION('ref_axis',(-0.989166395399215,0.,0.146798645133137));
#8958=DIRECTION('center_axis',(0.,1.,0.));
#8959=DIRECTION('ref_axis',(1.,0.,0.));
#8960=DIRECTION('center_axis',(0.,-1.,0.));
#8961=DIRECTION('ref_axis',(1.,0.,0.));
#8962=DIRECTION('center_axis',(-0.562355535619805,0.,0.826895550573204));
#8963=DIRECTION('ref_axis',(0.826895550573204,0.,0.562355535619805));
#8964=DIRECTION('',(0.826895550573204,0.,0.562355535619805));
#8965=DIRECTION('',(-0.826895550573204,0.,-0.562355535619805));
#8966=DIRECTION('',(0.,1.,0.));
#8967=DIRECTION('center_axis',(-0.826895550573207,0.,-0.562355535619801));
#8968=DIRECTION('ref_axis',(-0.562355535619801,0.,0.826895550573207));
#8969=DIRECTION('',(-0.562355535619801,0.,0.826895550573207));
#8970=DIRECTION('',(0.,-1.,0.));
#8971=DIRECTION('',(0.562355535619801,0.,-0.826895550573207));
#8972=DIRECTION('center_axis',(0.,-1.,0.));
#8973=DIRECTION('ref_axis',(1.,0.,0.));
#8974=DIRECTION('center_axis',(0.,-1.,0.));
#8975=DIRECTION('ref_axis',(1.,0.,0.));
#8976=DIRECTION('center_axis',(0.,1.,0.));
#8977=DIRECTION('ref_axis',(-0.989166395399215,0.,0.146798645133137));
#8978=DIRECTION('center_axis',(0.,1.,0.));
#8979=DIRECTION('ref_axis',(1.,0.,0.));
#8980=DIRECTION('center_axis',(0.,-1.,0.));
#8981=DIRECTION('ref_axis',(1.,0.,0.));
#8982=DIRECTION('center_axis',(-0.562355535619805,0.,0.826895550573204));
#8983=DIRECTION('ref_axis',(0.826895550573204,0.,0.562355535619805));
#8984=DIRECTION('',(0.826895550573204,0.,0.562355535619805));
#8985=DIRECTION('',(-0.826895550573204,0.,-0.562355535619805));
#8986=DIRECTION('',(0.,1.,0.));
#8987=DIRECTION('center_axis',(-0.826895550573207,0.,-0.562355535619801));
#8988=DIRECTION('ref_axis',(-0.562355535619801,0.,0.826895550573207));
#8989=DIRECTION('',(-0.562355535619801,0.,0.826895550573207));
#8990=DIRECTION('',(0.,-1.,0.));
#8991=DIRECTION('',(0.562355535619801,0.,-0.826895550573207));
#8992=DIRECTION('center_axis',(0.,-1.,0.));
#8993=DIRECTION('ref_axis',(1.,0.,0.));
#8994=DIRECTION('center_axis',(0.,-1.,0.));
#8995=DIRECTION('ref_axis',(1.,0.,0.));
#8996=DIRECTION('center_axis',(0.,1.,0.));
#8997=DIRECTION('ref_axis',(-0.989166395399215,0.,0.146798645133137));
#8998=DIRECTION('center_axis',(0.,1.,0.));
#8999=DIRECTION('ref_axis',(1.,0.,0.));
#9000=DIRECTION('center_axis',(0.,-1.,0.));
#9001=DIRECTION('ref_axis',(1.,0.,0.));
#9002=DIRECTION('center_axis',(-0.562355535619805,0.,0.826895550573204));
#9003=DIRECTION('ref_axis',(0.826895550573204,0.,0.562355535619805));
#9004=DIRECTION('',(0.826895550573204,0.,0.562355535619805));
#9005=DIRECTION('',(-0.826895550573204,0.,-0.562355535619805));
#9006=DIRECTION('',(0.,1.,0.));
#9007=DIRECTION('center_axis',(-0.826895550573207,0.,-0.562355535619801));
#9008=DIRECTION('ref_axis',(-0.562355535619801,0.,0.826895550573207));
#9009=DIRECTION('',(-0.562355535619801,0.,0.826895550573207));
#9010=DIRECTION('',(0.,-1.,0.));
#9011=DIRECTION('',(0.562355535619801,0.,-0.826895550573207));
#9012=DIRECTION('center_axis',(0.,-1.,0.));
#9013=DIRECTION('ref_axis',(1.,0.,0.));
#9014=DIRECTION('center_axis',(0.,-1.,0.));
#9015=DIRECTION('ref_axis',(1.,0.,0.));
#9016=DIRECTION('center_axis',(0.,1.,0.));
#9017=DIRECTION('ref_axis',(-0.989166395399215,0.,0.146798645133137));
#9018=DIRECTION('center_axis',(0.,1.,0.));
#9019=DIRECTION('ref_axis',(1.,0.,0.));
#9020=DIRECTION('center_axis',(0.,-1.,0.));
#9021=DIRECTION('ref_axis',(1.,0.,0.));
#9022=DIRECTION('center_axis',(-0.562355535619805,0.,0.826895550573204));
#9023=DIRECTION('ref_axis',(0.826895550573204,0.,0.562355535619805));
#9024=DIRECTION('',(0.826895550573204,0.,0.562355535619805));
#9025=DIRECTION('',(-0.826895550573204,0.,-0.562355535619805));
#9026=DIRECTION('',(0.,1.,0.));
#9027=DIRECTION('center_axis',(-0.826895550573207,0.,-0.562355535619801));
#9028=DIRECTION('ref_axis',(-0.562355535619801,0.,0.826895550573207));
#9029=DIRECTION('',(-0.562355535619801,0.,0.826895550573207));
#9030=DIRECTION('',(0.,-1.,0.));
#9031=DIRECTION('',(0.562355535619801,0.,-0.826895550573207));
#9032=DIRECTION('center_axis',(0.,-1.,0.));
#9033=DIRECTION('ref_axis',(1.,0.,0.));
#9034=DIRECTION('center_axis',(0.,-1.,0.));
#9035=DIRECTION('ref_axis',(1.,0.,0.));
#9036=DIRECTION('center_axis',(0.,1.,0.));
#9037=DIRECTION('ref_axis',(-0.989166395399215,0.,0.146798645133137));
#9038=DIRECTION('center_axis',(0.,1.,0.));
#9039=DIRECTION('ref_axis',(1.,0.,0.));
#9040=DIRECTION('center_axis',(0.,-1.,0.));
#9041=DIRECTION('ref_axis',(1.,0.,0.));
#9042=DIRECTION('center_axis',(-0.562355535619805,0.,0.826895550573204));
#9043=DIRECTION('ref_axis',(0.826895550573204,0.,0.562355535619805));
#9044=DIRECTION('',(0.826895550573204,0.,0.562355535619805));
#9045=DIRECTION('',(-0.826895550573204,0.,-0.562355535619805));
#9046=DIRECTION('',(0.,1.,0.));
#9047=DIRECTION('center_axis',(-0.826895550573207,0.,-0.562355535619801));
#9048=DIRECTION('ref_axis',(-0.562355535619801,0.,0.826895550573207));
#9049=DIRECTION('',(-0.562355535619801,0.,0.826895550573207));
#9050=DIRECTION('',(0.,-1.,0.));
#9051=DIRECTION('',(0.562355535619801,0.,-0.826895550573207));
#9052=DIRECTION('center_axis',(0.,-1.,0.));
#9053=DIRECTION('ref_axis',(1.,0.,0.));
#9054=DIRECTION('center_axis',(0.,-1.,0.));
#9055=DIRECTION('ref_axis',(1.,0.,0.));
#9056=DIRECTION('center_axis',(0.,1.,0.));
#9057=DIRECTION('ref_axis',(-0.989166395399215,0.,0.146798645133137));
#9058=DIRECTION('center_axis',(0.,1.,0.));
#9059=DIRECTION('ref_axis',(1.,0.,0.));
#9060=DIRECTION('center_axis',(0.,-1.,0.));
#9061=DIRECTION('ref_axis',(1.,0.,0.));
#9062=DIRECTION('center_axis',(0.,1.,0.));
#9063=DIRECTION('ref_axis',(1.,0.,0.));
#9064=DIRECTION('center_axis',(0.,1.,0.));
#9065=DIRECTION('ref_axis',(0.877582561890373,0.,0.479425538604203));
#9066=DIRECTION('',(0.,1.,0.));
#9067=DIRECTION('center_axis',(0.,-1.,0.));
#9068=DIRECTION('ref_axis',(0.990047766404359,0.,0.140731731452929));
#9069=DIRECTION('center_axis',(0.,-1.,0.));
#9070=DIRECTION('ref_axis',(0.877582523789051,0.,-0.479425608348197));
#9071=DIRECTION('',(0.,-1.,0.));
#9072=DIRECTION('',(0.990333679183655,0.,0.1387054572631));
#9073=DIRECTION('',(0.997387094534283,0.,0.0722425335689499));
#9074=DIRECTION('',(0.997580498313364,0.,0.0695208557546545));
#9075=DIRECTION('',(0.988963923398283,0.,-0.148156532818079));
#9076=DIRECTION('',(0.939512928174423,0.,-0.342513441769987));
#9077=DIRECTION('',(0.914948449241875,0.,-0.403570731384089));
#9078=DIRECTION('',(0.940559919840233,0.,-0.339627792134468));
#9079=DIRECTION('',(0.990428039994954,0.,-0.138030060464212));
#9080=DIRECTION('center_axis',(0.,-1.,0.));
#9081=DIRECTION('ref_axis',(0.,0.,-1.));
#9082=DIRECTION('',(0.877582561890373,0.,0.479425538604203));
#9083=DIRECTION('',(0.877582523789051,0.,-0.479425608348197));
#9084=DIRECTION('center_axis',(0.479425538604203,0.,-0.877582561890373));
#9085=DIRECTION('ref_axis',(-0.877582561890373,0.,-0.479425538604203));
#9086=DIRECTION('',(0.877582561890373,0.,0.479425538604203));
#9087=DIRECTION('center_axis',(0.,1.,0.));
#9088=DIRECTION('ref_axis',(0.,0.,1.));
#9089=DIRECTION('',(0.990047766404359,0.,0.140731731452929));
#9090=DIRECTION('',(0.977366232194514,0.,0.211554362200119));
#9091=DIRECTION('',(0.971149590670581,0.,0.238471114687636));
#9092=DIRECTION('',(0.981294041101172,0.,0.192514947210162));
#9093=DIRECTION('',(0.998299761565007,0.,0.0582888159019475));
#9094=DIRECTION('',(0.990428039994954,0.,-0.138030060464212));
#9095=DIRECTION('',(0.94432281249949,0.,-0.329020403308142));
#9096=DIRECTION('',(0.892191460918476,0.,-0.451657389028625));
#9097=DIRECTION('',(0.869616555043468,0.,-0.493727705516239));
#9098=DIRECTION('',(0.917680024427685,0.,-0.397320239563005));
#9099=DIRECTION('center_axis',(0.,1.,0.));
#9100=DIRECTION('ref_axis',(0.,0.,1.));
#9101=DIRECTION('',(0.877582523789051,0.,-0.479425608348197));
#9102=DIRECTION('center_axis',(0.479425608348197,0.,0.877582523789051));
#9103=DIRECTION('ref_axis',(0.877582523789051,0.,-0.479425608348197));
#9104=DIRECTION('center_axis',(0.,1.,0.));
#9105=DIRECTION('ref_axis',(1.,0.,0.));
#9106=DIRECTION('',(0.,-1.,0.));
#9107=DIRECTION('center_axis',(0.,1.,0.));
#9108=DIRECTION('ref_axis',(1.,0.,0.));
#9109=DIRECTION('center_axis',(0.,1.,0.));
#9110=DIRECTION('ref_axis',(0.974923311383268,0.,0.222541090411372));
#9111=DIRECTION('',(0.,1.,0.));
#9112=DIRECTION('center_axis',(0.,-1.,0.));
#9113=DIRECTION('ref_axis',(0.877582523789051,0.,-0.479425608348197));
#9114=DIRECTION('',(0.,-1.,0.));
#9115=DIRECTION('center_axis',(0.,-1.,0.));
#9116=DIRECTION('ref_axis',(0.,0.,-1.));
#9117=DIRECTION('',(0.974923311383269,0.,0.222541090411372));
#9118=DIRECTION('',(0.877582523789051,0.,-0.479425608348197));
#9119=DIRECTION('center_axis',(0.222541090411372,0.,-0.974923311383269));
#9120=DIRECTION('ref_axis',(-0.974923311383269,0.,-0.222541090411372));
#9121=DIRECTION('',(0.974923311383269,0.,0.222541090411372));
#9122=DIRECTION('center_axis',(0.,1.,0.));
#9123=DIRECTION('ref_axis',(0.,0.,1.));
#9124=DIRECTION('',(0.877582523789051,0.,-0.479425608348197));
#9125=DIRECTION('center_axis',(0.479425608348197,0.,0.877582523789051));
#9126=DIRECTION('ref_axis',(0.877582523789051,0.,-0.479425608348197));
#9127=DIRECTION('center_axis',(0.,1.,0.));
#9128=DIRECTION('ref_axis',(1.,0.,0.));
#9129=DIRECTION('center_axis',(0.,1.,0.));
#9130=DIRECTION('ref_axis',(0.991701034350035,0.,0.128565385967885));
#9131=DIRECTION('',(0.,-1.,0.));
#9132=DIRECTION('center_axis',(0.,1.,0.));
#9133=DIRECTION('ref_axis',(0.974923311383268,0.,0.222541090411372));
#9134=DIRECTION('',(0.,1.,0.));
#9135=DIRECTION('center_axis',(0.,1.,0.));
#9136=DIRECTION('ref_axis',(0.888151290031018,0.,0.459551178886791));
#9137=DIRECTION('center_axis',(0.,-1.,0.));
#9138=DIRECTION('ref_axis',(0.974923311383268,0.,0.222541090411372));
#9139=DIRECTION('',(0.,1.,0.));
#9140=DIRECTION('center_axis',(0.,-1.,0.));
#9141=DIRECTION('ref_axis',(0.991701034350035,0.,0.128565385967885));
#9142=DIRECTION('',(0.,-1.,0.));
#9143=DIRECTION('center_axis',(0.,-1.,0.));
#9144=DIRECTION('ref_axis',(0.958854116083318,0.,-0.283899249858252));
#9145=DIRECTION('',(0.926390542614337,0.,-0.376564154633329));
#9146=DIRECTION('',(0.923014889158588,0.,-0.384764232214429));
#9147=DIRECTION('',(0.935115943912307,0.,-0.35434188496563));
#9148=DIRECTION('',(0.956895303383322,0.,-0.290433087582905));
#9149=DIRECTION('center_axis',(0.,-1.,0.));
#9150=DIRECTION('ref_axis',(0.,0.,-1.));
#9151=DIRECTION('',(0.991701034350035,0.,0.128565385967885));
#9152=DIRECTION('center_axis',(-0.128565385967885,0.,0.991701034350035));
#9153=DIRECTION('ref_axis',(0.991701034350035,0.,0.128565385967885));
#9154=DIRECTION('',(0.991701034350035,0.,0.128565385967885));
#9155=DIRECTION('center_axis',(0.,-1.,0.));
#9156=DIRECTION('ref_axis',(0.,0.,-1.));
#9157=DIRECTION('',(0.974923311383269,0.,0.222541090411372));
#9158=DIRECTION('center_axis',(0.222541090411372,0.,-0.974923311383269));
#9159=DIRECTION('ref_axis',(-0.974923311383269,0.,-0.222541090411372));
#9160=DIRECTION('',(0.974923311383269,0.,0.222541090411372));
#9161=DIRECTION('center_axis',(0.,-1.,0.));
#9162=DIRECTION('ref_axis',(0.,0.,-1.));
#9163=DIRECTION('',(0.888151290031018,0.,0.459551178886791));
#9164=DIRECTION('',(0.919566746901935,0.,0.392933834114844));
#9165=DIRECTION('center_axis',(0.,1.,0.));
#9166=DIRECTION('ref_axis',(0.,0.,1.));
#9167=DIRECTION('',(0.974923311383269,0.,0.222541090411372));
#9168=DIRECTION('center_axis',(0.222541090411372,0.,-0.974923311383269));
#9169=DIRECTION('ref_axis',(-0.974923311383269,0.,-0.222541090411372));
#9170=DIRECTION('',(0.974923311383269,0.,0.222541090411372));
#9171=DIRECTION('center_axis',(0.,1.,0.));
#9172=DIRECTION('ref_axis',(0.,0.,1.));
#9173=DIRECTION('',(0.991701034350035,0.,0.128565385967885));
#9174=DIRECTION('center_axis',(-0.128565385967885,0.,0.991701034350035));
#9175=DIRECTION('ref_axis',(0.991701034350035,0.,0.128565385967885));
#9176=DIRECTION('',(0.991701034350035,0.,0.128565385967885));
#9177=DIRECTION('center_axis',(0.,1.,0.));
#9178=DIRECTION('ref_axis',(0.,0.,1.));
#9179=DIRECTION('',(0.958854116083318,0.,-0.283899249858252));
#9180=DIRECTION('',(0.907790593715105,0.,-0.419423697425858));
#9181=DIRECTION('',(0.883082911353633,0.,-0.469216977181338));
#9182=DIRECTION('',(0.872964169184323,0.,-0.487784336895236));
#9183=DIRECTION('',(0.878235754269903,0.,-0.478227937203563));
#9184=DIRECTION('',(0.924841566283621,0.,-0.380352569695617));
#9185=DIRECTION('center_axis',(0.,1.,0.));
#9186=DIRECTION('ref_axis',(1.,0.,0.));
#9187=DIRECTION('',(0.,-1.,0.));
#9188=DIRECTION('center_axis',(0.,1.,0.));
#9189=DIRECTION('ref_axis',(0.999464020029207,0.,-0.0327364119453575));
#9190=DIRECTION('center_axis',(0.,-1.,0.));
#9191=DIRECTION('ref_axis',(0.98358375959383,0.,-0.180452176111197));
#9192=DIRECTION('center_axis',(0.479425608348197,0.,0.877582523789051));
#9193=DIRECTION('ref_axis',(0.877582523789051,0.,-0.479425608348197));
#9194=DIRECTION('',(0.877582523789051,0.,-0.479425608348197));
#9195=DIRECTION('',(0.877582523789051,0.,-0.479425608348197));
#9196=DIRECTION('',(0.915909311469109,0.,-0.401385267746815));
#9197=DIRECTION('',(0.980765088345447,0.,-0.195191806904767));
#9198=DIRECTION('center_axis',(0.,-1.,0.));
#9199=DIRECTION('ref_axis',(0.,0.,-1.));
#9200=DIRECTION('',(0.999464020029207,0.,-0.0327364119453575));
#9201=DIRECTION('',(0.996762342729498,0.,0.0804041797197316));
#9202=DIRECTION('',(0.986573660656599,0.,0.163316906958947));
#9203=DIRECTION('',(0.976123196924976,0.,0.217217642987317));
#9204=DIRECTION('',(0.971149590670581,0.,0.238471114687636));
#9205=DIRECTION('',(0.976931272556443,0.,0.213553947987971));
#9206=DIRECTION('',(0.989903249610064,0.,0.141744687418737));
#9207=DIRECTION('',(0.999842734702874,0.,0.017734313121135));
#9208=DIRECTION('',(0.9999990695453,0.,0.00136415121366565));
#9209=DIRECTION('',(0.994087183769372,0.,0.108584856520044));
#9210=DIRECTION('',(0.990333679183655,0.,0.1387054572631));
#9211=DIRECTION('',(0.995246328441515,0.,0.0973896592235693));
#9212=DIRECTION('',(0.999966497958121,0.,-0.00818553366437174));
#9213=DIRECTION('',(0.999190254643625,0.,-0.0402347489765678));
#9214=DIRECTION('',(0.996595707927558,0.,-0.0824438896484737));
#9215=DIRECTION('',(0.994908361682295,0.,-0.100783688435441));
#9216=DIRECTION('',(0.99004774403564,0.,-0.140731888816782));
#9217=DIRECTION('',(0.977653931646314,0.,-0.210220812329571));
#9218=DIRECTION('',(0.952636866741937,0.,-0.304110177606908));
#9219=DIRECTION('',(0.896916838028247,0.,-0.44219926013214));
#9220=DIRECTION('',(0.869616555043468,0.,-0.493727705516239));
#9221=DIRECTION('',(0.881155084498216,0.,-0.47282736496838));
#9222=DIRECTION('',(0.916865016915051,0.,-0.399197370679421));
#9223=DIRECTION('',(0.954078141154201,0.,-0.299557841779755));
#9224=DIRECTION('',(0.98358375959383,0.,-0.180452176111196));
#9225=DIRECTION('',(0.925230293949872,0.,-0.379405987245106));
#9226=DIRECTION('',(0.913011021187349,0.,-0.407934890871612));
#9227=DIRECTION('',(0.925875960174299,0.,-0.377827614622489));
#9228=DIRECTION('',(0.953668539503865,0.,-0.300859297281247));
#9229=DIRECTION('',(0.969583827242111,0.,-0.244759477754266));
#9230=DIRECTION('',(0.978576394115331,0.,-0.205884047172765));
#9231=DIRECTION('',(0.983336665910974,0.,-0.18179384333659));
#9232=DIRECTION('',(0.990708434235033,0.,-0.136002935025569));
#9233=DIRECTION('center_axis',(0.,1.,0.));
#9234=DIRECTION('ref_axis',(0.,0.,1.));
#9235=DIRECTION('center_axis',(0.,-1.,0.));
#9236=DIRECTION('ref_axis',(1.,0.,0.));
#9237=DIRECTION('center_axis',(0.,1.,0.));
#9238=DIRECTION('ref_axis',(1.,0.,0.));
#9239=DIRECTION('center_axis',(0.,1.,0.));
#9240=DIRECTION('ref_axis',(1.,0.,0.));
#9241=DIRECTION('',(0.,-1.,0.));
#9242=DIRECTION('',(0.,-1.,0.));
#9243=DIRECTION('',(0.,1.,0.));
#9244=DIRECTION('',(0.,-1.,0.));
#9245=DIRECTION('',(0.,1.,0.));
#9246=DIRECTION('',(0.923014950315204,0.,0.384764085505158));
#9247=DIRECTION('',(0.979272917088317,0.,0.202545189667238));
#9248=DIRECTION('',(0.982457428924523,0.,0.186486997806858));
#9249=DIRECTION('',(0.996010150715028,0.,-0.0892400116126545));
#9250=DIRECTION('center_axis',(-0.0892400116126545,0.,-0.996010150715028));
#9251=DIRECTION('ref_axis',(-0.996010150715028,0.,0.0892400116126545));
#9252=DIRECTION('',(0.,1.,0.));
#9253=DIRECTION('',(0.996010150715028,0.,-0.0892400116126545));
#9254=DIRECTION('',(0.980631732387741,0.,-0.195860678632076));
#9255=DIRECTION('',(0.877582523789051,0.,-0.479425608348197));
#9256=DIRECTION('center_axis',(0.195860678632076,0.,0.980631732387741));
#9257=DIRECTION('ref_axis',(0.980631732387741,0.,-0.195860678632076));
#9258=DIRECTION('',(0.980631732387741,0.,-0.195860678632076));
#9259=DIRECTION('',(0.877582523789051,0.,-0.479425608348197));
#9260=DIRECTION('center_axis',(0.479425608348197,0.,0.877582523789051));
#9261=DIRECTION('ref_axis',(0.877582523789051,0.,-0.479425608348197));
#9262=DIRECTION('',(0.877582523789051,0.,-0.479425608348197));
#9263=DIRECTION('',(0.877582561890373,0.,0.479425538604203));
#9264=DIRECTION('center_axis',(0.479425538604203,0.,-0.877582561890373));
#9265=DIRECTION('ref_axis',(-0.877582561890373,0.,-0.479425538604203));
#9266=DIRECTION('',(0.877582561890373,0.,0.479425538604203));
#9267=DIRECTION('',(0.877582523789051,0.,-0.479425608348197));
#9268=DIRECTION('center_axis',(0.479425608348197,0.,0.877582523789051));
#9269=DIRECTION('ref_axis',(0.877582523789051,0.,-0.479425608348197));
#9270=DIRECTION('center_axis',(0.,1.,0.));
#9271=DIRECTION('ref_axis',(1.,0.,0.));
#9272=DIRECTION('center_axis',(0.,1.,0.));
#9273=DIRECTION('ref_axis',(1.,0.,0.));
#9274=DIRECTION('center_axis',(0.,1.,0.));
#9275=DIRECTION('ref_axis',(0.959433131562984,0.,0.281936280140114));
#9276=DIRECTION('',(0.,-1.,0.));
#9277=DIRECTION('center_axis',(0.,1.,0.));
#9278=DIRECTION('ref_axis',(0.877582561890373,0.,0.479425538604203));
#9279=DIRECTION('',(0.,1.,0.));
#9280=DIRECTION('center_axis',(0.,-1.,0.));
#9281=DIRECTION('ref_axis',(0.959625199112653,0.,-0.281281846602301));
#9282=DIRECTION('',(0.,1.,0.));
#9283=DIRECTION('center_axis',(0.,-1.,0.));
#9284=DIRECTION('ref_axis',(0.877582523789051,0.,-0.479425608348197));
#9285=DIRECTION('',(0.,-1.,0.));
#9286=DIRECTION('center_axis',(0.,-1.,0.));
#9287=DIRECTION('ref_axis',(0.,0.,-1.));
#9288=DIRECTION('',(0.959433131562985,0.,0.281936280140113));
#9289=DIRECTION('',(0.877582523789051,0.,-0.479425608348197));
#9290=DIRECTION('',(0.877582523789051,0.,-0.479425608348197));
#9291=DIRECTION('center_axis',(0.479425608348197,0.,0.877582523789051));
#9292=DIRECTION('ref_axis',(0.877582523789051,0.,-0.479425608348197));
#9293=DIRECTION('',(0.877582523789051,0.,-0.479425608348197));
#9294=DIRECTION('center_axis',(0.,-1.,0.));
#9295=DIRECTION('ref_axis',(0.,0.,-1.));
#9296=DIRECTION('',(0.877582561890373,0.,0.479425538604203));
#9297=DIRECTION('center_axis',(0.479425538604203,0.,-0.877582561890373));
#9298=DIRECTION('ref_axis',(-0.877582561890373,0.,-0.479425538604203));
#9299=DIRECTION('',(0.877582561890373,0.,0.479425538604203));
#9300=DIRECTION('center_axis',(0.,1.,0.));
#9301=DIRECTION('ref_axis',(0.,0.,1.));
#9302=DIRECTION('',(0.959625199112653,0.,-0.281281846602301));
#9303=DIRECTION('',(0.877582561890373,0.,0.479425538604203));
#9304=DIRECTION('center_axis',(0.479425538604203,0.,-0.877582561890373));
#9305=DIRECTION('ref_axis',(-0.877582561890373,0.,-0.479425538604203));
#9306=DIRECTION('',(0.877582561890373,0.,0.479425538604203));
#9307=DIRECTION('center_axis',(0.,1.,0.));
#9308=DIRECTION('ref_axis',(0.,0.,1.));
#9309=DIRECTION('',(0.877582523789051,0.,-0.479425608348197));
#9310=DIRECTION('center_axis',(0.479425608348197,0.,0.877582523789051));
#9311=DIRECTION('ref_axis',(0.877582523789051,0.,-0.479425608348197));
#9312=DIRECTION('center_axis',(0.,1.,0.));
#9313=DIRECTION('ref_axis',(1.,0.,0.));
#9314=DIRECTION('',(0.,1.,0.));
#9315=DIRECTION('',(0.,1.,0.));
#9316=DIRECTION('',(0.720905045128626,0.,-0.693033849034875));
#9317=DIRECTION('',(0.701000156981187,0.,-0.713161117779391));
#9318=DIRECTION('',(0.779661491323885,0.,-0.626201212827487));
#9319=DIRECTION('',(0.871630020309767,0.,-0.490164368038718));
#9320=DIRECTION('',(0.974923311383269,0.,0.222541090411372));
#9321=DIRECTION('center_axis',(0.222541090411372,0.,-0.974923311383269));
#9322=DIRECTION('ref_axis',(-0.974923311383269,0.,-0.222541090411372));
#9323=DIRECTION('',(0.974923311383268,0.,0.222541090411372));
#9324=DIRECTION('',(0.980497889028907,0.,-0.196529615096192));
#9325=DIRECTION('',(0.934874052484713,0.,-0.354979585315564));
#9326=DIRECTION('',(0.981030462334354,0.,-0.19385363543675));
#9327=DIRECTION('',(0.974923311383269,0.,0.222541090411372));
#9328=DIRECTION('center_axis',(0.222541090411372,0.,-0.974923311383269));
#9329=DIRECTION('ref_axis',(-0.974923311383269,0.,-0.222541090411372));
#9330=DIRECTION('',(0.974923311383269,0.,0.222541090411372));
#9331=DIRECTION('',(0.876927660016344,0.,-0.480622387221256));
#9332=DIRECTION('',(0.862109611010542,0.,-0.506721835530355));
#9333=DIRECTION('',(0.812258225119063,0.,-0.583298016220208));
#9334=DIRECTION('',(0.789389542569891,0.,-0.613892620969904));
#9335=DIRECTION('',(0.780941332402586,0.,-0.624604383066012));
#9336=DIRECTION('',(0.787711623519339,0.,-0.616044152778458));
#9337=DIRECTION('',(0.711623131216527,0.,-0.702561398824035));
#9338=DIRECTION('center_axis',(0.,1.,0.));
#9339=DIRECTION('ref_axis',(1.,0.,0.));
#9340=DIRECTION('center_axis',(0.,1.,0.));
#9341=DIRECTION('ref_axis',(0.935839119834495,0.,-0.352427498625459));
#9342=DIRECTION('',(0.,1.,0.));
#9343=DIRECTION('center_axis',(0.,-1.,0.));
#9344=DIRECTION('ref_axis',(0.877582523789051,0.,-0.479425608348197));
#9345=DIRECTION('',(0.,-1.,0.));
#9346=DIRECTION('center_axis',(0.,-1.,0.));
#9347=DIRECTION('ref_axis',(0.,0.,-1.));
#9348=DIRECTION('',(0.935839119834495,0.,-0.352427498625459));
#9349=DIRECTION('',(0.877582523789051,0.,-0.479425608348197));
#9350=DIRECTION('center_axis',(-0.352427498625459,0.,-0.935839119834495));
#9351=DIRECTION('ref_axis',(-0.935839119834495,0.,0.352427498625459));
#9352=DIRECTION('',(0.935839119834495,0.,-0.352427498625459));
#9353=DIRECTION('center_axis',(0.,1.,0.));
#9354=DIRECTION('ref_axis',(0.,0.,1.));
#9355=DIRECTION('',(0.877582523789051,0.,-0.479425608348197));
#9356=DIRECTION('center_axis',(0.479425608348197,0.,0.877582523789051));
#9357=DIRECTION('ref_axis',(0.877582523789051,0.,-0.479425608348197));
#9358=DIRECTION('center_axis',(0.,1.,0.));
#9359=DIRECTION('ref_axis',(1.,0.,0.));
#9360=DIRECTION('center_axis',(0.,1.,0.));
#9361=DIRECTION('ref_axis',(0.877582561890373,0.,0.479425538604203));
#9362=DIRECTION('',(0.,1.,0.));
#9363=DIRECTION('center_axis',(0.,-1.,0.));
#9364=DIRECTION('ref_axis',(0.936319069292431,0.,0.351150395812615));
#9365=DIRECTION('',(0.,-1.,0.));
#9366=DIRECTION('center_axis',(0.,-1.,0.));
#9367=DIRECTION('ref_axis',(0.,0.,-1.));
#9368=DIRECTION('',(0.877582561890373,0.,0.479425538604203));
#9369=DIRECTION('',(0.936319069292431,0.,0.351150395812615));
#9370=DIRECTION('center_axis',(0.479425538604203,0.,-0.877582561890373));
#9371=DIRECTION('ref_axis',(-0.877582561890373,0.,-0.479425538604203));
#9372=DIRECTION('',(0.877582561890373,0.,0.479425538604203));
#9373=DIRECTION('center_axis',(0.,1.,0.));
#9374=DIRECTION('ref_axis',(0.,0.,1.));
#9375=DIRECTION('',(0.936319069292431,0.,0.351150395812615));
#9376=DIRECTION('center_axis',(-0.351150395812615,0.,0.936319069292431));
#9377=DIRECTION('ref_axis',(0.936319069292431,0.,0.351150395812615));
#9378=DIRECTION('center_axis',(0.,1.,0.));
#9379=DIRECTION('ref_axis',(1.,0.,0.));
#9380=DIRECTION('center_axis',(0.,1.,0.));
#9381=DIRECTION('ref_axis',(1.,0.,0.));
#9382=DIRECTION('',(0.,1.,0.));
#9383=DIRECTION('center_axis',(0.,-1.,0.));
#9384=DIRECTION('ref_axis',(1.,0.,0.));
#9385=DIRECTION('center_axis',(0.,1.,0.));
#9386=DIRECTION('ref_axis',(1.,0.,0.));
#9387=DIRECTION('center_axis',(0.,1.,0.));
#9388=DIRECTION('ref_axis',(1.,0.,0.));
#9389=DIRECTION('center_axis',(0.,1.,0.));
#9390=DIRECTION('ref_axis',(1.,0.,0.));
#9391=DIRECTION('center_axis',(0.,1.,0.));
#9392=DIRECTION('ref_axis',(1.,0.,0.));
#9393=CARTESIAN_POINT('',(0.,0.,0.));
#9394=CARTESIAN_POINT('Origin',(0.,0.,0.));
#9395=CARTESIAN_POINT('',(-22.,1.5,-2.69422295812418E-15));
#9396=CARTESIAN_POINT('Origin',(0.,1.5,0.));
#9397=CARTESIAN_POINT('',(-22.,0.,-2.69422295812418E-15));
#9398=CARTESIAN_POINT('',(-22.,0.,2.69422295812418E-15));
#9399=CARTESIAN_POINT('Origin',(0.,0.,0.));
#9400=CARTESIAN_POINT('Origin',(11.7090934418828,16.5,9.37534696793972));
#9401=CARTESIAN_POINT('',(11.7090934418828,97.5,9.37534696793972));
#9402=CARTESIAN_POINT('',(13.3673244348292,97.5,10.5030775229939));
#9403=CARTESIAN_POINT('',(5.52619880172462,97.5,5.17048091848917));
#9404=CARTESIAN_POINT('',(11.7090934418828,99.,9.37534696793972));
#9405=CARTESIAN_POINT('',(11.7090934418828,0.,9.37534696793973));
#9406=CARTESIAN_POINT('',(13.3673244348292,99.,10.5030775229939));
#9407=CARTESIAN_POINT('',(5.52619880172462,99.,5.17048091848917));
#9408=CARTESIAN_POINT('',(13.3673244348292,97.5,10.5030775229939));
#9409=CARTESIAN_POINT('Origin',(9.74092918661544,16.5,-13.932490752961));
#9410=CARTESIAN_POINT('',(9.74092918661544,97.5,-13.932490752961));
#9411=CARTESIAN_POINT('',(8.61611163663993,97.5,-12.2785430839721));
#9412=CARTESIAN_POINT('',(4.96130638878831,97.5,-6.90446564321342));
#9413=CARTESIAN_POINT('',(9.74092918661544,99.,-13.932490752961));
#9414=CARTESIAN_POINT('',(9.74092918661544,97.5,-13.932490752961));
#9415=CARTESIAN_POINT('',(8.61611163663993,99.,-12.2785430839721));
#9416=CARTESIAN_POINT('',(4.96130638878831,99.,-6.90446564321342));
#9417=CARTESIAN_POINT('',(8.61611163663993,0.,-12.2785430839721));
#9418=CARTESIAN_POINT('Origin',(0.,97.5,0.));
#9419=CARTESIAN_POINT('Origin',(0.,97.5,0.));
#9420=CARTESIAN_POINT('',(-15.,97.5,1.83697019872103E-15));
#9421=CARTESIAN_POINT('Origin',(0.,97.5,0.));
#9422=CARTESIAN_POINT('Origin',(0.,97.5,0.));
#9423=CARTESIAN_POINT('Origin',(0.,97.5,0.));
#9424=CARTESIAN_POINT('Origin',(0.,99.,0.));
#9425=CARTESIAN_POINT('Origin',(0.,99.,0.));
#9426=CARTESIAN_POINT('',(-15.,99.,1.83697019872103E-15));
#9427=CARTESIAN_POINT('Origin',(0.,99.,0.));
#9428=CARTESIAN_POINT('Origin',(0.,99.,0.));
#9429=CARTESIAN_POINT('Origin',(0.,110.,0.));
#9430=CARTESIAN_POINT('',(-17.,111.5,-2.0818995585505E-15));
#9431=CARTESIAN_POINT('Origin',(0.,111.5,0.));
#9432=CARTESIAN_POINT('',(-17.,110.,-2.0818995585505E-15));
#9433=CARTESIAN_POINT('',(-17.,110.,2.0818995585505E-15));
#9434=CARTESIAN_POINT('Origin',(0.,110.,0.));
#9435=CARTESIAN_POINT('Origin',(0.,110.,0.));
#9436=CARTESIAN_POINT('',(-15.,110.,-1.83697019872103E-15));
#9437=CARTESIAN_POINT('Origin',(0.,110.,0.));
#9438=CARTESIAN_POINT('Origin',(0.,111.5,0.));
#9439=CARTESIAN_POINT('',(-15.,111.5,-1.83697019872103E-15));
#9440=CARTESIAN_POINT('Origin',(0.,111.5,0.));
#9441=CARTESIAN_POINT('Origin',(0.,0.,0.));
#9442=CARTESIAN_POINT('',(-15.,112.5,-1.83697019872103E-15));
#9443=CARTESIAN_POINT('Origin',(0.,112.5,0.));
#9444=CARTESIAN_POINT('',(-15.,0.,1.83697019872103E-15));
#9445=CARTESIAN_POINT('Origin',(11.7090934418828,16.5,9.37534696793972));
#9446=CARTESIAN_POINT('',(11.7090934418828,105.,9.37534696793972));
#9447=CARTESIAN_POINT('',(13.3673244348292,105.,10.5030775229939));
#9448=CARTESIAN_POINT('',(5.52619880172462,105.,5.17048091848917));
#9449=CARTESIAN_POINT('',(11.7090934418828,106.5,9.37534696793972));
#9450=CARTESIAN_POINT('',(11.7090934418828,0.,9.37534696793973));
#9451=CARTESIAN_POINT('',(13.3673244348292,106.5,10.5030775229939));
#9452=CARTESIAN_POINT('',(5.52619880172462,106.5,5.17048091848917));
#9453=CARTESIAN_POINT('',(13.3673244348292,105.,10.5030775229939));
#9454=CARTESIAN_POINT('Origin',(9.74092918661544,16.5,-13.932490752961));
#9455=CARTESIAN_POINT('',(9.74092918661544,105.,-13.932490752961));
#9456=CARTESIAN_POINT('',(8.61611163663993,105.,-12.2785430839721));
#9457=CARTESIAN_POINT('',(4.96130638878831,105.,-6.90446564321342));
#9458=CARTESIAN_POINT('',(9.74092918661544,106.5,-13.932490752961));
#9459=CARTESIAN_POINT('',(9.74092918661544,105.,-13.932490752961));
#9460=CARTESIAN_POINT('',(8.61611163663993,106.5,-12.2785430839721));
#9461=CARTESIAN_POINT('',(4.96130638878831,106.5,-6.90446564321342));
#9462=CARTESIAN_POINT('',(8.61611163663993,0.,-12.2785430839721));
#9463=CARTESIAN_POINT('Origin',(0.,105.,0.));
#9464=CARTESIAN_POINT('Origin',(0.,105.,0.));
#9465=CARTESIAN_POINT('',(-15.,105.,1.83697019872103E-15));
#9466=CARTESIAN_POINT('Origin',(0.,105.,0.));
#9467=CARTESIAN_POINT('Origin',(0.,105.,0.));
#9468=CARTESIAN_POINT('Origin',(0.,105.,0.));
#9469=CARTESIAN_POINT('Origin',(0.,106.5,0.));
#9470=CARTESIAN_POINT('Origin',(0.,106.5,0.));
#9471=CARTESIAN_POINT('',(-15.,106.5,1.83697019872103E-15));
#9472=CARTESIAN_POINT('Origin',(0.,106.5,0.));
#9473=CARTESIAN_POINT('Origin',(0.,106.5,0.));
#9474=CARTESIAN_POINT('Origin',(11.7090934418828,16.5,9.37534696793972));
#9475=CARTESIAN_POINT('',(11.7090934418828,100.,9.37534696793972));
#9476=CARTESIAN_POINT('',(13.3673244348292,100.,10.5030775229939));
#9477=CARTESIAN_POINT('',(5.52619880172462,100.,5.17048091848917));
#9478=CARTESIAN_POINT('',(11.7090934418828,101.5,9.37534696793972));
#9479=CARTESIAN_POINT('',(11.7090934418828,0.,9.37534696793973));
#9480=CARTESIAN_POINT('',(13.3673244348292,101.5,10.5030775229939));
#9481=CARTESIAN_POINT('',(5.52619880172462,101.5,5.17048091848917));
#9482=CARTESIAN_POINT('',(13.3673244348292,100.,10.5030775229939));
#9483=CARTESIAN_POINT('Origin',(9.74092918661544,16.5,-13.932490752961));
#9484=CARTESIAN_POINT('',(9.74092918661544,100.,-13.932490752961));
#9485=CARTESIAN_POINT('',(8.61611163663993,100.,-12.2785430839721));
#9486=CARTESIAN_POINT('',(4.96130638878831,100.,-6.90446564321342));
#9487=CARTESIAN_POINT('',(9.74092918661544,101.5,-13.932490752961));
#9488=CARTESIAN_POINT('',(9.74092918661544,100.,-13.932490752961));
#9489=CARTESIAN_POINT('',(8.61611163663993,101.5,-12.2785430839721));
#9490=CARTESIAN_POINT('',(4.96130638878831,101.5,-6.90446564321342));
#9491=CARTESIAN_POINT('',(8.61611163663993,0.,-12.2785430839721));
#9492=CARTESIAN_POINT('Origin',(0.,100.,0.));
#9493=CARTESIAN_POINT('Origin',(0.,100.,0.));
#9494=CARTESIAN_POINT('',(-15.,100.,1.83697019872103E-15));
#9495=CARTESIAN_POINT('Origin',(0.,100.,0.));
#9496=CARTESIAN_POINT('Origin',(0.,100.,0.));
#9497=CARTESIAN_POINT('Origin',(0.,100.,0.));
#9498=CARTESIAN_POINT('Origin',(0.,101.5,0.));
#9499=CARTESIAN_POINT('Origin',(0.,101.5,0.));
#9500=CARTESIAN_POINT('',(-15.,101.5,1.83697019872103E-15));
#9501=CARTESIAN_POINT('Origin',(0.,101.5,0.));
#9502=CARTESIAN_POINT('Origin',(0.,101.5,0.));
#9503=CARTESIAN_POINT('Origin',(11.7090934418828,16.5,9.37534696793972));
#9504=CARTESIAN_POINT('',(11.7090934418828,107.5,9.37534696793972));
#9505=CARTESIAN_POINT('',(13.3673244348292,107.5,10.5030775229939));
#9506=CARTESIAN_POINT('',(5.52619880172462,107.5,5.17048091848917));
#9507=CARTESIAN_POINT('',(11.7090934418828,109.,9.37534696793972));
#9508=CARTESIAN_POINT('',(11.7090934418828,0.,9.37534696793973));
#9509=CARTESIAN_POINT('',(13.3673244348292,109.,10.5030775229939));
#9510=CARTESIAN_POINT('',(5.52619880172462,109.,5.17048091848917));
#9511=CARTESIAN_POINT('',(13.3673244348292,107.5,10.5030775229939));
#9512=CARTESIAN_POINT('Origin',(9.74092918661544,16.5,-13.932490752961));
#9513=CARTESIAN_POINT('',(9.74092918661544,107.5,-13.932490752961));
#9514=CARTESIAN_POINT('',(8.61611163663993,107.5,-12.2785430839721));
#9515=CARTESIAN_POINT('',(4.96130638878831,107.5,-6.90446564321342));
#9516=CARTESIAN_POINT('',(9.74092918661544,109.,-13.932490752961));
#9517=CARTESIAN_POINT('',(9.74092918661544,107.5,-13.932490752961));
#9518=CARTESIAN_POINT('',(8.61611163663993,109.,-12.2785430839721));
#9519=CARTESIAN_POINT('',(4.96130638878831,109.,-6.90446564321342));
#9520=CARTESIAN_POINT('',(8.61611163663993,0.,-12.2785430839721));
#9521=CARTESIAN_POINT('Origin',(0.,107.5,0.));
#9522=CARTESIAN_POINT('Origin',(0.,107.5,0.));
#9523=CARTESIAN_POINT('',(-15.,107.5,1.83697019872103E-15));
#9524=CARTESIAN_POINT('Origin',(0.,107.5,0.));
#9525=CARTESIAN_POINT('Origin',(0.,107.5,0.));
#9526=CARTESIAN_POINT('Origin',(0.,107.5,0.));
#9527=CARTESIAN_POINT('Origin',(0.,109.,0.));
#9528=CARTESIAN_POINT('Origin',(0.,109.,0.));
#9529=CARTESIAN_POINT('',(-15.,109.,1.83697019872103E-15));
#9530=CARTESIAN_POINT('Origin',(0.,109.,0.));
#9531=CARTESIAN_POINT('Origin',(0.,109.,0.));
#9532=CARTESIAN_POINT('Origin',(0.,115.,0.));
#9533=CARTESIAN_POINT('',(-17.,116.5,-2.0818995585505E-15));
#9534=CARTESIAN_POINT('Origin',(0.,116.5,0.));
#9535=CARTESIAN_POINT('',(-17.,115.,-2.0818995585505E-15));
#9536=CARTESIAN_POINT('',(-17.,115.,2.0818995585505E-15));
#9537=CARTESIAN_POINT('Origin',(0.,115.,0.));
#9538=CARTESIAN_POINT('Origin',(0.,115.,0.));
#9539=CARTESIAN_POINT('',(-15.,115.,-1.83697019872103E-15));
#9540=CARTESIAN_POINT('Origin',(0.,115.,0.));
#9541=CARTESIAN_POINT('Origin',(0.,116.5,0.));
#9542=CARTESIAN_POINT('',(-15.,116.5,-1.83697019872103E-15));
#9543=CARTESIAN_POINT('Origin',(0.,116.5,0.));
#9544=CARTESIAN_POINT('Origin',(0.,0.,0.));
#9545=CARTESIAN_POINT('',(-15.,117.5,-1.83697019872103E-15));
#9546=CARTESIAN_POINT('Origin',(0.,117.5,0.));
#9547=CARTESIAN_POINT('',(-15.,0.,1.83697019872103E-15));
#9548=CARTESIAN_POINT('Origin',(0.,112.5,0.));
#9549=CARTESIAN_POINT('',(-17.,114.,-2.0818995585505E-15));
#9550=CARTESIAN_POINT('Origin',(0.,114.,0.));
#9551=CARTESIAN_POINT('',(-17.,112.5,-2.0818995585505E-15));
#9552=CARTESIAN_POINT('',(-17.,112.5,2.0818995585505E-15));
#9553=CARTESIAN_POINT('Origin',(0.,112.5,0.));
#9554=CARTESIAN_POINT('Origin',(0.,112.5,0.));
#9555=CARTESIAN_POINT('Origin',(0.,114.,0.));
#9556=CARTESIAN_POINT('',(-15.,114.,-1.83697019872103E-15));
#9557=CARTESIAN_POINT('Origin',(0.,114.,0.));
#9558=CARTESIAN_POINT('Origin',(0.,0.,0.));
#9559=CARTESIAN_POINT('',(-15.,0.,1.83697019872103E-15));
#9560=CARTESIAN_POINT('Origin',(11.7090934418828,16.5,9.37534696793972));
#9561=CARTESIAN_POINT('',(11.7090934418828,102.5,9.37534696793972));
#9562=CARTESIAN_POINT('',(13.3673244348292,102.5,10.5030775229939));
#9563=CARTESIAN_POINT('',(5.52619880172462,102.5,5.17048091848917));
#9564=CARTESIAN_POINT('',(11.7090934418828,104.,9.37534696793972));
#9565=CARTESIAN_POINT('',(11.7090934418828,0.,9.37534696793973));
#9566=CARTESIAN_POINT('',(13.3673244348292,104.,10.5030775229939));
#9567=CARTESIAN_POINT('',(5.52619880172462,104.,5.17048091848917));
#9568=CARTESIAN_POINT('',(13.3673244348292,102.5,10.5030775229939));
#9569=CARTESIAN_POINT('Origin',(9.74092918661544,16.5,-13.932490752961));
#9570=CARTESIAN_POINT('',(9.74092918661544,102.5,-13.932490752961));
#9571=CARTESIAN_POINT('',(8.61611163663993,102.5,-12.2785430839721));
#9572=CARTESIAN_POINT('',(4.96130638878831,102.5,-6.90446564321342));
#9573=CARTESIAN_POINT('',(9.74092918661544,104.,-13.932490752961));
#9574=CARTESIAN_POINT('',(9.74092918661544,102.5,-13.932490752961));
#9575=CARTESIAN_POINT('',(8.61611163663993,104.,-12.2785430839721));
#9576=CARTESIAN_POINT('',(4.96130638878831,104.,-6.90446564321342));
#9577=CARTESIAN_POINT('',(8.61611163663993,0.,-12.2785430839721));
#9578=CARTESIAN_POINT('Origin',(0.,102.5,0.));
#9579=CARTESIAN_POINT('Origin',(0.,102.5,0.));
#9580=CARTESIAN_POINT('',(-15.,102.5,1.83697019872103E-15));
#9581=CARTESIAN_POINT('Origin',(0.,102.5,0.));
#9582=CARTESIAN_POINT('Origin',(0.,102.5,0.));
#9583=CARTESIAN_POINT('Origin',(0.,102.5,0.));
#9584=CARTESIAN_POINT('Origin',(0.,104.,0.));
#9585=CARTESIAN_POINT('Origin',(0.,104.,0.));
#9586=CARTESIAN_POINT('',(-15.,104.,1.83697019872103E-15));
#9587=CARTESIAN_POINT('Origin',(0.,104.,0.));
#9588=CARTESIAN_POINT('Origin',(0.,104.,0.));
#9589=CARTESIAN_POINT('Origin',(11.7090934418828,16.5,9.37534696793972));
#9590=CARTESIAN_POINT('',(11.7090934418828,52.5,9.37534696793972));
#9591=CARTESIAN_POINT('',(13.3673244348292,52.5,10.5030775229939));
#9592=CARTESIAN_POINT('',(5.52619880172462,52.5,5.17048091848917));
#9593=CARTESIAN_POINT('',(11.7090934418828,54.,9.37534696793972));
#9594=CARTESIAN_POINT('',(11.7090934418828,0.,9.37534696793973));
#9595=CARTESIAN_POINT('',(13.3673244348292,54.,10.5030775229939));
#9596=CARTESIAN_POINT('',(5.52619880172462,54.,5.17048091848917));
#9597=CARTESIAN_POINT('',(13.3673244348292,52.5,10.5030775229939));
#9598=CARTESIAN_POINT('Origin',(9.74092918661544,16.5,-13.932490752961));
#9599=CARTESIAN_POINT('',(9.74092918661544,52.5,-13.932490752961));
#9600=CARTESIAN_POINT('',(8.61611163663993,52.5,-12.2785430839721));
#9601=CARTESIAN_POINT('',(4.96130638878831,52.5,-6.90446564321342));
#9602=CARTESIAN_POINT('',(9.74092918661544,54.,-13.932490752961));
#9603=CARTESIAN_POINT('',(9.74092918661544,52.5,-13.932490752961));
#9604=CARTESIAN_POINT('',(8.61611163663993,54.,-12.2785430839721));
#9605=CARTESIAN_POINT('',(4.96130638878831,54.,-6.90446564321342));
#9606=CARTESIAN_POINT('',(8.61611163663993,0.,-12.2785430839721));
#9607=CARTESIAN_POINT('Origin',(0.,52.5,0.));
#9608=CARTESIAN_POINT('Origin',(0.,52.5,0.));
#9609=CARTESIAN_POINT('',(-15.,52.5,1.83697019872103E-15));
#9610=CARTESIAN_POINT('Origin',(0.,52.5,0.));
#9611=CARTESIAN_POINT('Origin',(0.,52.5,0.));
#9612=CARTESIAN_POINT('Origin',(0.,52.5,0.));
#9613=CARTESIAN_POINT('Origin',(0.,54.,0.));
#9614=CARTESIAN_POINT('Origin',(0.,54.,0.));
#9615=CARTESIAN_POINT('',(-15.,54.,1.83697019872103E-15));
#9616=CARTESIAN_POINT('Origin',(0.,54.,0.));
#9617=CARTESIAN_POINT('Origin',(0.,54.,0.));
#9618=CARTESIAN_POINT('Origin',(11.7090934418828,16.5,9.37534696793972));
#9619=CARTESIAN_POINT('',(11.7090934418828,50.,9.37534696793972));
#9620=CARTESIAN_POINT('',(13.3673244348292,50.,10.5030775229939));
#9621=CARTESIAN_POINT('',(5.52619880172462,50.,5.17048091848917));
#9622=CARTESIAN_POINT('',(11.7090934418828,51.5,9.37534696793972));
#9623=CARTESIAN_POINT('',(11.7090934418828,0.,9.37534696793973));
#9624=CARTESIAN_POINT('',(13.3673244348292,51.5,10.5030775229939));
#9625=CARTESIAN_POINT('',(5.52619880172462,51.5,5.17048091848917));
#9626=CARTESIAN_POINT('',(13.3673244348292,50.,10.5030775229939));
#9627=CARTESIAN_POINT('Origin',(9.74092918661544,16.5,-13.932490752961));
#9628=CARTESIAN_POINT('',(9.74092918661544,50.,-13.932490752961));
#9629=CARTESIAN_POINT('',(8.61611163663993,50.,-12.2785430839721));
#9630=CARTESIAN_POINT('',(4.96130638878831,50.,-6.90446564321342));
#9631=CARTESIAN_POINT('',(9.74092918661544,51.5,-13.932490752961));
#9632=CARTESIAN_POINT('',(9.74092918661544,50.,-13.932490752961));
#9633=CARTESIAN_POINT('',(8.61611163663993,51.5,-12.2785430839721));
#9634=CARTESIAN_POINT('',(4.96130638878831,51.5,-6.90446564321342));
#9635=CARTESIAN_POINT('',(8.61611163663993,0.,-12.2785430839721));
#9636=CARTESIAN_POINT('Origin',(0.,50.,0.));
#9637=CARTESIAN_POINT('Origin',(0.,50.,0.));
#9638=CARTESIAN_POINT('',(-15.,50.,1.83697019872103E-15));
#9639=CARTESIAN_POINT('Origin',(0.,50.,0.));
#9640=CARTESIAN_POINT('Origin',(0.,50.,0.));
#9641=CARTESIAN_POINT('Origin',(0.,50.,0.));
#9642=CARTESIAN_POINT('Origin',(0.,51.5,0.));
#9643=CARTESIAN_POINT('Origin',(0.,51.5,0.));
#9644=CARTESIAN_POINT('',(-15.,51.5,1.83697019872103E-15));
#9645=CARTESIAN_POINT('Origin',(0.,51.5,0.));
#9646=CARTESIAN_POINT('Origin',(0.,51.5,0.));
#9647=CARTESIAN_POINT('Origin',(11.7090934418828,16.5,9.37534696793972));
#9648=CARTESIAN_POINT('',(11.7090934418828,47.5,9.37534696793972));
#9649=CARTESIAN_POINT('',(13.3673244348292,47.5,10.5030775229939));
#9650=CARTESIAN_POINT('',(5.52619880172462,47.5,5.17048091848917));
#9651=CARTESIAN_POINT('',(11.7090934418828,49.,9.37534696793972));
#9652=CARTESIAN_POINT('',(11.7090934418828,0.,9.37534696793973));
#9653=CARTESIAN_POINT('',(13.3673244348292,49.,10.5030775229939));
#9654=CARTESIAN_POINT('',(5.52619880172462,49.,5.17048091848917));
#9655=CARTESIAN_POINT('',(13.3673244348292,47.5,10.5030775229939));
#9656=CARTESIAN_POINT('Origin',(9.74092918661544,16.5,-13.932490752961));
#9657=CARTESIAN_POINT('',(9.74092918661544,47.5,-13.932490752961));
#9658=CARTESIAN_POINT('',(8.61611163663993,47.5,-12.2785430839721));
#9659=CARTESIAN_POINT('',(4.96130638878831,47.5,-6.90446564321342));
#9660=CARTESIAN_POINT('',(9.74092918661544,49.,-13.932490752961));
#9661=CARTESIAN_POINT('',(9.74092918661544,47.5,-13.932490752961));
#9662=CARTESIAN_POINT('',(8.61611163663993,49.,-12.2785430839721));
#9663=CARTESIAN_POINT('',(4.96130638878831,49.,-6.90446564321342));
#9664=CARTESIAN_POINT('',(8.61611163663993,0.,-12.2785430839721));
#9665=CARTESIAN_POINT('Origin',(0.,47.5,0.));
#9666=CARTESIAN_POINT('Origin',(0.,47.5,0.));
#9667=CARTESIAN_POINT('',(-15.,47.5,1.83697019872103E-15));
#9668=CARTESIAN_POINT('Origin',(0.,47.5,0.));
#9669=CARTESIAN_POINT('Origin',(0.,47.5,0.));
#9670=CARTESIAN_POINT('Origin',(0.,47.5,0.));
#9671=CARTESIAN_POINT('Origin',(0.,49.,0.));
#9672=CARTESIAN_POINT('Origin',(0.,49.,0.));
#9673=CARTESIAN_POINT('',(-15.,49.,1.83697019872103E-15));
#9674=CARTESIAN_POINT('Origin',(0.,49.,0.));
#9675=CARTESIAN_POINT('Origin',(0.,49.,0.));
#9676=CARTESIAN_POINT('Origin',(11.7090934418828,16.5,9.37534696793972));
#9677=CARTESIAN_POINT('',(11.7090934418828,40.,9.37534696793972));
#9678=CARTESIAN_POINT('',(13.3673244348292,40.,10.5030775229939));
#9679=CARTESIAN_POINT('',(5.52619880172462,40.,5.17048091848917));
#9680=CARTESIAN_POINT('',(11.7090934418828,41.5,9.37534696793972));
#9681=CARTESIAN_POINT('',(11.7090934418828,0.,9.37534696793973));
#9682=CARTESIAN_POINT('',(13.3673244348292,41.5,10.5030775229939));
#9683=CARTESIAN_POINT('',(5.52619880172462,41.5,5.17048091848917));
#9684=CARTESIAN_POINT('',(13.3673244348292,40.,10.5030775229939));
#9685=CARTESIAN_POINT('Origin',(9.74092918661544,16.5,-13.932490752961));
#9686=CARTESIAN_POINT('',(9.74092918661544,40.,-13.932490752961));
#9687=CARTESIAN_POINT('',(8.61611163663993,40.,-12.2785430839721));
#9688=CARTESIAN_POINT('',(4.96130638878831,40.,-6.90446564321342));
#9689=CARTESIAN_POINT('',(9.74092918661544,41.5,-13.932490752961));
#9690=CARTESIAN_POINT('',(9.74092918661544,40.,-13.932490752961));
#9691=CARTESIAN_POINT('',(8.61611163663993,41.5,-12.2785430839721));
#9692=CARTESIAN_POINT('',(4.96130638878831,41.5,-6.90446564321342));
#9693=CARTESIAN_POINT('',(8.61611163663993,0.,-12.2785430839721));
#9694=CARTESIAN_POINT('Origin',(0.,40.,0.));
#9695=CARTESIAN_POINT('Origin',(0.,40.,0.));
#9696=CARTESIAN_POINT('',(-15.,40.,1.83697019872103E-15));
#9697=CARTESIAN_POINT('Origin',(0.,40.,0.));
#9698=CARTESIAN_POINT('Origin',(0.,40.,0.));
#9699=CARTESIAN_POINT('Origin',(0.,40.,0.));
#9700=CARTESIAN_POINT('Origin',(0.,41.5,0.));
#9701=CARTESIAN_POINT('Origin',(0.,41.5,0.));
#9702=CARTESIAN_POINT('',(-15.,41.5,1.83697019872103E-15));
#9703=CARTESIAN_POINT('Origin',(0.,41.5,0.));
#9704=CARTESIAN_POINT('Origin',(0.,41.5,0.));
#9705=CARTESIAN_POINT('Origin',(11.7090934418828,16.5,9.37534696793972));
#9706=CARTESIAN_POINT('',(11.7090934418828,45.,9.37534696793972));
#9707=CARTESIAN_POINT('',(13.3673244348292,45.,10.5030775229939));
#9708=CARTESIAN_POINT('',(5.52619880172462,45.,5.17048091848917));
#9709=CARTESIAN_POINT('',(11.7090934418828,46.5,9.37534696793972));
#9710=CARTESIAN_POINT('',(11.7090934418828,0.,9.37534696793973));
#9711=CARTESIAN_POINT('',(13.3673244348292,46.5,10.5030775229939));
#9712=CARTESIAN_POINT('',(5.52619880172462,46.5,5.17048091848917));
#9713=CARTESIAN_POINT('',(13.3673244348292,45.,10.5030775229939));
#9714=CARTESIAN_POINT('Origin',(9.74092918661544,16.5,-13.932490752961));
#9715=CARTESIAN_POINT('',(9.74092918661544,45.,-13.932490752961));
#9716=CARTESIAN_POINT('',(8.61611163663993,45.,-12.2785430839721));
#9717=CARTESIAN_POINT('',(4.96130638878831,45.,-6.90446564321342));
#9718=CARTESIAN_POINT('',(9.74092918661544,46.5,-13.932490752961));
#9719=CARTESIAN_POINT('',(9.74092918661544,45.,-13.932490752961));
#9720=CARTESIAN_POINT('',(8.61611163663993,46.5,-12.2785430839721));
#9721=CARTESIAN_POINT('',(4.96130638878831,46.5,-6.90446564321342));
#9722=CARTESIAN_POINT('',(8.61611163663993,0.,-12.2785430839721));
#9723=CARTESIAN_POINT('Origin',(0.,45.,0.));
#9724=CARTESIAN_POINT('Origin',(0.,45.,0.));
#9725=CARTESIAN_POINT('',(-15.,45.,1.83697019872103E-15));
#9726=CARTESIAN_POINT('Origin',(0.,45.,0.));
#9727=CARTESIAN_POINT('Origin',(0.,45.,0.));
#9728=CARTESIAN_POINT('Origin',(0.,45.,0.));
#9729=CARTESIAN_POINT('Origin',(0.,46.5,0.));
#9730=CARTESIAN_POINT('Origin',(0.,46.5,0.));
#9731=CARTESIAN_POINT('',(-15.,46.5,1.83697019872103E-15));
#9732=CARTESIAN_POINT('Origin',(0.,46.5,0.));
#9733=CARTESIAN_POINT('Origin',(0.,46.5,0.));
#9734=CARTESIAN_POINT('Origin',(11.7090934418828,16.5,9.37534696793972));
#9735=CARTESIAN_POINT('',(11.7090934418828,42.5,9.37534696793972));
#9736=CARTESIAN_POINT('',(13.3673244348292,42.5,10.5030775229939));
#9737=CARTESIAN_POINT('',(5.52619880172462,42.5,5.17048091848917));
#9738=CARTESIAN_POINT('',(11.7090934418828,44.,9.37534696793972));
#9739=CARTESIAN_POINT('',(11.7090934418828,0.,9.37534696793973));
#9740=CARTESIAN_POINT('',(13.3673244348292,44.,10.5030775229939));
#9741=CARTESIAN_POINT('',(5.52619880172462,44.,5.17048091848917));
#9742=CARTESIAN_POINT('',(13.3673244348292,42.5,10.5030775229939));
#9743=CARTESIAN_POINT('Origin',(9.74092918661544,16.5,-13.932490752961));
#9744=CARTESIAN_POINT('',(9.74092918661544,42.5,-13.932490752961));
#9745=CARTESIAN_POINT('',(8.61611163663993,42.5,-12.2785430839721));
#9746=CARTESIAN_POINT('',(4.96130638878831,42.5,-6.90446564321342));
#9747=CARTESIAN_POINT('',(9.74092918661544,44.,-13.932490752961));
#9748=CARTESIAN_POINT('',(9.74092918661544,42.5,-13.932490752961));
#9749=CARTESIAN_POINT('',(8.61611163663993,44.,-12.2785430839721));
#9750=CARTESIAN_POINT('',(4.96130638878831,44.,-6.90446564321342));
#9751=CARTESIAN_POINT('',(8.61611163663993,0.,-12.2785430839721));
#9752=CARTESIAN_POINT('Origin',(0.,42.5,0.));
#9753=CARTESIAN_POINT('Origin',(0.,42.5,0.));
#9754=CARTESIAN_POINT('',(-15.,42.5,1.83697019872103E-15));
#9755=CARTESIAN_POINT('Origin',(0.,42.5,0.));
#9756=CARTESIAN_POINT('Origin',(0.,42.5,0.));
#9757=CARTESIAN_POINT('Origin',(0.,42.5,0.));
#9758=CARTESIAN_POINT('Origin',(0.,44.,0.));
#9759=CARTESIAN_POINT('Origin',(0.,44.,0.));
#9760=CARTESIAN_POINT('',(-15.,44.,1.83697019872103E-15));
#9761=CARTESIAN_POINT('Origin',(0.,44.,0.));
#9762=CARTESIAN_POINT('Origin',(0.,44.,0.));
#9763=CARTESIAN_POINT('Origin',(11.7090934418828,16.5,9.37534696793972));
#9764=CARTESIAN_POINT('',(11.7090934418828,37.5,9.37534696793972));
#9765=CARTESIAN_POINT('',(13.3673244348292,37.5,10.5030775229939));
#9766=CARTESIAN_POINT('',(5.52619880172462,37.5,5.17048091848917));
#9767=CARTESIAN_POINT('',(11.7090934418828,39.,9.37534696793972));
#9768=CARTESIAN_POINT('',(11.7090934418828,0.,9.37534696793973));
#9769=CARTESIAN_POINT('',(13.3673244348292,39.,10.5030775229939));
#9770=CARTESIAN_POINT('',(5.52619880172462,39.,5.17048091848917));
#9771=CARTESIAN_POINT('',(13.3673244348292,37.5,10.5030775229939));
#9772=CARTESIAN_POINT('Origin',(9.74092918661544,16.5,-13.932490752961));
#9773=CARTESIAN_POINT('',(9.74092918661544,37.5,-13.932490752961));
#9774=CARTESIAN_POINT('',(8.61611163663993,37.5,-12.2785430839721));
#9775=CARTESIAN_POINT('',(4.96130638878831,37.5,-6.90446564321342));
#9776=CARTESIAN_POINT('',(9.74092918661544,39.,-13.932490752961));
#9777=CARTESIAN_POINT('',(9.74092918661544,37.5,-13.932490752961));
#9778=CARTESIAN_POINT('',(8.61611163663993,39.,-12.2785430839721));
#9779=CARTESIAN_POINT('',(4.96130638878831,39.,-6.90446564321342));
#9780=CARTESIAN_POINT('',(8.61611163663993,0.,-12.2785430839721));
#9781=CARTESIAN_POINT('Origin',(0.,37.5,0.));
#9782=CARTESIAN_POINT('Origin',(0.,37.5,0.));
#9783=CARTESIAN_POINT('',(-15.,37.5,1.83697019872103E-15));
#9784=CARTESIAN_POINT('Origin',(0.,37.5,0.));
#9785=CARTESIAN_POINT('Origin',(0.,37.5,0.));
#9786=CARTESIAN_POINT('Origin',(0.,37.5,0.));
#9787=CARTESIAN_POINT('Origin',(0.,39.,0.));
#9788=CARTESIAN_POINT('Origin',(0.,39.,0.));
#9789=CARTESIAN_POINT('',(-15.,39.,1.83697019872103E-15));
#9790=CARTESIAN_POINT('Origin',(0.,39.,0.));
#9791=CARTESIAN_POINT('Origin',(0.,39.,0.));
#9792=CARTESIAN_POINT('Origin',(11.7090934418828,16.5,9.37534696793972));
#9793=CARTESIAN_POINT('',(11.7090934418828,55.,9.37534696793972));
#9794=CARTESIAN_POINT('',(13.3673244348292,55.,10.5030775229939));
#9795=CARTESIAN_POINT('',(5.52619880172462,55.,5.17048091848917));
#9796=CARTESIAN_POINT('',(11.7090934418828,56.5,9.37534696793972));
#9797=CARTESIAN_POINT('',(11.7090934418828,0.,9.37534696793973));
#9798=CARTESIAN_POINT('',(13.3673244348292,56.5,10.5030775229939));
#9799=CARTESIAN_POINT('',(5.52619880172462,56.5,5.17048091848917));
#9800=CARTESIAN_POINT('',(13.3673244348292,55.,10.5030775229939));
#9801=CARTESIAN_POINT('Origin',(9.74092918661544,16.5,-13.932490752961));
#9802=CARTESIAN_POINT('',(9.74092918661544,55.,-13.932490752961));
#9803=CARTESIAN_POINT('',(8.61611163663993,55.,-12.2785430839721));
#9804=CARTESIAN_POINT('',(4.96130638878831,55.,-6.90446564321342));
#9805=CARTESIAN_POINT('',(9.74092918661544,56.5,-13.932490752961));
#9806=CARTESIAN_POINT('',(9.74092918661544,55.,-13.932490752961));
#9807=CARTESIAN_POINT('',(8.61611163663993,56.5,-12.2785430839721));
#9808=CARTESIAN_POINT('',(4.96130638878831,56.5,-6.90446564321342));
#9809=CARTESIAN_POINT('',(8.61611163663993,0.,-12.2785430839721));
#9810=CARTESIAN_POINT('Origin',(0.,55.,0.));
#9811=CARTESIAN_POINT('Origin',(0.,55.,0.));
#9812=CARTESIAN_POINT('',(-15.,55.,1.83697019872103E-15));
#9813=CARTESIAN_POINT('Origin',(0.,55.,0.));
#9814=CARTESIAN_POINT('Origin',(0.,55.,0.));
#9815=CARTESIAN_POINT('Origin',(0.,55.,0.));
#9816=CARTESIAN_POINT('Origin',(0.,56.5,0.));
#9817=CARTESIAN_POINT('Origin',(0.,56.5,0.));
#9818=CARTESIAN_POINT('',(-15.,56.5,1.83697019872103E-15));
#9819=CARTESIAN_POINT('Origin',(0.,56.5,0.));
#9820=CARTESIAN_POINT('Origin',(0.,56.5,0.));
#9821=CARTESIAN_POINT('Origin',(11.7090934418828,16.5,9.37534696793972));
#9822=CARTESIAN_POINT('',(11.7090934418828,30.,9.37534696793972));
#9823=CARTESIAN_POINT('',(13.3673244348292,30.,10.5030775229939));
#9824=CARTESIAN_POINT('',(5.52619880172462,30.,5.17048091848917));
#9825=CARTESIAN_POINT('',(11.7090934418828,31.5,9.37534696793972));
#9826=CARTESIAN_POINT('',(11.7090934418828,0.,9.37534696793973));
#9827=CARTESIAN_POINT('',(13.3673244348292,31.5,10.5030775229939));
#9828=CARTESIAN_POINT('',(5.52619880172462,31.5,5.17048091848917));
#9829=CARTESIAN_POINT('',(13.3673244348292,30.,10.5030775229939));
#9830=CARTESIAN_POINT('Origin',(9.74092918661544,16.5,-13.932490752961));
#9831=CARTESIAN_POINT('',(9.74092918661544,30.,-13.932490752961));
#9832=CARTESIAN_POINT('',(8.61611163663993,30.,-12.2785430839721));
#9833=CARTESIAN_POINT('',(4.96130638878831,30.,-6.90446564321342));
#9834=CARTESIAN_POINT('',(9.74092918661544,31.5,-13.932490752961));
#9835=CARTESIAN_POINT('',(9.74092918661544,30.,-13.932490752961));
#9836=CARTESIAN_POINT('',(8.61611163663993,31.5,-12.2785430839721));
#9837=CARTESIAN_POINT('',(4.96130638878831,31.5,-6.90446564321342));
#9838=CARTESIAN_POINT('',(8.61611163663993,0.,-12.2785430839721));
#9839=CARTESIAN_POINT('Origin',(0.,30.,0.));
#9840=CARTESIAN_POINT('Origin',(0.,30.,0.));
#9841=CARTESIAN_POINT('',(-15.,30.,1.83697019872103E-15));
#9842=CARTESIAN_POINT('Origin',(0.,30.,0.));
#9843=CARTESIAN_POINT('Origin',(0.,30.,0.));
#9844=CARTESIAN_POINT('Origin',(0.,30.,0.));
#9845=CARTESIAN_POINT('Origin',(0.,31.5,0.));
#9846=CARTESIAN_POINT('Origin',(0.,31.5,0.));
#9847=CARTESIAN_POINT('',(-15.,31.5,1.83697019872103E-15));
#9848=CARTESIAN_POINT('Origin',(0.,31.5,0.));
#9849=CARTESIAN_POINT('Origin',(0.,31.5,0.));
#9850=CARTESIAN_POINT('Origin',(11.7090934418828,16.5,9.37534696793972));
#9851=CARTESIAN_POINT('',(11.7090934418828,27.5,9.37534696793972));
#9852=CARTESIAN_POINT('',(13.3673244348292,27.5,10.5030775229939));
#9853=CARTESIAN_POINT('',(5.52619880172462,27.5,5.17048091848917));
#9854=CARTESIAN_POINT('',(11.7090934418828,29.,9.37534696793972));
#9855=CARTESIAN_POINT('',(11.7090934418828,0.,9.37534696793973));
#9856=CARTESIAN_POINT('',(13.3673244348292,29.,10.5030775229939));
#9857=CARTESIAN_POINT('',(5.52619880172462,29.,5.17048091848917));
#9858=CARTESIAN_POINT('',(13.3673244348292,27.5,10.5030775229939));
#9859=CARTESIAN_POINT('Origin',(9.74092918661544,16.5,-13.932490752961));
#9860=CARTESIAN_POINT('',(9.74092918661544,27.5,-13.932490752961));
#9861=CARTESIAN_POINT('',(8.61611163663993,27.5,-12.2785430839721));
#9862=CARTESIAN_POINT('',(4.96130638878831,27.5,-6.90446564321342));
#9863=CARTESIAN_POINT('',(9.74092918661544,29.,-13.932490752961));
#9864=CARTESIAN_POINT('',(9.74092918661544,27.5,-13.932490752961));
#9865=CARTESIAN_POINT('',(8.61611163663993,29.,-12.2785430839721));
#9866=CARTESIAN_POINT('',(4.96130638878831,29.,-6.90446564321342));
#9867=CARTESIAN_POINT('',(8.61611163663993,0.,-12.2785430839721));
#9868=CARTESIAN_POINT('Origin',(0.,27.5,0.));
#9869=CARTESIAN_POINT('Origin',(0.,27.5,0.));
#9870=CARTESIAN_POINT('',(-15.,27.5,1.83697019872103E-15));
#9871=CARTESIAN_POINT('Origin',(0.,27.5,0.));
#9872=CARTESIAN_POINT('Origin',(0.,27.5,0.));
#9873=CARTESIAN_POINT('Origin',(0.,27.5,0.));
#9874=CARTESIAN_POINT('Origin',(0.,29.,0.));
#9875=CARTESIAN_POINT('Origin',(0.,29.,0.));
#9876=CARTESIAN_POINT('',(-15.,29.,1.83697019872103E-15));
#9877=CARTESIAN_POINT('Origin',(0.,29.,0.));
#9878=CARTESIAN_POINT('Origin',(0.,29.,0.));
#9879=CARTESIAN_POINT('Origin',(11.7090934418828,16.5,9.37534696793972));
#9880=CARTESIAN_POINT('',(11.7090934418828,25.,9.37534696793972));
#9881=CARTESIAN_POINT('',(13.3673244348292,25.,10.5030775229939));
#9882=CARTESIAN_POINT('',(5.52619880172462,25.,5.17048091848917));
#9883=CARTESIAN_POINT('',(11.7090934418828,26.5,9.37534696793972));
#9884=CARTESIAN_POINT('',(11.7090934418828,0.,9.37534696793973));
#9885=CARTESIAN_POINT('',(13.3673244348292,26.5,10.5030775229939));
#9886=CARTESIAN_POINT('',(5.52619880172462,26.5,5.17048091848917));
#9887=CARTESIAN_POINT('',(13.3673244348292,25.,10.5030775229939));
#9888=CARTESIAN_POINT('Origin',(9.74092918661544,16.5,-13.932490752961));
#9889=CARTESIAN_POINT('',(9.74092918661544,25.,-13.932490752961));
#9890=CARTESIAN_POINT('',(8.61611163663993,25.,-12.2785430839721));
#9891=CARTESIAN_POINT('',(4.96130638878831,25.,-6.90446564321342));
#9892=CARTESIAN_POINT('',(9.74092918661544,26.5,-13.932490752961));
#9893=CARTESIAN_POINT('',(9.74092918661544,25.,-13.932490752961));
#9894=CARTESIAN_POINT('',(8.61611163663993,26.5,-12.2785430839721));
#9895=CARTESIAN_POINT('',(4.96130638878831,26.5,-6.90446564321342));
#9896=CARTESIAN_POINT('',(8.61611163663993,0.,-12.2785430839721));
#9897=CARTESIAN_POINT('Origin',(0.,25.,0.));
#9898=CARTESIAN_POINT('Origin',(0.,25.,0.));
#9899=CARTESIAN_POINT('',(-15.,25.,1.83697019872103E-15));
#9900=CARTESIAN_POINT('Origin',(0.,25.,0.));
#9901=CARTESIAN_POINT('Origin',(0.,25.,0.));
#9902=CARTESIAN_POINT('Origin',(0.,25.,0.));
#9903=CARTESIAN_POINT('Origin',(0.,26.5,0.));
#9904=CARTESIAN_POINT('Origin',(0.,26.5,0.));
#9905=CARTESIAN_POINT('',(-15.,26.5,1.83697019872103E-15));
#9906=CARTESIAN_POINT('Origin',(0.,26.5,0.));
#9907=CARTESIAN_POINT('Origin',(0.,26.5,0.));
#9908=CARTESIAN_POINT('Origin',(11.7090934418828,16.5,9.37534696793972));
#9909=CARTESIAN_POINT('',(11.7090934418828,22.5,9.37534696793972));
#9910=CARTESIAN_POINT('',(13.3673244348292,22.5,10.5030775229939));
#9911=CARTESIAN_POINT('',(5.52619880172462,22.5,5.17048091848917));
#9912=CARTESIAN_POINT('',(11.7090934418828,24.,9.37534696793972));
#9913=CARTESIAN_POINT('',(11.7090934418828,0.,9.37534696793973));
#9914=CARTESIAN_POINT('',(13.3673244348292,24.,10.5030775229939));
#9915=CARTESIAN_POINT('',(5.52619880172462,24.,5.17048091848917));
#9916=CARTESIAN_POINT('',(13.3673244348292,22.5,10.5030775229939));
#9917=CARTESIAN_POINT('Origin',(9.74092918661544,16.5,-13.932490752961));
#9918=CARTESIAN_POINT('',(9.74092918661544,22.5,-13.932490752961));
#9919=CARTESIAN_POINT('',(8.61611163663993,22.5,-12.2785430839721));
#9920=CARTESIAN_POINT('',(4.96130638878831,22.5,-6.90446564321342));
#9921=CARTESIAN_POINT('',(9.74092918661544,24.,-13.932490752961));
#9922=CARTESIAN_POINT('',(9.74092918661544,22.5,-13.932490752961));
#9923=CARTESIAN_POINT('',(8.61611163663993,24.,-12.2785430839721));
#9924=CARTESIAN_POINT('',(4.96130638878831,24.,-6.90446564321342));
#9925=CARTESIAN_POINT('',(8.61611163663993,0.,-12.2785430839721));
#9926=CARTESIAN_POINT('Origin',(0.,22.5,0.));
#9927=CARTESIAN_POINT('Origin',(0.,22.5,0.));
#9928=CARTESIAN_POINT('',(-15.,22.5,1.83697019872103E-15));
#9929=CARTESIAN_POINT('Origin',(0.,22.5,0.));
#9930=CARTESIAN_POINT('Origin',(0.,22.5,0.));
#9931=CARTESIAN_POINT('Origin',(0.,22.5,0.));
#9932=CARTESIAN_POINT('Origin',(0.,24.,0.));
#9933=CARTESIAN_POINT('Origin',(0.,24.,0.));
#9934=CARTESIAN_POINT('',(-15.,24.,1.83697019872103E-15));
#9935=CARTESIAN_POINT('Origin',(0.,24.,0.));
#9936=CARTESIAN_POINT('Origin',(0.,24.,0.));
#9937=CARTESIAN_POINT('Origin',(11.7090934418828,16.5,9.37534696793972));
#9938=CARTESIAN_POINT('',(11.7090934418828,20.,9.37534696793972));
#9939=CARTESIAN_POINT('',(13.3673244348292,20.,10.5030775229939));
#9940=CARTESIAN_POINT('',(5.52619880172462,20.,5.17048091848917));
#9941=CARTESIAN_POINT('',(11.7090934418828,21.5,9.37534696793972));
#9942=CARTESIAN_POINT('',(11.7090934418828,0.,9.37534696793973));
#9943=CARTESIAN_POINT('',(13.3673244348292,21.5,10.5030775229939));
#9944=CARTESIAN_POINT('',(5.52619880172462,21.5,5.17048091848917));
#9945=CARTESIAN_POINT('',(13.3673244348292,20.,10.5030775229939));
#9946=CARTESIAN_POINT('Origin',(9.74092918661544,16.5,-13.932490752961));
#9947=CARTESIAN_POINT('',(9.74092918661544,20.,-13.932490752961));
#9948=CARTESIAN_POINT('',(8.61611163663993,20.,-12.2785430839721));
#9949=CARTESIAN_POINT('',(4.96130638878831,20.,-6.90446564321342));
#9950=CARTESIAN_POINT('',(9.74092918661544,21.5,-13.932490752961));
#9951=CARTESIAN_POINT('',(9.74092918661544,20.,-13.932490752961));
#9952=CARTESIAN_POINT('',(8.61611163663993,21.5,-12.2785430839721));
#9953=CARTESIAN_POINT('',(4.96130638878831,21.5,-6.90446564321342));
#9954=CARTESIAN_POINT('',(8.61611163663993,0.,-12.2785430839721));
#9955=CARTESIAN_POINT('Origin',(0.,20.,0.));
#9956=CARTESIAN_POINT('Origin',(0.,20.,0.));
#9957=CARTESIAN_POINT('',(-15.,20.,1.83697019872103E-15));
#9958=CARTESIAN_POINT('Origin',(0.,20.,0.));
#9959=CARTESIAN_POINT('Origin',(0.,20.,0.));
#9960=CARTESIAN_POINT('Origin',(0.,20.,0.));
#9961=CARTESIAN_POINT('Origin',(0.,21.5,0.));
#9962=CARTESIAN_POINT('Origin',(0.,21.5,0.));
#9963=CARTESIAN_POINT('',(-15.,21.5,1.83697019872103E-15));
#9964=CARTESIAN_POINT('Origin',(0.,21.5,0.));
#9965=CARTESIAN_POINT('Origin',(0.,21.5,0.));
#9966=CARTESIAN_POINT('Origin',(11.7090934418828,16.5,9.37534696793972));
#9967=CARTESIAN_POINT('',(11.7090934418828,17.5,9.37534696793972));
#9968=CARTESIAN_POINT('',(13.3673244348292,17.5,10.5030775229939));
#9969=CARTESIAN_POINT('',(5.52619880172462,17.5,5.17048091848917));
#9970=CARTESIAN_POINT('',(11.7090934418828,19.,9.37534696793972));
#9971=CARTESIAN_POINT('',(11.7090934418828,0.,9.37534696793973));
#9972=CARTESIAN_POINT('',(13.3673244348292,19.,10.5030775229939));
#9973=CARTESIAN_POINT('',(5.52619880172462,19.,5.17048091848917));
#9974=CARTESIAN_POINT('',(13.3673244348292,17.5,10.5030775229939));
#9975=CARTESIAN_POINT('Origin',(9.74092918661544,16.5,-13.932490752961));
#9976=CARTESIAN_POINT('',(9.74092918661544,17.5,-13.932490752961));
#9977=CARTESIAN_POINT('',(8.61611163663993,17.5,-12.2785430839721));
#9978=CARTESIAN_POINT('',(4.96130638878831,17.5,-6.90446564321342));
#9979=CARTESIAN_POINT('',(9.74092918661544,19.,-13.932490752961));
#9980=CARTESIAN_POINT('',(9.74092918661544,17.5,-13.932490752961));
#9981=CARTESIAN_POINT('',(8.61611163663993,19.,-12.2785430839721));
#9982=CARTESIAN_POINT('',(4.96130638878831,19.,-6.90446564321342));
#9983=CARTESIAN_POINT('',(8.61611163663993,0.,-12.2785430839721));
#9984=CARTESIAN_POINT('Origin',(0.,17.5,0.));
#9985=CARTESIAN_POINT('Origin',(0.,17.5,0.));
#9986=CARTESIAN_POINT('',(-15.,17.5,1.83697019872103E-15));
#9987=CARTESIAN_POINT('Origin',(0.,17.5,0.));
#9988=CARTESIAN_POINT('Origin',(0.,17.5,0.));
#9989=CARTESIAN_POINT('Origin',(0.,17.5,0.));
#9990=CARTESIAN_POINT('Origin',(0.,19.,0.));
#9991=CARTESIAN_POINT('Origin',(0.,19.,0.));
#9992=CARTESIAN_POINT('',(-15.,19.,1.83697019872103E-15));
#9993=CARTESIAN_POINT('Origin',(0.,19.,0.));
#9994=CARTESIAN_POINT('Origin',(0.,19.,0.));
#9995=CARTESIAN_POINT('Origin',(11.7090934418828,16.5,9.37534696793972));
#9996=CARTESIAN_POINT('',(11.7090934418828,35.,9.37534696793972));
#9997=CARTESIAN_POINT('',(13.3673244348292,35.,10.5030775229939));
#9998=CARTESIAN_POINT('',(5.52619880172462,35.,5.17048091848917));
#9999=CARTESIAN_POINT('',(11.7090934418828,36.5,9.37534696793972));
#10000=CARTESIAN_POINT('',(11.7090934418828,0.,9.37534696793973));
#10001=CARTESIAN_POINT('',(13.3673244348292,36.5,10.5030775229939));
#10002=CARTESIAN_POINT('',(5.52619880172462,36.5,5.17048091848917));
#10003=CARTESIAN_POINT('',(13.3673244348292,35.,10.5030775229939));
#10004=CARTESIAN_POINT('Origin',(9.74092918661544,16.5,-13.932490752961));
#10005=CARTESIAN_POINT('',(9.74092918661544,35.,-13.932490752961));
#10006=CARTESIAN_POINT('',(8.61611163663993,35.,-12.2785430839721));
#10007=CARTESIAN_POINT('',(4.96130638878831,35.,-6.90446564321342));
#10008=CARTESIAN_POINT('',(9.74092918661544,36.5,-13.932490752961));
#10009=CARTESIAN_POINT('',(9.74092918661544,35.,-13.932490752961));
#10010=CARTESIAN_POINT('',(8.61611163663993,36.5,-12.2785430839721));
#10011=CARTESIAN_POINT('',(4.96130638878831,36.5,-6.90446564321342));
#10012=CARTESIAN_POINT('',(8.61611163663993,0.,-12.2785430839721));
#10013=CARTESIAN_POINT('Origin',(0.,35.,0.));
#10014=CARTESIAN_POINT('Origin',(0.,35.,0.));
#10015=CARTESIAN_POINT('',(-15.,35.,1.83697019872103E-15));
#10016=CARTESIAN_POINT('Origin',(0.,35.,0.));
#10017=CARTESIAN_POINT('Origin',(0.,35.,0.));
#10018=CARTESIAN_POINT('Origin',(0.,35.,0.));
#10019=CARTESIAN_POINT('Origin',(0.,36.5,0.));
#10020=CARTESIAN_POINT('Origin',(0.,36.5,0.));
#10021=CARTESIAN_POINT('',(-15.,36.5,1.83697019872103E-15));
#10022=CARTESIAN_POINT('Origin',(0.,36.5,0.));
#10023=CARTESIAN_POINT('Origin',(0.,36.5,0.));
#10024=CARTESIAN_POINT('Origin',(11.7090934418828,16.5,9.37534696793972));
#10025=CARTESIAN_POINT('',(11.7090934418828,32.5,9.37534696793972));
#10026=CARTESIAN_POINT('',(13.3673244348292,32.5,10.5030775229939));
#10027=CARTESIAN_POINT('',(5.52619880172462,32.5,5.17048091848917));
#10028=CARTESIAN_POINT('',(11.7090934418828,34.,9.37534696793972));
#10029=CARTESIAN_POINT('',(11.7090934418828,0.,9.37534696793973));
#10030=CARTESIAN_POINT('',(13.3673244348292,34.,10.5030775229939));
#10031=CARTESIAN_POINT('',(5.52619880172462,34.,5.17048091848917));
#10032=CARTESIAN_POINT('',(13.3673244348292,32.5,10.5030775229939));
#10033=CARTESIAN_POINT('Origin',(9.74092918661544,16.5,-13.932490752961));
#10034=CARTESIAN_POINT('',(9.74092918661544,32.5,-13.932490752961));
#10035=CARTESIAN_POINT('',(8.61611163663993,32.5,-12.2785430839721));
#10036=CARTESIAN_POINT('',(4.96130638878831,32.5,-6.90446564321342));
#10037=CARTESIAN_POINT('',(9.74092918661544,34.,-13.932490752961));
#10038=CARTESIAN_POINT('',(9.74092918661544,32.5,-13.932490752961));
#10039=CARTESIAN_POINT('',(8.61611163663993,34.,-12.2785430839721));
#10040=CARTESIAN_POINT('',(4.96130638878831,34.,-6.90446564321342));
#10041=CARTESIAN_POINT('',(8.61611163663993,0.,-12.2785430839721));
#10042=CARTESIAN_POINT('Origin',(0.,32.5,0.));
#10043=CARTESIAN_POINT('Origin',(0.,32.5,0.));
#10044=CARTESIAN_POINT('',(-15.,32.5,1.83697019872103E-15));
#10045=CARTESIAN_POINT('Origin',(0.,32.5,0.));
#10046=CARTESIAN_POINT('Origin',(0.,32.5,0.));
#10047=CARTESIAN_POINT('Origin',(0.,32.5,0.));
#10048=CARTESIAN_POINT('Origin',(0.,34.,0.));
#10049=CARTESIAN_POINT('Origin',(0.,34.,0.));
#10050=CARTESIAN_POINT('',(-15.,34.,1.83697019872103E-15));
#10051=CARTESIAN_POINT('Origin',(0.,34.,0.));
#10052=CARTESIAN_POINT('Origin',(0.,34.,0.));
#10053=CARTESIAN_POINT('Origin',(11.7090934418828,16.5,9.37534696793972));
#10054=CARTESIAN_POINT('',(11.7090934418828,90.,9.37534696793972));
#10055=CARTESIAN_POINT('',(13.3673244348292,90.,10.5030775229939));
#10056=CARTESIAN_POINT('',(5.52619880172462,90.,5.17048091848917));
#10057=CARTESIAN_POINT('',(11.7090934418828,91.5,9.37534696793972));
#10058=CARTESIAN_POINT('',(11.7090934418828,0.,9.37534696793973));
#10059=CARTESIAN_POINT('',(13.3673244348292,91.5,10.5030775229939));
#10060=CARTESIAN_POINT('',(5.52619880172462,91.5,5.17048091848917));
#10061=CARTESIAN_POINT('',(13.3673244348292,90.,10.5030775229939));
#10062=CARTESIAN_POINT('Origin',(9.74092918661544,16.5,-13.932490752961));
#10063=CARTESIAN_POINT('',(9.74092918661544,90.,-13.932490752961));
#10064=CARTESIAN_POINT('',(8.61611163663993,90.,-12.2785430839721));
#10065=CARTESIAN_POINT('',(4.96130638878831,90.,-6.90446564321342));
#10066=CARTESIAN_POINT('',(9.74092918661544,91.5,-13.932490752961));
#10067=CARTESIAN_POINT('',(9.74092918661544,90.,-13.932490752961));
#10068=CARTESIAN_POINT('',(8.61611163663993,91.5,-12.2785430839721));
#10069=CARTESIAN_POINT('',(4.96130638878831,91.5,-6.90446564321342));
#10070=CARTESIAN_POINT('',(8.61611163663993,0.,-12.2785430839721));
#10071=CARTESIAN_POINT('Origin',(0.,90.,0.));
#10072=CARTESIAN_POINT('Origin',(0.,90.,0.));
#10073=CARTESIAN_POINT('',(-15.,90.,1.83697019872103E-15));
#10074=CARTESIAN_POINT('Origin',(0.,90.,0.));
#10075=CARTESIAN_POINT('Origin',(0.,90.,0.));
#10076=CARTESIAN_POINT('Origin',(0.,90.,0.));
#10077=CARTESIAN_POINT('Origin',(0.,91.5,0.));
#10078=CARTESIAN_POINT('Origin',(0.,91.5,0.));
#10079=CARTESIAN_POINT('',(-15.,91.5,1.83697019872103E-15));
#10080=CARTESIAN_POINT('Origin',(0.,91.5,0.));
#10081=CARTESIAN_POINT('Origin',(0.,91.5,0.));
#10082=CARTESIAN_POINT('Origin',(11.7090934418828,16.5,9.37534696793972));
#10083=CARTESIAN_POINT('',(11.7090934418828,87.5,9.37534696793972));
#10084=CARTESIAN_POINT('',(13.3673244348292,87.5,10.5030775229939));
#10085=CARTESIAN_POINT('',(5.52619880172462,87.5,5.17048091848917));
#10086=CARTESIAN_POINT('',(11.7090934418828,89.,9.37534696793972));
#10087=CARTESIAN_POINT('',(11.7090934418828,0.,9.37534696793973));
#10088=CARTESIAN_POINT('',(13.3673244348292,89.,10.5030775229939));
#10089=CARTESIAN_POINT('',(5.52619880172462,89.,5.17048091848917));
#10090=CARTESIAN_POINT('',(13.3673244348292,87.5,10.5030775229939));
#10091=CARTESIAN_POINT('Origin',(9.74092918661544,16.5,-13.932490752961));
#10092=CARTESIAN_POINT('',(9.74092918661544,87.5,-13.932490752961));
#10093=CARTESIAN_POINT('',(8.61611163663993,87.5,-12.2785430839721));
#10094=CARTESIAN_POINT('',(4.96130638878831,87.5,-6.90446564321342));
#10095=CARTESIAN_POINT('',(9.74092918661544,89.,-13.932490752961));
#10096=CARTESIAN_POINT('',(9.74092918661544,87.5,-13.932490752961));
#10097=CARTESIAN_POINT('',(8.61611163663993,89.,-12.2785430839721));
#10098=CARTESIAN_POINT('',(4.96130638878831,89.,-6.90446564321342));
#10099=CARTESIAN_POINT('',(8.61611163663993,0.,-12.2785430839721));
#10100=CARTESIAN_POINT('Origin',(0.,87.5,0.));
#10101=CARTESIAN_POINT('Origin',(0.,87.5,0.));
#10102=CARTESIAN_POINT('',(-15.,87.5,1.83697019872103E-15));
#10103=CARTESIAN_POINT('Origin',(0.,87.5,0.));
#10104=CARTESIAN_POINT('Origin',(0.,87.5,0.));
#10105=CARTESIAN_POINT('Origin',(0.,87.5,0.));
#10106=CARTESIAN_POINT('Origin',(0.,89.,0.));
#10107=CARTESIAN_POINT('Origin',(0.,89.,0.));
#10108=CARTESIAN_POINT('',(-15.,89.,1.83697019872103E-15));
#10109=CARTESIAN_POINT('Origin',(0.,89.,0.));
#10110=CARTESIAN_POINT('Origin',(0.,89.,0.));
#10111=CARTESIAN_POINT('Origin',(11.7090934418828,16.5,9.37534696793972));
#10112=CARTESIAN_POINT('',(11.7090934418828,82.5,9.37534696793972));
#10113=CARTESIAN_POINT('',(13.3673244348292,82.5,10.5030775229939));
#10114=CARTESIAN_POINT('',(5.52619880172462,82.5,5.17048091848917));
#10115=CARTESIAN_POINT('',(11.7090934418828,84.,9.37534696793972));
#10116=CARTESIAN_POINT('',(11.7090934418828,0.,9.37534696793973));
#10117=CARTESIAN_POINT('',(13.3673244348292,84.,10.5030775229939));
#10118=CARTESIAN_POINT('',(5.52619880172462,84.,5.17048091848917));
#10119=CARTESIAN_POINT('',(13.3673244348292,82.5,10.5030775229939));
#10120=CARTESIAN_POINT('Origin',(9.74092918661544,16.5,-13.932490752961));
#10121=CARTESIAN_POINT('',(9.74092918661544,82.5,-13.932490752961));
#10122=CARTESIAN_POINT('',(8.61611163663993,82.5,-12.2785430839721));
#10123=CARTESIAN_POINT('',(4.96130638878831,82.5,-6.90446564321342));
#10124=CARTESIAN_POINT('',(9.74092918661544,84.,-13.932490752961));
#10125=CARTESIAN_POINT('',(9.74092918661544,82.5,-13.932490752961));
#10126=CARTESIAN_POINT('',(8.61611163663993,84.,-12.2785430839721));
#10127=CARTESIAN_POINT('',(4.96130638878831,84.,-6.90446564321342));
#10128=CARTESIAN_POINT('',(8.61611163663993,0.,-12.2785430839721));
#10129=CARTESIAN_POINT('Origin',(0.,82.5,0.));
#10130=CARTESIAN_POINT('Origin',(0.,82.5,0.));
#10131=CARTESIAN_POINT('',(-15.,82.5,1.83697019872103E-15));
#10132=CARTESIAN_POINT('Origin',(0.,82.5,0.));
#10133=CARTESIAN_POINT('Origin',(0.,82.5,0.));
#10134=CARTESIAN_POINT('Origin',(0.,82.5,0.));
#10135=CARTESIAN_POINT('Origin',(0.,84.,0.));
#10136=CARTESIAN_POINT('Origin',(0.,84.,0.));
#10137=CARTESIAN_POINT('',(-15.,84.,1.83697019872103E-15));
#10138=CARTESIAN_POINT('Origin',(0.,84.,0.));
#10139=CARTESIAN_POINT('Origin',(0.,84.,0.));
#10140=CARTESIAN_POINT('Origin',(11.7090934418828,16.5,9.37534696793972));
#10141=CARTESIAN_POINT('',(11.7090934418828,80.,9.37534696793972));
#10142=CARTESIAN_POINT('',(13.3673244348292,80.,10.5030775229939));
#10143=CARTESIAN_POINT('',(5.52619880172462,80.,5.17048091848917));
#10144=CARTESIAN_POINT('',(11.7090934418828,81.5,9.37534696793972));
#10145=CARTESIAN_POINT('',(11.7090934418828,0.,9.37534696793973));
#10146=CARTESIAN_POINT('',(13.3673244348292,81.5,10.5030775229939));
#10147=CARTESIAN_POINT('',(5.52619880172462,81.5,5.17048091848917));
#10148=CARTESIAN_POINT('',(13.3673244348292,80.,10.5030775229939));
#10149=CARTESIAN_POINT('Origin',(9.74092918661544,16.5,-13.932490752961));
#10150=CARTESIAN_POINT('',(9.74092918661544,80.,-13.932490752961));
#10151=CARTESIAN_POINT('',(8.61611163663993,80.,-12.2785430839721));
#10152=CARTESIAN_POINT('',(4.96130638878831,80.,-6.90446564321342));
#10153=CARTESIAN_POINT('',(9.74092918661544,81.5,-13.932490752961));
#10154=CARTESIAN_POINT('',(9.74092918661544,80.,-13.932490752961));
#10155=CARTESIAN_POINT('',(8.61611163663993,81.5,-12.2785430839721));
#10156=CARTESIAN_POINT('',(4.96130638878831,81.5,-6.90446564321342));
#10157=CARTESIAN_POINT('',(8.61611163663993,0.,-12.2785430839721));
#10158=CARTESIAN_POINT('Origin',(0.,80.,0.));
#10159=CARTESIAN_POINT('Origin',(0.,80.,0.));
#10160=CARTESIAN_POINT('',(-15.,80.,1.83697019872103E-15));
#10161=CARTESIAN_POINT('Origin',(0.,80.,0.));
#10162=CARTESIAN_POINT('Origin',(0.,80.,0.));
#10163=CARTESIAN_POINT('Origin',(0.,80.,0.));
#10164=CARTESIAN_POINT('Origin',(0.,81.5,0.));
#10165=CARTESIAN_POINT('Origin',(0.,81.5,0.));
#10166=CARTESIAN_POINT('',(-15.,81.5,1.83697019872103E-15));
#10167=CARTESIAN_POINT('Origin',(0.,81.5,0.));
#10168=CARTESIAN_POINT('Origin',(0.,81.5,0.));
#10169=CARTESIAN_POINT('Origin',(11.7090934418828,16.5,9.37534696793972));
#10170=CARTESIAN_POINT('',(11.7090934418828,77.5,9.37534696793972));
#10171=CARTESIAN_POINT('',(13.3673244348292,77.5,10.5030775229939));
#10172=CARTESIAN_POINT('',(5.52619880172462,77.5,5.17048091848917));
#10173=CARTESIAN_POINT('',(11.7090934418828,79.,9.37534696793972));
#10174=CARTESIAN_POINT('',(11.7090934418828,0.,9.37534696793973));
#10175=CARTESIAN_POINT('',(13.3673244348292,79.,10.5030775229939));
#10176=CARTESIAN_POINT('',(5.52619880172462,79.,5.17048091848917));
#10177=CARTESIAN_POINT('',(13.3673244348292,77.5,10.5030775229939));
#10178=CARTESIAN_POINT('Origin',(9.74092918661544,16.5,-13.932490752961));
#10179=CARTESIAN_POINT('',(9.74092918661544,77.5,-13.932490752961));
#10180=CARTESIAN_POINT('',(8.61611163663993,77.5,-12.2785430839721));
#10181=CARTESIAN_POINT('',(4.96130638878831,77.5,-6.90446564321342));
#10182=CARTESIAN_POINT('',(9.74092918661544,79.,-13.932490752961));
#10183=CARTESIAN_POINT('',(9.74092918661544,77.5,-13.932490752961));
#10184=CARTESIAN_POINT('',(8.61611163663993,79.,-12.2785430839721));
#10185=CARTESIAN_POINT('',(4.96130638878831,79.,-6.90446564321342));
#10186=CARTESIAN_POINT('',(8.61611163663993,0.,-12.2785430839721));
#10187=CARTESIAN_POINT('Origin',(0.,77.5,0.));
#10188=CARTESIAN_POINT('Origin',(0.,77.5,0.));
#10189=CARTESIAN_POINT('',(-15.,77.5,1.83697019872103E-15));
#10190=CARTESIAN_POINT('Origin',(0.,77.5,0.));
#10191=CARTESIAN_POINT('Origin',(0.,77.5,0.));
#10192=CARTESIAN_POINT('Origin',(0.,77.5,0.));
#10193=CARTESIAN_POINT('Origin',(0.,79.,0.));
#10194=CARTESIAN_POINT('Origin',(0.,79.,0.));
#10195=CARTESIAN_POINT('',(-15.,79.,1.83697019872103E-15));
#10196=CARTESIAN_POINT('Origin',(0.,79.,0.));
#10197=CARTESIAN_POINT('Origin',(0.,79.,0.));
#10198=CARTESIAN_POINT('Origin',(11.7090934418828,16.5,9.37534696793972));
#10199=CARTESIAN_POINT('',(11.7090934418828,95.,9.37534696793972));
#10200=CARTESIAN_POINT('',(13.3673244348292,95.,10.5030775229939));
#10201=CARTESIAN_POINT('',(5.52619880172462,95.,5.17048091848917));
#10202=CARTESIAN_POINT('',(11.7090934418828,96.5,9.37534696793972));
#10203=CARTESIAN_POINT('',(11.7090934418828,0.,9.37534696793973));
#10204=CARTESIAN_POINT('',(13.3673244348292,96.5,10.5030775229939));
#10205=CARTESIAN_POINT('',(5.52619880172462,96.5,5.17048091848917));
#10206=CARTESIAN_POINT('',(13.3673244348292,95.,10.5030775229939));
#10207=CARTESIAN_POINT('Origin',(9.74092918661544,16.5,-13.932490752961));
#10208=CARTESIAN_POINT('',(9.74092918661544,95.,-13.932490752961));
#10209=CARTESIAN_POINT('',(8.61611163663993,95.,-12.2785430839721));
#10210=CARTESIAN_POINT('',(4.96130638878831,95.,-6.90446564321342));
#10211=CARTESIAN_POINT('',(9.74092918661544,96.5,-13.932490752961));
#10212=CARTESIAN_POINT('',(9.74092918661544,95.,-13.932490752961));
#10213=CARTESIAN_POINT('',(8.61611163663993,96.5,-12.2785430839721));
#10214=CARTESIAN_POINT('',(4.96130638878831,96.5,-6.90446564321342));
#10215=CARTESIAN_POINT('',(8.61611163663993,0.,-12.2785430839721));
#10216=CARTESIAN_POINT('Origin',(0.,95.,0.));
#10217=CARTESIAN_POINT('Origin',(0.,95.,0.));
#10218=CARTESIAN_POINT('',(-15.,95.,1.83697019872103E-15));
#10219=CARTESIAN_POINT('Origin',(0.,95.,0.));
#10220=CARTESIAN_POINT('Origin',(0.,95.,0.));
#10221=CARTESIAN_POINT('Origin',(0.,95.,0.));
#10222=CARTESIAN_POINT('Origin',(0.,96.5,0.));
#10223=CARTESIAN_POINT('Origin',(0.,96.5,0.));
#10224=CARTESIAN_POINT('',(-15.,96.5,1.83697019872103E-15));
#10225=CARTESIAN_POINT('Origin',(0.,96.5,0.));
#10226=CARTESIAN_POINT('Origin',(0.,96.5,0.));
#10227=CARTESIAN_POINT('Origin',(11.7090934418828,16.5,9.37534696793972));
#10228=CARTESIAN_POINT('',(11.7090934418828,92.5,9.37534696793972));
#10229=CARTESIAN_POINT('',(13.3673244348292,92.5,10.5030775229939));
#10230=CARTESIAN_POINT('',(5.52619880172462,92.5,5.17048091848917));
#10231=CARTESIAN_POINT('',(11.7090934418828,94.,9.37534696793972));
#10232=CARTESIAN_POINT('',(11.7090934418828,0.,9.37534696793973));
#10233=CARTESIAN_POINT('',(13.3673244348292,94.,10.5030775229939));
#10234=CARTESIAN_POINT('',(5.52619880172462,94.,5.17048091848917));
#10235=CARTESIAN_POINT('',(13.3673244348292,92.5,10.5030775229939));
#10236=CARTESIAN_POINT('Origin',(9.74092918661544,16.5,-13.932490752961));
#10237=CARTESIAN_POINT('',(9.74092918661544,92.5,-13.932490752961));
#10238=CARTESIAN_POINT('',(8.61611163663993,92.5,-12.2785430839721));
#10239=CARTESIAN_POINT('',(4.96130638878831,92.5,-6.90446564321342));
#10240=CARTESIAN_POINT('',(9.74092918661544,94.,-13.932490752961));
#10241=CARTESIAN_POINT('',(9.74092918661544,92.5,-13.932490752961));
#10242=CARTESIAN_POINT('',(8.61611163663993,94.,-12.2785430839721));
#10243=CARTESIAN_POINT('',(4.96130638878831,94.,-6.90446564321342));
#10244=CARTESIAN_POINT('',(8.61611163663993,0.,-12.2785430839721));
#10245=CARTESIAN_POINT('Origin',(0.,92.5,0.));
#10246=CARTESIAN_POINT('Origin',(0.,92.5,0.));
#10247=CARTESIAN_POINT('',(-15.,92.5,1.83697019872103E-15));
#10248=CARTESIAN_POINT('Origin',(0.,92.5,0.));
#10249=CARTESIAN_POINT('Origin',(0.,92.5,0.));
#10250=CARTESIAN_POINT('Origin',(0.,92.5,0.));
#10251=CARTESIAN_POINT('Origin',(0.,94.,0.));
#10252=CARTESIAN_POINT('Origin',(0.,94.,0.));
#10253=CARTESIAN_POINT('',(-15.,94.,1.83697019872103E-15));
#10254=CARTESIAN_POINT('Origin',(0.,94.,0.));
#10255=CARTESIAN_POINT('Origin',(0.,94.,0.));
#10256=CARTESIAN_POINT('Origin',(11.7090934418828,16.5,9.37534696793972));
#10257=CARTESIAN_POINT('',(11.7090934418828,85.,9.37534696793972));
#10258=CARTESIAN_POINT('',(13.3673244348292,85.,10.5030775229939));
#10259=CARTESIAN_POINT('',(5.52619880172462,85.,5.17048091848917));
#10260=CARTESIAN_POINT('',(11.7090934418828,86.5,9.37534696793972));
#10261=CARTESIAN_POINT('',(11.7090934418828,0.,9.37534696793973));
#10262=CARTESIAN_POINT('',(13.3673244348292,86.5,10.5030775229939));
#10263=CARTESIAN_POINT('',(5.52619880172462,86.5,5.17048091848917));
#10264=CARTESIAN_POINT('',(13.3673244348292,85.,10.5030775229939));
#10265=CARTESIAN_POINT('Origin',(9.74092918661544,16.5,-13.932490752961));
#10266=CARTESIAN_POINT('',(9.74092918661544,85.,-13.932490752961));
#10267=CARTESIAN_POINT('',(8.61611163663993,85.,-12.2785430839721));
#10268=CARTESIAN_POINT('',(4.96130638878831,85.,-6.90446564321342));
#10269=CARTESIAN_POINT('',(9.74092918661544,86.5,-13.932490752961));
#10270=CARTESIAN_POINT('',(9.74092918661544,85.,-13.932490752961));
#10271=CARTESIAN_POINT('',(8.61611163663993,86.5,-12.2785430839721));
#10272=CARTESIAN_POINT('',(4.96130638878831,86.5,-6.90446564321342));
#10273=CARTESIAN_POINT('',(8.61611163663993,0.,-12.2785430839721));
#10274=CARTESIAN_POINT('Origin',(0.,85.,0.));
#10275=CARTESIAN_POINT('Origin',(0.,85.,0.));
#10276=CARTESIAN_POINT('',(-15.,85.,1.83697019872103E-15));
#10277=CARTESIAN_POINT('Origin',(0.,85.,0.));
#10278=CARTESIAN_POINT('Origin',(0.,85.,0.));
#10279=CARTESIAN_POINT('Origin',(0.,85.,0.));
#10280=CARTESIAN_POINT('Origin',(0.,86.5,0.));
#10281=CARTESIAN_POINT('Origin',(0.,86.5,0.));
#10282=CARTESIAN_POINT('',(-15.,86.5,1.83697019872103E-15));
#10283=CARTESIAN_POINT('Origin',(0.,86.5,0.));
#10284=CARTESIAN_POINT('Origin',(0.,86.5,0.));
#10285=CARTESIAN_POINT('Origin',(0.,117.5,0.));
#10286=CARTESIAN_POINT('',(-17.,119.,-2.0818995585505E-15));
#10287=CARTESIAN_POINT('Origin',(0.,119.,0.));
#10288=CARTESIAN_POINT('',(-17.,117.5,-2.0818995585505E-15));
#10289=CARTESIAN_POINT('',(-17.,117.5,2.0818995585505E-15));
#10290=CARTESIAN_POINT('Origin',(0.,117.5,0.));
#10291=CARTESIAN_POINT('Origin',(0.,117.5,0.));
#10292=CARTESIAN_POINT('Origin',(0.,119.,0.));
#10293=CARTESIAN_POINT('',(-15.,119.,-1.83697019872103E-15));
#10294=CARTESIAN_POINT('Origin',(0.,119.,0.));
#10295=CARTESIAN_POINT('Origin',(0.,0.,0.));
#10296=CARTESIAN_POINT('',(-15.,120.,-1.83697019872103E-15));
#10297=CARTESIAN_POINT('Origin',(0.,120.,0.));
#10298=CARTESIAN_POINT('',(-15.,0.,1.83697019872103E-15));
#10299=CARTESIAN_POINT('Origin',(0.,120.,0.));
#10300=CARTESIAN_POINT('',(-17.,121.5,-2.0818995585505E-15));
#10301=CARTESIAN_POINT('Origin',(0.,121.5,0.));
#10302=CARTESIAN_POINT('',(-17.,120.,-2.0818995585505E-15));
#10303=CARTESIAN_POINT('',(-17.,120.,2.0818995585505E-15));
#10304=CARTESIAN_POINT('Origin',(0.,120.,0.));
#10305=CARTESIAN_POINT('Origin',(0.,120.,0.));
#10306=CARTESIAN_POINT('Origin',(0.,121.5,0.));
#10307=CARTESIAN_POINT('',(-15.,121.5,-1.83697019872103E-15));
#10308=CARTESIAN_POINT('Origin',(0.,121.5,0.));
#10309=CARTESIAN_POINT('Origin',(0.,0.,0.));
#10310=CARTESIAN_POINT('',(-15.,122.5,-1.83697019872103E-15));
#10311=CARTESIAN_POINT('Origin',(0.,122.5,0.));
#10312=CARTESIAN_POINT('',(-15.,0.,1.83697019872103E-15));
#10313=CARTESIAN_POINT('Origin',(0.,122.5,0.));
#10314=CARTESIAN_POINT('',(-17.,124.,-2.0818995585505E-15));
#10315=CARTESIAN_POINT('Origin',(0.,124.,0.));
#10316=CARTESIAN_POINT('',(-17.,122.5,-2.0818995585505E-15));
#10317=CARTESIAN_POINT('',(-17.,122.5,2.0818995585505E-15));
#10318=CARTESIAN_POINT('Origin',(0.,122.5,0.));
#10319=CARTESIAN_POINT('Origin',(0.,122.5,0.));
#10320=CARTESIAN_POINT('Origin',(0.,124.,0.));
#10321=CARTESIAN_POINT('',(-15.,124.,-1.83697019872103E-15));
#10322=CARTESIAN_POINT('Origin',(0.,124.,0.));
#10323=CARTESIAN_POINT('Origin',(0.,0.,0.));
#10324=CARTESIAN_POINT('',(-15.,125.,1.83697019872103E-15));
#10325=CARTESIAN_POINT('Origin',(0.,125.,0.));
#10326=CARTESIAN_POINT('',(-15.,0.,1.83697019872103E-15));
#10327=CARTESIAN_POINT('Origin',(0.,1.5,0.));
#10328=CARTESIAN_POINT('',(-15.,1.5,-1.83697019872103E-15));
#10329=CARTESIAN_POINT('Origin',(0.,1.5,0.));
#10330=CARTESIAN_POINT('Origin',(0.,5.,0.));
#10331=CARTESIAN_POINT('',(-17.,6.5,-2.0818995585505E-15));
#10332=CARTESIAN_POINT('Origin',(0.,6.5,0.));
#10333=CARTESIAN_POINT('',(-17.,5.,-2.0818995585505E-15));
#10334=CARTESIAN_POINT('',(-17.,5.,2.0818995585505E-15));
#10335=CARTESIAN_POINT('Origin',(0.,5.,0.));
#10336=CARTESIAN_POINT('Origin',(0.,5.,0.));
#10337=CARTESIAN_POINT('',(-15.,5.,-1.83697019872103E-15));
#10338=CARTESIAN_POINT('Origin',(0.,5.,0.));
#10339=CARTESIAN_POINT('Origin',(0.,6.5,0.));
#10340=CARTESIAN_POINT('',(-15.,6.5,-1.83697019872103E-15));
#10341=CARTESIAN_POINT('Origin',(0.,6.5,0.));
#10342=CARTESIAN_POINT('Origin',(0.,0.,0.));
#10343=CARTESIAN_POINT('',(-15.,7.5,-1.83697019872103E-15));
#10344=CARTESIAN_POINT('Origin',(0.,7.5,0.));
#10345=CARTESIAN_POINT('',(-15.,0.,1.83697019872103E-15));
#10346=CARTESIAN_POINT('Origin',(0.,2.5,0.));
#10347=CARTESIAN_POINT('',(-17.,4.,-2.0818995585505E-15));
#10348=CARTESIAN_POINT('Origin',(0.,4.,0.));
#10349=CARTESIAN_POINT('',(-17.,2.5,-2.0818995585505E-15));
#10350=CARTESIAN_POINT('',(-17.,2.5,2.0818995585505E-15));
#10351=CARTESIAN_POINT('Origin',(0.,2.5,0.));
#10352=CARTESIAN_POINT('Origin',(0.,2.5,0.));
#10353=CARTESIAN_POINT('',(-15.,2.5,-1.83697019872103E-15));
#10354=CARTESIAN_POINT('Origin',(0.,2.5,0.));
#10355=CARTESIAN_POINT('Origin',(0.,4.,0.));
#10356=CARTESIAN_POINT('',(-15.,4.,-1.83697019872103E-15));
#10357=CARTESIAN_POINT('Origin',(0.,4.,0.));
#10358=CARTESIAN_POINT('Origin',(0.,0.,0.));
#10359=CARTESIAN_POINT('',(-15.,0.,1.83697019872103E-15));
#10360=CARTESIAN_POINT('Origin',(0.,10.,0.));
#10361=CARTESIAN_POINT('',(-17.,11.5,-2.0818995585505E-15));
#10362=CARTESIAN_POINT('Origin',(0.,11.5,0.));
#10363=CARTESIAN_POINT('',(-17.,10.,-2.0818995585505E-15));
#10364=CARTESIAN_POINT('',(-17.,10.,2.0818995585505E-15));
#10365=CARTESIAN_POINT('Origin',(0.,10.,0.));
#10366=CARTESIAN_POINT('Origin',(0.,10.,0.));
#10367=CARTESIAN_POINT('',(-15.,10.,-1.83697019872103E-15));
#10368=CARTESIAN_POINT('Origin',(0.,10.,0.));
#10369=CARTESIAN_POINT('Origin',(0.,11.5,0.));
#10370=CARTESIAN_POINT('',(-15.,11.5,-1.83697019872103E-15));
#10371=CARTESIAN_POINT('Origin',(0.,11.5,0.));
#10372=CARTESIAN_POINT('Origin',(0.,0.,0.));
#10373=CARTESIAN_POINT('',(-15.,12.5,-1.83697019872103E-15));
#10374=CARTESIAN_POINT('Origin',(0.,12.5,0.));
#10375=CARTESIAN_POINT('',(-15.,0.,1.83697019872103E-15));
#10376=CARTESIAN_POINT('Origin',(0.,15.,0.));
#10377=CARTESIAN_POINT('',(-17.,16.5,-2.0818995585505E-15));
#10378=CARTESIAN_POINT('Origin',(0.,16.5,0.));
#10379=CARTESIAN_POINT('',(-17.,15.,-2.0818995585505E-15));
#10380=CARTESIAN_POINT('',(-17.,15.,2.0818995585505E-15));
#10381=CARTESIAN_POINT('Origin',(0.,15.,0.));
#10382=CARTESIAN_POINT('Origin',(0.,15.,0.));
#10383=CARTESIAN_POINT('',(-15.,15.,-1.83697019872103E-15));
#10384=CARTESIAN_POINT('Origin',(0.,15.,0.));
#10385=CARTESIAN_POINT('Origin',(0.,16.5,0.));
#10386=CARTESIAN_POINT('',(-15.,16.5,-1.83697019872103E-15));
#10387=CARTESIAN_POINT('Origin',(0.,16.5,0.));
#10388=CARTESIAN_POINT('Origin',(0.,0.,0.));
#10389=CARTESIAN_POINT('',(-15.,0.,1.83697019872103E-15));
#10390=CARTESIAN_POINT('',(-15.,0.,1.83697019872103E-15));
#10391=CARTESIAN_POINT('',(-15.,0.,1.83697019872103E-15));
#10392=CARTESIAN_POINT('',(-15.,0.,1.83697019872103E-15));
#10393=CARTESIAN_POINT('',(-15.,0.,1.83697019872103E-15));
#10394=CARTESIAN_POINT('',(-15.,0.,1.83697019872103E-15));
#10395=CARTESIAN_POINT('',(-15.,0.,1.83697019872103E-15));
#10396=CARTESIAN_POINT('',(-15.,0.,1.83697019872103E-15));
#10397=CARTESIAN_POINT('',(-15.,0.,1.83697019872103E-15));
#10398=CARTESIAN_POINT('',(-15.,0.,1.83697019872103E-15));
#10399=CARTESIAN_POINT('',(-15.,0.,1.83697019872103E-15));
#10400=CARTESIAN_POINT('',(-15.,0.,1.83697019872103E-15));
#10401=CARTESIAN_POINT('',(-15.,0.,1.83697019872103E-15));
#10402=CARTESIAN_POINT('',(-15.,76.5,1.83697019872103E-15));
#10403=CARTESIAN_POINT('',(-15.,0.,1.83697019872103E-15));
#10404=CARTESIAN_POINT('',(11.7090934418828,76.5,9.37534696793972));
#10405=CARTESIAN_POINT('Origin',(0.,76.5,0.));
#10406=CARTESIAN_POINT('',(11.7090934418828,75.,9.37534696793972));
#10407=CARTESIAN_POINT('',(11.7090934418828,0.,9.37534696793973));
#10408=CARTESIAN_POINT('',(-15.,75.,1.83697019872103E-15));
#10409=CARTESIAN_POINT('Origin',(0.,75.,0.));
#10410=CARTESIAN_POINT('',(-15.,74.,1.83697019872103E-15));
#10411=CARTESIAN_POINT('',(-15.,0.,1.83697019872103E-15));
#10412=CARTESIAN_POINT('',(11.7090934418828,74.,9.37534696793972));
#10413=CARTESIAN_POINT('Origin',(0.,74.,0.));
#10414=CARTESIAN_POINT('',(11.7090934418828,72.5,9.37534696793972));
#10415=CARTESIAN_POINT('',(11.7090934418828,0.,9.37534696793973));
#10416=CARTESIAN_POINT('',(-15.,72.5,1.83697019872103E-15));
#10417=CARTESIAN_POINT('Origin',(0.,72.5,0.));
#10418=CARTESIAN_POINT('',(-15.,71.5,1.83697019872103E-15));
#10419=CARTESIAN_POINT('',(-15.,0.,1.83697019872103E-15));
#10420=CARTESIAN_POINT('',(11.7090934418828,71.5,9.37534696793972));
#10421=CARTESIAN_POINT('Origin',(0.,71.5,0.));
#10422=CARTESIAN_POINT('',(11.7090934418828,70.,9.37534696793972));
#10423=CARTESIAN_POINT('',(11.7090934418828,0.,9.37534696793973));
#10424=CARTESIAN_POINT('',(-15.,70.,1.83697019872103E-15));
#10425=CARTESIAN_POINT('Origin',(0.,70.,0.));
#10426=CARTESIAN_POINT('',(-15.,69.,1.83697019872103E-15));
#10427=CARTESIAN_POINT('',(-15.,0.,1.83697019872103E-15));
#10428=CARTESIAN_POINT('',(11.7090934418828,69.,9.37534696793972));
#10429=CARTESIAN_POINT('Origin',(0.,69.,0.));
#10430=CARTESIAN_POINT('',(11.7090934418828,67.5,9.37534696793972));
#10431=CARTESIAN_POINT('',(11.7090934418828,0.,9.37534696793973));
#10432=CARTESIAN_POINT('',(-15.,67.5,1.83697019872103E-15));
#10433=CARTESIAN_POINT('Origin',(0.,67.5,0.));
#10434=CARTESIAN_POINT('',(-15.,66.5,1.83697019872103E-15));
#10435=CARTESIAN_POINT('',(-15.,0.,1.83697019872103E-15));
#10436=CARTESIAN_POINT('',(11.7090934418828,66.5,9.37534696793972));
#10437=CARTESIAN_POINT('Origin',(0.,66.5,0.));
#10438=CARTESIAN_POINT('',(11.7090934418828,65.,9.37534696793972));
#10439=CARTESIAN_POINT('',(11.7090934418828,0.,9.37534696793973));
#10440=CARTESIAN_POINT('',(-15.,65.,1.83697019872103E-15));
#10441=CARTESIAN_POINT('Origin',(0.,65.,0.));
#10442=CARTESIAN_POINT('',(-15.,64.,1.83697019872103E-15));
#10443=CARTESIAN_POINT('',(-15.,0.,1.83697019872103E-15));
#10444=CARTESIAN_POINT('',(11.7090934418828,64.,9.37534696793972));
#10445=CARTESIAN_POINT('Origin',(0.,64.,0.));
#10446=CARTESIAN_POINT('',(11.7090934418828,62.5,9.37534696793972));
#10447=CARTESIAN_POINT('',(11.7090934418828,0.,9.37534696793973));
#10448=CARTESIAN_POINT('',(-15.,62.5,1.83697019872103E-15));
#10449=CARTESIAN_POINT('Origin',(0.,62.5,0.));
#10450=CARTESIAN_POINT('',(-15.,61.5,1.83697019872103E-15));
#10451=CARTESIAN_POINT('',(-15.,0.,1.83697019872103E-15));
#10452=CARTESIAN_POINT('',(11.7090934418828,61.5,9.37534696793972));
#10453=CARTESIAN_POINT('Origin',(0.,61.5,0.));
#10454=CARTESIAN_POINT('',(11.7090934418828,60.,9.37534696793972));
#10455=CARTESIAN_POINT('',(11.7090934418828,0.,9.37534696793973));
#10456=CARTESIAN_POINT('',(-15.,60.,1.83697019872103E-15));
#10457=CARTESIAN_POINT('Origin',(0.,60.,0.));
#10458=CARTESIAN_POINT('',(-15.,59.,1.83697019872103E-15));
#10459=CARTESIAN_POINT('',(-15.,0.,1.83697019872103E-15));
#10460=CARTESIAN_POINT('',(11.7090934418828,59.,9.37534696793972));
#10461=CARTESIAN_POINT('Origin',(0.,59.,0.));
#10462=CARTESIAN_POINT('',(11.7090934418828,57.5,9.37534696793972));
#10463=CARTESIAN_POINT('',(11.7090934418828,0.,9.37534696793973));
#10464=CARTESIAN_POINT('',(-15.,57.5,1.83697019872103E-15));
#10465=CARTESIAN_POINT('Origin',(0.,57.5,0.));
#10466=CARTESIAN_POINT('',(-15.,0.,1.83697019872103E-15));
#10467=CARTESIAN_POINT('',(-15.,0.,1.83697019872103E-15));
#10468=CARTESIAN_POINT('',(-15.,0.,1.83697019872103E-15));
#10469=CARTESIAN_POINT('',(-15.,0.,1.83697019872103E-15));
#10470=CARTESIAN_POINT('',(-15.,0.,1.83697019872103E-15));
#10471=CARTESIAN_POINT('',(-15.,0.,1.83697019872103E-15));
#10472=CARTESIAN_POINT('',(-15.,0.,1.83697019872103E-15));
#10473=CARTESIAN_POINT('',(-15.,0.,1.83697019872103E-15));
#10474=CARTESIAN_POINT('',(-15.,0.,1.83697019872103E-15));
#10475=CARTESIAN_POINT('',(-15.,0.,1.83697019872103E-15));
#10476=CARTESIAN_POINT('',(-15.,0.,1.83697019872103E-15));
#10477=CARTESIAN_POINT('',(-15.,0.,1.83697019872103E-15));
#10478=CARTESIAN_POINT('',(-15.,0.,1.83697019872103E-15));
#10479=CARTESIAN_POINT('',(-15.,0.,1.83697019872103E-15));
#10480=CARTESIAN_POINT('',(-15.,0.,1.83697019872103E-15));
#10481=CARTESIAN_POINT('',(-15.,0.,1.83697019872103E-15));
#10482=CARTESIAN_POINT('',(-15.,0.,1.83697019872103E-15));
#10483=CARTESIAN_POINT('',(8.61611163663993,57.5,-12.2785430839721));
#10484=CARTESIAN_POINT('Origin',(0.,57.5,0.));
#10485=CARTESIAN_POINT('',(8.61611163663993,59.,-12.2785430839721));
#10486=CARTESIAN_POINT('',(8.61611163663993,0.,-12.2785430839721));
#10487=CARTESIAN_POINT('Origin',(0.,59.,0.));
#10488=CARTESIAN_POINT('',(8.61611163663993,60.,-12.2785430839721));
#10489=CARTESIAN_POINT('Origin',(0.,60.,0.));
#10490=CARTESIAN_POINT('',(8.61611163663993,61.5,-12.2785430839721));
#10491=CARTESIAN_POINT('',(8.61611163663993,0.,-12.2785430839721));
#10492=CARTESIAN_POINT('Origin',(0.,61.5,0.));
#10493=CARTESIAN_POINT('',(8.61611163663993,62.5,-12.2785430839721));
#10494=CARTESIAN_POINT('Origin',(0.,62.5,0.));
#10495=CARTESIAN_POINT('',(8.61611163663993,64.,-12.2785430839721));
#10496=CARTESIAN_POINT('',(8.61611163663993,0.,-12.2785430839721));
#10497=CARTESIAN_POINT('Origin',(0.,64.,0.));
#10498=CARTESIAN_POINT('',(8.61611163663993,65.,-12.2785430839721));
#10499=CARTESIAN_POINT('Origin',(0.,65.,0.));
#10500=CARTESIAN_POINT('',(8.61611163663993,66.5,-12.2785430839721));
#10501=CARTESIAN_POINT('',(8.61611163663993,0.,-12.2785430839721));
#10502=CARTESIAN_POINT('Origin',(0.,66.5,0.));
#10503=CARTESIAN_POINT('',(8.61611163663993,67.5,-12.2785430839721));
#10504=CARTESIAN_POINT('Origin',(0.,67.5,0.));
#10505=CARTESIAN_POINT('',(8.61611163663993,69.,-12.2785430839721));
#10506=CARTESIAN_POINT('',(8.61611163663993,0.,-12.2785430839721));
#10507=CARTESIAN_POINT('Origin',(0.,69.,0.));
#10508=CARTESIAN_POINT('',(8.61611163663993,70.,-12.2785430839721));
#10509=CARTESIAN_POINT('Origin',(0.,70.,0.));
#10510=CARTESIAN_POINT('',(8.61611163663993,71.5,-12.2785430839721));
#10511=CARTESIAN_POINT('',(8.61611163663993,0.,-12.2785430839721));
#10512=CARTESIAN_POINT('Origin',(0.,71.5,0.));
#10513=CARTESIAN_POINT('',(8.61611163663993,72.5,-12.2785430839721));
#10514=CARTESIAN_POINT('Origin',(0.,72.5,0.));
#10515=CARTESIAN_POINT('',(8.61611163663993,74.,-12.2785430839721));
#10516=CARTESIAN_POINT('',(8.61611163663993,0.,-12.2785430839721));
#10517=CARTESIAN_POINT('Origin',(0.,74.,0.));
#10518=CARTESIAN_POINT('',(8.61611163663993,75.,-12.2785430839721));
#10519=CARTESIAN_POINT('Origin',(0.,75.,0.));
#10520=CARTESIAN_POINT('',(8.61611163663993,76.5,-12.2785430839721));
#10521=CARTESIAN_POINT('',(8.61611163663993,0.,-12.2785430839721));
#10522=CARTESIAN_POINT('Origin',(0.,76.5,0.));
#10523=CARTESIAN_POINT('',(14.7094759858161,20.9420150285587,-2.93791017948115));
#10524=CARTESIAN_POINT('',(13.1637378568358,19.2946761613712,-7.19138412522296));
#10525=CARTESIAN_POINT('Ctrl Pts',(14.7094759858161,20.9420150285587,-2.93791017948115));
#10526=CARTESIAN_POINT('Ctrl Pts',(14.4128792358526,20.3929020728295,-4.42290546678746));
#10527=CARTESIAN_POINT('Ctrl Pts',(13.8897441092314,19.8437891171003,-5.86243884535123));
#10528=CARTESIAN_POINT('Ctrl Pts',(13.1637378568358,19.2946761613712,-7.19138412522296));
#10529=CARTESIAN_POINT('',(13.1637378568358,17.186899757944,-7.19138412522296));
#10530=CARTESIAN_POINT('',(13.1637378568358,0.,-7.19138412522296));
#10531=CARTESIAN_POINT('',(13.1637384283556,22.9474729066715,7.19138307906304));
#10532=CARTESIAN_POINT('Ctrl Pts',(13.1637378568358,17.186899757944,-7.19138412522296));
#10533=CARTESIAN_POINT('Ctrl Pts',(14.5335254181201,18.2841517862731,-4.68400528655712));
#10534=CARTESIAN_POINT('Ctrl Pts',(15.6385357242637,20.2043428358489,0.400610808480603));
#10535=CARTESIAN_POINT('Ctrl Pts',(14.1910789498674,22.1245338854247,5.31084886841797));
#10536=CARTESIAN_POINT('Ctrl Pts',(13.1637384283556,22.9474729066715,7.19138307906304));
#10537=CARTESIAN_POINT('',(13.1637384283556,25.085944510065,7.19138307906305));
#10538=CARTESIAN_POINT('',(13.1637384283556,0.,7.19138307906305));
#10539=CARTESIAN_POINT('',(13.1637378568358,31.2251013284549,-7.19138412522296));
#10540=CARTESIAN_POINT('Ctrl Pts',(13.1637384283556,25.085944510065,7.19138307906305));
#10541=CARTESIAN_POINT('Ctrl Pts',(14.5335257903714,26.2553077135679,4.68400413153628));
#10542=CARTESIAN_POINT('Ctrl Pts',(15.6383526626363,28.3016933196978,-0.400627897817084));
#10543=CARTESIAN_POINT('Ctrl Pts',(14.191078527799,30.3480789258278,-5.31084999622358));
#10544=CARTESIAN_POINT('Ctrl Pts',(13.1637378568358,31.2251013284549,-7.19138412522296));
#10545=CARTESIAN_POINT('',(13.1637378568358,28.9638441568241,-7.19138412522296));
#10546=CARTESIAN_POINT('',(13.1637378568358,0.,-7.19138412522296));
#10547=CARTESIAN_POINT('',(14.7094759858161,27.2141855722293,-2.93791017948114));
#10548=CARTESIAN_POINT('Ctrl Pts',(13.1637378568358,28.9638441568241,-7.19138412522296));
#10549=CARTESIAN_POINT('Ctrl Pts',(13.8897441092314,28.3806246286258,-5.86243884535123));
#10550=CARTESIAN_POINT('Ctrl Pts',(14.4128792358526,27.7974051004276,-4.42290546678746));
#10551=CARTESIAN_POINT('Ctrl Pts',(14.7094759858161,27.2141855722293,-2.93791017948114));
#10552=CARTESIAN_POINT('',(14.7094759858161,0.,-2.93791017948115));
#10553=CARTESIAN_POINT('',(14.3914969734448,91.2537449365482,4.2290442021017));
#10554=CARTESIAN_POINT('',(13.1637378568358,91.2537449365482,-7.19138412522296));
#10555=CARTESIAN_POINT('Origin',(0.,91.2537449365482,0.));
#10556=CARTESIAN_POINT('',(13.1637378568358,89.3506115442142,-7.19138412522296));
#10557=CARTESIAN_POINT('',(13.1637378568358,0.,-7.19138412522296));
#10558=CARTESIAN_POINT('',(13.1637384283556,89.3506115442142,7.19138307906304));
#10559=CARTESIAN_POINT('Origin',(0.,89.3506115442142,0.));
#10560=CARTESIAN_POINT('',(13.1637384283556,91.3867634302005,7.19138307906305));
#10561=CARTESIAN_POINT('',(13.1637384283556,0.,7.19138307906305));
#10562=CARTESIAN_POINT('',(14.3943779866898,99.2653435235843,-4.21922769903452));
#10563=CARTESIAN_POINT('Ctrl Pts',(13.1637384283556,91.3867634302005,7.19138307906305));
#10564=CARTESIAN_POINT('Ctrl Pts',(13.9703338442906,92.5122748721125,5.71492007380453));
#10565=CARTESIAN_POINT('Ctrl Pts',(15.2685377093272,95.1384682365737,1.95017816548961));
#10566=CARTESIAN_POINT('Ctrl Pts',(15.0253571615183,97.764661601035,-2.06657005832711));
#10567=CARTESIAN_POINT('Ctrl Pts',(14.3943779866898,99.2653435235843,-4.21922769903452));
#10568=CARTESIAN_POINT('',(13.1637384283556,99.2653435235843,7.19138307906304));
#10569=CARTESIAN_POINT('Origin',(0.,99.2653435235843,0.));
#10570=CARTESIAN_POINT('',(13.1637384283556,101.168476915918,7.19138307906305));
#10571=CARTESIAN_POINT('',(13.1637384283556,0.,7.19138307906305));
#10572=CARTESIAN_POINT('',(13.1637378568358,101.168476915918,-7.19138412522296));
#10573=CARTESIAN_POINT('Origin',(0.,101.168476915918,0.));
#10574=CARTESIAN_POINT('',(13.1637378568358,99.132325029932,-7.19138412522296));
#10575=CARTESIAN_POINT('',(13.1637378568358,0.,-7.19138412522296));
#10576=CARTESIAN_POINT('Ctrl Pts',(13.1637378568358,99.132325029932,-7.19138412522296));
#10577=CARTESIAN_POINT('Ctrl Pts',(13.9710341551055,98.00681358802,-5.7136384425881));
#10578=CARTESIAN_POINT('Ctrl Pts',(15.2698480159586,95.3806202235587,-1.94534156139091));
#10579=CARTESIAN_POINT('Ctrl Pts',(15.0244936576485,92.7544268590975,2.07494757185348));
#10580=CARTESIAN_POINT('Ctrl Pts',(14.3914969734448,91.2537449365482,4.2290442021017));
#10581=CARTESIAN_POINT('',(10.8135756769294,61.0265987878665,-10.3955077355231));
#10582=CARTESIAN_POINT('',(10.5150023547178,59.5122736459598,-10.6974167666909));
#10583=CARTESIAN_POINT('Ctrl Pts',(10.8135756769294,61.0265987878665,-10.3955077355231));
#10584=CARTESIAN_POINT('Ctrl Pts',(10.7277784478545,60.7997312687801,-10.4847554041388));
#10585=CARTESIAN_POINT('Ctrl Pts',(10.5464193730123,60.3281434559797,-10.6673429396663));
#10586=CARTESIAN_POINT('Ctrl Pts',(10.5255973485914,59.7910083101702,-10.6870024406943));
#10587=CARTESIAN_POINT('Ctrl Pts',(10.5150023547178,59.5122736459598,-10.6974167666909));
#10588=CARTESIAN_POINT('',(10.6743469682479,58.3253687387332,-10.5384209823605));
#10589=CARTESIAN_POINT('Ctrl Pts',(10.5150023547178,59.5122736459598,-10.6974167666909));
#10590=CARTESIAN_POINT('Ctrl Pts',(10.5233110098376,59.3233816388563,-10.6892497923592));
#10591=CARTESIAN_POINT('Ctrl Pts',(10.5411886879383,58.9185371927073,-10.6718169031206));
#10592=CARTESIAN_POINT('Ctrl Pts',(10.6282827312972,58.5317102611467,-10.5850793620991));
#10593=CARTESIAN_POINT('Ctrl Pts',(10.6743469682479,58.3253687387332,-10.5384209823605));
#10594=CARTESIAN_POINT('',(11.8156743527901,58.1207293039188,-9.24066229167686));
#10595=CARTESIAN_POINT('Ctrl Pts',(10.6743469682479,58.3253687387332,-10.5384209823605));
#10596=CARTESIAN_POINT('Ctrl Pts',(11.0793022152169,58.2571555937951,-10.1282425675871));
#10597=CARTESIAN_POINT('Ctrl Pts',(11.4605875056479,58.1889424488569,-9.69469798959102));
#10598=CARTESIAN_POINT('Ctrl Pts',(11.8156743527901,58.1207293039188,-9.24066229167686));
#10599=CARTESIAN_POINT('',(11.7141199860388,59.1746204858646,-9.36906574599018));
#10600=CARTESIAN_POINT('Ctrl Pts',(11.8156743527901,58.1207293039188,-9.24066229167687));
#10601=CARTESIAN_POINT('Ctrl Pts',(11.7863211919565,58.308160537194,-9.27819503323658));
#10602=CARTESIAN_POINT('Ctrl Pts',(11.7316664172719,58.6544442527208,-9.34720458120897));
#10603=CARTESIAN_POINT('Ctrl Pts',(11.7196260541242,59.0110382951473,-9.36218152253047));
#10604=CARTESIAN_POINT('Ctrl Pts',(11.7141199860388,59.1746204858646,-9.36906574599018));
#10605=CARTESIAN_POINT('',(11.8408431385484,60.1568859582767,-9.20838931454857));
#10606=CARTESIAN_POINT('Ctrl Pts',(11.7141199860388,59.1746204858646,-9.36906574599018));
#10607=CARTESIAN_POINT('Ctrl Pts',(11.7170325851964,59.3615343365455,-9.36542413038752));
#10608=CARTESIAN_POINT('Ctrl Pts',(11.7224703943831,59.7021637023865,-9.35889128774736));
#10609=CARTESIAN_POINT('Ctrl Pts',(11.804292555692,60.0154910161922,-9.25538881722394));
#10610=CARTESIAN_POINT('Ctrl Pts',(11.8408431385484,60.1568859582767,-9.20838931454857));
#10611=CARTESIAN_POINT('',(12.1838733767859,60.7605665689334,-8.74947024330312));
#10612=CARTESIAN_POINT('Ctrl Pts',(11.8408431385484,60.1568859582767,-9.20838931454857));
#10613=CARTESIAN_POINT('Ctrl Pts',(11.887262229173,60.2744936650895,-9.14870013852168));
#10614=CARTESIAN_POINT('Ctrl Pts',(11.9803565607553,60.5119876753994,-9.02765887834363));
#10615=CARTESIAN_POINT('Ctrl Pts',(12.1164288486089,60.6771786387038,-8.84338856846058));
#10616=CARTESIAN_POINT('Ctrl Pts',(12.1838733767859,60.7605665689334,-8.74947024330312));
#10617=CARTESIAN_POINT('',(12.9316441651581,61.3233250146732,-7.60082753295532));
#10618=CARTESIAN_POINT('Ctrl Pts',(12.1838733767859,60.7605665689334,-8.74947024330312));
#10619=CARTESIAN_POINT('Ctrl Pts',(12.2767808287743,60.8388578384758,-8.62009410974207));
#10620=CARTESIAN_POINT('Ctrl Pts',(12.5302003681486,61.0571090903976,-8.25542352120364));
#10621=CARTESIAN_POINT('Ctrl Pts',(12.7796354101874,61.2193093599341,-7.85944715308841));
#10622=CARTESIAN_POINT('Ctrl Pts',(12.9316441651581,61.3233250146732,-7.60082753295532));
#10623=CARTESIAN_POINT('',(13.1539149002452,61.4870327478275,-7.20933580831884));
#10624=CARTESIAN_POINT('Ctrl Pts',(12.9316441651581,61.3233250146732,-7.60082753295532));
#10625=CARTESIAN_POINT('Ctrl Pts',(12.9636622461203,61.3452482268797,-7.54635367098985));
#10626=CARTESIAN_POINT('Ctrl Pts',(13.0392866992813,61.3975949919036,-7.41579913794542));
#10627=CARTESIAN_POINT('Ctrl Pts',(13.1121972150053,61.4541584716113,-7.28545251255768));
#10628=CARTESIAN_POINT('Ctrl Pts',(13.1539149002452,61.4870327478275,-7.20933580831884));
#10629=CARTESIAN_POINT('',(14.623849670749,57.3635691171512,3.33811635617058));
#10630=CARTESIAN_POINT('Ctrl Pts',(13.1539149002452,61.4870327478275,-7.20933580831884));
#10631=CARTESIAN_POINT('Ctrl Pts',(13.9014040290554,60.8979665148737,-5.84549194660247));
#10632=CARTESIAN_POINT('Ctrl Pts',(15.1475522385751,59.5234786379816,-2.3897653427308));
#10633=CARTESIAN_POINT('Ctrl Pts',(15.0853264287164,58.1489907610895,1.31644724251456));
#10634=CARTESIAN_POINT('Ctrl Pts',(14.623849670749,57.3635691171512,3.33811635617058));
#10635=CARTESIAN_POINT('',(14.623849670749,59.3485611444339,3.33811635617058));
#10636=CARTESIAN_POINT('',(14.623849670749,0.,3.33811635617058));
#10637=CARTESIAN_POINT('',(14.7154569350153,61.6098183160648,-2.90780453155125));
#10638=CARTESIAN_POINT('Ctrl Pts',(14.623849670749,59.3485611444339,3.33811635617058));
#10639=CARTESIAN_POINT('Ctrl Pts',(15.0906395488208,60.1023135349775,1.29317116061751));
#10640=CARTESIAN_POINT('Ctrl Pts',(15.1220735948061,60.8560659255212,-0.850049314071201));
#10641=CARTESIAN_POINT('Ctrl Pts',(14.7154569350153,61.6098183160648,-2.90780453155125));
#10642=CARTESIAN_POINT('',(14.0231107872707,62.3976772790775,-5.32469377973346));
#10643=CARTESIAN_POINT('Ctrl Pts',(14.7154569350153,61.6098183160648,-2.90780453155125));
#10644=CARTESIAN_POINT('Ctrl Pts',(14.6364080716079,61.7535889982488,-3.30784522638217));
#10645=CARTESIAN_POINT('Ctrl Pts',(14.4427400723035,62.0461001328806,-4.11529712908952));
#10646=CARTESIAN_POINT('Ctrl Pts',(14.1762300749457,62.2791649715259,-4.92143890282252));
#10647=CARTESIAN_POINT('Ctrl Pts',(14.0231107872707,62.3976772790775,-5.32469377973346));
#10648=CARTESIAN_POINT('',(14.7074683354336,63.154837465845,-2.94794422644288));
#10649=CARTESIAN_POINT('Ctrl Pts',(14.0231107872707,62.3976772790775,-5.32469377973346));
#10650=CARTESIAN_POINT('Ctrl Pts',(14.1720132150386,62.5081983241286,-4.93254442289529));
#10651=CARTESIAN_POINT('Ctrl Pts',(14.4353430964555,62.7282720328142,-4.13912356294711));
#10652=CARTESIAN_POINT('Ctrl Pts',(14.6276898147915,63.0130667116605,-3.34596399074715));
#10653=CARTESIAN_POINT('Ctrl Pts',(14.7074683354336,63.154837465845,-2.94794422644288));
#10654=CARTESIAN_POINT('',(14.623849670749,65.477482653223,3.33811635617058));
#10655=CARTESIAN_POINT('Ctrl Pts',(14.7074683354336,63.154837465845,-2.94794422644288));
#10656=CARTESIAN_POINT('Ctrl Pts',(15.1223791002452,63.9290525283044,-0.877929848029822));
#10657=CARTESIAN_POINT('Ctrl Pts',(15.0936755236078,64.7032675907637,1.27987095350869));
#10658=CARTESIAN_POINT('Ctrl Pts',(14.623849670749,65.477482653223,3.33811635617058));
#10659=CARTESIAN_POINT('',(14.623849670749,67.3192327981815,3.33811635617058));
#10660=CARTESIAN_POINT('',(14.623849670749,0.,3.33811635617058));
#10661=CARTESIAN_POINT('',(13.0744503046465,63.1855362420902,-7.35246552058077));
#10662=CARTESIAN_POINT('Ctrl Pts',(14.623849670749,67.3192327981815,3.33811635617058));
#10663=CARTESIAN_POINT('Ctrl Pts',(14.975161843228,66.7287047187399,1.79906383382797));
#10664=CARTESIAN_POINT('Ctrl Pts',(15.2242158954363,65.3508058667094,-1.92279339738906));
#10665=CARTESIAN_POINT('Ctrl Pts',(14.1061741311043,63.972907014679,-5.51781266034172));
#10666=CARTESIAN_POINT('Ctrl Pts',(13.0744503046465,63.1855362420902,-7.35246552058077));
#10667=CARTESIAN_POINT('',(11.6949223698583,62.1521109109744,-9.3930181924123));
#10668=CARTESIAN_POINT('Ctrl Pts',(13.0744503046465,63.1855362420902,-7.35246552058077));
#10669=CARTESIAN_POINT('Ctrl Pts',(12.82549785232,62.9978796241322,-7.79516279771197));
#10670=CARTESIAN_POINT('Ctrl Pts',(12.3774815842792,62.6886263342753,-8.50339016811285));
#10671=CARTESIAN_POINT('Ctrl Pts',(11.8930361886453,62.3035290279217,-9.14635352258526));
#10672=CARTESIAN_POINT('Ctrl Pts',(11.6949223698583,62.1521109109744,-9.3930181924123));
#10673=CARTESIAN_POINT('Ctrl Pts',(11.6949223698583,62.1521109109744,-9.3930181924123));
#10674=CARTESIAN_POINT('Ctrl Pts',(11.5217825236974,61.9921086265596,-9.60858863191344));
#10675=CARTESIAN_POINT('Ctrl Pts',(11.1884559013953,61.6954788812962,-9.99820210695902));
#10676=CARTESIAN_POINT('Ctrl Pts',(10.93294250069,61.2375298179526,-10.27134043029));
#10677=CARTESIAN_POINT('Ctrl Pts',(10.8135756769294,61.0265987878665,-10.3955077355231));
#10678=CARTESIAN_POINT('',(14.0375867975174,107.813078737818,-5.28641247938189));
#10679=CARTESIAN_POINT('',(13.1637378568358,107.813078737818,-7.19138412522296));
#10680=CARTESIAN_POINT('Origin',(0.,107.813078737818,0.));
#10681=CARTESIAN_POINT('',(13.1637378568358,105.715538836084,-7.19138412522296));
#10682=CARTESIAN_POINT('',(13.1637378568358,0.,-7.19138412522296));
#10683=CARTESIAN_POINT('',(14.0375867975174,105.715538836084,-5.28641247938189));
#10684=CARTESIAN_POINT('Origin',(0.,105.715538836084,0.));
#10685=CARTESIAN_POINT('',(14.0375867975174,0.,-5.28641247938189));
#10686=CARTESIAN_POINT('',(13.1637384283556,47.9317825799808,7.19138307906305));
#10687=CARTESIAN_POINT('',(14.0447860393865,47.9317825799808,5.26725593718923));
#10688=CARTESIAN_POINT('Origin',(0.,47.9317825799808,0.));
#10689=CARTESIAN_POINT('',(14.0447860393865,46.0900372033939,5.26725593718923));
#10690=CARTESIAN_POINT('',(14.0447860393865,0.,5.26725593718923));
#10691=CARTESIAN_POINT('',(13.1637384283556,46.0900372033939,7.19138307906305));
#10692=CARTESIAN_POINT('Origin',(0.,46.0900372033939,0.));
#10693=CARTESIAN_POINT('',(13.1637384283556,0.,7.19138307906305));
#10694=CARTESIAN_POINT('',(13.1637378568358,79.1923540597782,-7.19138412522296));
#10695=CARTESIAN_POINT('',(13.1637378568358,77.2687500482425,-7.19138412522296));
#10696=CARTESIAN_POINT('',(13.1637378568358,0.,-7.19138412522296));
#10697=CARTESIAN_POINT('',(13.7529752537258,76.9004028802738,-5.98796056019131));
#10698=CARTESIAN_POINT('Ctrl Pts',(13.1637378568358,77.2687500482425,-7.19138412522296));
#10699=CARTESIAN_POINT('Ctrl Pts',(13.261856645549,77.1812237122815,-7.01177892113982));
#10700=CARTESIAN_POINT('Ctrl Pts',(13.4604869481103,76.9974336059136,-6.63057948235776));
#10701=CARTESIAN_POINT('Ctrl Pts',(13.6561033085619,76.9337555465642,-6.2104532521901));
#10702=CARTESIAN_POINT('Ctrl Pts',(13.7529752537258,76.9004028802738,-5.98796056019131));
#10703=CARTESIAN_POINT('',(13.2173262674732,74.930755472742,-7.09241047452571));
#10704=CARTESIAN_POINT('Ctrl Pts',(13.7529752537258,76.9004028802738,-5.98796056019131));
#10705=CARTESIAN_POINT('Ctrl Pts',(13.647825815048,76.5756518057013,-6.22946476075219));
#10706=CARTESIAN_POINT('Ctrl Pts',(13.4379978722513,75.9696670508262,-6.67406963687588));
#10707=CARTESIAN_POINT('Ctrl Pts',(13.2882071043749,75.2600733893103,-6.9603178452559));
#10708=CARTESIAN_POINT('Ctrl Pts',(13.2173262674732,74.930755472742,-7.09241047452571));
#10709=CARTESIAN_POINT('',(13.044248325652,72.8997200494632,-7.40591558274359));
#10710=CARTESIAN_POINT('Ctrl Pts',(13.2173262674732,74.930755472742,-7.09241047452571));
#10711=CARTESIAN_POINT('Ctrl Pts',(13.1679433589538,74.6064155441961,-7.18443983693828));
#10712=CARTESIAN_POINT('Ctrl Pts',(13.064827805669,73.9460084778664,-7.37043390184149));
#10713=CARTESIAN_POINT('Ctrl Pts',(13.0510778655198,73.2525873449519,-7.39388652124674));
#10714=CARTESIAN_POINT('Ctrl Pts',(13.044248325652,72.8997200494632,-7.40591558274359));
#10715=CARTESIAN_POINT('',(13.4537525704237,70.1473301416263,-6.6329889019821));
#10716=CARTESIAN_POINT('Ctrl Pts',(13.044248325652,72.8997200494632,-7.40591558274359));
#10717=CARTESIAN_POINT('Ctrl Pts',(13.0550170808366,72.3547450053984,-7.38694827003038));
#10718=CARTESIAN_POINT('Ctrl Pts',(13.0773815037503,71.3527177191511,-7.3535075103054));
#10719=CARTESIAN_POINT('Ctrl Pts',(13.3411495815138,70.5249141487157,-6.8613825830014));
#10720=CARTESIAN_POINT('Ctrl Pts',(13.4537525704237,70.1473301416263,-6.6329889019821));
#10721=CARTESIAN_POINT('',(14.2895530011291,69.1855305200443,-4.56165266410362));
#10722=CARTESIAN_POINT('Ctrl Pts',(13.4537525704237,70.1473301416263,-6.6329889019821));
#10723=CARTESIAN_POINT('Ctrl Pts',(13.5929301111031,69.866818623465,-6.3506938124936));
#10724=CARTESIAN_POINT('Ctrl Pts',(13.8603945789883,69.2984062395447,-5.77123475617564));
#10725=CARTESIAN_POINT('Ctrl Pts',(14.1583559821704,69.2234804377637,-4.97263238878817));
#10726=CARTESIAN_POINT('Ctrl Pts',(14.2895530011291,69.1855305200443,-4.56165266410362));
#10727=CARTESIAN_POINT('',(14.6648089746947,69.5487659936771,-3.15331218494357));
#10728=CARTESIAN_POINT('Ctrl Pts',(14.2895530011291,69.1855305200443,-4.56165266410362));
#10729=CARTESIAN_POINT('Ctrl Pts',(14.3681827938942,69.1997280086515,-4.31534180400074));
#10730=CARTESIAN_POINT('Ctrl Pts',(14.5099787003479,69.2276996612988,-3.82590795466673));
#10731=CARTESIAN_POINT('Ctrl Pts',(14.6169422627332,69.4428291434524,-3.37592134825887));
#10732=CARTESIAN_POINT('Ctrl Pts',(14.6648089746947,69.5487659936771,-3.15331218494357));
#10733=CARTESIAN_POINT('',(14.8507161605346,70.5003326898441,-2.11097833225173));
#10734=CARTESIAN_POINT('Ctrl Pts',(14.6648089746947,69.5487659936771,-3.15331218494357));
#10735=CARTESIAN_POINT('Ctrl Pts',(14.7085506672918,69.6776983500586,-2.94988685673507));
#10736=CARTESIAN_POINT('Ctrl Pts',(14.7853273637243,69.9317276621985,-2.54711068656269));
#10737=CARTESIAN_POINT('Ctrl Pts',(14.8302393615001,70.3127150964189,-2.25503245431092));
#10738=CARTESIAN_POINT('Ctrl Pts',(14.8507161605346,70.5003326898441,-2.11097833225173));
#10739=CARTESIAN_POINT('',(14.9236254252344,71.8253677850589,-1.51175532653161));
#10740=CARTESIAN_POINT('Ctrl Pts',(14.8507161605346,70.5003326898441,-2.11097833225173));
#10741=CARTESIAN_POINT('Ctrl Pts',(14.8683807679285,70.704827198129,-1.98670795652766));
#10742=CARTESIAN_POINT('Ctrl Pts',(14.9006144867461,71.1215489296281,-1.73294781161494));
#10743=CARTESIAN_POINT('Ctrl Pts',(14.9160628877851,71.5878770948932,-1.58641057938761));
#10744=CARTESIAN_POINT('Ctrl Pts',(14.9236254252344,71.8253677850589,-1.51175532653161));
#10745=CARTESIAN_POINT('',(14.9489356189134,73.4624737268314,-1.23665834472711));
#10746=CARTESIAN_POINT('Ctrl Pts',(14.9236254252344,71.8253677850589,-1.51175532653161));
#10747=CARTESIAN_POINT('Ctrl Pts',(14.9286553125763,72.0516511756869,-1.46210168661764));
#10748=CARTESIAN_POINT('Ctrl Pts',(14.9399726787919,72.5926144994635,-1.34332689676908));
#10749=CARTESIAN_POINT('Ctrl Pts',(14.9456900250128,73.1425655860245,-1.27589163375329));
#10750=CARTESIAN_POINT('Ctrl Pts',(14.9489356189134,73.4624737268314,-1.23665834472711));
#10751=CARTESIAN_POINT('',(14.9878538196544,76.7469233041629,-0.603521234648517));
#10752=CARTESIAN_POINT('Ctrl Pts',(14.9489356189134,73.4624737268314,-1.23665834472711));
#10753=CARTESIAN_POINT('Ctrl Pts',(14.9554153225411,74.1116951284547,-1.15833058931004));
#10754=CARTESIAN_POINT('Ctrl Pts',(14.9663540317069,75.2220662991266,-1.02433781269467));
#10755=CARTESIAN_POINT('Ctrl Pts',(14.9828789921468,76.2994666792263,-0.727066162615065));
#10756=CARTESIAN_POINT('Ctrl Pts',(14.9878538196544,76.7469233041629,-0.603521234648517));
#10757=CARTESIAN_POINT('',(14.9994974693718,76.757156229578,-0.122783004965576));
#10758=CARTESIAN_POINT('Ctrl Pts',(14.9878538196544,76.7469233041629,-0.603521234648517));
#10759=CARTESIAN_POINT('Ctrl Pts',(14.9920046445103,76.7498076158982,-0.50043959874335));
#10760=CARTESIAN_POINT('Ctrl Pts',(14.9968014204566,76.75428871802,-0.340224177478426));
#10761=CARTESIAN_POINT('Ctrl Pts',(14.9990298277013,76.7564028738905,-0.179911351481133));
#10762=CARTESIAN_POINT('Ctrl Pts',(14.9994974693718,76.757156229578,-0.122783004965576));
#10763=CARTESIAN_POINT('',(14.9286949266227,76.2353247171268,1.46084488835354));
#10764=CARTESIAN_POINT('Ctrl Pts',(14.9994974693718,76.757156229578,-0.122783004965576));
#10765=CARTESIAN_POINT('Ctrl Pts',(15.0022216485083,76.7498083273356,0.210009942036654));
#10766=CARTESIAN_POINT('Ctrl Pts',(14.98562189863,76.7368522042133,0.796854099314353));
#10767=CARTESIAN_POINT('Ctrl Pts',(14.9482990781545,76.3868343489569,1.26050575594721));
#10768=CARTESIAN_POINT('Ctrl Pts',(14.9286949266227,76.2353247171268,1.46084488835354));
#10769=CARTESIAN_POINT('',(14.8550051877548,74.1377800470218,2.08058185894651));
#10770=CARTESIAN_POINT('Ctrl Pts',(14.9286949266227,76.2353247171268,1.46084488835354));
#10771=CARTESIAN_POINT('Ctrl Pts',(14.9110171964972,75.9509865747399,1.64149749708902));
#10772=CARTESIAN_POINT('Ctrl Pts',(14.8616572805166,75.3149334633413,2.04455958656412));
#10773=CARTESIAN_POINT('Ctrl Pts',(14.8568122926547,74.556929527101,2.06767943333594));
#10774=CARTESIAN_POINT('Ctrl Pts',(14.8550051877548,74.1377800470218,2.08058185894651));
#10775=CARTESIAN_POINT('',(14.9113077565406,72.2192972665653,1.62877284780067));
#10776=CARTESIAN_POINT('Ctrl Pts',(14.8550051877548,74.1377800470218,2.08058185894651));
#10777=CARTESIAN_POINT('Ctrl Pts',(14.8558359096565,73.753021226045,2.07465064402885));
#10778=CARTESIAN_POINT('Ctrl Pts',(14.8582283561645,73.0767931049673,2.06435361350134));
#10779=CARTESIAN_POINT('Ctrl Pts',(14.8969563344221,72.4775739823946,1.76015916863866));
#10780=CARTESIAN_POINT('Ctrl Pts',(14.9113077565406,72.2192972665653,1.62877284780067));
#10781=CARTESIAN_POINT('',(14.9999860431795,71.3035410409793,0.0204622682049847));
#10782=CARTESIAN_POINT('Ctrl Pts',(14.9113077565406,72.2192972665653,1.62877284780067));
#10783=CARTESIAN_POINT('Ctrl Pts',(14.9329861243974,72.0221138624968,1.43030882305451));
#10784=CARTESIAN_POINT('Ctrl Pts',(14.9749894365703,71.5749831589542,0.979427490092649));
#10785=CARTESIAN_POINT('Ctrl Pts',(14.9995168774325,71.4008704991716,0.364386978114166));
#10786=CARTESIAN_POINT('Ctrl Pts',(14.9999860431795,71.3035410409793,0.0204622682049847));
#10787=CARTESIAN_POINT('',(14.9976410205431,69.5027178293094,0.266014696817025));
#10788=CARTESIAN_POINT('Ctrl Pts',(14.9999860431795,71.3035410409793,0.0204622682049847));
#10789=CARTESIAN_POINT('Ctrl Pts',(14.9998743799598,70.7032666370894,0.102317648076533));
#10790=CARTESIAN_POINT('Ctrl Pts',(14.9990926708311,70.1029922331994,0.184172113805297));
#10791=CARTESIAN_POINT('Ctrl Pts',(14.9976410205431,69.5027178293094,0.266014696817025));
#10792=CARTESIAN_POINT('',(14.848548744151,70.3110426431522,2.12617031128106));
#10793=CARTESIAN_POINT('Ctrl Pts',(14.9976410205431,69.5027178293094,0.266014696817025));
#10794=CARTESIAN_POINT('Ctrl Pts',(14.9913035144266,69.5905532670906,0.623316916725947));
#10795=CARTESIAN_POINT('Ctrl Pts',(14.9539273985699,69.754962460231,1.29154250637982));
#10796=CARTESIAN_POINT('Ctrl Pts',(14.8864306873325,70.1343448802929,1.86161395054687));
#10797=CARTESIAN_POINT('Ctrl Pts',(14.848548744151,70.3110426431522,2.12617031128106));
#10798=CARTESIAN_POINT('',(14.6539690883466,71.9379204278812,3.20330921981957));
#10799=CARTESIAN_POINT('Ctrl Pts',(14.848548744151,70.3110426431522,2.12617031128106));
#10800=CARTESIAN_POINT('Ctrl Pts',(14.8164256127549,70.5288524054053,2.35050882255586));
#10801=CARTESIAN_POINT('Ctrl Pts',(14.7352258338458,70.991435096293,2.82499957613399));
#10802=CARTESIAN_POINT('Ctrl Pts',(14.6825588517826,71.61039919227,3.0725214997201));
#10803=CARTESIAN_POINT('Ctrl Pts',(14.6539690883466,71.9379204278812,3.20330921981957));
#10804=CARTESIAN_POINT('',(14.5672438600587,74.4038122659549,3.57706672031453));
#10805=CARTESIAN_POINT('Ctrl Pts',(14.6539690883466,71.9379204278812,3.20330921981957));
#10806=CARTESIAN_POINT('Ctrl Pts',(14.6300891557619,72.3182143398951,3.31255118489845));
#10807=CARTESIAN_POINT('Ctrl Pts',(14.5761521041153,73.1227429807158,3.54289090693734));
#10808=CARTESIAN_POINT('Ctrl Pts',(14.5701512643482,73.9615187420433,3.56522660924143));
#10809=CARTESIAN_POINT('Ctrl Pts',(14.5672438600587,74.4038122659549,3.57706672031453));
#10810=CARTESIAN_POINT('',(14.6418479538746,76.6650646692142,3.25826464480975));
#10811=CARTESIAN_POINT('Ctrl Pts',(14.5672438600587,74.4038122659549,3.57706672031453));
#10812=CARTESIAN_POINT('Ctrl Pts',(14.5689443383566,74.8272763864573,3.57014169375501));
#10813=CARTESIAN_POINT('Ctrl Pts',(14.5724504286116,75.5958408000652,3.5576751410173));
#10814=CARTESIAN_POINT('Ctrl Pts',(14.6211600058638,76.3337356180066,3.35123124582993));
#10815=CARTESIAN_POINT('Ctrl Pts',(14.6418479538746,76.6650646692142,3.25826464480975));
#10816=CARTESIAN_POINT('',(14.798604909849,77.9440563684329,2.4497536043842));
#10817=CARTESIAN_POINT('Ctrl Pts',(14.6418479538746,76.6650646692142,3.25826464480975));
#10818=CARTESIAN_POINT('Ctrl Pts',(14.6650336987671,76.927497465514,3.1540735527961));
#10819=CARTESIAN_POINT('Ctrl Pts',(14.7064317803528,77.4065676722785,2.96364093004072));
#10820=CARTESIAN_POINT('Ctrl Pts',(14.7720543788728,77.7766869787564,2.6101414970117));
#10821=CARTESIAN_POINT('Ctrl Pts',(14.798604909849,77.9440563684329,2.4497536043842));
#10822=CARTESIAN_POINT('',(14.9514351409425,78.5170429712161,1.20606269579597));
#10823=CARTESIAN_POINT('Ctrl Pts',(14.798604909849,77.9440563684329,2.4497536043842));
#10824=CARTESIAN_POINT('Ctrl Pts',(14.8283080726686,78.0714023533879,2.27032112172416));
#10825=CARTESIAN_POINT('Ctrl Pts',(14.8845461495357,78.3390333973452,1.89217678695807));
#10826=CARTESIAN_POINT('Ctrl Pts',(14.9323747205465,78.45582429563,1.44235276620699));
#10827=CARTESIAN_POINT('Ctrl Pts',(14.9514351409425,78.5170429712161,1.20606269579597));
#10828=CARTESIAN_POINT('',(14.9919603004381,78.6091345315799,-0.491046179180362));
#10829=CARTESIAN_POINT('Ctrl Pts',(14.9514351409425,78.5170429712161,1.20606269579597));
#10830=CARTESIAN_POINT('Ctrl Pts',(14.9691049933828,78.5435980230579,0.987011353247362));
#10831=CARTESIAN_POINT('Ctrl Pts',(15.0021363715015,78.6117244712311,0.424045407846108));
#10832=CARTESIAN_POINT('Ctrl Pts',(15.0033109354194,78.6101160222209,-0.144503885930108));
#10833=CARTESIAN_POINT('Ctrl Pts',(14.9919603004381,78.6091345315799,-0.491046179180362));
#10834=CARTESIAN_POINT('',(14.7114763251817,78.6091345315799,-2.92787710357151));
#10835=CARTESIAN_POINT('Origin',(0.,78.6091345315799,0.));
#10836=CARTESIAN_POINT('',(13.7386396720366,78.7267988687381,-6.02077901620223));
#10837=CARTESIAN_POINT('Ctrl Pts',(14.7114763251817,78.6091345315799,-2.92787710357151));
#10838=CARTESIAN_POINT('Ctrl Pts',(14.5749610924865,78.6049018066175,-3.61381457388848));
#10839=CARTESIAN_POINT('Ctrl Pts',(14.2884851977933,78.5983356568849,-4.66299866224197));
#10840=CARTESIAN_POINT('Ctrl Pts',(13.8927439261824,78.693116444877,-5.66913302256263));
#10841=CARTESIAN_POINT('Ctrl Pts',(13.7386396720366,78.7267988687381,-6.02077901620223));
#10842=CARTESIAN_POINT('Ctrl Pts',(13.7386396720366,78.7267988687381,-6.02077901620223));
#10843=CARTESIAN_POINT('Ctrl Pts',(13.6481853611177,78.7761134356608,-6.22718406464428));
#10844=CARTESIAN_POINT('Ctrl Pts',(13.4559071613146,78.8756117109836,-6.63932700604663));
#10845=CARTESIAN_POINT('Ctrl Pts',(13.2641228479504,79.0861602128332,-7.00763066625269));
#10846=CARTESIAN_POINT('Ctrl Pts',(13.1637378568358,79.1923540597782,-7.19138412522296));
#10847=CARTESIAN_POINT('',(13.8958581392151,54.2438572412357,-5.64846231949993));
#10848=CARTESIAN_POINT('',(13.8452233373788,54.87312016543,-5.77146348321643));
#10849=CARTESIAN_POINT('Ctrl Pts',(13.8958581392151,54.2438572412357,-5.64846231949993));
#10850=CARTESIAN_POINT('Ctrl Pts',(13.8813029970347,54.3317267662705,-5.68426962058375));
#10851=CARTESIAN_POINT('Ctrl Pts',(13.8477824542331,54.5315392786322,-5.76552153856892));
#10852=CARTESIAN_POINT('Ctrl Pts',(13.8461170959854,54.7504676864197,-5.76931943646741));
#10853=CARTESIAN_POINT('Ctrl Pts',(13.8452233373788,54.87312016543,-5.77146348321643));
#10854=CARTESIAN_POINT('',(13.8726234942543,55.6814402109012,-5.70528854543426));
#10855=CARTESIAN_POINT('Ctrl Pts',(13.8452233373788,54.87312016543,-5.77146348321643));
#10856=CARTESIAN_POINT('Ctrl Pts',(13.8468442639245,54.9917878814845,-5.76757502579082));
#10857=CARTESIAN_POINT('Ctrl Pts',(13.8505475312377,55.2624320494496,-5.75870934226601));
#10858=CARTESIAN_POINT('Ctrl Pts',(13.8647174606181,55.5307628167936,-5.72451236331737));
#10859=CARTESIAN_POINT('Ctrl Pts',(13.8726234942543,55.6814402109012,-5.70528854543426));
#10860=CARTESIAN_POINT('',(13.1735363140485,55.9474724298343,-7.17341905805344));
#10861=CARTESIAN_POINT('Ctrl Pts',(13.8726234942543,55.6814402109012,-5.70528854543426));
#10862=CARTESIAN_POINT('Ctrl Pts',(13.6663614145306,55.7701176172122,-6.20682254329648));
#10863=CARTESIAN_POINT('Ctrl Pts',(13.4328754030115,55.8587950235233,-6.69715900988704));
#10864=CARTESIAN_POINT('Ctrl Pts',(13.1735363140485,55.9474724298343,-7.17341905805344));
#10865=CARTESIAN_POINT('',(13.0944625377648,54.5559280877933,-7.31676505342855));
#10866=CARTESIAN_POINT('Ctrl Pts',(13.1735363140485,55.9474724298343,-7.17341905805344));
#10867=CARTESIAN_POINT('Ctrl Pts',(13.1507305456226,55.7026770197524,-7.21530042816402));
#10868=CARTESIAN_POINT('Ctrl Pts',(13.1074063294068,55.2428299257752,-7.29370969628484));
#10869=CARTESIAN_POINT('Ctrl Pts',(13.0985721135858,54.774804461217,-7.3094103432198));
#10870=CARTESIAN_POINT('Ctrl Pts',(13.0944625377648,54.5559280877933,-7.31676505342855));
#10871=CARTESIAN_POINT('',(13.2462436703045,53.000676012598,-7.03825465772007));
#10872=CARTESIAN_POINT('Ctrl Pts',(13.0944625377648,54.5559280877933,-7.31676505342855));
#10873=CARTESIAN_POINT('Ctrl Pts',(13.0972890165505,54.2546695050641,-7.31170664027712));
#10874=CARTESIAN_POINT('Ctrl Pts',(13.1027222903778,53.7153110319612,-7.30285749470286));
#10875=CARTESIAN_POINT('Ctrl Pts',(13.2029870609334,53.2195359898792,-7.11966512323258));
#10876=CARTESIAN_POINT('Ctrl Pts',(13.2462436703045,53.000676012598,-7.03825465772007));
#10877=CARTESIAN_POINT('',(13.6168589057266,52.2230499750003,-6.29135546138788));
#10878=CARTESIAN_POINT('Ctrl Pts',(13.2462436703045,53.000676012598,-7.03825465772007));
#10879=CARTESIAN_POINT('Ctrl Pts',(13.2983377583261,52.8314995902956,-6.94021174548187));
#10880=CARTESIAN_POINT('Ctrl Pts',(13.3978404926679,52.5039666563298,-6.74965588461794));
#10881=CARTESIAN_POINT('Ctrl Pts',(13.5474272427444,52.314603693904,-6.44163168790554));
#10882=CARTESIAN_POINT('Ctrl Pts',(13.6168589057266,52.2230499750003,-6.29135546138788));
#10883=CARTESIAN_POINT('',(14.3828117412498,51.9979494577274,-4.25848874787378));
#10884=CARTESIAN_POINT('Ctrl Pts',(13.6168589057266,52.2230499750003,-6.29135546138788));
#10885=CARTESIAN_POINT('Ctrl Pts',(13.7285332440992,52.158351872539,-6.04965020115537));
#10886=CARTESIAN_POINT('Ctrl Pts',(14.0104490788451,51.9852180503182,-5.39500434443276));
#10887=CARTESIAN_POINT('Ctrl Pts',(14.2521025194726,51.9930464440127,-4.69995196193197));
#10888=CARTESIAN_POINT('Ctrl Pts',(14.3828117412498,51.9979494577274,-4.25848874787378));
#10889=CARTESIAN_POINT('',(14.8755155152505,51.9979494577274,1.92848078951828));
#10890=CARTESIAN_POINT('Origin',(0.,51.9979494577274,0.));
#10891=CARTESIAN_POINT('',(14.8755155152505,50.6473320489749,1.92848078951828));
#10892=CARTESIAN_POINT('',(14.8755155152505,0.,1.92848078951828));
#10893=CARTESIAN_POINT('',(14.623849670749,50.6473320489749,3.33811635617058));
#10894=CARTESIAN_POINT('Origin',(0.,50.6473320489749,0.));
#10895=CARTESIAN_POINT('',(14.623849670749,51.9979494577274,3.33811635617058));
#10896=CARTESIAN_POINT('',(14.623849670749,0.,3.33811635617058));
#10897=CARTESIAN_POINT('',(13.793501203529,51.9979494577274,5.89400751172266));
#10898=CARTESIAN_POINT('Origin',(0.,51.9979494577274,0.));
#10899=CARTESIAN_POINT('',(13.3222693504653,53.8294619088992,6.89326768330186));
#10900=CARTESIAN_POINT('Ctrl Pts',(13.793501203529,51.9979494577274,5.89400751172266));
#10901=CARTESIAN_POINT('Ctrl Pts',(13.6487642017065,52.608453608118,6.2327295111202));
#10902=CARTESIAN_POINT('Ctrl Pts',(13.4915448214003,53.2189577585086,6.56611755337346));
#10903=CARTESIAN_POINT('Ctrl Pts',(13.3222693504653,53.8294619088992,6.89326768330186));
#10904=CARTESIAN_POINT('',(14.623849670749,53.8294619088992,3.33811635617058));
#10905=CARTESIAN_POINT('Origin',(0.,53.8294619088992,0.));
#10906=CARTESIAN_POINT('',(14.623849670749,55.6814402109012,3.33811635617058));
#10907=CARTESIAN_POINT('',(14.623849670749,0.,3.33811635617058));
#10908=CARTESIAN_POINT('',(14.8755155152505,55.6814402109012,1.92848078951827));
#10909=CARTESIAN_POINT('Origin',(0.,55.6814402109012,0.));
#10910=CARTESIAN_POINT('',(14.8755155152505,53.8294619088992,1.92848078951828));
#10911=CARTESIAN_POINT('',(14.8755155152505,0.,1.92848078951828));
#10912=CARTESIAN_POINT('',(14.3534295507498,53.8294619088992,-4.35649631374358));
#10913=CARTESIAN_POINT('Origin',(0.,53.8294619088992,0.));
#10914=CARTESIAN_POINT('',(14.0267391586846,53.926665163599,-5.31512827448445));
#10915=CARTESIAN_POINT('Ctrl Pts',(14.3534295507498,53.8294619088992,-4.35649631374358));
#10916=CARTESIAN_POINT('Ctrl Pts',(14.2904066252563,53.8267443126611,-4.56413912025758));
#10917=CARTESIAN_POINT('Ctrl Pts',(14.1838883040299,53.8224615796647,-4.88917926301881));
#10918=CARTESIAN_POINT('Ctrl Pts',(14.0697946192019,53.8987758865798,-5.20150397741284));
#10919=CARTESIAN_POINT('Ctrl Pts',(14.0267391586846,53.926665163599,-5.31512827448445));
#10920=CARTESIAN_POINT('Ctrl Pts',(14.0267391586846,53.926665163599,-5.31512827448445));
#10921=CARTESIAN_POINT('Ctrl Pts',(14.0014140188815,53.9646392730008,-5.38196186942899));
#10922=CARTESIAN_POINT('Ctrl Pts',(13.9489949471077,54.0415648486349,-5.51692350822368));
#10923=CARTESIAN_POINT('Ctrl Pts',(13.9138153463677,54.1758577033418,-5.60428555261101));
#10924=CARTESIAN_POINT('Ctrl Pts',(13.8958581392151,54.2438572412357,-5.64846231949993));
#10925=CARTESIAN_POINT('',(14.623849670749,47.9317825799808,3.33811635617058));
#10926=CARTESIAN_POINT('',(13.1637378568358,47.9317825799808,-7.19138412522296));
#10927=CARTESIAN_POINT('Origin',(0.,47.9317825799808,0.));
#10928=CARTESIAN_POINT('',(13.1637378568358,46.0900372033939,-7.19138412522296));
#10929=CARTESIAN_POINT('',(13.1637378568358,0.,-7.19138412522296));
#10930=CARTESIAN_POINT('',(14.623849670749,46.0900372033939,3.33811635617058));
#10931=CARTESIAN_POINT('Origin',(0.,46.0900372033939,0.));
#10932=CARTESIAN_POINT('',(14.623849670749,0.,3.33811635617058));
#10933=CARTESIAN_POINT('',(13.1637384283556,42.2592037683353,7.19138307906305));
#10934=CARTESIAN_POINT('',(13.1637378568358,42.2592037683353,-7.19138412522296));
#10935=CARTESIAN_POINT('Origin',(0.,42.2592037683353,0.));
#10936=CARTESIAN_POINT('',(13.1637378568358,40.5504768854007,-7.19138412522296));
#10937=CARTESIAN_POINT('',(13.1637378568358,0.,-7.19138412522296));
#10938=CARTESIAN_POINT('',(13.7652003664153,40.5504768854007,-5.95980359344508));
#10939=CARTESIAN_POINT('Origin',(0.,40.5504768854007,0.));
#10940=CARTESIAN_POINT('',(13.044248325652,37.5115936761722,-7.40591558274359));
#10941=CARTESIAN_POINT('Ctrl Pts',(13.7652003664153,40.5504768854007,-5.95980359344508));
#10942=CARTESIAN_POINT('Ctrl Pts',(13.5778650302418,40.1611376166348,-6.39248705317746));
#10943=CARTESIAN_POINT('Ctrl Pts',(13.1443858284178,39.3719130757739,-7.24488818931645));
#10944=CARTESIAN_POINT('Ctrl Pts',(13.0756924911636,38.1371997566099,-7.35053208576162));
#10945=CARTESIAN_POINT('Ctrl Pts',(13.044248325652,37.5115936761722,-7.40591558274359));
#10946=CARTESIAN_POINT('',(13.3828719137771,35.1224392419681,-6.77486083542938));
#10947=CARTESIAN_POINT('Ctrl Pts',(13.044248325652,37.5115936761722,-7.40591558274359));
#10948=CARTESIAN_POINT('Ctrl Pts',(13.0590377551394,37.0870133239173,-7.37986654280081));
#10949=CARTESIAN_POINT('Ctrl Pts',(13.0898633405441,36.237059904625,-7.32840347298928));
#10950=CARTESIAN_POINT('Ctrl Pts',(13.2885199125089,35.4942104040508,-6.96124115798564));
#10951=CARTESIAN_POINT('Ctrl Pts',(13.3828719137771,35.1224392419681,-6.77486083542938));
#10952=CARTESIAN_POINT('',(14.1648421874924,33.434173441492,-4.93530604962212));
#10953=CARTESIAN_POINT('Ctrl Pts',(13.3828719137771,35.1224392419681,-6.77486083542938));
#10954=CARTESIAN_POINT('Ctrl Pts',(13.5034298702949,34.7775938984969,-6.53671399677755));
#10955=CARTESIAN_POINT('Ctrl Pts',(13.7403135668305,34.0724269772641,-6.04463920204278));
#10956=CARTESIAN_POINT('Ctrl Pts',(14.0327030308658,33.6500148337158,-5.31455918642555));
#10957=CARTESIAN_POINT('Ctrl Pts',(14.1648421874924,33.434173441492,-4.93530604962212));
#10958=CARTESIAN_POINT('',(14.8564205999243,32.8356045251712,-2.07045090696318));
#10959=CARTESIAN_POINT('Ctrl Pts',(14.1648421874924,33.434173441492,-4.93530604962212));
#10960=CARTESIAN_POINT('Ctrl Pts',(14.3144970982091,33.2596753571842,-4.50578087497812));
#10961=CARTESIAN_POINT('Ctrl Pts',(14.5876959839614,32.8953157903718,-3.59507847571506));
#10962=CARTESIAN_POINT('Ctrl Pts',(14.7832552659063,32.8560600263601,-2.59544523155704));
#10963=CARTESIAN_POINT('Ctrl Pts',(14.8564205999243,32.8356045251712,-2.07045090696318));
#10964=CARTESIAN_POINT('',(14.9744964234751,33.3778971200809,0.874332238529213));
#10965=CARTESIAN_POINT('Ctrl Pts',(14.8564205999243,32.8356045251712,-2.07045090696318));
#10966=CARTESIAN_POINT('Ctrl Pts',(14.9284650925837,32.8550834387047,-1.55349912546616));
#10967=CARTESIAN_POINT('Ctrl Pts',(15.0142935730348,32.8928033395059,-0.545114032092807));
#10968=CARTESIAN_POINT('Ctrl Pts',(15.0014616554589,33.2197761577365,0.412504626431957));
#10969=CARTESIAN_POINT('Ctrl Pts',(14.9744964234751,33.3778971200809,0.874332238529213));
#10970=CARTESIAN_POINT('',(14.7194106165176,35.0047725206241,2.88772420815243));
#10971=CARTESIAN_POINT('Ctrl Pts',(14.9744964234751,33.3778971200809,0.874332238529213));
#10972=CARTESIAN_POINT('Ctrl Pts',(14.9504529410941,33.5761327603528,1.28611968620173));
#10973=CARTESIAN_POINT('Ctrl Pts',(14.8658874720889,33.9621669976081,2.08542562707223));
#10974=CARTESIAN_POINT('Ctrl Pts',(14.770777465077,34.663558420024,2.62589527937616));
#10975=CARTESIAN_POINT('Ctrl Pts',(14.7194106165176,35.0047725206241,2.88772420815243));
#10976=CARTESIAN_POINT('',(14.5672438600587,37.429739809595,3.57706672031453));
#10977=CARTESIAN_POINT('Ctrl Pts',(14.7194106165176,35.0047725206241,2.88772420815243));
#10978=CARTESIAN_POINT('Ctrl Pts',(14.6797693512334,35.3790099488341,3.08978507650976));
#10979=CARTESIAN_POINT('Ctrl Pts',(14.5887458183824,36.1345463112968,3.49545298082593));
#10980=CARTESIAN_POINT('Ctrl Pts',(14.5739928688385,36.995326925003,3.54958206196293));
#10981=CARTESIAN_POINT('Ctrl Pts',(14.5672438600587,37.429739809595,3.57706672031453));
#10982=CARTESIAN_POINT('',(14.6604934829177,39.1793983941898,3.17331543300178));
#10983=CARTESIAN_POINT('Ctrl Pts',(14.5672438600587,37.429739809595,3.57706672031453));
#10984=CARTESIAN_POINT('Ctrl Pts',(14.5708245850253,37.7439589419941,3.56248457861487));
#10985=CARTESIAN_POINT('Ctrl Pts',(14.578289171962,38.3534471576923,3.53432550212509));
#10986=CARTESIAN_POINT('Ctrl Pts',(14.6349308349764,38.9098478034173,3.29141306352801));
#10987=CARTESIAN_POINT('Ctrl Pts',(14.6604934829177,39.1793983941898,3.17331543300178));
#10988=CARTESIAN_POINT('',(14.8507164960654,40.4276913171634,2.11097597179394));
#10989=CARTESIAN_POINT('Ctrl Pts',(14.6604934829177,39.1793983941898,3.17331543300178));
#10990=CARTESIAN_POINT('Ctrl Pts',(14.6915448502153,39.4219483222388,3.02986030617541));
#10991=CARTESIAN_POINT('Ctrl Pts',(14.7497293982262,39.8995166300772,2.74672911606533));
#10992=CARTESIAN_POINT('Ctrl Pts',(14.8208395607695,40.2534939018033,2.32116021916524));
#10993=CARTESIAN_POINT('Ctrl Pts',(14.8507164960654,40.4276913171634,2.11097597179394));
#10994=CARTESIAN_POINT('',(13.1637384283556,40.4276913171634,7.19138307906304));
#10995=CARTESIAN_POINT('Origin',(0.,40.4276913171634,0.));
#10996=CARTESIAN_POINT('',(13.1637384283556,0.,7.19138307906305));
#10997=CARTESIAN_POINT('Origin',(0.,7.5,0.));
#10998=CARTESIAN_POINT('',(-17.,9.,-2.0818995585505E-15));
#10999=CARTESIAN_POINT('Origin',(0.,9.,0.));
#11000=CARTESIAN_POINT('',(-17.,7.5,-2.0818995585505E-15));
#11001=CARTESIAN_POINT('',(-17.,7.5,2.0818995585505E-15));
#11002=CARTESIAN_POINT('Origin',(0.,7.5,0.));
#11003=CARTESIAN_POINT('Origin',(0.,7.5,0.));
#11004=CARTESIAN_POINT('Origin',(0.,9.,0.));
#11005=CARTESIAN_POINT('',(-15.,9.,-1.83697019872103E-15));
#11006=CARTESIAN_POINT('Origin',(0.,9.,0.));
#11007=CARTESIAN_POINT('Origin',(0.,0.,0.));
#11008=CARTESIAN_POINT('',(-15.,0.,1.83697019872103E-15));
#11009=CARTESIAN_POINT('Origin',(0.,12.5,0.));
#11010=CARTESIAN_POINT('',(-17.,14.,-2.0818995585505E-15));
#11011=CARTESIAN_POINT('Origin',(0.,14.,0.));
#11012=CARTESIAN_POINT('',(-17.,12.5,-2.0818995585505E-15));
#11013=CARTESIAN_POINT('',(-17.,12.5,2.0818995585505E-15));
#11014=CARTESIAN_POINT('Origin',(0.,12.5,0.));
#11015=CARTESIAN_POINT('Origin',(0.,12.5,0.));
#11016=CARTESIAN_POINT('Origin',(0.,14.,0.));
#11017=CARTESIAN_POINT('',(-15.,14.,-1.83697019872103E-15));
#11018=CARTESIAN_POINT('Origin',(0.,14.,0.));
#11019=CARTESIAN_POINT('Origin',(0.,0.,0.));
#11020=CARTESIAN_POINT('',(-15.,0.,1.83697019872103E-15));
#11021=CARTESIAN_POINT('Origin',(11.7090934418828,16.5,9.37534696793972));
#11022=CARTESIAN_POINT('',(13.3673244348292,57.5,10.5030775229939));
#11023=CARTESIAN_POINT('',(5.52619880172462,57.5,5.17048091848917));
#11024=CARTESIAN_POINT('',(13.3673244348292,59.,10.5030775229939));
#11025=CARTESIAN_POINT('',(5.52619880172462,59.,5.17048091848917));
#11026=CARTESIAN_POINT('',(13.3673244348292,57.5,10.5030775229939));
#11027=CARTESIAN_POINT('Origin',(9.74092918661544,16.5,-13.932490752961));
#11028=CARTESIAN_POINT('',(9.74092918661544,57.5,-13.932490752961));
#11029=CARTESIAN_POINT('',(4.96130638878831,57.5,-6.90446564321342));
#11030=CARTESIAN_POINT('',(9.74092918661544,59.,-13.932490752961));
#11031=CARTESIAN_POINT('',(9.74092918661544,57.5,-13.932490752961));
#11032=CARTESIAN_POINT('',(4.96130638878831,59.,-6.90446564321342));
#11033=CARTESIAN_POINT('Origin',(0.,57.5,0.));
#11034=CARTESIAN_POINT('Origin',(0.,57.5,0.));
#11035=CARTESIAN_POINT('Origin',(0.,57.5,0.));
#11036=CARTESIAN_POINT('Origin',(0.,59.,0.));
#11037=CARTESIAN_POINT('Origin',(0.,59.,0.));
#11038=CARTESIAN_POINT('Origin',(11.7090934418828,16.5,9.37534696793972));
#11039=CARTESIAN_POINT('',(13.3673244348292,60.,10.5030775229939));
#11040=CARTESIAN_POINT('',(5.52619880172462,60.,5.17048091848917));
#11041=CARTESIAN_POINT('',(13.3673244348292,61.5,10.5030775229939));
#11042=CARTESIAN_POINT('',(5.52619880172462,61.5,5.17048091848917));
#11043=CARTESIAN_POINT('',(13.3673244348292,60.,10.5030775229939));
#11044=CARTESIAN_POINT('Origin',(9.74092918661544,16.5,-13.932490752961));
#11045=CARTESIAN_POINT('',(9.74092918661544,60.,-13.932490752961));
#11046=CARTESIAN_POINT('',(4.96130638878831,60.,-6.90446564321342));
#11047=CARTESIAN_POINT('',(9.74092918661544,61.5,-13.932490752961));
#11048=CARTESIAN_POINT('',(9.74092918661544,60.,-13.932490752961));
#11049=CARTESIAN_POINT('',(4.96130638878831,61.5,-6.90446564321342));
#11050=CARTESIAN_POINT('Origin',(0.,60.,0.));
#11051=CARTESIAN_POINT('Origin',(0.,60.,0.));
#11052=CARTESIAN_POINT('Origin',(0.,60.,0.));
#11053=CARTESIAN_POINT('Origin',(0.,61.5,0.));
#11054=CARTESIAN_POINT('Origin',(0.,61.5,0.));
#11055=CARTESIAN_POINT('Origin',(11.7090934418828,16.5,9.37534696793972));
#11056=CARTESIAN_POINT('',(13.3673244348292,67.5,10.5030775229939));
#11057=CARTESIAN_POINT('',(5.52619880172462,67.5,5.17048091848917));
#11058=CARTESIAN_POINT('',(13.3673244348292,69.,10.5030775229939));
#11059=CARTESIAN_POINT('',(5.52619880172462,69.,5.17048091848917));
#11060=CARTESIAN_POINT('',(13.3673244348292,67.5,10.5030775229939));
#11061=CARTESIAN_POINT('Origin',(9.74092918661544,16.5,-13.932490752961));
#11062=CARTESIAN_POINT('',(9.74092918661544,67.5,-13.932490752961));
#11063=CARTESIAN_POINT('',(4.96130638878831,67.5,-6.90446564321342));
#11064=CARTESIAN_POINT('',(9.74092918661544,69.,-13.932490752961));
#11065=CARTESIAN_POINT('',(9.74092918661544,67.5,-13.932490752961));
#11066=CARTESIAN_POINT('',(4.96130638878831,69.,-6.90446564321342));
#11067=CARTESIAN_POINT('Origin',(0.,67.5,0.));
#11068=CARTESIAN_POINT('Origin',(0.,67.5,0.));
#11069=CARTESIAN_POINT('Origin',(0.,67.5,0.));
#11070=CARTESIAN_POINT('Origin',(0.,69.,0.));
#11071=CARTESIAN_POINT('Origin',(0.,69.,0.));
#11072=CARTESIAN_POINT('Origin',(11.7090934418828,16.5,9.37534696793972));
#11073=CARTESIAN_POINT('',(13.3673244348292,65.,10.5030775229939));
#11074=CARTESIAN_POINT('',(5.52619880172462,65.,5.17048091848917));
#11075=CARTESIAN_POINT('',(13.3673244348292,66.5,10.5030775229939));
#11076=CARTESIAN_POINT('',(5.52619880172462,66.5,5.17048091848917));
#11077=CARTESIAN_POINT('',(13.3673244348292,65.,10.5030775229939));
#11078=CARTESIAN_POINT('Origin',(9.74092918661544,16.5,-13.932490752961));
#11079=CARTESIAN_POINT('',(9.74092918661544,65.,-13.932490752961));
#11080=CARTESIAN_POINT('',(4.96130638878831,65.,-6.90446564321342));
#11081=CARTESIAN_POINT('',(9.74092918661544,66.5,-13.932490752961));
#11082=CARTESIAN_POINT('',(9.74092918661544,65.,-13.932490752961));
#11083=CARTESIAN_POINT('',(4.96130638878831,66.5,-6.90446564321342));
#11084=CARTESIAN_POINT('Origin',(0.,65.,0.));
#11085=CARTESIAN_POINT('Origin',(0.,65.,0.));
#11086=CARTESIAN_POINT('Origin',(0.,65.,0.));
#11087=CARTESIAN_POINT('Origin',(0.,66.5,0.));
#11088=CARTESIAN_POINT('Origin',(0.,66.5,0.));
#11089=CARTESIAN_POINT('Origin',(11.7090934418828,16.5,9.37534696793972));
#11090=CARTESIAN_POINT('',(13.3673244348292,75.,10.5030775229939));
#11091=CARTESIAN_POINT('',(5.52619880172462,75.,5.17048091848917));
#11092=CARTESIAN_POINT('',(13.3673244348292,76.5,10.5030775229939));
#11093=CARTESIAN_POINT('',(5.52619880172462,76.5,5.17048091848917));
#11094=CARTESIAN_POINT('',(13.3673244348292,75.,10.5030775229939));
#11095=CARTESIAN_POINT('Origin',(9.74092918661544,16.5,-13.932490752961));
#11096=CARTESIAN_POINT('',(9.74092918661544,75.,-13.932490752961));
#11097=CARTESIAN_POINT('',(4.96130638878831,75.,-6.90446564321342));
#11098=CARTESIAN_POINT('',(9.74092918661544,76.5,-13.932490752961));
#11099=CARTESIAN_POINT('',(9.74092918661544,75.,-13.932490752961));
#11100=CARTESIAN_POINT('',(4.96130638878831,76.5,-6.90446564321342));
#11101=CARTESIAN_POINT('Origin',(0.,75.,0.));
#11102=CARTESIAN_POINT('Origin',(0.,75.,0.));
#11103=CARTESIAN_POINT('Origin',(0.,75.,0.));
#11104=CARTESIAN_POINT('Origin',(0.,76.5,0.));
#11105=CARTESIAN_POINT('Origin',(0.,76.5,0.));
#11106=CARTESIAN_POINT('Origin',(11.7090934418828,16.5,9.37534696793972));
#11107=CARTESIAN_POINT('',(13.3673244348292,72.5,10.5030775229939));
#11108=CARTESIAN_POINT('',(5.52619880172462,72.5,5.17048091848917));
#11109=CARTESIAN_POINT('',(13.3673244348292,74.,10.5030775229939));
#11110=CARTESIAN_POINT('',(5.52619880172462,74.,5.17048091848917));
#11111=CARTESIAN_POINT('',(13.3673244348292,72.5,10.5030775229939));
#11112=CARTESIAN_POINT('Origin',(9.74092918661544,16.5,-13.932490752961));
#11113=CARTESIAN_POINT('',(9.74092918661544,72.5,-13.932490752961));
#11114=CARTESIAN_POINT('',(4.96130638878831,72.5,-6.90446564321342));
#11115=CARTESIAN_POINT('',(9.74092918661544,74.,-13.932490752961));
#11116=CARTESIAN_POINT('',(9.74092918661544,72.5,-13.932490752961));
#11117=CARTESIAN_POINT('',(4.96130638878831,74.,-6.90446564321342));
#11118=CARTESIAN_POINT('Origin',(0.,72.5,0.));
#11119=CARTESIAN_POINT('Origin',(0.,72.5,0.));
#11120=CARTESIAN_POINT('Origin',(0.,72.5,0.));
#11121=CARTESIAN_POINT('Origin',(0.,74.,0.));
#11122=CARTESIAN_POINT('Origin',(0.,74.,0.));
#11123=CARTESIAN_POINT('Origin',(11.7090934418828,16.5,9.37534696793972));
#11124=CARTESIAN_POINT('',(13.3673244348292,70.,10.5030775229939));
#11125=CARTESIAN_POINT('',(5.52619880172462,70.,5.17048091848917));
#11126=CARTESIAN_POINT('',(13.3673244348292,71.5,10.5030775229939));
#11127=CARTESIAN_POINT('',(5.52619880172462,71.5,5.17048091848917));
#11128=CARTESIAN_POINT('',(13.3673244348292,70.,10.5030775229939));
#11129=CARTESIAN_POINT('Origin',(9.74092918661544,16.5,-13.932490752961));
#11130=CARTESIAN_POINT('',(9.74092918661544,70.,-13.932490752961));
#11131=CARTESIAN_POINT('',(4.96130638878831,70.,-6.90446564321342));
#11132=CARTESIAN_POINT('',(9.74092918661544,71.5,-13.932490752961));
#11133=CARTESIAN_POINT('',(9.74092918661544,70.,-13.932490752961));
#11134=CARTESIAN_POINT('',(4.96130638878831,71.5,-6.90446564321342));
#11135=CARTESIAN_POINT('Origin',(0.,70.,0.));
#11136=CARTESIAN_POINT('Origin',(0.,70.,0.));
#11137=CARTESIAN_POINT('Origin',(0.,70.,0.));
#11138=CARTESIAN_POINT('Origin',(0.,71.5,0.));
#11139=CARTESIAN_POINT('Origin',(0.,71.5,0.));
#11140=CARTESIAN_POINT('Origin',(11.7090934418828,16.5,9.37534696793972));
#11141=CARTESIAN_POINT('',(13.3673244348292,62.5,10.5030775229939));
#11142=CARTESIAN_POINT('',(5.52619880172462,62.5,5.17048091848917));
#11143=CARTESIAN_POINT('',(13.3673244348292,64.,10.5030775229939));
#11144=CARTESIAN_POINT('',(5.52619880172462,64.,5.17048091848917));
#11145=CARTESIAN_POINT('',(13.3673244348292,62.5,10.5030775229939));
#11146=CARTESIAN_POINT('Origin',(9.74092918661544,16.5,-13.932490752961));
#11147=CARTESIAN_POINT('',(9.74092918661544,62.5,-13.932490752961));
#11148=CARTESIAN_POINT('',(4.96130638878831,62.5,-6.90446564321342));
#11149=CARTESIAN_POINT('',(9.74092918661544,64.,-13.932490752961));
#11150=CARTESIAN_POINT('',(9.74092918661544,62.5,-13.932490752961));
#11151=CARTESIAN_POINT('',(4.96130638878831,64.,-6.90446564321342));
#11152=CARTESIAN_POINT('Origin',(0.,62.5,0.));
#11153=CARTESIAN_POINT('Origin',(0.,62.5,0.));
#11154=CARTESIAN_POINT('Origin',(0.,62.5,0.));
#11155=CARTESIAN_POINT('Origin',(0.,64.,0.));
#11156=CARTESIAN_POINT('Origin',(0.,64.,0.));
#11157=CARTESIAN_POINT('Origin',(0.,0.,0.));
#11158=CARTESIAN_POINT('',(14.9189035521363,42.2592037683353,8.15023415627145));
#11159=CARTESIAN_POINT('',(14.9189029044139,42.2592037683353,-8.15023534191935));
#11160=CARTESIAN_POINT('Origin',(0.,42.2592037683353,0.));
#11161=CARTESIAN_POINT('',(14.9189035521363,40.4276913171634,8.15023415627145));
#11162=CARTESIAN_POINT('',(14.9189035521363,40.4276913171634,8.15023415627145));
#11163=CARTESIAN_POINT('',(16.8308120288741,40.4276913171634,2.3924394346998));
#11164=CARTESIAN_POINT('Origin',(0.,40.4276913171634,0.));
#11165=CARTESIAN_POINT('',(16.6152259473067,39.1793983941898,3.59642415740202));
#11166=CARTESIAN_POINT('Ctrl Pts',(16.6152259473067,39.1793983941898,3.59642415740202));
#11167=CARTESIAN_POINT('Ctrl Pts',(16.6504174969106,39.4219483222388,3.43384168033213));
#11168=CARTESIAN_POINT('Ctrl Pts',(16.7163599846563,39.8995166300772,3.11295966487404));
#11169=CARTESIAN_POINT('Ctrl Pts',(16.7969515022054,40.2534939018033,2.63064824838727));
#11170=CARTESIAN_POINT('Ctrl Pts',(16.8308120288741,40.4276913171634,2.3924394346998));
#11171=CARTESIAN_POINT('',(16.5095430413999,37.429739809595,4.05400894968981));
#11172=CARTESIAN_POINT('Ctrl Pts',(16.5095430413999,37.429739809595,4.05400894968981));
#11173=CARTESIAN_POINT('Ctrl Pts',(16.5136011963621,37.7439589419941,4.03748252243018));
#11174=CARTESIAN_POINT('Ctrl Pts',(16.5220610615569,38.3534471576923,4.00556890240843));
#11175=CARTESIAN_POINT('Ctrl Pts',(16.5862549463066,38.9098478034173,3.73026813866507));
#11176=CARTESIAN_POINT('Ctrl Pts',(16.6152259473067,39.1793983941898,3.59642415740202));
#11177=CARTESIAN_POINT('',(16.6819986987199,35.0047725206241,3.27275410257275));
#11178=CARTESIAN_POINT('Ctrl Pts',(16.6819986987199,35.0047725206241,3.27275410257275));
#11179=CARTESIAN_POINT('Ctrl Pts',(16.6370719313979,35.3790099488341,3.5017564200444));
#11180=CARTESIAN_POINT('Ctrl Pts',(16.5339119275,36.1345463112968,3.96151337826938));
#11181=CARTESIAN_POINT('Ctrl Pts',(16.517191918017,36.995326925003,4.02285967022465));
#11182=CARTESIAN_POINT('Ctrl Pts',(16.5095430413999,37.429739809595,4.05400894968981));
#11183=CARTESIAN_POINT('',(16.9710959466051,33.3778971200809,0.990909870333108));
#11184=CARTESIAN_POINT('Ctrl Pts',(16.9710959466051,33.3778971200809,0.990909870333108));
#11185=CARTESIAN_POINT('Ctrl Pts',(16.9438466665733,33.5761327603528,1.45760231102863));
#11186=CARTESIAN_POINT('Ctrl Pts',(16.8480058017007,33.9621669976081,2.36348237734853));
#11187=CARTESIAN_POINT('Ctrl Pts',(16.7402144604205,34.663558420024,2.97601464995965));
#11188=CARTESIAN_POINT('Ctrl Pts',(16.6819986987199,35.0047725206241,3.27275410257275));
#11189=CARTESIAN_POINT('',(16.8372766799142,32.8356045251712,-2.3465110278916));
#11190=CARTESIAN_POINT('Ctrl Pts',(16.8372766799142,32.8356045251712,-2.3465110278916));
#11191=CARTESIAN_POINT('Ctrl Pts',(16.9189271049282,32.8550834387047,-1.76063234219498));
#11192=CARTESIAN_POINT('Ctrl Pts',(17.0161993827727,32.8928033395059,-0.617795903038515));
#11193=CARTESIAN_POINT('Ctrl Pts',(17.0016565428534,33.2197761577365,0.467505243289552));
#11194=CARTESIAN_POINT('Ctrl Pts',(16.9710959466051,33.3778971200809,0.990909870333108));
#11195=CARTESIAN_POINT('',(16.0534878124913,33.434173441492,-5.59334685623841));
#11196=CARTESIAN_POINT('Ctrl Pts',(16.0534878124913,33.434173441492,-5.59334685623841));
#11197=CARTESIAN_POINT('Ctrl Pts',(16.2230967113036,33.2596753571842,-5.10655165830853));
#11198=CARTESIAN_POINT('Ctrl Pts',(16.5327221151563,32.8953157903718,-4.07442227247706));
#11199=CARTESIAN_POINT('Ctrl Pts',(16.7543559680271,32.8560600263601,-2.94150459576465));
#11200=CARTESIAN_POINT('Ctrl Pts',(16.8372766799142,32.8356045251712,-2.3465110278916));
#11201=CARTESIAN_POINT('',(15.1672548356141,35.1224392419681,-7.67817561348663));
#11202=CARTESIAN_POINT('Ctrl Pts',(15.1672548356141,35.1224392419681,-7.67817561348663));
#11203=CARTESIAN_POINT('Ctrl Pts',(15.3038871863342,34.7775938984969,-7.40827586301456));
#11204=CARTESIAN_POINT('Ctrl Pts',(15.5723553757412,34.0724269772641,-6.85059109564849));
#11205=CARTESIAN_POINT('Ctrl Pts',(15.9037301016479,33.6500148337158,-6.02316707794896));
#11206=CARTESIAN_POINT('Ctrl Pts',(16.0534878124913,33.434173441492,-5.59334685623841));
#11207=CARTESIAN_POINT('',(14.783481435739,37.5115936761722,-8.39337099377607));
#11208=CARTESIAN_POINT('Ctrl Pts',(14.783481435739,37.5115936761722,-8.39337099377607));
#11209=CARTESIAN_POINT('Ctrl Pts',(14.800242789158,37.0870133239173,-8.36384874850759));
#11210=CARTESIAN_POINT('Ctrl Pts',(14.8351784526167,36.237059904625,-8.30552393605452));
#11211=CARTESIAN_POINT('Ctrl Pts',(15.0603225675101,35.4942104040508,-7.88940664571706));
#11212=CARTESIAN_POINT('Ctrl Pts',(15.1672548356141,35.1224392419681,-7.67817561348663));
#11213=CARTESIAN_POINT('',(15.6005604152706,40.5504768854007,-6.75444407257109));
#11214=CARTESIAN_POINT('Ctrl Pts',(15.6005604152706,40.5504768854007,-6.75444407257109));
#11215=CARTESIAN_POINT('Ctrl Pts',(15.3882470342741,40.1611376166348,-7.24481866026779));
#11216=CARTESIAN_POINT('Ctrl Pts',(14.8969706055401,39.3719130757739,-8.21087328122531));
#11217=CARTESIAN_POINT('Ctrl Pts',(14.8191181566521,38.1371997566099,-8.33060303052984));
#11218=CARTESIAN_POINT('Ctrl Pts',(14.783481435739,37.5115936761722,-8.39337099377607));
#11219=CARTESIAN_POINT('',(14.9189029044139,40.5504768854007,-8.15023534191935));
#11220=CARTESIAN_POINT('Origin',(0.,40.5504768854007,0.));
#11221=CARTESIAN_POINT('',(14.9189029044139,42.2592037683353,-8.15023534191935));
#11222=CARTESIAN_POINT('',(16.8356725461221,37.6036804681644,2.35799277347271));
#11223=CARTESIAN_POINT('',(16.9555806070828,35.5521791940555,1.22812307067215));
#11224=CARTESIAN_POINT('Ctrl Pts',(16.8356725461221,37.6036804681644,2.35799277347271));
#11225=CARTESIAN_POINT('Ctrl Pts',(16.8426511781517,37.2091229989068,2.30816651234457));
#11226=CARTESIAN_POINT('Ctrl Pts',(16.85971404523,36.4071635575346,2.2072732519994));
#11227=CARTESIAN_POINT('Ctrl Pts',(16.9316370276573,35.8402008821332,1.55869034089636));
#11228=CARTESIAN_POINT('Ctrl Pts',(16.9555806070828,35.5521791940555,1.22812307067215));
#11229=CARTESIAN_POINT('',(16.9588684713272,39.7216909890994,1.18185454782913));
#11230=CARTESIAN_POINT('Ctrl Pts',(16.9588684713272,39.7216909890994,1.18185454782913));
#11231=CARTESIAN_POINT('Ctrl Pts',(16.9348877251403,39.4230887063942,1.52596315338824));
#11232=CARTESIAN_POINT('Ctrl Pts',(16.8611936716006,38.8380153293161,2.19796631480551));
#11233=CARTESIAN_POINT('Ctrl Pts',(16.8430581847509,38.009398443643,2.30526055355359));
#11234=CARTESIAN_POINT('Ctrl Pts',(16.8356725461221,37.6036804681644,2.35799277347271));
#11235=CARTESIAN_POINT('',(16.8123866977708,40.5811708932742,-2.51866105790735));
#11236=CARTESIAN_POINT('Ctrl Pts',(16.8123866977708,40.5811708932742,-2.51866105790735));
#11237=CARTESIAN_POINT('Ctrl Pts',(16.9234840301484,40.5689065560291,-1.77707206674161));
#11238=CARTESIAN_POINT('Ctrl Pts',(17.0271421224377,40.5472673016102,-0.455539984695612));
#11239=CARTESIAN_POINT('Ctrl Pts',(16.9932872701686,39.9712449559788,0.687966460192233));
#11240=CARTESIAN_POINT('Ctrl Pts',(16.9588684713272,39.7216909890994,1.18185454782913));
#11241=CARTESIAN_POINT('',(15.9717197789652,39.7370379930362,-5.82272851008977));
#11242=CARTESIAN_POINT('Ctrl Pts',(15.9717197789652,39.7370379930362,-5.82272851008977));
#11243=CARTESIAN_POINT('Ctrl Pts',(16.1290432091821,39.9823430203772,-5.39119100362069));
#11244=CARTESIAN_POINT('Ctrl Pts',(16.4505497811261,40.5396632218871,-4.39735230197335));
#11245=CARTESIAN_POINT('Ctrl Pts',(16.710704831095,40.5662732787522,-3.19740060380165));
#11246=CARTESIAN_POINT('Ctrl Pts',(16.8123866977708,40.5811708932742,-2.51866105790735));
#11247=CARTESIAN_POINT('',(15.5541236371119,37.6855367189273,-6.86070243352951));
#11248=CARTESIAN_POINT('Ctrl Pts',(15.5541236371119,37.6855367189273,-6.86070243352951));
#11249=CARTESIAN_POINT('Ctrl Pts',(15.5744756713431,38.0756838907268,-6.81456166882418));
#11250=CARTESIAN_POINT('Ctrl Pts',(15.6185797772433,38.8727540941521,-6.72138776565858));
#11251=CARTESIAN_POINT('Ctrl Pts',(15.8599432771367,39.4449291887003,-6.1293309838243));
#11252=CARTESIAN_POINT('Ctrl Pts',(15.9717197789652,39.7370379930362,-5.82272851008977));
#11253=CARTESIAN_POINT('',(15.989518637284,35.6084555154666,-5.77367246628596));
#11254=CARTESIAN_POINT('Ctrl Pts',(15.989518637284,35.6084555154666,-5.77367246628596));
#11255=CARTESIAN_POINT('Ctrl Pts',(15.8735448403317,35.9072809276008,-6.09484849395865));
#11256=CARTESIAN_POINT('Ctrl Pts',(15.6255434931701,36.4841086792297,-6.70573265126887));
#11257=CARTESIAN_POINT('Ctrl Pts',(15.5765130872711,37.2948160257291,-6.8099425763111));
#11258=CARTESIAN_POINT('Ctrl Pts',(15.5541236371119,37.6855367189273,-6.86070243352951));
#11259=CARTESIAN_POINT('',(16.8372766799142,34.7285097604617,-2.3465110278916));
#11260=CARTESIAN_POINT('Ctrl Pts',(16.8372766799142,34.7285097604617,-2.3465110278916));
#11261=CARTESIAN_POINT('Ctrl Pts',(16.7394586604006,34.7448117736826,-3.04839950796034));
#11262=CARTESIAN_POINT('Ctrl Pts',(16.4800006122769,34.7740268209085,-4.29382068255588));
#11263=CARTESIAN_POINT('Ctrl Pts',(16.1517245018368,35.3526877284514,-5.32446207039169));
#11264=CARTESIAN_POINT('Ctrl Pts',(15.989518637284,35.6084555154666,-5.77367246628596));
#11265=CARTESIAN_POINT('Ctrl Pts',(16.9555806070828,35.5521791940555,1.22812307067215));
#11266=CARTESIAN_POINT('Ctrl Pts',(16.9900597796233,35.3130538746754,0.75210042828712));
#11267=CARTESIAN_POINT('Ctrl Pts',(17.0273348072936,34.7597704364408,-0.35268521528402));
#11268=CARTESIAN_POINT('Ctrl Pts',(16.9373390245247,34.739831324525,-1.62851850136089));
#11269=CARTESIAN_POINT('Ctrl Pts',(16.8372766799142,34.7285097604617,-2.3465110278916));
#11270=CARTESIAN_POINT('Ctrl Pts',(14.8550051877548,37.6036804681644,2.08058185894651));
#11271=CARTESIAN_POINT('Ctrl Pts',(15.5152276405439,37.6036804681644,2.17305216378857));
#11272=CARTESIAN_POINT('Ctrl Pts',(16.175450093333,37.6036804681644,2.26552246863064));
#11273=CARTESIAN_POINT('Ctrl Pts',(16.8356725461221,37.6036804681644,2.35799277347271));
#11274=CARTESIAN_POINT('Ctrl Pts',(14.8611628042515,37.2091229989068,2.03661751089227));
#11275=CARTESIAN_POINT('Ctrl Pts',(15.5216294062282,37.2091229989068,2.12712986680042));
#11276=CARTESIAN_POINT('Ctrl Pts',(16.182184576175,37.2091229989068,2.21765415643642));
#11277=CARTESIAN_POINT('Ctrl Pts',(16.8426511781517,37.2091229989068,2.30816651234457));
#11278=CARTESIAN_POINT('Ctrl Pts',(14.876218275203,36.4071635575346,1.94759404588183));
#11279=CARTESIAN_POINT('Ctrl Pts',(15.5373800597455,36.4071635575346,2.03415320116599));
#11280=CARTESIAN_POINT('Ctrl Pts',(16.1985522606875,36.4071635575346,2.12071409671523));
#11281=CARTESIAN_POINT('Ctrl Pts',(16.85971404523,36.4071635575346,2.2072732519994));
#11282=CARTESIAN_POINT('Ctrl Pts',(14.9396797302858,35.8402008821332,1.37531500667326));
#11283=CARTESIAN_POINT('Ctrl Pts',(15.6037068425204,35.8402008821332,1.43644594012805));
#11284=CARTESIAN_POINT('Ctrl Pts',(16.2676099154228,35.8402008821332,1.49755940744156));
#11285=CARTESIAN_POINT('Ctrl Pts',(16.9316370276573,35.8402008821332,1.55869034089636));
#11286=CARTESIAN_POINT('Ctrl Pts',(14.9608064180142,35.5521791940555,1.08363800353425));
#11287=CARTESIAN_POINT('Ctrl Pts',(15.6257311477038,35.5521791940555,1.13179969258022));
#11288=CARTESIAN_POINT('Ctrl Pts',(16.2906558773933,35.5521791940555,1.17996138162618));
#11289=CARTESIAN_POINT('Ctrl Pts',(16.9555806070828,35.5521791940555,1.22812307067215));
#11290=CARTESIAN_POINT('',(14.8550051877548,37.6036804681644,2.08058185894651));
#11291=CARTESIAN_POINT('',(14.9608064180142,35.5521791940555,1.08363800353425));
#11292=CARTESIAN_POINT('Ctrl Pts',(14.8550051877548,37.6036804681644,2.08058185894651));
#11293=CARTESIAN_POINT('Ctrl Pts',(14.8611628042515,37.2091229989068,2.03661751089227));
#11294=CARTESIAN_POINT('Ctrl Pts',(14.876218275203,36.4071635575346,1.94759404588183));
#11295=CARTESIAN_POINT('Ctrl Pts',(14.9396797302858,35.8402008821332,1.37531500667326));
#11296=CARTESIAN_POINT('Ctrl Pts',(14.9608064180142,35.5521791940555,1.08363800353425));
#11297=CARTESIAN_POINT('',(14.8550051877548,37.6036804681644,2.08058185894651));
#11298=CARTESIAN_POINT('',(14.9608064180142,35.5521791940555,1.08363800353425));
#11299=CARTESIAN_POINT('Ctrl Pts',(14.9637074747005,39.7216909890994,1.04281283631982));
#11300=CARTESIAN_POINT('Ctrl Pts',(15.6287611402427,39.7216909890994,1.08916007348959));
#11301=CARTESIAN_POINT('Ctrl Pts',(16.293814805785,39.7216909890994,1.13550731065936));
#11302=CARTESIAN_POINT('Ctrl Pts',(16.9588684713272,39.7216909890994,1.18185454782913));
#11303=CARTESIAN_POINT('Ctrl Pts',(14.9425479927709,39.4230887063942,1.34643807651903));
#11304=CARTESIAN_POINT('Ctrl Pts',(15.6067057311331,39.4230887063942,1.4062860370591));
#11305=CARTESIAN_POINT('Ctrl Pts',(16.2707299867782,39.4230887063942,1.46611519284818));
#11306=CARTESIAN_POINT('Ctrl Pts',(16.9348877251403,39.4230887063942,1.52596315338824));
#11307=CARTESIAN_POINT('Ctrl Pts',(14.8775238278829,38.8380153293161,1.93938204247545));
#11308=CARTESIAN_POINT('Ctrl Pts',(15.5387432890086,38.8380153293161,2.02557616171803));
#11309=CARTESIAN_POINT('Ctrl Pts',(16.1999742104749,38.8380153293161,2.11177219556292));
#11310=CARTESIAN_POINT('Ctrl Pts',(16.8611936716006,38.8380153293161,2.19796631480551));
#11311=CARTESIAN_POINT('Ctrl Pts',(14.8615219277214,38.009398443643,2.03405342960611));
#11312=CARTESIAN_POINT('Ctrl Pts',(15.5220026126253,38.009398443643,2.12445157661134));
#11313=CARTESIAN_POINT('Ctrl Pts',(16.182577499847,38.009398443643,2.21486240654835));
#11314=CARTESIAN_POINT('Ctrl Pts',(16.8430581847509,38.009398443643,2.30526055355359));
#11315=CARTESIAN_POINT('Ctrl Pts',(14.8550051877548,37.6036804681644,2.08058185894651));
#11316=CARTESIAN_POINT('Ctrl Pts',(15.5152276405439,37.6036804681644,2.17305216378857));
#11317=CARTESIAN_POINT('Ctrl Pts',(16.175450093333,37.6036804681644,2.26552246863064));
#11318=CARTESIAN_POINT('Ctrl Pts',(16.8356725461221,37.6036804681644,2.35799277347271));
#11319=CARTESIAN_POINT('',(14.9637074747005,39.7216909890994,1.04281283631982));
#11320=CARTESIAN_POINT('Ctrl Pts',(14.9637074747005,39.7216909890994,1.04281283631982));
#11321=CARTESIAN_POINT('Ctrl Pts',(14.9425479927709,39.4230887063942,1.34643807651903));
#11322=CARTESIAN_POINT('Ctrl Pts',(14.8775238278829,38.8380153293161,1.93938204247545));
#11323=CARTESIAN_POINT('Ctrl Pts',(14.8615219277214,38.009398443643,2.03405342960611));
#11324=CARTESIAN_POINT('Ctrl Pts',(14.8550051877548,37.6036804681644,2.08058185894651));
#11325=CARTESIAN_POINT('',(14.9637074747005,39.7216909890994,1.04281283631982));
#11326=CARTESIAN_POINT('Ctrl Pts',(14.8344588509742,40.5811708932742,-2.22234799227119));
#11327=CARTESIAN_POINT('Ctrl Pts',(15.4937681332398,40.5811708932742,-2.32111901414991));
#11328=CARTESIAN_POINT('Ctrl Pts',(16.1530774155053,40.5811708932742,-2.41989003602863));
#11329=CARTESIAN_POINT('Ctrl Pts',(16.8123866977708,40.5811708932742,-2.51866105790735));
#11330=CARTESIAN_POINT('Ctrl Pts',(14.9324859089544,40.5689065560291,-1.56800476477201));
#11331=CARTESIAN_POINT('Ctrl Pts',(15.5961999110849,40.5689065560291,-1.63769369511644));
#11332=CARTESIAN_POINT('Ctrl Pts',(16.2597700280179,40.5689065560291,-1.70738313639718));
#11333=CARTESIAN_POINT('Ctrl Pts',(16.9234840301484,40.5689065560291,-1.77707206674161));
#11334=CARTESIAN_POINT('Ctrl Pts',(15.0239489315627,40.5472673016102,-0.401947045319658));
#11335=CARTESIAN_POINT('Ctrl Pts',(15.6916763867659,40.5472673016102,-0.419811559787376));
#11336=CARTESIAN_POINT('Ctrl Pts',(16.3594146672345,40.5472673016102,-0.437675470227894));
#11337=CARTESIAN_POINT('Ctrl Pts',(17.0271421224377,40.5472673016102,-0.455539984695612));
#11338=CARTESIAN_POINT('Ctrl Pts',(14.9940770030899,39.9712449559788,0.607029229581382));
#11339=CARTESIAN_POINT('Ctrl Pts',(15.6604491938646,39.9712449559788,0.634008644197939));
#11340=CARTESIAN_POINT('Ctrl Pts',(16.326915079394,39.9712449559788,0.660987045575675));
#11341=CARTESIAN_POINT('Ctrl Pts',(16.9932872701686,39.9712449559788,0.687966460192233));
#11342=CARTESIAN_POINT('Ctrl Pts',(14.9637074747005,39.7216909890994,1.04281283631982));
#11343=CARTESIAN_POINT('Ctrl Pts',(15.6287611402427,39.7216909890994,1.08916007348959));
#11344=CARTESIAN_POINT('Ctrl Pts',(16.293814805785,39.7216909890994,1.13550731065936));
#11345=CARTESIAN_POINT('Ctrl Pts',(16.9588684713272,39.7216909890994,1.18185454782913));
#11346=CARTESIAN_POINT('',(14.8344588509742,40.5811708932742,-2.22234799227119));
#11347=CARTESIAN_POINT('Ctrl Pts',(14.8344588509742,40.5811708932742,-2.22234799227119));
#11348=CARTESIAN_POINT('Ctrl Pts',(14.9324859089544,40.5689065560291,-1.56800476477201));
#11349=CARTESIAN_POINT('Ctrl Pts',(15.0239489315627,40.5472673016102,-0.401947045319658));
#11350=CARTESIAN_POINT('Ctrl Pts',(14.9940770030899,39.9712449559788,0.607029229581382));
#11351=CARTESIAN_POINT('Ctrl Pts',(14.9637074747005,39.7216909890994,1.04281283631982));
#11352=CARTESIAN_POINT('',(14.8344588509742,40.5811708932742,-2.22234799227119));
#11353=CARTESIAN_POINT('Ctrl Pts',(14.0926939226163,39.7370379930362,-5.1377016265498));
#11354=CARTESIAN_POINT('Ctrl Pts',(14.7190358747326,39.7370379930362,-5.36604392106312));
#11355=CARTESIAN_POINT('Ctrl Pts',(15.3453778268489,39.7370379930362,-5.59438621557645));
#11356=CARTESIAN_POINT('Ctrl Pts',(15.9717197789652,39.7370379930362,-5.82272851008977));
#11357=CARTESIAN_POINT('Ctrl Pts',(14.2315087139842,39.9823430203772,-4.75693323848885));
#11358=CARTESIAN_POINT('Ctrl Pts',(14.8639917467853,39.9823430203772,-4.9683445037736));
#11359=CARTESIAN_POINT('Ctrl Pts',(15.496560176381,39.9823430203772,-5.17977973833594));
#11360=CARTESIAN_POINT('Ctrl Pts',(16.1290432091821,39.9823430203772,-5.39119100362069));
#11361=CARTESIAN_POINT('Ctrl Pts',(14.5151909833465,40.5396632218871,-3.88001673703531));
#11362=CARTESIAN_POINT('Ctrl Pts',(15.1603076228217,40.5396632218871,-4.05246085841371));
#11363=CARTESIAN_POINT('Ctrl Pts',(15.8054331416509,40.5396632218871,-4.22490818059495));
#11364=CARTESIAN_POINT('Ctrl Pts',(16.4505497811261,40.5396632218871,-4.39735230197335));
#11365=CARTESIAN_POINT('Ctrl Pts',(14.7447395568485,40.5662732787522,-2.82123582688381));
#11366=CARTESIAN_POINT('Ctrl Pts',(15.4001031351283,40.5662732787522,-2.94663647362651));
#11367=CARTESIAN_POINT('Ctrl Pts',(16.0553412528151,40.5662732787522,-3.07199995705895));
#11368=CARTESIAN_POINT('Ctrl Pts',(16.710704831095,40.5662732787522,-3.19740060380165));
#11369=CARTESIAN_POINT('Ctrl Pts',(14.8344588509742,40.5811708932742,-2.22234799227119));
#11370=CARTESIAN_POINT('Ctrl Pts',(15.4937681332398,40.5811708932742,-2.32111901414991));
#11371=CARTESIAN_POINT('Ctrl Pts',(16.1530774155053,40.5811708932742,-2.41989003602863));
#11372=CARTESIAN_POINT('Ctrl Pts',(16.8123866977708,40.5811708932742,-2.51866105790735));
#11373=CARTESIAN_POINT('',(14.0926939226163,39.7370379930362,-5.1377016265498));
#11374=CARTESIAN_POINT('Ctrl Pts',(14.0926939226163,39.7370379930362,-5.1377016265498));
#11375=CARTESIAN_POINT('Ctrl Pts',(14.2315087139842,39.9823430203772,-4.75693323848885));
#11376=CARTESIAN_POINT('Ctrl Pts',(14.5151909833465,40.5396632218871,-3.88001673703531));
#11377=CARTESIAN_POINT('Ctrl Pts',(14.7447395568485,40.5662732787522,-2.82123582688381));
#11378=CARTESIAN_POINT('Ctrl Pts',(14.8344588509742,40.5811708932742,-2.22234799227119));
#11379=CARTESIAN_POINT('',(14.0926939226163,39.7370379930362,-5.1377016265498));
#11380=CARTESIAN_POINT('Ctrl Pts',(13.7242267386281,37.6855367189273,-6.05356097076134));
#11381=CARTESIAN_POINT('Ctrl Pts',(14.334192371456,37.6855367189273,-6.32260812501739));
#11382=CARTESIAN_POINT('Ctrl Pts',(14.944158004284,37.6855367189273,-6.59165527927346));
#11383=CARTESIAN_POINT('Ctrl Pts',(15.5541236371119,37.6855367189273,-6.86070243352951));
#11384=CARTESIAN_POINT('Ctrl Pts',(13.7421844158909,38.0756838907268,-6.01284853131545));
#11385=CARTESIAN_POINT('Ctrl Pts',(14.3529221963294,38.0756838907268,-6.28007494387129));
#11386=CARTESIAN_POINT('Ctrl Pts',(14.9637378909046,38.0756838907268,-6.54733525626835));
#11387=CARTESIAN_POINT('Ctrl Pts',(15.5744756713431,38.0756838907268,-6.81456166882418));
#11388=CARTESIAN_POINT('Ctrl Pts',(13.7810998034499,38.8727540941521,-5.9306362638164));
#11389=CARTESIAN_POINT('Ctrl Pts',(14.3935899924233,38.8727540941521,-6.19421862025087));
#11390=CARTESIAN_POINT('Ctrl Pts',(15.0060895882699,38.8727540941521,-6.45780540922411));
#11391=CARTESIAN_POINT('Ctrl Pts',(15.6185797772433,38.8727540941521,-6.72138776565858));
#11392=CARTESIAN_POINT('Ctrl Pts',(13.9940675974735,39.4449291887003,-5.40823322102144));
#11393=CARTESIAN_POINT('Ctrl Pts',(14.6160629207399,39.4449291887003,-5.64861539145562));
#11394=CARTESIAN_POINT('Ctrl Pts',(15.2379479538703,39.4449291887003,-5.88894881339012));
#11395=CARTESIAN_POINT('Ctrl Pts',(15.8599432771367,39.4449291887003,-6.1293309838243));
#11396=CARTESIAN_POINT('Ctrl Pts',(14.0926939226163,39.7370379930362,-5.1377016265498));
#11397=CARTESIAN_POINT('Ctrl Pts',(14.7190358747326,39.7370379930362,-5.36604392106312));
#11398=CARTESIAN_POINT('Ctrl Pts',(15.3453778268489,39.7370379930362,-5.59438621557645));
#11399=CARTESIAN_POINT('Ctrl Pts',(15.9717197789652,39.7370379930362,-5.82272851008977));
#11400=CARTESIAN_POINT('',(13.7242267386281,37.6855367189273,-6.05356097076134));
#11401=CARTESIAN_POINT('Ctrl Pts',(13.7242267386281,37.6855367189273,-6.05356097076134));
#11402=CARTESIAN_POINT('Ctrl Pts',(13.7421844158909,38.0756838907268,-6.01284853131545));
#11403=CARTESIAN_POINT('Ctrl Pts',(13.7810998034499,38.8727540941521,-5.9306362638164));
#11404=CARTESIAN_POINT('Ctrl Pts',(13.9940675974735,39.4449291887003,-5.40823322102144));
#11405=CARTESIAN_POINT('Ctrl Pts',(14.0926939226163,39.7370379930362,-5.1377016265498));
#11406=CARTESIAN_POINT('',(13.7242267386281,37.6855367189273,-6.05356097076134));
#11407=CARTESIAN_POINT('Ctrl Pts',(14.1083987976035,35.6084555154666,-5.09441688201702));
#11408=CARTESIAN_POINT('Ctrl Pts',(14.7354387441637,35.6084555154666,-5.32083541010667));
#11409=CARTESIAN_POINT('Ctrl Pts',(15.3624786907238,35.6084555154666,-5.54725393819631));
#11410=CARTESIAN_POINT('Ctrl Pts',(15.989518637284,35.6084555154666,-5.77367246628596));
#11411=CARTESIAN_POINT('Ctrl Pts',(14.0060689767633,35.9072809276008,-5.3778074946694));
#11412=CARTESIAN_POINT('Ctrl Pts',(14.6286003489497,35.9072809276008,-5.61683859041305));
#11413=CARTESIAN_POINT('Ctrl Pts',(15.2510134681453,35.9072809276008,-5.855817398215));
#11414=CARTESIAN_POINT('Ctrl Pts',(15.8735448403317,35.9072809276008,-6.09484849395865));
#11415=CARTESIAN_POINT('Ctrl Pts',(13.7872442586795,36.4841086792297,-5.91682292759018));
#11416=CARTESIAN_POINT('Ctrl Pts',(14.40000708627,36.4841086792297,-6.17979115524598));
#11417=CARTESIAN_POINT('Ctrl Pts',(15.0127806655796,36.4841086792297,-6.44276442361307));
#11418=CARTESIAN_POINT('Ctrl Pts',(15.6255434931701,36.4841086792297,-6.70573265126887));
#11419=CARTESIAN_POINT('Ctrl Pts',(13.7439821358275,37.2948160257291,-6.00877286145097));
#11420=CARTESIAN_POINT('Ctrl Pts',(14.3547989572033,37.2948160257291,-6.27581775605524));
#11421=CARTESIAN_POINT('Ctrl Pts',(14.9656962658953,37.2948160257291,-6.54289768170683));
#11422=CARTESIAN_POINT('Ctrl Pts',(15.5765130872711,37.2948160257291,-6.8099425763111));
#11423=CARTESIAN_POINT('Ctrl Pts',(13.7242267386281,37.6855367189273,-6.05356097076134));
#11424=CARTESIAN_POINT('Ctrl Pts',(14.334192371456,37.6855367189273,-6.32260812501739));
#11425=CARTESIAN_POINT('Ctrl Pts',(14.944158004284,37.6855367189273,-6.59165527927346));
#11426=CARTESIAN_POINT('Ctrl Pts',(15.5541236371119,37.6855367189273,-6.86070243352951));
#11427=CARTESIAN_POINT('',(14.1083987976035,35.6084555154666,-5.09441688201702));
#11428=CARTESIAN_POINT('Ctrl Pts',(14.1083987976035,35.6084555154666,-5.09441688201702));
#11429=CARTESIAN_POINT('Ctrl Pts',(14.0060689767633,35.9072809276008,-5.3778074946694));
#11430=CARTESIAN_POINT('Ctrl Pts',(13.7872442586795,36.4841086792297,-5.91682292759018));
#11431=CARTESIAN_POINT('Ctrl Pts',(13.7439821358275,37.2948160257291,-6.00877286145097));
#11432=CARTESIAN_POINT('Ctrl Pts',(13.7242267386281,37.6855367189273,-6.05356097076134));
#11433=CARTESIAN_POINT('',(14.1083987976035,35.6084555154666,-5.09441688201702));
#11434=CARTESIAN_POINT('Ctrl Pts',(14.8564205999243,34.7285097604617,-2.07045090696318));
#11435=CARTESIAN_POINT('Ctrl Pts',(15.5167059599209,34.7285097604617,-2.16247094727265));
#11436=CARTESIAN_POINT('Ctrl Pts',(16.1769913199176,34.7285097604617,-2.25449098758213));
#11437=CARTESIAN_POINT('Ctrl Pts',(16.8372766799142,34.7285097604617,-2.3465110278916));
#11438=CARTESIAN_POINT('Ctrl Pts',(14.7701105827064,34.7448117736826,-2.68976427172971));
#11439=CARTESIAN_POINT('Ctrl Pts',(15.4266048591058,34.7448117736826,-2.80932236574385));
#11440=CARTESIAN_POINT('Ctrl Pts',(16.0829643840013,34.7448117736826,-2.9288414139462));
#11441=CARTESIAN_POINT('Ctrl Pts',(16.7394586604006,34.7448117736826,-3.04839950796034));
#11442=CARTESIAN_POINT('Ctrl Pts',(14.5411770108326,34.7740268209085,-3.78866530813754));
#11443=CARTESIAN_POINT('Ctrl Pts',(15.1874483843153,34.7740268209085,-3.95704930007433));
#11444=CARTESIAN_POINT('Ctrl Pts',(15.8337292387942,34.7740268209085,-4.12543669061909));
#11445=CARTESIAN_POINT('Ctrl Pts',(16.4800006122769,34.7740268209085,-4.29382068255588));
#11446=CARTESIAN_POINT('Ctrl Pts',(14.2515216192678,35.3526877284514,-4.69805476799267));
#11447=CARTESIAN_POINT('Ctrl Pts',(14.8848917282188,35.3526877284514,-4.90684876272103));
#11448=CARTESIAN_POINT('Ctrl Pts',(15.5183543928857,35.3526877284514,-5.11566807566333));
#11449=CARTESIAN_POINT('Ctrl Pts',(16.1517245018368,35.3526877284514,-5.32446207039169));
#11450=CARTESIAN_POINT('Ctrl Pts',(14.1083987976035,35.6084555154666,-5.09441688201702));
#11451=CARTESIAN_POINT('Ctrl Pts',(14.7354387441637,35.6084555154666,-5.32083541010667));
#11452=CARTESIAN_POINT('Ctrl Pts',(15.3624786907238,35.6084555154666,-5.54725393819631));
#11453=CARTESIAN_POINT('Ctrl Pts',(15.989518637284,35.6084555154666,-5.77367246628596));
#11454=CARTESIAN_POINT('',(14.8564205999243,34.7285097604617,-2.07045090696318));
#11455=CARTESIAN_POINT('Ctrl Pts',(14.8564205999243,34.7285097604617,-2.07045090696318));
#11456=CARTESIAN_POINT('Ctrl Pts',(14.7701105827064,34.7448117736826,-2.68976427172971));
#11457=CARTESIAN_POINT('Ctrl Pts',(14.5411770108326,34.7740268209085,-3.78866530813754));
#11458=CARTESIAN_POINT('Ctrl Pts',(14.2515216192678,35.3526877284514,-4.69805476799267));
#11459=CARTESIAN_POINT('Ctrl Pts',(14.1083987976035,35.6084555154666,-5.09441688201702));
#11460=CARTESIAN_POINT('',(14.8564205999243,34.7285097604617,-2.07045090696318));
#11461=CARTESIAN_POINT('Ctrl Pts',(14.9608064180142,35.5521791940555,1.08363800353425));
#11462=CARTESIAN_POINT('Ctrl Pts',(15.6257311477038,35.5521791940555,1.13179969258022));
#11463=CARTESIAN_POINT('Ctrl Pts',(16.2906558773933,35.5521791940555,1.17996138162618));
#11464=CARTESIAN_POINT('Ctrl Pts',(16.9555806070828,35.5521791940555,1.22812307067215));
#11465=CARTESIAN_POINT('Ctrl Pts',(14.9912292173147,35.3130538746754,0.663618024959223));
#11466=CARTESIAN_POINT('Ctrl Pts',(15.6574773106989,35.3130538746754,0.693112299726037));
#11467=CARTESIAN_POINT('Ctrl Pts',(16.323811686239,35.3130538746754,0.722606153520306));
#11468=CARTESIAN_POINT('Ctrl Pts',(16.9900597796233,35.3130538746754,0.75210042828712));
#11469=CARTESIAN_POINT('Ctrl Pts',(15.024118947612,34.7597704364408,-0.311192837015312));
#11470=CARTESIAN_POINT('Ctrl Pts',(15.6918542314788,34.7597704364408,-0.325023825456716));
#11471=CARTESIAN_POINT('Ctrl Pts',(16.3595995234268,34.7597704364408,-0.338854226842616));
#11472=CARTESIAN_POINT('Ctrl Pts',(17.0273348072936,34.7597704364408,-0.35268521528402));
#11473=CARTESIAN_POINT('Ctrl Pts',(14.9447109039924,34.739831324525,-1.43692808943608));
#11474=CARTESIAN_POINT('Ctrl Pts',(15.6089646248524,34.739831324525,-1.50079116449303));
#11475=CARTESIAN_POINT('Ctrl Pts',(16.2730853036647,34.739831324525,-1.56465542630394));
#11476=CARTESIAN_POINT('Ctrl Pts',(16.9373390245247,34.739831324525,-1.62851850136089));
#11477=CARTESIAN_POINT('Ctrl Pts',(14.8564205999243,34.7285097604617,-2.07045090696318));
#11478=CARTESIAN_POINT('Ctrl Pts',(15.5167059599209,34.7285097604617,-2.16247094727265));
#11479=CARTESIAN_POINT('Ctrl Pts',(16.1769913199176,34.7285097604617,-2.25449098758213));
#11480=CARTESIAN_POINT('Ctrl Pts',(16.8372766799142,34.7285097604617,-2.3465110278916));
#11481=CARTESIAN_POINT('Ctrl Pts',(14.9608064180142,35.5521791940555,1.08363800353425));
#11482=CARTESIAN_POINT('Ctrl Pts',(14.9912292173147,35.3130538746754,0.663618024959223));
#11483=CARTESIAN_POINT('Ctrl Pts',(15.024118947612,34.7597704364408,-0.311192837015312));
#11484=CARTESIAN_POINT('Ctrl Pts',(14.9447109039924,34.739831324525,-1.43692808943608));
#11485=CARTESIAN_POINT('Ctrl Pts',(14.8564205999243,34.7285097604617,-2.07045090696318));
#11486=CARTESIAN_POINT('Origin',(15.,42.2592037683353,-5.96046447753906E-7));
#11487=CARTESIAN_POINT('',(13.1637384283556,42.2592037683353,7.19138307906305));
#11488=CARTESIAN_POINT('',(13.1637378568358,42.2592037683353,-7.19138412522296));
#11489=CARTESIAN_POINT('Origin',(13.1637384283556,41.3434475427493,7.19138307906305));
#11490=CARTESIAN_POINT('',(13.1637384283556,40.4276913171634,7.19138307906304));
#11491=CARTESIAN_POINT('Origin',(14.2356965151692,40.4276913171634,4.72704397356304));
#11492=CARTESIAN_POINT('',(14.8507164960654,40.4276913171634,2.11097597179394));
#11493=CARTESIAN_POINT('Ctrl Pts',(14.6604934829177,39.1793983941898,3.17331543300178));
#11494=CARTESIAN_POINT('Ctrl Pts',(15.3120709710474,39.1793983941898,3.31435167446853));
#11495=CARTESIAN_POINT('Ctrl Pts',(15.9636484591771,39.1793983941898,3.45538791593528));
#11496=CARTESIAN_POINT('Ctrl Pts',(16.6152259473067,39.1793983941898,3.59642415740202));
#11497=CARTESIAN_POINT('Ctrl Pts',(14.6915448502153,39.4219483222388,3.02986030617541));
#11498=CARTESIAN_POINT('Ctrl Pts',(15.3444913734874,39.4219483222388,3.1645187413124));
#11499=CARTESIAN_POINT('Ctrl Pts',(15.9974709736385,39.4219483222388,3.29918324519514));
#11500=CARTESIAN_POINT('Ctrl Pts',(16.6504174969106,39.4219483222388,3.43384168033213));
#11501=CARTESIAN_POINT('Ctrl Pts',(14.7497293982262,39.8995166300772,2.74672911606533));
#11502=CARTESIAN_POINT('Ctrl Pts',(15.405272789984,39.8995166300772,2.86880590598968));
#11503=CARTESIAN_POINT('Ctrl Pts',(16.0608165928985,39.8995166300772,2.99088287494969));
#11504=CARTESIAN_POINT('Ctrl Pts',(16.7163599846563,39.8995166300772,3.11295966487404));
#11505=CARTESIAN_POINT('Ctrl Pts',(14.8208395607695,40.2534939018033,2.32116021916524));
#11506=CARTESIAN_POINT('Ctrl Pts',(15.4795549296896,40.2534939018033,2.42432506547012));
#11507=CARTESIAN_POINT('Ctrl Pts',(16.1382361332853,40.2534939018033,2.52748340208238));
#11508=CARTESIAN_POINT('Ctrl Pts',(16.7969515022054,40.2534939018033,2.63064824838727));
#11509=CARTESIAN_POINT('Ctrl Pts',(14.8507164960654,40.4276913171634,2.11097597179394));
#11510=CARTESIAN_POINT('Ctrl Pts',(15.510748340335,40.4276913171634,2.20479712609589));
#11511=CARTESIAN_POINT('Ctrl Pts',(16.1707801846045,40.4276913171634,2.29861828039785));
#11512=CARTESIAN_POINT('Ctrl Pts',(16.8308120288741,40.4276913171634,2.3924394346998));
#11513=CARTESIAN_POINT('',(14.6604934829177,39.1793983941898,3.17331543300178));
#11514=CARTESIAN_POINT('Ctrl Pts',(14.5672438600587,37.429739809595,3.57706672031453));
#11515=CARTESIAN_POINT('Ctrl Pts',(15.2146769205058,37.429739809595,3.73604746343963));
#11516=CARTESIAN_POINT('Ctrl Pts',(15.8621099809528,37.429739809595,3.89502820656472));
#11517=CARTESIAN_POINT('Ctrl Pts',(16.5095430413999,37.429739809595,4.05400894968981));
#11518=CARTESIAN_POINT('Ctrl Pts',(14.5708245850253,37.7439589419941,3.56248457861487));
#11519=CARTESIAN_POINT('Ctrl Pts',(15.2184108492906,37.7439589419941,3.72081578418264));
#11520=CARTESIAN_POINT('Ctrl Pts',(15.8660149320968,37.7439589419941,3.87915131686241));
#11521=CARTESIAN_POINT('Ctrl Pts',(16.5136011963621,37.7439589419941,4.03748252243018));
#11522=CARTESIAN_POINT('Ctrl Pts',(14.578289171962,38.3534471576923,3.53432550212509));
#11523=CARTESIAN_POINT('Ctrl Pts',(15.2262126607092,38.3534471576923,3.69140651079845));
#11524=CARTESIAN_POINT('Ctrl Pts',(15.8741375728098,38.3534471576923,3.84848789373507));
#11525=CARTESIAN_POINT('Ctrl Pts',(16.5220610615569,38.3534471576923,4.00556890240843));
#11526=CARTESIAN_POINT('Ctrl Pts',(14.6349308349764,38.9098478034173,3.29141306352801));
#11527=CARTESIAN_POINT('Ctrl Pts',(15.2853796081541,38.9098478034173,3.43769990728268));
#11528=CARTESIAN_POINT('Ctrl Pts',(15.9358061731289,38.9098478034173,3.5839812949104));
#11529=CARTESIAN_POINT('Ctrl Pts',(16.5862549463066,38.9098478034173,3.73026813866507));
#11530=CARTESIAN_POINT('Ctrl Pts',(14.6604934829177,39.1793983941898,3.17331543300178));
#11531=CARTESIAN_POINT('Ctrl Pts',(15.3120709710474,39.1793983941898,3.31435167446853));
#11532=CARTESIAN_POINT('Ctrl Pts',(15.9636484591771,39.1793983941898,3.45538791593528));
#11533=CARTESIAN_POINT('Ctrl Pts',(16.6152259473067,39.1793983941898,3.59642415740202));
#11534=CARTESIAN_POINT('',(14.5672438600587,37.429739809595,3.57706672031453));
#11535=CARTESIAN_POINT('Ctrl Pts',(14.7194106165176,35.0047725206241,2.88772420815243));
#11536=CARTESIAN_POINT('Ctrl Pts',(15.3736066439184,35.0047725206241,3.01606750629254));
#11537=CARTESIAN_POINT('Ctrl Pts',(16.0278026713191,35.0047725206241,3.14441080443264));
#11538=CARTESIAN_POINT('Ctrl Pts',(16.6819986987199,35.0047725206241,3.27275410257275));
#11539=CARTESIAN_POINT('Ctrl Pts',(14.6797693512334,35.3790099488341,3.08978507650976));
#11540=CARTESIAN_POINT('Ctrl Pts',(15.3322243738501,35.3790099488341,3.22711398054038));
#11541=CARTESIAN_POINT('Ctrl Pts',(15.9846169087812,35.3790099488341,3.36442751601378));
#11542=CARTESIAN_POINT('Ctrl Pts',(16.6370719313979,35.3790099488341,3.5017564200444));
#11543=CARTESIAN_POINT('Ctrl Pts',(14.5887458183824,36.1345463112968,3.49545298082593));
#11544=CARTESIAN_POINT('Ctrl Pts',(15.2371329860596,36.1345463112968,3.65080603198135));
#11545=CARTESIAN_POINT('Ctrl Pts',(15.8855247598227,36.1345463112968,3.80616032711396));
#11546=CARTESIAN_POINT('Ctrl Pts',(16.5339119275,36.1345463112968,3.96151337826938));
#11547=CARTESIAN_POINT('Ctrl Pts',(14.5739928688385,36.995326925003,3.54958206196293));
#11548=CARTESIAN_POINT('Ctrl Pts',(15.221710040807,36.995326925003,3.70733744210489));
#11549=CARTESIAN_POINT('Ctrl Pts',(15.8694747460485,36.995326925003,3.86510429008269));
#11550=CARTESIAN_POINT('Ctrl Pts',(16.517191918017,36.995326925003,4.02285967022465));
#11551=CARTESIAN_POINT('Ctrl Pts',(14.5672438600587,37.429739809595,3.57706672031453));
#11552=CARTESIAN_POINT('Ctrl Pts',(15.2146769205058,37.429739809595,3.73604746343963));
#11553=CARTESIAN_POINT('Ctrl Pts',(15.8621099809528,37.429739809595,3.89502820656472));
#11554=CARTESIAN_POINT('Ctrl Pts',(16.5095430413999,37.429739809595,4.05400894968981));
#11555=CARTESIAN_POINT('',(14.7194106165176,35.0047725206241,2.88772420815243));
#11556=CARTESIAN_POINT('Ctrl Pts',(14.9744964234751,33.3778971200809,0.874332238529213));
#11557=CARTESIAN_POINT('Ctrl Pts',(15.6400295978518,33.3778971200809,0.913191449130511));
#11558=CARTESIAN_POINT('Ctrl Pts',(16.3055627722284,33.3778971200809,0.95205065973181));
#11559=CARTESIAN_POINT('Ctrl Pts',(16.9710959466051,33.3778971200809,0.990909870333108));
#11560=CARTESIAN_POINT('Ctrl Pts',(14.9504529410941,33.5761327603528,1.28611968620173));
#11561=CARTESIAN_POINT('Ctrl Pts',(15.6149583045467,33.5761327603528,1.3432867810213));
#11562=CARTESIAN_POINT('Ctrl Pts',(16.2793413031208,33.5761327603528,1.40043521620906));
#11563=CARTESIAN_POINT('Ctrl Pts',(16.9438466665733,33.5761327603528,1.45760231102863));
#11564=CARTESIAN_POINT('Ctrl Pts',(14.8658874720889,33.9621669976081,2.08542562707223));
#11565=CARTESIAN_POINT('Ctrl Pts',(15.5265919981344,33.9621669976081,2.17811077086345));
#11566=CARTESIAN_POINT('Ctrl Pts',(16.1873012756552,33.9621669976081,2.27079723355731));
#11567=CARTESIAN_POINT('Ctrl Pts',(16.8480058017007,33.9621669976081,2.36348237734853));
#11568=CARTESIAN_POINT('Ctrl Pts',(14.770777465077,34.663558420024,2.62589527937616));
#11569=CARTESIAN_POINT('Ctrl Pts',(15.4272214988774,34.663558420024,2.74259684881144));
#11570=CARTESIAN_POINT('Ctrl Pts',(16.0837704266201,34.663558420024,2.85931308052437));
#11571=CARTESIAN_POINT('Ctrl Pts',(16.7402144604205,34.663558420024,2.97601464995965));
#11572=CARTESIAN_POINT('Ctrl Pts',(14.7194106165176,35.0047725206241,2.88772420815243));
#11573=CARTESIAN_POINT('Ctrl Pts',(15.3736066439184,35.0047725206241,3.01606750629254));
#11574=CARTESIAN_POINT('Ctrl Pts',(16.0278026713191,35.0047725206241,3.14441080443264));
#11575=CARTESIAN_POINT('Ctrl Pts',(16.6819986987199,35.0047725206241,3.27275410257275));
#11576=CARTESIAN_POINT('',(14.9744964234751,33.3778971200809,0.874332238529213));
#11577=CARTESIAN_POINT('Ctrl Pts',(14.8564205999243,32.8356045251712,-2.07045090696318));
#11578=CARTESIAN_POINT('Ctrl Pts',(15.5167059599209,32.8356045251712,-2.16247094727265));
#11579=CARTESIAN_POINT('Ctrl Pts',(16.1769913199176,32.8356045251712,-2.25449098758213));
#11580=CARTESIAN_POINT('Ctrl Pts',(16.8372766799142,32.8356045251712,-2.3465110278916));
#11581=CARTESIAN_POINT('Ctrl Pts',(14.9284650925837,32.8550834387047,-1.55349912546616));
#11582=CARTESIAN_POINT('Ctrl Pts',(15.5919652655638,32.8550834387047,-1.62254383933071));
#11583=CARTESIAN_POINT('Ctrl Pts',(16.2554269319482,32.8550834387047,-1.69158762833043));
#11584=CARTESIAN_POINT('Ctrl Pts',(16.9189271049282,32.8550834387047,-1.76063234219498));
#11585=CARTESIAN_POINT('Ctrl Pts',(15.0142935730348,32.8928033395059,-0.545114032092807));
#11586=CARTESIAN_POINT('Ctrl Pts',(15.6815950032337,32.8928033395059,-0.569341396899762));
#11587=CARTESIAN_POINT('Ctrl Pts',(16.3488979525738,32.8928033395059,-0.593568538231559));
#11588=CARTESIAN_POINT('Ctrl Pts',(17.0161993827727,32.8928033395059,-0.617795903038515));
#11589=CARTESIAN_POINT('Ctrl Pts',(15.0014616554589,33.2197761577365,0.412504626431957));
#11590=CARTESIAN_POINT('Ctrl Pts',(15.668182268035,33.2197761577365,0.430838624982522));
#11591=CARTESIAN_POINT('Ctrl Pts',(16.3349359302773,33.2197761577365,0.449171244738987));
#11592=CARTESIAN_POINT('Ctrl Pts',(17.0016565428534,33.2197761577365,0.467505243289552));
#11593=CARTESIAN_POINT('Ctrl Pts',(14.9744964234751,33.3778971200809,0.874332238529213));
#11594=CARTESIAN_POINT('Ctrl Pts',(15.6400295978518,33.3778971200809,0.913191449130511));
#11595=CARTESIAN_POINT('Ctrl Pts',(16.3055627722284,33.3778971200809,0.95205065973181));
#11596=CARTESIAN_POINT('Ctrl Pts',(16.9710959466051,33.3778971200809,0.990909870333108));
#11597=CARTESIAN_POINT('',(14.8564205999243,32.8356045251712,-2.07045090696318));
#11598=CARTESIAN_POINT('Ctrl Pts',(14.1648421874924,33.434173441492,-4.93530604962212));
#11599=CARTESIAN_POINT('Ctrl Pts',(14.7943907291587,33.434173441492,-5.15465298516089));
#11600=CARTESIAN_POINT('Ctrl Pts',(15.423939270825,33.434173441492,-5.37399992069965));
#11601=CARTESIAN_POINT('Ctrl Pts',(16.0534878124913,33.434173441492,-5.59334685623841));
#11602=CARTESIAN_POINT('Ctrl Pts',(14.3144970982091,33.2596753571842,-4.50578087497812));
#11603=CARTESIAN_POINT('Ctrl Pts',(14.9506837384607,33.2596753571842,-4.70603458829393));
#11604=CARTESIAN_POINT('Ctrl Pts',(15.586910071052,33.2596753571842,-4.90629794499272));
#11605=CARTESIAN_POINT('Ctrl Pts',(16.2230967113036,33.2596753571842,-5.10655165830853));
#11606=CARTESIAN_POINT('Ctrl Pts',(14.5876959839614,32.8953157903718,-3.59507847571506));
#11607=CARTESIAN_POINT('Ctrl Pts',(15.2360373898113,32.8953157903718,-3.75485946495227));
#11608=CARTESIAN_POINT('Ctrl Pts',(15.8843807093064,32.8953157903718,-3.91464128323986));
#11609=CARTESIAN_POINT('Ctrl Pts',(16.5327221151563,32.8953157903718,-4.07442227247706));
#11610=CARTESIAN_POINT('Ctrl Pts',(14.7832552659063,32.8560600263601,-2.59544523155704));
#11611=CARTESIAN_POINT('Ctrl Pts',(15.4403044823228,32.8560600263601,-2.7108024453984));
#11612=CARTESIAN_POINT('Ctrl Pts',(16.0973067516106,32.8560600263601,-2.82614738192329));
#11613=CARTESIAN_POINT('Ctrl Pts',(16.7543559680271,32.8560600263601,-2.94150459576465));
#11614=CARTESIAN_POINT('Ctrl Pts',(14.8564205999243,32.8356045251712,-2.07045090696318));
#11615=CARTESIAN_POINT('Ctrl Pts',(15.5167059599209,32.8356045251712,-2.16247094727265));
#11616=CARTESIAN_POINT('Ctrl Pts',(16.1769913199176,32.8356045251712,-2.25449098758213));
#11617=CARTESIAN_POINT('Ctrl Pts',(16.8372766799142,32.8356045251712,-2.3465110278916));
#11618=CARTESIAN_POINT('',(14.1648421874924,33.434173441492,-4.93530604962212));
#11619=CARTESIAN_POINT('Ctrl Pts',(13.3828719137771,35.1224392419681,-6.77486083542938));
#11620=CARTESIAN_POINT('Ctrl Pts',(13.9776662210561,35.1224392419681,-7.07596576144847));
#11621=CARTESIAN_POINT('Ctrl Pts',(14.5724605283351,35.1224392419681,-7.37707068746755));
#11622=CARTESIAN_POINT('Ctrl Pts',(15.1672548356141,35.1224392419681,-7.67817561348663));
#11623=CARTESIAN_POINT('Ctrl Pts',(13.5034298702949,34.7775938984969,-6.53671399677755));
#11624=CARTESIAN_POINT('Ctrl Pts',(14.1035519955177,34.7775938984969,-6.82722132622693));
#11625=CARTESIAN_POINT('Ctrl Pts',(14.7037650611114,34.7775938984969,-7.11776853356518));
#11626=CARTESIAN_POINT('Ctrl Pts',(15.3038871863342,34.7775938984969,-7.40827586301456));
#11627=CARTESIAN_POINT('Ctrl Pts',(13.7403135668305,34.0724269772641,-6.04463920204278));
#11628=CARTESIAN_POINT('Ctrl Pts',(14.3509930079867,34.0724269772641,-6.31328910737283));
#11629=CARTESIAN_POINT('Ctrl Pts',(14.9616759345851,34.0724269772641,-6.58194119031843));
#11630=CARTESIAN_POINT('Ctrl Pts',(15.5723553757412,34.0724269772641,-6.85059109564849));
#11631=CARTESIAN_POINT('Ctrl Pts',(14.0327030308658,33.6500148337158,-5.31455918642555));
#11632=CARTESIAN_POINT('Ctrl Pts',(14.6564133295002,33.6500148337158,-5.55077750458002));
#11633=CARTESIAN_POINT('Ctrl Pts',(15.2800198030135,33.6500148337158,-5.7869487597945));
#11634=CARTESIAN_POINT('Ctrl Pts',(15.9037301016479,33.6500148337158,-6.02316707794896));
#11635=CARTESIAN_POINT('Ctrl Pts',(14.1648421874924,33.434173441492,-4.93530604962212));
#11636=CARTESIAN_POINT('Ctrl Pts',(14.7943907291587,33.434173441492,-5.15465298516089));
#11637=CARTESIAN_POINT('Ctrl Pts',(15.423939270825,33.434173441492,-5.37399992069965));
#11638=CARTESIAN_POINT('Ctrl Pts',(16.0534878124913,33.434173441492,-5.59334685623841));
#11639=CARTESIAN_POINT('',(13.3828719137771,35.1224392419681,-6.77486083542938));
#11640=CARTESIAN_POINT('Ctrl Pts',(13.044248325652,37.5115936761722,-7.40591558274359));
#11641=CARTESIAN_POINT('Ctrl Pts',(13.623992695681,37.5115936761722,-7.73506738642108));
#11642=CARTESIAN_POINT('Ctrl Pts',(14.20373706571,37.5115936761722,-8.06421919009857));
#11643=CARTESIAN_POINT('Ctrl Pts',(14.783481435739,37.5115936761722,-8.39337099377607));
#11644=CARTESIAN_POINT('Ctrl Pts',(13.0590377551394,37.0870133239173,-7.37986654280081));
#11645=CARTESIAN_POINT('Ctrl Pts',(13.6394253874098,37.0870133239173,-7.70785271024654));
#11646=CARTESIAN_POINT('Ctrl Pts',(14.2198551568875,37.0870133239173,-8.03586258106186));
#11647=CARTESIAN_POINT('Ctrl Pts',(14.800242789158,37.0870133239173,-8.36384874850759));
#11648=CARTESIAN_POINT('Ctrl Pts',(13.0898633405441,36.237059904625,-7.32840347298928));
#11649=CARTESIAN_POINT('Ctrl Pts',(13.6716335811512,36.237059904625,-7.65410942117532));
#11650=CARTESIAN_POINT('Ctrl Pts',(14.2534082120097,36.237059904625,-7.97981798786848));
#11651=CARTESIAN_POINT('Ctrl Pts',(14.8351784526167,36.237059904625,-8.30552393605452));
#11652=CARTESIAN_POINT('Ctrl Pts',(13.2885199125089,35.4942104040508,-6.96124115798564));
#11653=CARTESIAN_POINT('Ctrl Pts',(13.8791397097847,35.4942104040508,-7.27064040257338));
#11654=CARTESIAN_POINT('Ctrl Pts',(14.4697027702344,35.4942104040508,-7.58000740112932));
#11655=CARTESIAN_POINT('Ctrl Pts',(15.0603225675101,35.4942104040508,-7.88940664571706));
#11656=CARTESIAN_POINT('Ctrl Pts',(13.3828719137771,35.1224392419681,-6.77486083542938));
#11657=CARTESIAN_POINT('Ctrl Pts',(13.9776662210561,35.1224392419681,-7.07596576144847));
#11658=CARTESIAN_POINT('Ctrl Pts',(14.5724605283351,35.1224392419681,-7.37707068746755));
#11659=CARTESIAN_POINT('Ctrl Pts',(15.1672548356141,35.1224392419681,-7.67817561348663));
#11660=CARTESIAN_POINT('',(13.044248325652,37.5115936761722,-7.40591558274359));
#11661=CARTESIAN_POINT('Ctrl Pts',(13.7652003664153,40.5504768854007,-5.95980359344508));
#11662=CARTESIAN_POINT('Ctrl Pts',(14.3769870493671,40.5504768854007,-6.22468375315375));
#11663=CARTESIAN_POINT('Ctrl Pts',(14.9887737323189,40.5504768854007,-6.48956391286242));
#11664=CARTESIAN_POINT('Ctrl Pts',(15.6005604152706,40.5504768854007,-6.75444407257109));
#11665=CARTESIAN_POINT('Ctrl Pts',(13.5778650302418,40.1611376166348,-6.39248705317746));
#11666=CARTESIAN_POINT('Ctrl Pts',(14.1814243050478,40.1611376166348,-6.67665365427299));
#11667=CARTESIAN_POINT('Ctrl Pts',(14.7846877594681,40.1611376166348,-6.96065205917225));
#11668=CARTESIAN_POINT('Ctrl Pts',(15.3882470342741,40.1611376166348,-7.24481866026779));
#11669=CARTESIAN_POINT('Ctrl Pts',(13.1443858284178,39.3719130757739,-7.24488818931645));
#11670=CARTESIAN_POINT('Ctrl Pts',(13.7285736162889,39.3719130757739,-7.56687865589261));
#11671=CARTESIAN_POINT('Ctrl Pts',(14.312782817669,39.3719130757739,-7.88888281464915));
#11672=CARTESIAN_POINT('Ctrl Pts',(14.8969706055401,39.3719130757739,-8.21087328122531));
#11673=CARTESIAN_POINT('Ctrl Pts',(13.0756924911636,38.1371997566099,-7.35053208576162));
#11674=CARTESIAN_POINT('Ctrl Pts',(13.656758411849,38.1371997566099,-7.67718021462904));
#11675=CARTESIAN_POINT('Ctrl Pts',(14.2380522359667,38.1371997566099,-8.00395490166243));
#11676=CARTESIAN_POINT('Ctrl Pts',(14.8191181566521,38.1371997566099,-8.33060303052984));
#11677=CARTESIAN_POINT('Ctrl Pts',(13.044248325652,37.5115936761722,-7.40591558274359));
#11678=CARTESIAN_POINT('Ctrl Pts',(13.623992695681,37.5115936761722,-7.73506738642108));
#11679=CARTESIAN_POINT('Ctrl Pts',(14.20373706571,37.5115936761722,-8.06421919009857));
#11680=CARTESIAN_POINT('Ctrl Pts',(14.783481435739,37.5115936761722,-8.39337099377607));
#11681=CARTESIAN_POINT('',(13.7652003664153,40.5504768854007,-5.95980359344508));
#11682=CARTESIAN_POINT('Origin',(13.4785431745972,40.5504768854007,-6.58246715833195));
#11683=CARTESIAN_POINT('',(13.1637378568358,40.5504768854007,-7.19138412522296));
#11684=CARTESIAN_POINT('Origin',(13.1637378568358,41.404840326868,-7.19138412522296));
#11685=CARTESIAN_POINT('Origin',(0.,0.,0.));
#11686=CARTESIAN_POINT('',(-15.,0.,1.83697019872103E-15));
#11687=CARTESIAN_POINT('Origin',(0.,0.,0.));
#11688=CARTESIAN_POINT('',(16.5736962935156,47.9317825799808,3.78319853699332));
#11689=CARTESIAN_POINT('',(14.9189029044139,47.9317825799808,-8.15023534191935));
#11690=CARTESIAN_POINT('Origin',(0.,47.9317825799808,0.));
#11691=CARTESIAN_POINT('',(16.5736962935156,46.0900372033939,3.78319853699332));
#11692=CARTESIAN_POINT('',(16.5736962935156,46.0900372033939,3.78319853699332));
#11693=CARTESIAN_POINT('',(14.9189029044139,46.0900372033939,-8.15023534191935));
#11694=CARTESIAN_POINT('Origin',(0.,46.0900372033939,0.));
#11695=CARTESIAN_POINT('',(14.9189029044139,47.9317825799808,-8.15023534191935));
#11696=CARTESIAN_POINT('Origin',(14.8578295941134,47.9317825799808,-2.06031544970345));
#11697=CARTESIAN_POINT('',(14.623849670749,47.9317825799808,3.33811635617058));
#11698=CARTESIAN_POINT('',(13.1637378568358,47.9317825799808,-7.19138412522296));
#11699=CARTESIAN_POINT('Origin',(14.623849670749,47.0109098916873,3.33811635617058));
#11700=CARTESIAN_POINT('',(14.623849670749,46.0900372033939,3.33811635617058));
#11701=CARTESIAN_POINT('Origin',(14.8578295941134,46.0900372033939,-2.06031544970345));
#11702=CARTESIAN_POINT('',(13.1637378568358,46.0900372033939,-7.19138412522296));
#11703=CARTESIAN_POINT('Origin',(13.1637378568358,47.0109098916873,-7.19138412522296));
#11704=CARTESIAN_POINT('Origin',(0.,0.,0.));
#11705=CARTESIAN_POINT('',(15.7486392244437,54.2438572412357,-6.40159062876659));
#11706=CARTESIAN_POINT('',(15.691253115696,54.87312016543,-6.54099194764529));
#11707=CARTESIAN_POINT('Ctrl Pts',(15.7486392244437,54.2438572412357,-6.40159062876659));
#11708=CARTESIAN_POINT('Ctrl Pts',(15.7321433966393,54.3317267662705,-6.44217223666159));
#11709=CARTESIAN_POINT('Ctrl Pts',(15.6941534481308,54.5315392786322,-6.53425774371144));
#11710=CARTESIAN_POINT('Ctrl Pts',(15.6922660421168,54.7504676864197,-6.5385620279964));
#11711=CARTESIAN_POINT('Ctrl Pts',(15.691253115696,54.87312016543,-6.54099194764529));
#11712=CARTESIAN_POINT('',(15.8969710465092,53.926665163599,-6.02381204441571));
#11713=CARTESIAN_POINT('Ctrl Pts',(15.8969710465092,53.926665163599,-6.02381204441571));
#11714=CARTESIAN_POINT('Ctrl Pts',(15.868269221399,53.9646392730008,-6.09955678535285));
#11715=CARTESIAN_POINT('Ctrl Pts',(15.8088609400554,54.0415648486349,-6.25251330932017));
#11716=CARTESIAN_POINT('Ctrl Pts',(15.7689907258834,54.1758577033418,-6.35152362629248));
#11717=CARTESIAN_POINT('Ctrl Pts',(15.7486392244437,54.2438572412357,-6.40159062876659));
#11718=CARTESIAN_POINT('',(16.2672201575165,53.8294619088992,-4.93736248890939));
#11719=CARTESIAN_POINT('Ctrl Pts',(16.2672201575165,53.8294619088992,-4.93736248890939));
#11720=CARTESIAN_POINT('Ctrl Pts',(16.1957941752905,53.8267443126611,-5.1726910029586));
#11721=CARTESIAN_POINT('Ctrl Pts',(16.0750734112339,53.8224615796647,-5.54106983142131));
#11722=CARTESIAN_POINT('Ctrl Pts',(15.9457672350955,53.8987758865798,-5.89503784106789));
#11723=CARTESIAN_POINT('Ctrl Pts',(15.8969710465092,53.926665163599,-6.02381204441571));
#11724=CARTESIAN_POINT('',(16.8589175839506,53.8294619088992,2.18561156145405));
#11725=CARTESIAN_POINT('Origin',(0.,53.8294619088992,0.));
#11726=CARTESIAN_POINT('',(16.8589175839506,55.6814402109012,2.18561156145404));
#11727=CARTESIAN_POINT('',(16.8589175839506,55.6814402109012,2.18561156145405));
#11728=CARTESIAN_POINT('',(16.5736962935156,55.6814402109012,3.78319853699332));
#11729=CARTESIAN_POINT('Origin',(0.,55.6814402109012,0.));
#11730=CARTESIAN_POINT('',(16.5736962935156,53.8294619088992,3.78319853699332));
#11731=CARTESIAN_POINT('',(16.5736962935156,53.8294619088992,3.78319853699332));
#11732=CARTESIAN_POINT('',(15.0985719305273,53.8294619088992,7.81237004107544));
#11733=CARTESIAN_POINT('Origin',(0.,53.8294619088992,0.));
#11734=CARTESIAN_POINT('',(15.6326346973329,51.9979494577274,6.67987517995235));
#11735=CARTESIAN_POINT('Ctrl Pts',(15.6326346973329,51.9979494577274,6.67987517995235));
#11736=CARTESIAN_POINT('Ctrl Pts',(15.4685994286007,52.608453608118,7.06376011260289));
#11737=CARTESIAN_POINT('Ctrl Pts',(15.2904174642537,53.2189577585086,7.44159989382325));
#11738=CARTESIAN_POINT('Ctrl Pts',(15.0985719305273,53.8294619088992,7.81237004107544));
#11739=CARTESIAN_POINT('',(16.5736962935156,51.9979494577274,3.78319853699332));
#11740=CARTESIAN_POINT('Origin',(0.,51.9979494577274,0.));
#11741=CARTESIAN_POINT('',(16.5736962935156,50.6473320489749,3.78319853699332));
#11742=CARTESIAN_POINT('',(16.5736962935156,50.6473320489749,3.78319853699332));
#11743=CARTESIAN_POINT('',(16.8589175839506,50.6473320489749,2.18561156145405));
#11744=CARTESIAN_POINT('Origin',(0.,50.6473320489749,0.));
#11745=CARTESIAN_POINT('',(16.8589175839506,51.9979494577274,2.18561156145405));
#11746=CARTESIAN_POINT('',(16.8589175839506,51.9979494577274,2.18561156145405));
#11747=CARTESIAN_POINT('',(16.3005199734164,51.9979494577274,-4.82628724759029));
#11748=CARTESIAN_POINT('Origin',(0.,51.9979494577274,0.));
#11749=CARTESIAN_POINT('',(15.4324400931568,52.2230499750003,-7.13020285623959));
#11750=CARTESIAN_POINT('Ctrl Pts',(15.4324400931568,52.2230499750003,-7.13020285623959));
#11751=CARTESIAN_POINT('Ctrl Pts',(15.5590043433124,52.158351872539,-6.85627022797608));
#11752=CARTESIAN_POINT('Ctrl Pts',(15.8785089560244,51.9852180503182,-6.1143382570238));
#11753=CARTESIAN_POINT('Ctrl Pts',(16.1523828554022,51.9930464440127,-5.3266122235229));
#11754=CARTESIAN_POINT('Ctrl Pts',(16.3005199734164,51.9979494577274,-4.82628724759029));
#11755=CARTESIAN_POINT('',(15.0124094930118,53.000676012598,-7.97668861208274));
#11756=CARTESIAN_POINT('Ctrl Pts',(15.0124094930118,53.000676012598,-7.97668861208274));
#11757=CARTESIAN_POINT('Ctrl Pts',(15.0714494594363,52.8314995902956,-7.86557331154612));
#11758=CARTESIAN_POINT('Ctrl Pts',(15.1842192250236,52.5039666563298,-7.649610002567));
#11759=CARTESIAN_POINT('Ctrl Pts',(15.3537508751103,52.314603693904,-7.30051591295962));
#11760=CARTESIAN_POINT('Ctrl Pts',(15.4324400931568,52.2230499750003,-7.13020285623959));
#11761=CARTESIAN_POINT('',(14.8403908761335,54.5559280877933,-8.29233372721902));
#11762=CARTESIAN_POINT('Ctrl Pts',(14.8403908761335,54.5559280877933,-8.29233372721902));
#11763=CARTESIAN_POINT('Ctrl Pts',(14.8435942187572,54.2546695050641,-8.28660085898074));
#11764=CARTESIAN_POINT('Ctrl Pts',(14.8497519290949,53.7153110319612,-8.27657182732991));
#11765=CARTESIAN_POINT('Ctrl Pts',(14.9633853357245,53.2195359898792,-8.06895380633026));
#11766=CARTESIAN_POINT('Ctrl Pts',(15.0124094930118,53.000676012598,-7.97668861208274));
#11767=CARTESIAN_POINT('',(14.9300078225883,55.9474724298343,-8.12987493246057));
#11768=CARTESIAN_POINT('Ctrl Pts',(14.9300078225883,55.9474724298343,-8.12987493246057));
#11769=CARTESIAN_POINT('Ctrl Pts',(14.904161285039,55.7026770197524,-8.17734048525256));
#11770=CARTESIAN_POINT('Ctrl Pts',(14.855060506661,55.2428299257752,-8.26620432245615));
#11771=CARTESIAN_POINT('Ctrl Pts',(14.8450483953972,54.774804461217,-8.28399838898244));
#11772=CARTESIAN_POINT('Ctrl Pts',(14.8403908761335,54.5559280877933,-8.29233372721902));
#11773=CARTESIAN_POINT('',(15.7223066268215,55.6814402109012,-6.46599368482549));
#11774=CARTESIAN_POINT('Ctrl Pts',(15.7223066268215,55.6814402109012,-6.46599368482549));
#11775=CARTESIAN_POINT('Ctrl Pts',(15.488542936468,55.7701176172122,-7.03439888240268));
#11776=CARTESIAN_POINT('Ctrl Pts',(15.2239254567464,55.8587950235233,-7.59011354453864));
#11777=CARTESIAN_POINT('Ctrl Pts',(14.9300078225883,55.9474724298343,-8.12987493246057));
#11778=CARTESIAN_POINT('Ctrl Pts',(15.691253115696,54.87312016543,-6.54099194764529));
#11779=CARTESIAN_POINT('Ctrl Pts',(15.6930901657811,54.9917878814845,-6.5365850292296));
#11780=CARTESIAN_POINT('Ctrl Pts',(15.6972872020694,55.2624320494496,-6.52653725456815));
#11781=CARTESIAN_POINT('Ctrl Pts',(15.7133464553672,55.5307628167936,-6.48778067842635));
#11782=CARTESIAN_POINT('Ctrl Pts',(15.7223066268215,55.6814402109012,-6.46599368482549));
#11783=CARTESIAN_POINT('Ctrl Pts',(13.8958581392151,54.2438572412357,-5.64846231949993));
#11784=CARTESIAN_POINT('Ctrl Pts',(14.5134518342913,54.2438572412357,-5.89950508925549));
#11785=CARTESIAN_POINT('Ctrl Pts',(15.1310455293675,54.2438572412357,-6.15054785901104));
#11786=CARTESIAN_POINT('Ctrl Pts',(15.7486392244437,54.2438572412357,-6.40159062876659));
#11787=CARTESIAN_POINT('Ctrl Pts',(13.8813029970347,54.3317267662705,-5.68426962058375));
#11788=CARTESIAN_POINT('Ctrl Pts',(14.4982506282928,54.3317267662705,-5.93690417236423));
#11789=CARTESIAN_POINT('Ctrl Pts',(15.1151957653811,54.3317267662705,-6.18953768488111));
#11790=CARTESIAN_POINT('Ctrl Pts',(15.7321433966393,54.3317267662705,-6.44217223666159));
#11791=CARTESIAN_POINT('Ctrl Pts',(13.8477824542331,54.5315392786322,-5.76552153856892));
#11792=CARTESIAN_POINT('Ctrl Pts',(14.4632394231176,54.5315392786322,-6.02176692781821));
#11793=CARTESIAN_POINT('Ctrl Pts',(15.0786964792463,54.5315392786322,-6.27801235446214));
#11794=CARTESIAN_POINT('Ctrl Pts',(15.6941534481308,54.5315392786322,-6.53425774371144));
#11795=CARTESIAN_POINT('Ctrl Pts',(13.8461170959854,54.7504676864197,-5.76931943646741));
#11796=CARTESIAN_POINT('Ctrl Pts',(14.4614992521429,54.7504676864197,-6.02573329034982));
#11797=CARTESIAN_POINT('Ctrl Pts',(15.0768838859594,54.7504676864197,-6.28214817411399));
#11798=CARTESIAN_POINT('Ctrl Pts',(15.6922660421168,54.7504676864197,-6.5385620279964));
#11799=CARTESIAN_POINT('Ctrl Pts',(13.8452233373788,54.87312016543,-5.77146348321643));
#11800=CARTESIAN_POINT('Ctrl Pts',(14.4605665968179,54.87312016543,-6.02797297135939));
#11801=CARTESIAN_POINT('Ctrl Pts',(15.0759098562569,54.87312016543,-6.28448245950234));
#11802=CARTESIAN_POINT('Ctrl Pts',(15.691253115696,54.87312016543,-6.54099194764529));
#11803=CARTESIAN_POINT('',(13.8958581392151,54.2438572412357,-5.64846231949993));
#11804=CARTESIAN_POINT('',(13.8452233373788,54.87312016543,-5.77146348321643));
#11805=CARTESIAN_POINT('Ctrl Pts',(14.0267391586846,53.926665163599,-5.31512827448445));
#11806=CARTESIAN_POINT('Ctrl Pts',(14.6501497879595,53.926665163599,-5.55135619779487));
#11807=CARTESIAN_POINT('Ctrl Pts',(15.2735604172343,53.926665163599,-5.78758412110529));
#11808=CARTESIAN_POINT('Ctrl Pts',(15.8969710465092,53.926665163599,-6.02381204441571));
#11809=CARTESIAN_POINT('Ctrl Pts',(14.0014140188815,53.9646392730008,-5.38196186942899));
#11810=CARTESIAN_POINT('Ctrl Pts',(14.6237003637415,53.9646392730008,-5.62116068213828));
#11811=CARTESIAN_POINT('Ctrl Pts',(15.245982876539,53.9646392730008,-5.86035797264357));
#11812=CARTESIAN_POINT('Ctrl Pts',(15.868269221399,53.9646392730008,-6.09955678535285));
#11813=CARTESIAN_POINT('Ctrl Pts',(13.9489949471077,54.0415648486349,-5.51692350822368));
#11814=CARTESIAN_POINT('Ctrl Pts',(14.5689502585243,54.0415648486349,-5.76212009943568));
#11815=CARTESIAN_POINT('Ctrl Pts',(15.1889056286388,54.0415648486349,-6.00731671810817));
#11816=CARTESIAN_POINT('Ctrl Pts',(15.8088609400554,54.0415648486349,-6.25251330932017));
#11817=CARTESIAN_POINT('Ctrl Pts',(13.9138153463677,54.1758577033418,-5.60428555261101));
#11818=CARTESIAN_POINT('Ctrl Pts',(14.5322059197577,54.1758577033418,-5.853364429176));
#11819=CARTESIAN_POINT('Ctrl Pts',(15.1506001524934,54.1758577033418,-6.10244474972749));
#11820=CARTESIAN_POINT('Ctrl Pts',(15.7689907258834,54.1758577033418,-6.35152362629248));
#11821=CARTESIAN_POINT('Ctrl Pts',(13.8958581392151,54.2438572412357,-5.64846231949993));
#11822=CARTESIAN_POINT('Ctrl Pts',(14.5134518342913,54.2438572412357,-5.89950508925549));
#11823=CARTESIAN_POINT('Ctrl Pts',(15.1310455293675,54.2438572412357,-6.15054785901104));
#11824=CARTESIAN_POINT('Ctrl Pts',(15.7486392244437,54.2438572412357,-6.40159062876659));
#11825=CARTESIAN_POINT('',(14.0267391586846,53.926665163599,-5.31512827448445));
#11826=CARTESIAN_POINT('Ctrl Pts',(14.3534295507498,53.8294619088992,-4.35649631374358));
#11827=CARTESIAN_POINT('Ctrl Pts',(14.9913597530054,53.8294619088992,-4.55011837213218));
#11828=CARTESIAN_POINT('Ctrl Pts',(15.6292899552609,53.8294619088992,-4.74374043052079));
#11829=CARTESIAN_POINT('Ctrl Pts',(16.2672201575165,53.8294619088992,-4.93736248890939));
#11830=CARTESIAN_POINT('Ctrl Pts',(14.2904066252563,53.8267443126611,-4.56413912025758));
#11831=CARTESIAN_POINT('Ctrl Pts',(14.9255367861236,53.8267443126611,-4.7669901004685));
#11832=CARTESIAN_POINT('Ctrl Pts',(15.5606640144232,53.8267443126611,-4.96984002274768));
#11833=CARTESIAN_POINT('Ctrl Pts',(16.1957941752905,53.8267443126611,-5.1726910029586));
#11834=CARTESIAN_POINT('Ctrl Pts',(14.1838883040299,53.8224615796647,-4.88917926301881));
#11835=CARTESIAN_POINT('Ctrl Pts',(14.8142833007146,53.8224615796647,-5.10647610571287));
#11836=CARTESIAN_POINT('Ctrl Pts',(15.4446784145491,53.8224615796647,-5.32377298872726));
#11837=CARTESIAN_POINT('Ctrl Pts',(16.0750734112339,53.8224615796647,-5.54106983142131));
#11838=CARTESIAN_POINT('Ctrl Pts',(14.0697946192019,53.8987758865798,-5.20150397741284));
#11839=CARTESIAN_POINT('Ctrl Pts',(14.6951183600057,53.8987758865798,-5.43268176468905));
#11840=CARTESIAN_POINT('Ctrl Pts',(15.3204434942917,53.8987758865798,-5.66386005379168));
#11841=CARTESIAN_POINT('Ctrl Pts',(15.9457672350955,53.8987758865798,-5.89503784106789));
#11842=CARTESIAN_POINT('Ctrl Pts',(14.0267391586846,53.926665163599,-5.31512827448445));
#11843=CARTESIAN_POINT('Ctrl Pts',(14.6501497879595,53.926665163599,-5.55135619779487));
#11844=CARTESIAN_POINT('Ctrl Pts',(15.2735604172343,53.926665163599,-5.78758412110529));
#11845=CARTESIAN_POINT('Ctrl Pts',(15.8969710465092,53.926665163599,-6.02381204441571));
#11846=CARTESIAN_POINT('',(14.3534295507498,53.8294619088992,-4.35649631374358));
#11847=CARTESIAN_POINT('Origin',(14.9485130268849,53.8294619088992,-1.24175612946018));
#11848=CARTESIAN_POINT('',(14.8755155152505,53.8294619088992,1.92848078951828));
#11849=CARTESIAN_POINT('Origin',(14.8755155152505,54.7554510599002,1.92848078951828));
#11850=CARTESIAN_POINT('',(14.8755155152505,55.6814402109012,1.92848078951827));
#11851=CARTESIAN_POINT('Origin',(14.7665129499802,55.6814402109012,2.63630333953941));
#11852=CARTESIAN_POINT('',(14.623849670749,55.6814402109012,3.33811635617058));
#11853=CARTESIAN_POINT('Origin',(14.623849670749,54.7554510599002,3.33811635617058));
#11854=CARTESIAN_POINT('',(14.623849670749,53.8294619088992,3.33811635617058));
#11855=CARTESIAN_POINT('Origin',(14.0856724130114,53.8294619088992,5.1569208519552));
#11856=CARTESIAN_POINT('',(13.3222693504653,53.8294619088992,6.89326768330186));
#11857=CARTESIAN_POINT('Ctrl Pts',(13.793501203529,51.9979494577274,5.89400751172266));
#11858=CARTESIAN_POINT('Ctrl Pts',(14.4065457014637,51.9979494577274,6.15596340113256));
#11859=CARTESIAN_POINT('Ctrl Pts',(15.0195901993983,51.9979494577274,6.41791929054246));
#11860=CARTESIAN_POINT('Ctrl Pts',(15.6326346973329,51.9979494577274,6.67987517995235));
#11861=CARTESIAN_POINT('Ctrl Pts',(13.6487642017065,52.608453608118,6.2327295111202));
#11862=CARTESIAN_POINT('Ctrl Pts',(14.2553759970763,52.608453608118,6.50973973626595));
#11863=CARTESIAN_POINT('Ctrl Pts',(14.8619876332309,52.608453608118,6.78674988745714));
#11864=CARTESIAN_POINT('Ctrl Pts',(15.4685994286007,52.608453608118,7.06376011260289));
#11865=CARTESIAN_POINT('Ctrl Pts',(13.4915448214003,53.2189577585086,6.56611755337346));
#11866=CARTESIAN_POINT('Ctrl Pts',(14.0911690884663,53.2189577585086,6.85794502545691));
#11867=CARTESIAN_POINT('Ctrl Pts',(14.6907931971877,53.2189577585086,7.1497724217398));
#11868=CARTESIAN_POINT('Ctrl Pts',(15.2904174642537,53.2189577585086,7.44159989382325));
#11869=CARTESIAN_POINT('Ctrl Pts',(13.3222693504653,53.8294619088992,6.89326768330186));
#11870=CARTESIAN_POINT('Ctrl Pts',(13.9143702104859,53.8294619088992,7.19963513589306));
#11871=CARTESIAN_POINT('Ctrl Pts',(14.5064710705066,53.8294619088992,7.50600258848425));
#11872=CARTESIAN_POINT('Ctrl Pts',(15.0985719305273,53.8294619088992,7.81237004107544));
#11873=CARTESIAN_POINT('',(13.793501203529,51.9979494577274,5.89400751172266));
#11874=CARTESIAN_POINT('Origin',(14.2660296711354,51.9979494577274,4.6346949653979));
#11875=CARTESIAN_POINT('',(14.623849670749,51.9979494577274,3.33811635617058));
#11876=CARTESIAN_POINT('Origin',(14.623849670749,51.3226407533512,3.33811635617058));
#11877=CARTESIAN_POINT('',(14.623849670749,50.6473320489749,3.33811635617058));
#11878=CARTESIAN_POINT('Origin',(14.7665129499802,50.6473320489749,2.63630333953941));
#11879=CARTESIAN_POINT('',(14.8755155152505,50.6473320489749,1.92848078951828));
#11880=CARTESIAN_POINT('Origin',(14.8755155152505,51.3226407533512,1.92848078951828));
#11881=CARTESIAN_POINT('',(14.8755155152505,51.9979494577274,1.92848078951828));
#11882=CARTESIAN_POINT('Origin',(14.9526611837583,51.9979494577274,-1.19076593994313));
#11883=CARTESIAN_POINT('',(14.3828117412498,51.9979494577274,-4.25848874787378));
#11884=CARTESIAN_POINT('Ctrl Pts',(13.6168589057266,52.2230499750003,-6.29135546138788));
#11885=CARTESIAN_POINT('Ctrl Pts',(14.22205263487,52.2230499750003,-6.57097125967178));
#11886=CARTESIAN_POINT('Ctrl Pts',(14.8272463640134,52.2230499750003,-6.85058705795569));
#11887=CARTESIAN_POINT('Ctrl Pts',(15.4324400931568,52.2230499750003,-7.13020285623959));
#11888=CARTESIAN_POINT('Ctrl Pts',(13.7285332440992,52.158351872539,-6.04965020115537));
#11889=CARTESIAN_POINT('Ctrl Pts',(14.338687881661,52.158351872539,-6.31852254903898));
#11890=CARTESIAN_POINT('Ctrl Pts',(14.9488497057505,52.158351872539,-6.58739788009247));
#11891=CARTESIAN_POINT('Ctrl Pts',(15.5590043433124,52.158351872539,-6.85627022797608));
#11892=CARTESIAN_POINT('Ctrl Pts',(14.0104490788451,51.9852180503182,-5.39500434443276));
#11893=CARTESIAN_POINT('Ctrl Pts',(14.6331354347635,51.9852180503182,-5.63478220821733));
#11894=CARTESIAN_POINT('Ctrl Pts',(15.255822600106,51.9852180503182,-5.87456039323923));
#11895=CARTESIAN_POINT('Ctrl Pts',(15.8785089560244,51.9852180503182,-6.1143382570238));
#11896=CARTESIAN_POINT('Ctrl Pts',(14.2521025194726,51.9930464440127,-4.69995196193197));
#11897=CARTESIAN_POINT('Ctrl Pts',(14.885534277826,51.9930464440127,-4.90884079052011));
#11898=CARTESIAN_POINT('Ctrl Pts',(15.5189510970488,51.9930464440127,-5.11772339493477));
#11899=CARTESIAN_POINT('Ctrl Pts',(16.1523828554022,51.9930464440127,-5.3266122235229));
#11900=CARTESIAN_POINT('Ctrl Pts',(14.3828117412498,51.9979494577274,-4.25848874787378));
#11901=CARTESIAN_POINT('Ctrl Pts',(15.0220478186387,51.9979494577274,-4.44775491444595));
#11902=CARTESIAN_POINT('Ctrl Pts',(15.6612838960275,51.9979494577274,-4.63702108101812));
#11903=CARTESIAN_POINT('Ctrl Pts',(16.3005199734164,51.9979494577274,-4.82628724759029));
#11904=CARTESIAN_POINT('',(13.6168589057266,52.2230499750003,-6.29135546138788));
#11905=CARTESIAN_POINT('Ctrl Pts',(13.2462436703045,53.000676012598,-7.03825465772007));
#11906=CARTESIAN_POINT('Ctrl Pts',(13.8349656112069,53.000676012598,-7.35106597584096));
#11907=CARTESIAN_POINT('Ctrl Pts',(14.4236875521093,53.000676012598,-7.66387729396185));
#11908=CARTESIAN_POINT('Ctrl Pts',(15.0124094930118,53.000676012598,-7.97668861208274));
#11909=CARTESIAN_POINT('Ctrl Pts',(13.2983377583261,52.8314995902956,-6.94021174548187));
#11910=CARTESIAN_POINT('Ctrl Pts',(13.889367903993,52.8314995902956,-7.24866205306578));
#11911=CARTESIAN_POINT('Ctrl Pts',(14.4804193137694,52.8314995902956,-7.55712300396221));
#11912=CARTESIAN_POINT('Ctrl Pts',(15.0714494594363,52.8314995902956,-7.86557331154612));
#11913=CARTESIAN_POINT('Ctrl Pts',(13.3978404926679,52.5039666563298,-6.74965588461794));
#11914=CARTESIAN_POINT('Ctrl Pts',(13.9933000465181,52.5039666563298,-7.04964055877941));
#11915=CARTESIAN_POINT('Ctrl Pts',(14.5887596711734,52.5039666563298,-7.34962532840554));
#11916=CARTESIAN_POINT('Ctrl Pts',(15.1842192250236,52.5039666563298,-7.649610002567));
#11917=CARTESIAN_POINT('Ctrl Pts',(13.5474272427444,52.314603693904,-6.44163168790554));
#11918=CARTESIAN_POINT('Ctrl Pts',(14.1495421606766,52.314603693904,-6.72792999997111));
#11919=CARTESIAN_POINT('Ctrl Pts',(14.751635957178,52.314603693904,-7.01421760089405));
#11920=CARTESIAN_POINT('Ctrl Pts',(15.3537508751103,52.314603693904,-7.30051591295962));
#11921=CARTESIAN_POINT('Ctrl Pts',(13.6168589057266,52.2230499750003,-6.29135546138788));
#11922=CARTESIAN_POINT('Ctrl Pts',(14.22205263487,52.2230499750003,-6.57097125967178));
#11923=CARTESIAN_POINT('Ctrl Pts',(14.8272463640134,52.2230499750003,-6.85058705795569));
#11924=CARTESIAN_POINT('Ctrl Pts',(15.4324400931568,52.2230499750003,-7.13020285623959));
#11925=CARTESIAN_POINT('',(13.2462436703045,53.000676012598,-7.03825465772007));
#11926=CARTESIAN_POINT('Ctrl Pts',(13.0944625377648,54.5559280877933,-7.31676505342855));
#11927=CARTESIAN_POINT('Ctrl Pts',(13.6764386505544,54.5559280877933,-7.6419546113587));
#11928=CARTESIAN_POINT('Ctrl Pts',(14.2584147633439,54.5559280877933,-7.96714416928886));
#11929=CARTESIAN_POINT('Ctrl Pts',(14.8403908761335,54.5559280877933,-8.29233372721902));
#11930=CARTESIAN_POINT('Ctrl Pts',(13.0972890165505,54.2546695050641,-7.31170664027712));
#11931=CARTESIAN_POINT('Ctrl Pts',(13.679386363697,54.2546695050641,-7.63666894238308));
#11932=CARTESIAN_POINT('Ctrl Pts',(14.2614968716107,54.2546695050641,-7.96163855687478));
#11933=CARTESIAN_POINT('Ctrl Pts',(14.8435942187572,54.2546695050641,-8.28660085898074));
#11934=CARTESIAN_POINT('Ctrl Pts',(13.1027222903778,53.7153110319612,-7.30285749470286));
#11935=CARTESIAN_POINT('Ctrl Pts',(13.68506534538,53.7153110319612,-7.62742884577599));
#11936=CARTESIAN_POINT('Ctrl Pts',(14.2674088740928,53.7153110319612,-7.95200047625678));
#11937=CARTESIAN_POINT('Ctrl Pts',(14.8497519290949,53.7153110319612,-8.27657182732991));
#11938=CARTESIAN_POINT('Ctrl Pts',(13.2029870609334,53.2195359898792,-7.11966512323258));
#11939=CARTESIAN_POINT('Ctrl Pts',(13.7897909334876,53.2195359898792,-7.43609716745006));
#11940=CARTESIAN_POINT('Ctrl Pts',(14.3765814631703,53.2195359898792,-7.75252176211279));
#11941=CARTESIAN_POINT('Ctrl Pts',(14.9633853357245,53.2195359898792,-8.06895380633026));
#11942=CARTESIAN_POINT('Ctrl Pts',(13.2462436703045,53.000676012598,-7.03825465772007));
#11943=CARTESIAN_POINT('Ctrl Pts',(13.8349656112069,53.000676012598,-7.35106597584096));
#11944=CARTESIAN_POINT('Ctrl Pts',(14.4236875521093,53.000676012598,-7.66387729396185));
#11945=CARTESIAN_POINT('Ctrl Pts',(15.0124094930118,53.000676012598,-7.97668861208274));
#11946=CARTESIAN_POINT('',(13.0944625377648,54.5559280877933,-7.31676505342855));
#11947=CARTESIAN_POINT('Ctrl Pts',(13.1735363140485,55.9474724298343,-7.17341905805344));
#11948=CARTESIAN_POINT('Ctrl Pts',(13.7590268168951,55.9474724298343,-7.49223768285582));
#11949=CARTESIAN_POINT('Ctrl Pts',(14.3445173197417,55.9474724298343,-7.81105630765819));
#11950=CARTESIAN_POINT('Ctrl Pts',(14.9300078225883,55.9474724298343,-8.12987493246057));
#11951=CARTESIAN_POINT('Ctrl Pts',(13.1507305456226,55.7026770197524,-7.21530042816402));
#11952=CARTESIAN_POINT('Ctrl Pts',(13.7352083634629,55.7026770197524,-7.53598095291942));
#11953=CARTESIAN_POINT('Ctrl Pts',(14.3196834671987,55.7026770197524,-7.85665996049716));
#11954=CARTESIAN_POINT('Ctrl Pts',(14.904161285039,55.7026770197524,-8.17734048525256));
#11955=CARTESIAN_POINT('Ctrl Pts',(13.1074063294068,55.2428299257752,-7.29370969628484));
#11956=CARTESIAN_POINT('Ctrl Pts',(13.6899576319084,55.2428299257752,-7.61787452109103));
#11957=CARTESIAN_POINT('Ctrl Pts',(14.2725092041594,55.2428299257752,-7.94203949764996));
#11958=CARTESIAN_POINT('Ctrl Pts',(14.855060506661,55.2428299257752,-8.26620432245615));
#11959=CARTESIAN_POINT('Ctrl Pts',(13.0985721135858,54.774804461217,-7.3094103432198));
#11960=CARTESIAN_POINT('Ctrl Pts',(13.6807303008977,54.774804461217,-7.63427270530152));
#11961=CARTESIAN_POINT('Ctrl Pts',(14.2628902080853,54.774804461217,-7.95913602690071));
#11962=CARTESIAN_POINT('Ctrl Pts',(14.8450483953972,54.774804461217,-8.28399838898244));
#11963=CARTESIAN_POINT('Ctrl Pts',(13.0944625377648,54.5559280877933,-7.31676505342855));
#11964=CARTESIAN_POINT('Ctrl Pts',(13.6764386505544,54.5559280877933,-7.6419546113587));
#11965=CARTESIAN_POINT('Ctrl Pts',(14.2584147633439,54.5559280877933,-7.96714416928886));
#11966=CARTESIAN_POINT('Ctrl Pts',(14.8403908761335,54.5559280877933,-8.29233372721902));
#11967=CARTESIAN_POINT('',(13.1735363140485,55.9474724298343,-7.17341905805344));
#11968=CARTESIAN_POINT('Ctrl Pts',(13.8726234942543,55.6814402109012,-5.70528854543426));
#11969=CARTESIAN_POINT('Ctrl Pts',(14.4891845384434,55.6814402109012,-5.95885692523134));
#11970=CARTESIAN_POINT('Ctrl Pts',(15.1057455826325,55.6814402109012,-6.21242530502841));
#11971=CARTESIAN_POINT('Ctrl Pts',(15.7223066268215,55.6814402109012,-6.46599368482549));
#11972=CARTESIAN_POINT('Ctrl Pts',(13.6663614145306,55.7701176172122,-6.20682254329648));
#11973=CARTESIAN_POINT('Ctrl Pts',(14.2737555043555,55.7701176172122,-6.48268143904597));
#11974=CARTESIAN_POINT('Ctrl Pts',(14.881148846643,55.7701176172122,-6.75853998665319));
#11975=CARTESIAN_POINT('Ctrl Pts',(15.488542936468,55.7701176172122,-7.03439888240268));
#11976=CARTESIAN_POINT('Ctrl Pts',(13.4328754030115,55.8587950235233,-6.69715900988704));
#11977=CARTESIAN_POINT('Ctrl Pts',(14.0298923347463,55.8587950235233,-6.99481064173279));
#11978=CARTESIAN_POINT('Ctrl Pts',(14.6269085250117,55.8587950235233,-7.29246191269289));
#11979=CARTESIAN_POINT('Ctrl Pts',(15.2239254567464,55.8587950235233,-7.59011354453864));
#11980=CARTESIAN_POINT('Ctrl Pts',(13.1735363140485,55.9474724298343,-7.17341905805344));
#11981=CARTESIAN_POINT('Ctrl Pts',(13.7590268168951,55.9474724298343,-7.49223768285582));
#11982=CARTESIAN_POINT('Ctrl Pts',(14.3445173197417,55.9474724298343,-7.81105630765819));
#11983=CARTESIAN_POINT('Ctrl Pts',(14.9300078225883,55.9474724298343,-8.12987493246057));
#11984=CARTESIAN_POINT('',(13.8726234942543,55.6814402109012,-5.70528854543426));
#11985=CARTESIAN_POINT('Ctrl Pts',(13.8452233373788,54.87312016543,-5.77146348321643));
#11986=CARTESIAN_POINT('Ctrl Pts',(14.4605665968179,54.87312016543,-6.02797297135939));
#11987=CARTESIAN_POINT('Ctrl Pts',(15.0759098562569,54.87312016543,-6.28448245950234));
#11988=CARTESIAN_POINT('Ctrl Pts',(15.691253115696,54.87312016543,-6.54099194764529));
#11989=CARTESIAN_POINT('Ctrl Pts',(13.8468442639245,54.9917878814845,-5.76757502579082));
#11990=CARTESIAN_POINT('Ctrl Pts',(14.4622594722952,54.9917878814845,-6.02391165516924));
#11991=CARTESIAN_POINT('Ctrl Pts',(15.0776749574103,54.9917878814845,-6.28024839985118));
#11992=CARTESIAN_POINT('Ctrl Pts',(15.6930901657811,54.9917878814845,-6.5365850292296));
#11993=CARTESIAN_POINT('Ctrl Pts',(13.8505475312377,55.2624320494496,-5.75870934226601));
#11994=CARTESIAN_POINT('Ctrl Pts',(14.4661274030708,55.2624320494496,-6.01465197199681));
#11995=CARTESIAN_POINT('Ctrl Pts',(15.0817073302364,55.2624320494496,-6.27059462483734));
#11996=CARTESIAN_POINT('Ctrl Pts',(15.6972872020694,55.2624320494496,-6.52653725456815));
#11997=CARTESIAN_POINT('Ctrl Pts',(13.8647174606181,55.5307628167936,-5.72451236331737));
#11998=CARTESIAN_POINT('Ctrl Pts',(14.4809272931566,55.5307628167936,-5.97893520491021));
#11999=CARTESIAN_POINT('Ctrl Pts',(15.0971366228287,55.5307628167936,-6.23335783683351));
#12000=CARTESIAN_POINT('Ctrl Pts',(15.7133464553672,55.5307628167936,-6.48778067842635));
#12001=CARTESIAN_POINT('Ctrl Pts',(13.8726234942543,55.6814402109012,-5.70528854543426));
#12002=CARTESIAN_POINT('Ctrl Pts',(14.4891845384434,55.6814402109012,-5.95885692523134));
#12003=CARTESIAN_POINT('Ctrl Pts',(15.1057455826325,55.6814402109012,-6.21242530502841));
#12004=CARTESIAN_POINT('Ctrl Pts',(15.7223066268215,55.6814402109012,-6.46599368482549));
#12005=CARTESIAN_POINT('Origin',(0.,0.,0.));
#12006=CARTESIAN_POINT('',(14.9189029044139,79.1923540597782,-8.15023534191935));
#12007=CARTESIAN_POINT('',(14.9189029044139,77.2687500482425,-8.15023534191935));
#12008=CARTESIAN_POINT('',(14.9189029044139,79.1923540597782,-8.15023534191935));
#12009=CARTESIAN_POINT('',(15.5704582949749,78.7267988687381,-6.82354955169586));
#12010=CARTESIAN_POINT('Ctrl Pts',(15.5704582949749,78.7267988687381,-6.82354955169586));
#12011=CARTESIAN_POINT('Ctrl Pts',(15.4679434092667,78.7761134356608,-7.05747527326351));
#12012=CARTESIAN_POINT('Ctrl Pts',(15.2500281161566,78.8756117109836,-7.52457060685284));
#12013=CARTESIAN_POINT('Ctrl Pts',(15.0326725610104,79.0861602128332,-7.94198142175305));
#12014=CARTESIAN_POINT('Ctrl Pts',(14.9189029044139,79.1923540597782,-8.15023534191935));
#12015=CARTESIAN_POINT('',(16.6730065018726,78.6091345315799,-3.31826071738104));
#12016=CARTESIAN_POINT('Ctrl Pts',(16.6730065018726,78.6091345315799,-3.31826071738104));
#12017=CARTESIAN_POINT('Ctrl Pts',(16.5182892381513,78.6049018066175,-4.09565651707361));
#12018=CARTESIAN_POINT('Ctrl Pts',(16.193616557499,78.5983356568849,-5.28473181720757));
#12019=CARTESIAN_POINT('Ctrl Pts',(15.7451097830067,78.693116444877,-6.42501742557099));
#12020=CARTESIAN_POINT('Ctrl Pts',(15.5704582949749,78.7267988687381,-6.82354955169586));
#12021=CARTESIAN_POINT('',(16.9908883404965,78.6091345315799,-0.556519003071077));
#12022=CARTESIAN_POINT('Origin',(0.,78.6091345315799,0.));
#12023=CARTESIAN_POINT('',(16.9449598264015,78.5170429712161,1.36687105523544));
#12024=CARTESIAN_POINT('Ctrl Pts',(16.9449598264015,78.5170429712161,1.36687105523544));
#12025=CARTESIAN_POINT('Ctrl Pts',(16.9649856591672,78.5435980230579,1.11861286701368));
#12026=CARTESIAN_POINT('Ctrl Pts',(17.002421221035,78.6117244712311,0.480584795558922));
#12027=CARTESIAN_POINT('Ctrl Pts',(17.0037523934754,78.6101160222209,-0.163771070720789));
#12028=CARTESIAN_POINT('Ctrl Pts',(16.9908883404965,78.6091345315799,-0.556519003071077));
#12029=CARTESIAN_POINT('',(16.7717522311622,77.9440563684329,2.77638741830209));
#12030=CARTESIAN_POINT('Ctrl Pts',(16.7717522311622,77.9440563684329,2.77638741830209));
#12031=CARTESIAN_POINT('Ctrl Pts',(16.8054158156911,78.0714023533879,2.57303060462071));
#12032=CARTESIAN_POINT('Ctrl Pts',(16.8691523028071,78.3390333973452,2.14446702521915));
#12033=CARTESIAN_POINT('Ctrl Pts',(16.9233580166193,78.45582429563,1.63466646836792));
#12034=CARTESIAN_POINT('Ctrl Pts',(16.9449598264015,78.5170429712161,1.36687105523544));
#12035=CARTESIAN_POINT('',(16.5940943477246,76.6650646692142,3.69269993078438));
#12036=CARTESIAN_POINT('Ctrl Pts',(16.5940943477246,76.6650646692142,3.69269993078438));
#12037=CARTESIAN_POINT('Ctrl Pts',(16.6203715252693,76.927497465514,3.57461669316891));
#12038=CARTESIAN_POINT('Ctrl Pts',(16.6672893510665,77.4065676722785,3.35879305404614));
#12039=CARTESIAN_POINT('Ctrl Pts',(16.7416616293891,77.7766869787564,2.95816036327993));
#12040=CARTESIAN_POINT('Ctrl Pts',(16.7717522311622,77.9440563684329,2.77638741830209));
#12041=CARTESIAN_POINT('',(16.5095430413999,74.4038122659549,4.05400894968981));
#12042=CARTESIAN_POINT('Ctrl Pts',(16.5095430413999,74.4038122659549,4.05400894968981));
#12043=CARTESIAN_POINT('Ctrl Pts',(16.5114702501374,74.8272763864573,4.04616058625567));
#12044=CARTESIAN_POINT('Ctrl Pts',(16.5154438190931,75.5958408000652,4.03203182648627));
#12045=CARTESIAN_POINT('Ctrl Pts',(16.5706480066456,76.3337356180066,3.79806207860725));
#12046=CARTESIAN_POINT('Ctrl Pts',(16.5940943477246,76.6650646692142,3.69269993078438));
#12047=CARTESIAN_POINT('',(16.6078316334595,71.9379204278812,3.63041711579551));
#12048=CARTESIAN_POINT('Ctrl Pts',(16.6078316334595,71.9379204278812,3.63041711579551));
#12049=CARTESIAN_POINT('Ctrl Pts',(16.5807677098635,72.3182143398951,3.75422467621824));
#12050=CARTESIAN_POINT('Ctrl Pts',(16.5196390513306,73.1227429807158,4.01527636119566));
#12051=CARTESIAN_POINT('Ctrl Pts',(16.5128380995946,73.9615187420433,4.04059015714028));
#12052=CARTESIAN_POINT('Ctrl Pts',(16.5095430413999,74.4038122659549,4.05400894968981));
#12053=CARTESIAN_POINT('',(16.8283552433711,70.3110426431522,2.40965968611854));
#12054=CARTESIAN_POINT('Ctrl Pts',(16.8283552433711,70.3110426431522,2.40965968611854));
#12055=CARTESIAN_POINT('Ctrl Pts',(16.7919490277889,70.5288524054053,2.66390999889665));
#12056=CARTESIAN_POINT('Ctrl Pts',(16.6999226116919,70.991435096293,3.20166618628519));
#12057=CARTESIAN_POINT('Ctrl Pts',(16.6402333653536,71.61039919227,3.48219103301612));
#12058=CARTESIAN_POINT('Ctrl Pts',(16.6078316334595,71.9379204278812,3.63041711579551));
#12059=CARTESIAN_POINT('',(16.9973264899489,69.5027178293094,0.301483323059295));
#12060=CARTESIAN_POINT('Ctrl Pts',(16.9973264899489,69.5027178293094,0.301483323059295));
#12061=CARTESIAN_POINT('Ctrl Pts',(16.9901439830168,69.5905532670906,0.706425838956073));
#12062=CARTESIAN_POINT('Ctrl Pts',(16.9477843850459,69.754962460231,1.46374817389713));
#12063=CARTESIAN_POINT('Ctrl Pts',(16.8712881123101,70.1343448802929,2.10982914395312));
#12064=CARTESIAN_POINT('Ctrl Pts',(16.8283552433711,70.3110426431522,2.40965968611854));
#12065=CARTESIAN_POINT('',(16.9999841822701,71.3035410409793,0.023190570632316));
#12066=CARTESIAN_POINT('Ctrl Pts',(16.9999841822701,71.3035410409793,0.023190570632316));
#12067=CARTESIAN_POINT('Ctrl Pts',(16.9998576306211,70.7032666370894,0.115960001153404));
#12068=CARTESIAN_POINT('Ctrl Pts',(16.9989716936086,70.1029922331994,0.208728395646003));
#12069=CARTESIAN_POINT('Ctrl Pts',(16.9973264899489,69.5027178293094,0.301483323059295));
#12070=CARTESIAN_POINT('',(16.8994821240793,72.2192972665653,1.84594256084075));
#12071=CARTESIAN_POINT('Ctrl Pts',(16.8994821240793,72.2192972665653,1.84594256084075));
#12072=CARTESIAN_POINT('Ctrl Pts',(16.9240509409837,72.0221138624968,1.62101666612844));
#12073=CARTESIAN_POINT('Ctrl Pts',(16.9716546947797,71.5749831589542,1.110017822105));
#12074=CARTESIAN_POINT('Ctrl Pts',(16.9994524610902,71.4008704991716,0.412971908529388));
#12075=CARTESIAN_POINT('Ctrl Pts',(16.9999841822701,71.3035410409793,0.023190570632316));
#12076=CARTESIAN_POINT('',(16.8356725461221,74.1377800470218,2.35799277347271));
#12077=CARTESIAN_POINT('Ctrl Pts',(16.8356725461221,74.1377800470218,2.35799277347271));
#12078=CARTESIAN_POINT('Ctrl Pts',(16.836614030944,73.753021226045,2.35127072989937));
#12079=CARTESIAN_POINT('Ctrl Pts',(16.8393254703198,73.0767931049673,2.33960076196819));
#12080=CARTESIAN_POINT('Ctrl Pts',(16.8832171790117,72.4775739823946,1.99484705779049));
#12081=CARTESIAN_POINT('Ctrl Pts',(16.8994821240793,72.2192972665653,1.84594256084075));
#12082=CARTESIAN_POINT('',(16.9191875835058,76.2353247171268,1.65562420680068));
#12083=CARTESIAN_POINT('Ctrl Pts',(16.9191875835058,76.2353247171268,1.65562420680068));
#12084=CARTESIAN_POINT('Ctrl Pts',(16.8991528226968,75.9509865747399,1.86036383003423));
#12085=CARTESIAN_POINT('Ctrl Pts',(16.8432115845855,75.3149334633413,2.31716753143933));
#12086=CARTESIAN_POINT('Ctrl Pts',(16.8377205983419,74.556929527101,2.3433700244474));
#12087=CARTESIAN_POINT('Ctrl Pts',(16.8356725461221,74.1377800470218,2.35799277347271));
#12088=CARTESIAN_POINT('',(16.9994304652881,76.757156229578,-0.13915407229432));
#12089=CARTESIAN_POINT('Ctrl Pts',(16.9994304652881,76.757156229578,-0.13915407229432));
#12090=CARTESIAN_POINT('Ctrl Pts',(17.0025178683094,76.7498083273356,0.238011267641541));
#12091=CARTESIAN_POINT('Ctrl Pts',(16.9837048184474,76.7368522042133,0.903101312556267));
#12092=CARTESIAN_POINT('Ctrl Pts',(16.9414056219084,76.3868343489569,1.42857319007351));
#12093=CARTESIAN_POINT('Ctrl Pts',(16.9191875835058,76.2353247171268,1.65562420680068));
#12094=CARTESIAN_POINT('',(16.9862343289416,76.7469233041629,-0.683990732601653));
#12095=CARTESIAN_POINT('Ctrl Pts',(16.9862343289416,76.7469233041629,-0.683990732601653));
#12096=CARTESIAN_POINT('Ctrl Pts',(16.9909385971116,76.7498076158982,-0.567164878575796));
#12097=CARTESIAN_POINT('Ctrl Pts',(16.9963749431842,76.75428871802,-0.385587401142217));
#12098=CARTESIAN_POINT('Ctrl Pts',(16.9989004713948,76.7564028738905,-0.203899531678618));
#12099=CARTESIAN_POINT('Ctrl Pts',(16.9994304652881,76.757156229578,-0.13915407229432));
#12100=CARTESIAN_POINT('',(16.9421270347685,73.4624737268314,-1.40154612402405));
#12101=CARTESIAN_POINT('Ctrl Pts',(16.9421270347685,73.4624737268314,-1.40154612402405));
#12102=CARTESIAN_POINT('Ctrl Pts',(16.9494706988799,74.1116951284547,-1.31277466788471));
#12103=CARTESIAN_POINT('Ctrl Pts',(16.9618679026011,75.2220662991266,-1.16091618772062));
#12104=CARTESIAN_POINT('Ctrl Pts',(16.9805961910998,76.2994666792263,-0.824008317630407));
#12105=CARTESIAN_POINT('Ctrl Pts',(16.9862343289416,76.7469233041629,-0.683990732601653));
#12106=CARTESIAN_POINT('',(16.913442148599,71.8253677850589,-1.71332270340249));
#12107=CARTESIAN_POINT('Ctrl Pts',(16.913442148599,71.8253677850589,-1.71332270340249));
#12108=CARTESIAN_POINT('Ctrl Pts',(16.9191426875865,72.0516511756869,-1.65704857816666));
#12109=CARTESIAN_POINT('Ctrl Pts',(16.9319690359641,72.5926144994635,-1.52243714967162));
#12110=CARTESIAN_POINT('Ctrl Pts',(16.9384486950145,73.1425655860245,-1.44601051825373));
#12111=CARTESIAN_POINT('Ctrl Pts',(16.9421270347685,73.4624737268314,-1.40154612402405));
#12112=CARTESIAN_POINT('',(16.8308116486059,70.5003326898441,-2.39244210988529));
#12113=CARTESIAN_POINT('Ctrl Pts',(16.8308116486059,70.5003326898441,-2.39244210988529));
#12114=CARTESIAN_POINT('Ctrl Pts',(16.8508315369857,70.704827198129,-2.25160235073135));
#12115=CARTESIAN_POINT('Ctrl Pts',(16.8873630849789,71.1215489296281,-1.96400751983027));
#12116=CARTESIAN_POINT('Ctrl Pts',(16.9048712728231,71.5878770948932,-1.79793198997263));
#12117=CARTESIAN_POINT('Ctrl Pts',(16.913442148599,71.8253677850589,-1.71332270340249));
#12118=CARTESIAN_POINT('',(16.6201168379873,69.5487659936771,-3.57375380960271));
#12119=CARTESIAN_POINT('Ctrl Pts',(16.6201168379873,69.5487659936771,-3.57375380960271));
#12120=CARTESIAN_POINT('Ctrl Pts',(16.669690756264,69.6776983500586,-3.34320510429975));
#12121=CARTESIAN_POINT('Ctrl Pts',(16.7567043455542,69.9317276621985,-2.88672544477105));
#12122=CARTESIAN_POINT('Ctrl Pts',(16.8076046097001,70.3127150964189,-2.55570344821904));
#12123=CARTESIAN_POINT('Ctrl Pts',(16.8308116486059,70.5003326898441,-2.39244210988529));
#12124=CARTESIAN_POINT('',(16.1948267346129,69.1855305200443,-5.16987301931743));
#12125=CARTESIAN_POINT('Ctrl Pts',(16.1948267346129,69.1855305200443,-5.16987301931743));
#12126=CARTESIAN_POINT('Ctrl Pts',(16.2839404997468,69.1997280086515,-4.89072071120084));
#12127=CARTESIAN_POINT('Ctrl Pts',(16.444642527061,69.2276996612988,-4.33602901528896));
#12128=CARTESIAN_POINT('Ctrl Pts',(16.5658678977643,69.4428291434524,-3.82604419469338));
#12129=CARTESIAN_POINT('Ctrl Pts',(16.6201168379873,69.5487659936771,-3.57375380960271));
#12130=CARTESIAN_POINT('',(15.2475862464802,70.1473301416263,-7.51738742224638));
#12131=CARTESIAN_POINT('Ctrl Pts',(15.2475862464802,70.1473301416263,-7.51738742224638));
#12132=CARTESIAN_POINT('Ctrl Pts',(15.4053207925836,69.866818623465,-7.19745298749275));
#12133=CARTESIAN_POINT('Ctrl Pts',(15.70844718952,69.2984062395447,-6.54073272366573));
#12134=CARTESIAN_POINT('Ctrl Pts',(16.0461367797931,69.2234804377637,-5.6356500406266));
#12135=CARTESIAN_POINT('Ctrl Pts',(16.1948267346129,69.1855305200443,-5.16987301931743));
#12136=CARTESIAN_POINT('',(14.783481435739,72.8997200494632,-8.39337099377607));
#12137=CARTESIAN_POINT('Ctrl Pts',(14.783481435739,72.8997200494632,-8.39337099377607));
#12138=CARTESIAN_POINT('Ctrl Pts',(14.7956860249481,72.3547450053984,-8.37187470603443));
#12139=CARTESIAN_POINT('Ctrl Pts',(14.821032370917,71.3527177191511,-8.33397517834612));
#12140=CARTESIAN_POINT('Ctrl Pts',(15.1199695257156,70.5249141487157,-7.77623359406825));
#12141=CARTESIAN_POINT('Ctrl Pts',(15.2475862464802,70.1473301416263,-7.51738742224638));
#12142=CARTESIAN_POINT('',(14.9796364364697,74.930755472742,-8.03806520446247));
#12143=CARTESIAN_POINT('Ctrl Pts',(14.9796364364697,74.930755472742,-8.03806520446247));
#12144=CARTESIAN_POINT('Ctrl Pts',(14.9236691401476,74.6064155441961,-8.14236514853005));
#12145=CARTESIAN_POINT('Ctrl Pts',(14.8068048464249,73.9460084778664,-8.35315842208702));
#12146=CARTESIAN_POINT('Ctrl Pts',(14.7912215809224,73.2525873449519,-8.37973805741297));
#12147=CARTESIAN_POINT('Ctrl Pts',(14.783481435739,72.8997200494632,-8.39337099377607));
#12148=CARTESIAN_POINT('',(15.5867052875559,76.9004028802738,-6.78635530155015));
#12149=CARTESIAN_POINT('Ctrl Pts',(15.5867052875559,76.9004028802738,-6.78635530155015));
#12150=CARTESIAN_POINT('Ctrl Pts',(15.467535923721,76.5756518057013,-7.06006006218581));
#12151=CARTESIAN_POINT('Ctrl Pts',(15.2297309218849,75.9696670508262,-7.56394558845933));
#12152=CARTESIAN_POINT('Ctrl Pts',(15.0599680516249,75.2600733893103,-7.88836022462335));
#12153=CARTESIAN_POINT('Ctrl Pts',(14.9796364364697,74.930755472742,-8.03806520446247));
#12154=CARTESIAN_POINT('Ctrl Pts',(14.9189029044139,77.2687500482425,-8.15023534191935));
#12155=CARTESIAN_POINT('Ctrl Pts',(15.0301041982888,77.1812237122815,-7.9466827772918));
#12156=CARTESIAN_POINT('Ctrl Pts',(15.2552185411917,76.9974336059136,-7.51465674667213));
#12157=CARTESIAN_POINT('Ctrl Pts',(15.4769170830368,76.9337555465642,-7.03851368581545));
#12158=CARTESIAN_POINT('Ctrl Pts',(15.5867052875559,76.9004028802738,-6.78635530155015));
#12159=CARTESIAN_POINT('',(16.2193283996214,76.4501970773563,-5.09248331025583));
#12160=CARTESIAN_POINT('',(16.7209239130951,76.7469233041629,-3.06768699389034));
#12161=CARTESIAN_POINT('Ctrl Pts',(16.2193283996214,76.4501970773563,-5.09248331025583));
#12162=CARTESIAN_POINT('Ctrl Pts',(16.3060353115521,76.5363009227466,-4.81632572790536));
#12163=CARTESIAN_POINT('Ctrl Pts',(16.4923843625226,76.737199670581,-4.1669556732729));
#12164=CARTESIAN_POINT('Ctrl Pts',(16.6472675100948,76.7433875232961,-3.46916312647265));
#12165=CARTESIAN_POINT('Ctrl Pts',(16.7209239130951,76.7469233041629,-3.06768699389034));
#12166=CARTESIAN_POINT('',(15.7289149971478,75.2325981622562,-6.44990178316681));
#12167=CARTESIAN_POINT('Ctrl Pts',(15.7289149971478,75.2325981622562,-6.44990178316681));
#12168=CARTESIAN_POINT('Ctrl Pts',(15.8008572061658,75.4894789016472,-6.27446145424519));
#12169=CARTESIAN_POINT('Ctrl Pts',(15.9387763210476,75.995365812831,-5.9273399083938));
#12170=CARTESIAN_POINT('Ctrl Pts',(16.132307130934,76.3001681599571,-5.3696421046206));
#12171=CARTESIAN_POINT('Ctrl Pts',(16.2193283996214,76.4501970773563,-5.09248331025583));
#12172=CARTESIAN_POINT('',(15.5211873601849,73.3396929269657,-6.93489314481741));
#12173=CARTESIAN_POINT('Ctrl Pts',(15.5211873601849,73.3396929269657,-6.93489314481741));
#12174=CARTESIAN_POINT('Ctrl Pts',(15.5290456967268,73.6802377580632,-6.91730517175725));
#12175=CARTESIAN_POINT('Ctrl Pts',(15.5450051111271,74.341753266916,-6.8834475766562));
#12176=CARTESIAN_POINT('Ctrl Pts',(15.6705421171145,74.9415659892551,-6.59225155825627));
#12177=CARTESIAN_POINT('Ctrl Pts',(15.7289149971478,75.2325981622562,-6.44990178316681));
#12178=CARTESIAN_POINT('',(15.7398913229631,71.7076986795291,-6.42306944858231));
#12179=CARTESIAN_POINT('Ctrl Pts',(15.7398913229631,71.7076986795291,-6.42306944858231));
#12180=CARTESIAN_POINT('Ctrl Pts',(15.6787124819261,71.9301879240865,-6.57298971908478));
#12181=CARTESIAN_POINT('Ctrl Pts',(15.5363648904918,72.4247683341053,-6.90360913236599));
#12182=CARTESIAN_POINT('Ctrl Pts',(15.5262183270254,73.0149868771492,-6.92363319065471));
#12183=CARTESIAN_POINT('Ctrl Pts',(15.5211873601849,73.3396929269657,-6.93489314481741));
#12184=CARTESIAN_POINT('',(16.2123651715657,71.1500614648685,-5.1146080537812));
#12185=CARTESIAN_POINT('Ctrl Pts',(16.2123651715657,71.1500614648685,-5.1146080537812));
#12186=CARTESIAN_POINT('Ctrl Pts',(16.1320538110842,71.1735246188243,-5.36918026925889));
#12187=CARTESIAN_POINT('Ctrl Pts',(15.9575688406954,71.2205671998545,-5.87526379125731));
#12188=CARTESIAN_POINT('Ctrl Pts',(15.8142437432365,71.54505417948,-6.24086699474445));
#12189=CARTESIAN_POINT('Ctrl Pts',(15.7398913229631,71.7076986795291,-6.42306944858231));
#12190=CARTESIAN_POINT('',(16.4829250631159,71.405855990015,-4.16091112182252));
#12191=CARTESIAN_POINT('Ctrl Pts',(16.4829250631159,71.405855990015,-4.16091112182252));
#12192=CARTESIAN_POINT('Ctrl Pts',(16.4453575602913,71.3312500880746,-4.30973005011423));
#12193=CARTESIAN_POINT('Ctrl Pts',(16.3659850892561,71.1810958080023,-4.60830636557144));
#12194=CARTESIAN_POINT('Ctrl Pts',(16.2656454693028,71.1604494430554,-4.94571932677021));
#12195=CARTESIAN_POINT('Ctrl Pts',(16.2123651715657,71.1500614648685,-5.1146080537812));
#12196=CARTESIAN_POINT('',(16.6357986999606,72.1323269372806,-3.500028801937));
#12197=CARTESIAN_POINT('Ctrl Pts',(16.6357986999606,72.1323269372806,-3.500028801937));
#12198=CARTESIAN_POINT('Ctrl Pts',(16.6184192104121,71.9854540887032,-3.58263431920492));
#12199=CARTESIAN_POINT('Ctrl Pts',(16.5838174657874,71.698486268115,-3.7439062674691));
#12200=CARTESIAN_POINT('Ctrl Pts',(16.5173727243303,71.5018513127881,-4.0244510529161));
#12201=CARTESIAN_POINT('Ctrl Pts',(16.4829250631159,71.405855990015,-4.16091112182252));
#12202=CARTESIAN_POINT('',(16.7167233204866,73.7387388711795,-3.09049533672204));
#12203=CARTESIAN_POINT('Ctrl Pts',(16.7167233204866,73.7387388711795,-3.09049533672204));
#12204=CARTESIAN_POINT('Ctrl Pts',(16.7071045003315,73.4128531045884,-3.14252426337725));
#12205=CARTESIAN_POINT('Ctrl Pts',(16.6909279721249,72.8666315143226,-3.22972446510391));
#12206=CARTESIAN_POINT('Ctrl Pts',(16.6521241268727,72.3433921502291,-3.42243329310849));
#12207=CARTESIAN_POINT('Ctrl Pts',(16.6357986999606,72.1323269372806,-3.500028801937));
#12208=CARTESIAN_POINT('',(16.8420433819956,76.7469233041629,-2.31204989543467));
#12209=CARTESIAN_POINT('Ctrl Pts',(16.8420433819956,76.7469233041629,-2.31204989543467));
#12210=CARTESIAN_POINT('Ctrl Pts',(16.8210078633993,76.3315915246057,-2.46528236565966));
#12211=CARTESIAN_POINT('Ctrl Pts',(16.7652530740826,75.3506137589609,-2.82634037225386));
#12212=CARTESIAN_POINT('Ctrl Pts',(16.7345787244626,74.3282491249356,-2.99391410442038));
#12213=CARTESIAN_POINT('Ctrl Pts',(16.7167233204866,73.7387388711795,-3.09049533672204));
#12214=CARTESIAN_POINT('Origin',(0.,76.7469233041629,0.));
#12215=CARTESIAN_POINT('Origin',(13.1637378568358,78.2305520540103,-7.19138412522296));
#12216=CARTESIAN_POINT('',(13.1637378568358,79.1923540597782,-7.19138412522296));
#12217=CARTESIAN_POINT('',(13.1637378568358,77.2687500482425,-7.19138412522296));
#12218=CARTESIAN_POINT('Ctrl Pts',(13.7386396720366,78.7267988687381,-6.02077901620223));
#12219=CARTESIAN_POINT('Ctrl Pts',(14.3492458796827,78.7267988687381,-6.2883691947001));
#12220=CARTESIAN_POINT('Ctrl Pts',(14.9598520873288,78.7267988687381,-6.55595937319798));
#12221=CARTESIAN_POINT('Ctrl Pts',(15.5704582949749,78.7267988687381,-6.82354955169586));
#12222=CARTESIAN_POINT('Ctrl Pts',(13.6481853611177,78.7761134356608,-6.22718406464428));
#12223=CARTESIAN_POINT('Ctrl Pts',(14.2547747929413,78.7761134356608,-6.50394950272753));
#12224=CARTESIAN_POINT('Ctrl Pts',(14.8613539774431,78.7761134356608,-6.78070983518026));
#12225=CARTESIAN_POINT('Ctrl Pts',(15.4679434092667,78.7761134356608,-7.05747527326351));
#12226=CARTESIAN_POINT('Ctrl Pts',(13.4559071613146,78.8756117109836,-6.63932700604663));
#12227=CARTESIAN_POINT('Ctrl Pts',(14.0539474812779,78.8756117109836,-6.93440819217491));
#12228=CARTESIAN_POINT('Ctrl Pts',(14.6519877961933,78.8756117109836,-7.22948942072456));
#12229=CARTESIAN_POINT('Ctrl Pts',(15.2500281161566,78.8756117109836,-7.52457060685284));
#12230=CARTESIAN_POINT('Ctrl Pts',(13.2641228479504,79.0861602128332,-7.00763066625269));
#12231=CARTESIAN_POINT('Ctrl Pts',(13.8536359844321,79.0861602128332,-7.31907924200812));
#12232=CARTESIAN_POINT('Ctrl Pts',(14.4431594245287,79.0861602128332,-7.63053284599762));
#12233=CARTESIAN_POINT('Ctrl Pts',(15.0326725610104,79.0861602128332,-7.94198142175305));
#12234=CARTESIAN_POINT('Ctrl Pts',(13.1637378568358,79.1923540597782,-7.19138412522296));
#12235=CARTESIAN_POINT('Ctrl Pts',(13.7487928726951,79.1923540597782,-7.51100119745509));
#12236=CARTESIAN_POINT('Ctrl Pts',(14.3338478885545,79.1923540597782,-7.83061826968722));
#12237=CARTESIAN_POINT('Ctrl Pts',(14.9189029044139,79.1923540597782,-8.15023534191935));
#12238=CARTESIAN_POINT('',(13.7386396720366,78.7267988687381,-6.02077901620223));
#12239=CARTESIAN_POINT('Ctrl Pts',(14.7114763251817,78.6091345315799,-2.92787710357151));
#12240=CARTESIAN_POINT('Ctrl Pts',(15.365319717412,78.6091345315799,-3.05800497484135));
#12241=CARTESIAN_POINT('Ctrl Pts',(16.0191631096423,78.6091345315799,-3.1881328461112));
#12242=CARTESIAN_POINT('Ctrl Pts',(16.6730065018726,78.6091345315799,-3.31826071738104));
#12243=CARTESIAN_POINT('Ctrl Pts',(14.5749610924865,78.6049018066175,-3.61381457388848));
#12244=CARTESIAN_POINT('Ctrl Pts',(15.2227399190254,78.6049018066175,-3.77442947196726));
#12245=CARTESIAN_POINT('Ctrl Pts',(15.8705104116124,78.6049018066175,-3.93504161899483));
#12246=CARTESIAN_POINT('Ctrl Pts',(16.5182892381513,78.6049018066175,-4.09565651707361));
#12247=CARTESIAN_POINT('Ctrl Pts',(14.2884851977933,78.5983356568849,-4.66299866224197));
#12248=CARTESIAN_POINT('Ctrl Pts',(14.9235287562003,78.5983356568849,-4.87024298369817));
#12249=CARTESIAN_POINT('Ctrl Pts',(15.558572999092,78.5983356568849,-5.07748749575137));
#12250=CARTESIAN_POINT('Ctrl Pts',(16.193616557499,78.5983356568849,-5.28473181720757));
#12251=CARTESIAN_POINT('Ctrl Pts',(13.8927439261824,78.693116444877,-5.66913302256263));
#12252=CARTESIAN_POINT('Ctrl Pts',(14.5101983445277,78.693116444877,-5.92109419040379));
#12253=CARTESIAN_POINT('Ctrl Pts',(15.1276553646615,78.693116444877,-6.17305625772983));
#12254=CARTESIAN_POINT('Ctrl Pts',(15.7451097830067,78.693116444877,-6.42501742557099));
#12255=CARTESIAN_POINT('Ctrl Pts',(13.7386396720366,78.7267988687381,-6.02077901620223));
#12256=CARTESIAN_POINT('Ctrl Pts',(14.3492458796827,78.7267988687381,-6.2883691947001));
#12257=CARTESIAN_POINT('Ctrl Pts',(14.9598520873288,78.7267988687381,-6.55595937319798));
#12258=CARTESIAN_POINT('Ctrl Pts',(15.5704582949749,78.7267988687381,-6.82354955169586));
#12259=CARTESIAN_POINT('',(14.7114763251817,78.6091345315799,-2.92787710357151));
#12260=CARTESIAN_POINT('Origin',(14.9016131033379,78.6091345315799,-1.71520462873373));
#12261=CARTESIAN_POINT('',(14.9919603004381,78.6091345315799,-0.491046179180362));
#12262=CARTESIAN_POINT('Ctrl Pts',(14.9514351409425,78.5170429712161,1.20606269579597));
#12263=CARTESIAN_POINT('Ctrl Pts',(15.6159433694288,78.5170429712161,1.2596654822758));
#12264=CARTESIAN_POINT('Ctrl Pts',(16.2804515979151,78.5170429712161,1.31326826875562));
#12265=CARTESIAN_POINT('Ctrl Pts',(16.9449598264015,78.5170429712161,1.36687105523544));
#12266=CARTESIAN_POINT('Ctrl Pts',(14.9691049933828,78.5435980230579,0.987011353247362));
#12267=CARTESIAN_POINT('Ctrl Pts',(15.6343981351681,78.5435980230579,1.03087850662447));
#12268=CARTESIAN_POINT('Ctrl Pts',(16.2996925173819,78.5435980230579,1.07474571363657));
#12269=CARTESIAN_POINT('Ctrl Pts',(16.9649856591672,78.5435980230579,1.11861286701368));
#12270=CARTESIAN_POINT('Ctrl Pts',(15.0021363715015,78.6117244712311,0.424045407846108));
#12271=CARTESIAN_POINT('Ctrl Pts',(15.6688979262285,78.6117244712311,0.442891867771674));
#12272=CARTESIAN_POINT('Ctrl Pts',(16.3356596663079,78.6117244712311,0.461738335633356));
#12273=CARTESIAN_POINT('Ctrl Pts',(17.002421221035,78.6117244712311,0.480584795558922));
#12274=CARTESIAN_POINT('Ctrl Pts',(15.0033109354194,78.6101160222209,-0.144503885930108));
#12275=CARTESIAN_POINT('Ctrl Pts',(15.6701255872612,78.6101160222209,-0.150926243387041));
#12276=CARTESIAN_POINT('Ctrl Pts',(16.3369377416336,78.6101160222209,-0.157348713263855));
#12277=CARTESIAN_POINT('Ctrl Pts',(17.0037523934754,78.6101160222209,-0.163771070720789));
#12278=CARTESIAN_POINT('Ctrl Pts',(14.9919603004381,78.6091345315799,-0.491046179180362));
#12279=CARTESIAN_POINT('Ctrl Pts',(15.6582696471242,78.6091345315799,-0.512870453810601));
#12280=CARTESIAN_POINT('Ctrl Pts',(16.3245789938104,78.6091345315799,-0.534694728440839));
#12281=CARTESIAN_POINT('Ctrl Pts',(16.9908883404965,78.6091345315799,-0.556519003071077));
#12282=CARTESIAN_POINT('',(14.9514351409425,78.5170429712161,1.20606269579597));
#12283=CARTESIAN_POINT('Ctrl Pts',(14.798604909849,77.9440563684329,2.4497536043842));
#12284=CARTESIAN_POINT('Ctrl Pts',(15.4563206836201,77.9440563684329,2.55863154235683));
#12285=CARTESIAN_POINT('Ctrl Pts',(16.1140364573911,77.9440563684329,2.66750948032946));
#12286=CARTESIAN_POINT('Ctrl Pts',(16.7717522311622,77.9440563684329,2.77638741830209));
#12287=CARTESIAN_POINT('Ctrl Pts',(14.8283080726686,78.0714023533879,2.27032112172416));
#12288=CARTESIAN_POINT('Ctrl Pts',(15.487338100916,78.0714023533879,2.37122353376413));
#12289=CARTESIAN_POINT('Ctrl Pts',(16.1463857874437,78.0714023533879,2.47212819258074));
#12290=CARTESIAN_POINT('Ctrl Pts',(16.8054158156911,78.0714023533879,2.57303060462071));
#12291=CARTESIAN_POINT('Ctrl Pts',(14.8845461495357,78.3390333973452,1.89217678695807));
#12292=CARTESIAN_POINT('Ctrl Pts',(15.546081257392,78.3390333973452,1.97627347579264));
#12293=CARTESIAN_POINT('Ctrl Pts',(16.2076171949508,78.3390333973452,2.06037033638457));
#12294=CARTESIAN_POINT('Ctrl Pts',(16.8691523028071,78.3390333973452,2.14446702521915));
#12295=CARTESIAN_POINT('Ctrl Pts',(14.9323747205465,78.45582429563,1.44235276620699));
#12296=CARTESIAN_POINT('Ctrl Pts',(15.596042819163,78.45582429563,1.50645827835834));
#12297=CARTESIAN_POINT('Ctrl Pts',(16.2596899180028,78.45582429563,1.57056095621656));
#12298=CARTESIAN_POINT('Ctrl Pts',(16.9233580166193,78.45582429563,1.63466646836792));
#12299=CARTESIAN_POINT('Ctrl Pts',(14.9514351409425,78.5170429712161,1.20606269579597));
#12300=CARTESIAN_POINT('Ctrl Pts',(15.6159433694288,78.5170429712161,1.2596654822758));
#12301=CARTESIAN_POINT('Ctrl Pts',(16.2804515979151,78.5170429712161,1.31326826875562));
#12302=CARTESIAN_POINT('Ctrl Pts',(16.9449598264015,78.5170429712161,1.36687105523544));
#12303=CARTESIAN_POINT('',(14.798604909849,77.9440563684329,2.4497536043842));
#12304=CARTESIAN_POINT('Ctrl Pts',(14.6418479538746,76.6650646692142,3.25826464480975));
#12305=CARTESIAN_POINT('Ctrl Pts',(15.2925967518246,76.6650646692142,3.40307640680129));
#12306=CARTESIAN_POINT('Ctrl Pts',(15.9433455497746,76.6650646692142,3.54788816879284));
#12307=CARTESIAN_POINT('Ctrl Pts',(16.5940943477246,76.6650646692142,3.69269993078438));
#12308=CARTESIAN_POINT('Ctrl Pts',(14.6650336987671,76.927497465514,3.1540735527961));
#12309=CARTESIAN_POINT('Ctrl Pts',(15.3168020725986,76.927497465514,3.29425245613601));
#12310=CARTESIAN_POINT('Ctrl Pts',(15.9686031514378,76.927497465514,3.434437789829));
#12311=CARTESIAN_POINT('Ctrl Pts',(16.6203715252693,76.927497465514,3.57461669316891));
#12312=CARTESIAN_POINT('Ctrl Pts',(14.7064317803528,77.4065676722785,2.96364093004072));
#12313=CARTESIAN_POINT('Ctrl Pts',(15.3600512183966,77.4065676722785,3.09535833322087));
#12314=CARTESIAN_POINT('Ctrl Pts',(16.0136699130226,77.4065676722785,3.22707565086599));
#12315=CARTESIAN_POINT('Ctrl Pts',(16.6672893510665,77.4065676722785,3.35879305404614));
#12316=CARTESIAN_POINT('Ctrl Pts',(14.7720543788728,77.7766869787564,2.6101414970117));
#12317=CARTESIAN_POINT('Ctrl Pts',(15.4285994624939,77.7766869787564,2.72614966783431));
#12318=CARTESIAN_POINT('Ctrl Pts',(16.085116545768,77.7766869787564,2.84215219245732));
#12319=CARTESIAN_POINT('Ctrl Pts',(16.7416616293891,77.7766869787564,2.95816036327993));
#12320=CARTESIAN_POINT('Ctrl Pts',(14.798604909849,77.9440563684329,2.4497536043842));
#12321=CARTESIAN_POINT('Ctrl Pts',(15.4563206836201,77.9440563684329,2.55863154235683));
#12322=CARTESIAN_POINT('Ctrl Pts',(16.1140364573911,77.9440563684329,2.66750948032946));
#12323=CARTESIAN_POINT('Ctrl Pts',(16.7717522311622,77.9440563684329,2.77638741830209));
#12324=CARTESIAN_POINT('',(14.6418479538746,76.6650646692142,3.25826464480975));
#12325=CARTESIAN_POINT('Ctrl Pts',(14.5672438600587,74.4038122659549,3.57706672031453));
#12326=CARTESIAN_POINT('Ctrl Pts',(15.2146769205058,74.4038122659549,3.73604746343963));
#12327=CARTESIAN_POINT('Ctrl Pts',(15.8621099809528,74.4038122659549,3.89502820656472));
#12328=CARTESIAN_POINT('Ctrl Pts',(16.5095430413999,74.4038122659549,4.05400894968981));
#12329=CARTESIAN_POINT('Ctrl Pts',(14.5689443383566,74.8272763864573,3.57014169375501));
#12330=CARTESIAN_POINT('Ctrl Pts',(15.2164480800472,74.8272763864573,3.72881346830014));
#12331=CARTESIAN_POINT('Ctrl Pts',(15.8639665084468,74.8272763864573,3.88748881171054));
#12332=CARTESIAN_POINT('Ctrl Pts',(16.5114702501374,74.8272763864573,4.04616058625567));
#12333=CARTESIAN_POINT('Ctrl Pts',(14.5724504286116,75.5958408000652,3.5576751410173));
#12334=CARTESIAN_POINT('Ctrl Pts',(15.220114690816,75.5958408000652,3.71579398195424));
#12335=CARTESIAN_POINT('Ctrl Pts',(15.8677795568887,75.5958408000652,3.87391298554933));
#12336=CARTESIAN_POINT('Ctrl Pts',(16.5154438190931,75.5958408000652,4.03203182648627));
#12337=CARTESIAN_POINT('Ctrl Pts',(14.6211600058638,76.3337356180066,3.35123124582993));
#12338=CARTESIAN_POINT('Ctrl Pts',(15.2709944844477,76.3337356180066,3.50017611870515));
#12339=CARTESIAN_POINT('Ctrl Pts',(15.9208135280618,76.3337356180066,3.64911720573203));
#12340=CARTESIAN_POINT('Ctrl Pts',(16.5706480066456,76.3337356180066,3.79806207860725));
#12341=CARTESIAN_POINT('Ctrl Pts',(14.6418479538746,76.6650646692142,3.25826464480975));
#12342=CARTESIAN_POINT('Ctrl Pts',(15.2925967518246,76.6650646692142,3.40307640680129));
#12343=CARTESIAN_POINT('Ctrl Pts',(15.9433455497746,76.6650646692142,3.54788816879284));
#12344=CARTESIAN_POINT('Ctrl Pts',(16.5940943477246,76.6650646692142,3.69269993078438));
#12345=CARTESIAN_POINT('',(14.5672438600587,74.4038122659549,3.57706672031453));
#12346=CARTESIAN_POINT('Ctrl Pts',(14.6539690883466,71.9379204278812,3.20330921981957));
#12347=CARTESIAN_POINT('Ctrl Pts',(15.3052566033843,71.9379204278812,3.34567851847821));
#12348=CARTESIAN_POINT('Ctrl Pts',(15.9565441184219,71.9379204278812,3.48804781713686));
#12349=CARTESIAN_POINT('Ctrl Pts',(16.6078316334595,71.9379204278812,3.63041711579551));
#12350=CARTESIAN_POINT('Ctrl Pts',(14.6300891557619,72.3182143398951,3.31255118489845));
#12351=CARTESIAN_POINT('Ctrl Pts',(15.2803219108156,72.3182143398951,3.4597772953089));
#12352=CARTESIAN_POINT('Ctrl Pts',(15.9305349548098,72.3182143398951,3.60699856580778));
#12353=CARTESIAN_POINT('Ctrl Pts',(16.5807677098635,72.3182143398951,3.75422467621824));
#12354=CARTESIAN_POINT('Ctrl Pts',(14.5761521041153,73.1227429807158,3.54289090693734));
#12355=CARTESIAN_POINT('Ctrl Pts',(15.2239807269812,73.1227429807158,3.70035262969625));
#12356=CARTESIAN_POINT('Ctrl Pts',(15.8718104284647,73.1227429807158,3.85781463843675));
#12357=CARTESIAN_POINT('Ctrl Pts',(16.5196390513306,73.1227429807158,4.01527636119566));
#12358=CARTESIAN_POINT('Ctrl Pts',(14.5701512643482,73.9615187420433,3.56522660924143));
#12359=CARTESIAN_POINT('Ctrl Pts',(15.2177079597659,73.9615187420433,3.72367976927959));
#12360=CARTESIAN_POINT('Ctrl Pts',(15.8652814041769,73.9615187420433,3.88213699710212));
#12361=CARTESIAN_POINT('Ctrl Pts',(16.5128380995946,73.9615187420433,4.04059015714028));
#12362=CARTESIAN_POINT('Ctrl Pts',(14.5672438600587,74.4038122659549,3.57706672031453));
#12363=CARTESIAN_POINT('Ctrl Pts',(15.2146769205058,74.4038122659549,3.73604746343963));
#12364=CARTESIAN_POINT('Ctrl Pts',(15.8621099809528,74.4038122659549,3.89502820656472));
#12365=CARTESIAN_POINT('Ctrl Pts',(16.5095430413999,74.4038122659549,4.05400894968981));
#12366=CARTESIAN_POINT('',(14.6539690883466,71.9379204278812,3.20330921981957));
#12367=CARTESIAN_POINT('Ctrl Pts',(14.848548744151,70.3110426431522,2.12617031128106));
#12368=CARTESIAN_POINT('Ctrl Pts',(15.508484243891,70.3110426431522,2.22066676956022));
#12369=CARTESIAN_POINT('Ctrl Pts',(16.168419743631,70.3110426431522,2.31516322783938));
#12370=CARTESIAN_POINT('Ctrl Pts',(16.8283552433711,70.3110426431522,2.40965968611854));
#12371=CARTESIAN_POINT('Ctrl Pts',(14.8164256127549,70.5288524054053,2.35050882255586));
#12372=CARTESIAN_POINT('Ctrl Pts',(15.4749514512285,70.5288524054053,2.45497938770166));
#12373=CARTESIAN_POINT('Ctrl Pts',(16.1334231893153,70.5288524054053,2.55943943375085));
#12374=CARTESIAN_POINT('Ctrl Pts',(16.7919490277889,70.5288524054053,2.66390999889665));
#12375=CARTESIAN_POINT('Ctrl Pts',(14.7352258338458,70.991435096293,2.82499957613399));
#12376=CARTESIAN_POINT('Ctrl Pts',(15.3901248053381,70.991435096293,2.95055506611809));
#12377=CARTESIAN_POINT('Ctrl Pts',(16.0450236401996,70.991435096293,3.07611069630109));
#12378=CARTESIAN_POINT('Ctrl Pts',(16.6999226116919,70.991435096293,3.20166618628519));
#12379=CARTESIAN_POINT('Ctrl Pts',(14.6825588517826,71.61039919227,3.0725214997201));
#12380=CARTESIAN_POINT('Ctrl Pts',(15.3350981603829,71.61039919227,3.20907447625558));
#12381=CARTESIAN_POINT('Ctrl Pts',(15.9876940567534,71.61039919227,3.34563805648064));
#12382=CARTESIAN_POINT('Ctrl Pts',(16.6402333653536,71.61039919227,3.48219103301612));
#12383=CARTESIAN_POINT('Ctrl Pts',(14.6539690883466,71.9379204278812,3.20330921981957));
#12384=CARTESIAN_POINT('Ctrl Pts',(15.3052566033843,71.9379204278812,3.34567851847821));
#12385=CARTESIAN_POINT('Ctrl Pts',(15.9565441184219,71.9379204278812,3.48804781713686));
#12386=CARTESIAN_POINT('Ctrl Pts',(16.6078316334595,71.9379204278812,3.63041711579551));
#12387=CARTESIAN_POINT('',(14.848548744151,70.3110426431522,2.12617031128106));
#12388=CARTESIAN_POINT('Ctrl Pts',(14.9976410205431,69.5027178293094,0.266014696817025));
#12389=CARTESIAN_POINT('Ctrl Pts',(15.6642028436784,69.5027178293094,0.277837572231115));
#12390=CARTESIAN_POINT('Ctrl Pts',(16.3307646668136,69.5027178293094,0.289660447645205));
#12391=CARTESIAN_POINT('Ctrl Pts',(16.9973264899489,69.5027178293094,0.301483323059295));
#12392=CARTESIAN_POINT('Ctrl Pts',(14.9913035144266,69.5905532670906,0.623316916725947));
#12393=CARTESIAN_POINT('Ctrl Pts',(15.6575983257638,69.5905532670906,0.651021347943147));
#12394=CARTESIAN_POINT('Ctrl Pts',(16.3238491716796,69.5905532670906,0.678721407738872));
#12395=CARTESIAN_POINT('Ctrl Pts',(16.9901439830168,69.5905532670906,0.706425838956073));
#12396=CARTESIAN_POINT('Ctrl Pts',(14.9539273985699,69.754962460231,1.29154250637982));
#12397=CARTESIAN_POINT('Ctrl Pts',(15.618545660258,69.754962460231,1.34894426684129));
#12398=CARTESIAN_POINT('Ctrl Pts',(16.2831661233578,69.754962460231,1.40634641343565));
#12399=CARTESIAN_POINT('Ctrl Pts',(16.9477843850459,69.754962460231,1.46374817389713));
#12400=CARTESIAN_POINT('Ctrl Pts',(14.8864306873325,70.1343448802929,1.86161395054687));
#12401=CARTESIAN_POINT('Ctrl Pts',(15.5480382070151,70.1343448802929,1.94435131977971));
#12402=CARTESIAN_POINT('Ctrl Pts',(16.2096805926275,70.1343448802929,2.02709177472028));
#12403=CARTESIAN_POINT('Ctrl Pts',(16.8712881123101,70.1343448802929,2.10982914395312));
#12404=CARTESIAN_POINT('Ctrl Pts',(14.848548744151,70.3110426431522,2.12617031128106));
#12405=CARTESIAN_POINT('Ctrl Pts',(15.508484243891,70.3110426431522,2.22066676956022));
#12406=CARTESIAN_POINT('Ctrl Pts',(16.168419743631,70.3110426431522,2.31516322783938));
#12407=CARTESIAN_POINT('Ctrl Pts',(16.8283552433711,70.3110426431522,2.40965968611854));
#12408=CARTESIAN_POINT('',(14.9976410205431,69.5027178293094,0.266014696817025));
#12409=CARTESIAN_POINT('Ctrl Pts',(14.9999860431795,71.3035410409793,0.0204622682049847));
#12410=CARTESIAN_POINT('Ctrl Pts',(15.666652089543,71.3035410409793,0.0213717023474285));
#12411=CARTESIAN_POINT('Ctrl Pts',(16.3333181359066,71.3035410409793,0.0222811364898722));
#12412=CARTESIAN_POINT('Ctrl Pts',(16.9999841822701,71.3035410409793,0.023190570632316));
#12413=CARTESIAN_POINT('Ctrl Pts',(14.9998743799598,70.7032666370894,0.102317648076533));
#12414=CARTESIAN_POINT('Ctrl Pts',(15.6665354636563,70.7032666370894,0.106865099103336));
#12415=CARTESIAN_POINT('Ctrl Pts',(16.3331965469246,70.7032666370894,0.111412550126602));
#12416=CARTESIAN_POINT('Ctrl Pts',(16.9998576306211,70.7032666370894,0.115960001153404));
#12417=CARTESIAN_POINT('Ctrl Pts',(14.9990926708311,70.1029922331994,0.184172113805297));
#12418=CARTESIAN_POINT('Ctrl Pts',(15.6657190118996,70.1029922331994,0.19235754108708));
#12419=CARTESIAN_POINT('Ctrl Pts',(16.33234535254,70.1029922331994,0.200542968364221));
#12420=CARTESIAN_POINT('Ctrl Pts',(16.9989716936086,70.1029922331994,0.208728395646003));
#12421=CARTESIAN_POINT('Ctrl Pts',(14.9976410205431,69.5027178293094,0.266014696817025));
#12422=CARTESIAN_POINT('Ctrl Pts',(15.6642028436784,69.5027178293094,0.277837572231115));
#12423=CARTESIAN_POINT('Ctrl Pts',(16.3307646668136,69.5027178293094,0.289660447645205));
#12424=CARTESIAN_POINT('Ctrl Pts',(16.9973264899489,69.5027178293094,0.301483323059295));
#12425=CARTESIAN_POINT('',(14.9999860431795,71.3035410409793,0.0204622682049847));
#12426=CARTESIAN_POINT('Ctrl Pts',(14.9113077565406,72.2192972665653,1.62877284780067));
#12427=CARTESIAN_POINT('Ctrl Pts',(15.5740325457202,72.2192972665653,1.70116275214736));
#12428=CARTESIAN_POINT('Ctrl Pts',(16.2367573348997,72.2192972665653,1.77355265649406));
#12429=CARTESIAN_POINT('Ctrl Pts',(16.8994821240793,72.2192972665653,1.84594256084075));
#12430=CARTESIAN_POINT('Ctrl Pts',(14.9329861243974,72.0221138624968,1.43030882305451));
#12431=CARTESIAN_POINT('Ctrl Pts',(15.5966587964716,72.0221138624968,1.49387696069098));
#12432=CARTESIAN_POINT('Ctrl Pts',(16.2603782689095,72.0221138624968,1.55744852849197));
#12433=CARTESIAN_POINT('Ctrl Pts',(16.9240509409837,72.0221138624968,1.62101666612844));
#12434=CARTESIAN_POINT('Ctrl Pts',(14.9749894365703,71.5749831589542,0.979427490092649));
#12435=CARTESIAN_POINT('Ctrl Pts',(15.6405428180063,71.5749831589542,1.02295740954103));
#12436=CARTESIAN_POINT('Ctrl Pts',(16.3061013133437,71.5749831589542,1.06648790265662));
#12437=CARTESIAN_POINT('Ctrl Pts',(16.9716546947797,71.5749831589542,1.110017822105));
#12438=CARTESIAN_POINT('Ctrl Pts',(14.9995168774325,71.4008704991716,0.364386978114166));
#12439=CARTESIAN_POINT('Ctrl Pts',(15.6661853096305,71.4008704991716,0.380583843519123));
#12440=CARTESIAN_POINT('Ctrl Pts',(16.3327840288922,71.4008704991716,0.39677504312443));
#12441=CARTESIAN_POINT('Ctrl Pts',(16.9994524610902,71.4008704991716,0.412971908529388));
#12442=CARTESIAN_POINT('Ctrl Pts',(14.9999860431795,71.3035410409793,0.0204622682049847));
#12443=CARTESIAN_POINT('Ctrl Pts',(15.666652089543,71.3035410409793,0.0213717023474285));
#12444=CARTESIAN_POINT('Ctrl Pts',(16.3333181359066,71.3035410409793,0.0222811364898722));
#12445=CARTESIAN_POINT('Ctrl Pts',(16.9999841822701,71.3035410409793,0.023190570632316));
#12446=CARTESIAN_POINT('',(14.9113077565406,72.2192972665653,1.62877284780067));
#12447=CARTESIAN_POINT('Ctrl Pts',(14.8550051877548,74.1377800470218,2.08058185894651));
#12448=CARTESIAN_POINT('Ctrl Pts',(15.5152276405439,74.1377800470218,2.17305216378857));
#12449=CARTESIAN_POINT('Ctrl Pts',(16.175450093333,74.1377800470218,2.26552246863064));
#12450=CARTESIAN_POINT('Ctrl Pts',(16.8356725461221,74.1377800470218,2.35799277347271));
#12451=CARTESIAN_POINT('Ctrl Pts',(14.8558359096565,73.753021226045,2.07465064402885));
#12452=CARTESIAN_POINT('Ctrl Pts',(15.5160841568797,73.753021226045,2.16685582136475));
#12453=CARTESIAN_POINT('Ctrl Pts',(16.1763657837209,73.753021226045,2.25906555256347));
#12454=CARTESIAN_POINT('Ctrl Pts',(16.836614030944,73.753021226045,2.35127072989937));
#12455=CARTESIAN_POINT('Ctrl Pts',(14.8582283561645,73.0767931049673,2.06435361350134));
#12456=CARTESIAN_POINT('Ctrl Pts',(15.5185937001058,73.0767931049673,2.15610259964283));
#12457=CARTESIAN_POINT('Ctrl Pts',(16.1789601263785,73.0767931049673,2.2478517758267));
#12458=CARTESIAN_POINT('Ctrl Pts',(16.8393254703198,73.0767931049673,2.33960076196819));
#12459=CARTESIAN_POINT('Ctrl Pts',(14.8969563344221,72.4775739823946,1.76015916863866));
#12460=CARTESIAN_POINT('Ctrl Pts',(15.559054045662,72.4775739823946,1.83838996499662));
#12461=CARTESIAN_POINT('Ctrl Pts',(16.2211194677718,72.4775739823946,1.91661626143253));
#12462=CARTESIAN_POINT('Ctrl Pts',(16.8832171790117,72.4775739823946,1.99484705779049));
#12463=CARTESIAN_POINT('Ctrl Pts',(14.9113077565406,72.2192972665653,1.62877284780067));
#12464=CARTESIAN_POINT('Ctrl Pts',(15.5740325457202,72.2192972665653,1.70116275214736));
#12465=CARTESIAN_POINT('Ctrl Pts',(16.2367573348997,72.2192972665653,1.77355265649406));
#12466=CARTESIAN_POINT('Ctrl Pts',(16.8994821240793,72.2192972665653,1.84594256084075));
#12467=CARTESIAN_POINT('',(14.8550051877548,74.1377800470218,2.08058185894651));
#12468=CARTESIAN_POINT('Ctrl Pts',(14.9286949266227,76.2353247171268,1.46084488835354));
#12469=CARTESIAN_POINT('Ctrl Pts',(15.5921924789171,76.2353247171268,1.52577132783592));
#12470=CARTESIAN_POINT('Ctrl Pts',(16.2556900312114,76.2353247171268,1.5906977673183));
#12471=CARTESIAN_POINT('Ctrl Pts',(16.9191875835058,76.2353247171268,1.65562420680068));
#12472=CARTESIAN_POINT('Ctrl Pts',(14.9110171964972,75.9509865747399,1.64149749708902));
#12473=CARTESIAN_POINT('Ctrl Pts',(15.5737482643861,75.9509865747399,1.71445561868993));
#12474=CARTESIAN_POINT('Ctrl Pts',(16.2364217548079,75.9509865747399,1.78740570843332));
#12475=CARTESIAN_POINT('Ctrl Pts',(16.8991528226968,75.9509865747399,1.86036383003423));
#12476=CARTESIAN_POINT('Ctrl Pts',(14.8616572805166,75.3149334633413,2.04455958656412));
#12477=CARTESIAN_POINT('Ctrl Pts',(15.5221746470717,75.3149334633413,2.13542876594714));
#12478=CARTESIAN_POINT('Ctrl Pts',(16.1826942180304,75.3149334633413,2.22629835205632));
#12479=CARTESIAN_POINT('Ctrl Pts',(16.8432115845855,75.3149334633413,2.31716753143933));
#12480=CARTESIAN_POINT('Ctrl Pts',(14.8568122926547,74.556929527101,2.06767943333594));
#12481=CARTESIAN_POINT('Ctrl Pts',(15.5170966320134,74.556929527101,2.15957380287522));
#12482=CARTESIAN_POINT('Ctrl Pts',(16.1774362589832,74.556929527101,2.25147565490812));
#12483=CARTESIAN_POINT('Ctrl Pts',(16.8377205983419,74.556929527101,2.3433700244474));
#12484=CARTESIAN_POINT('Ctrl Pts',(14.8550051877548,74.1377800470218,2.08058185894651));
#12485=CARTESIAN_POINT('Ctrl Pts',(15.5152276405439,74.1377800470218,2.17305216378857));
#12486=CARTESIAN_POINT('Ctrl Pts',(16.175450093333,74.1377800470218,2.26552246863064));
#12487=CARTESIAN_POINT('Ctrl Pts',(16.8356725461221,74.1377800470218,2.35799277347271));
#12488=CARTESIAN_POINT('',(14.9286949266227,76.2353247171268,1.46084488835354));
#12489=CARTESIAN_POINT('Ctrl Pts',(14.9994974693718,76.757156229578,-0.122783004965576));
#12490=CARTESIAN_POINT('Ctrl Pts',(15.6661418013439,76.757156229578,-0.128240027408491));
#12491=CARTESIAN_POINT('Ctrl Pts',(16.332786133316,76.757156229578,-0.133697049851405));
#12492=CARTESIAN_POINT('Ctrl Pts',(16.9994304652881,76.757156229578,-0.13915407229432));
#12493=CARTESIAN_POINT('Ctrl Pts',(15.0022216485083,76.7498083273356,0.210009942036654));
#12494=CARTESIAN_POINT('Ctrl Pts',(15.6690045217109,76.7498083273356,0.219344928871249));
#12495=CARTESIAN_POINT('Ctrl Pts',(16.3357349951069,76.7498083273356,0.228676280806946));
#12496=CARTESIAN_POINT('Ctrl Pts',(17.0025178683094,76.7498083273356,0.238011267641541));
#12497=CARTESIAN_POINT('Ctrl Pts',(14.98562189863,76.7368522042133,0.796854099314353));
#12498=CARTESIAN_POINT('Ctrl Pts',(15.6516482559139,76.7368522042133,0.832269713926483));
#12499=CARTESIAN_POINT('Ctrl Pts',(16.3176784611635,76.7368522042133,0.867685697944138));
#12500=CARTESIAN_POINT('Ctrl Pts',(16.9837048184474,76.7368522042133,0.903101312556267));
#12501=CARTESIAN_POINT('Ctrl Pts',(14.9482990781545,76.3868343489569,1.26050575594721));
#12502=CARTESIAN_POINT('Ctrl Pts',(15.6126565580231,76.3868343489569,1.31652752913923));
#12503=CARTESIAN_POINT('Ctrl Pts',(16.2770481420398,76.3868343489569,1.37255141688149));
#12504=CARTESIAN_POINT('Ctrl Pts',(16.9414056219084,76.3868343489569,1.42857319007351));
#12505=CARTESIAN_POINT('Ctrl Pts',(14.9286949266227,76.2353247171268,1.46084488835354));
#12506=CARTESIAN_POINT('Ctrl Pts',(15.5921924789171,76.2353247171268,1.52577132783592));
#12507=CARTESIAN_POINT('Ctrl Pts',(16.2556900312114,76.2353247171268,1.5906977673183));
#12508=CARTESIAN_POINT('Ctrl Pts',(16.9191875835058,76.2353247171268,1.65562420680068));
#12509=CARTESIAN_POINT('',(14.9994974693718,76.757156229578,-0.122783004965576));
#12510=CARTESIAN_POINT('Ctrl Pts',(14.9878538196544,76.7469233041629,-0.603521234648517));
#12511=CARTESIAN_POINT('Ctrl Pts',(15.6539806560835,76.7469233041629,-0.630344400632896));
#12512=CARTESIAN_POINT('Ctrl Pts',(16.3201074925125,76.7469233041629,-0.657167566617274));
#12513=CARTESIAN_POINT('Ctrl Pts',(16.9862343289416,76.7469233041629,-0.683990732601653));
#12514=CARTESIAN_POINT('Ctrl Pts',(14.9920046445103,76.7498076158982,-0.50043959874335));
#12515=CARTESIAN_POINT('Ctrl Pts',(15.6583159601833,76.7498076158982,-0.522681358667944));
#12516=CARTESIAN_POINT('Ctrl Pts',(16.3246272814386,76.7498076158982,-0.544923118651202));
#12517=CARTESIAN_POINT('Ctrl Pts',(16.9909385971116,76.7498076158982,-0.567164878575796));
#12518=CARTESIAN_POINT('Ctrl Pts',(14.9968014204566,76.75428871802,-0.340224177478426));
#12519=CARTESIAN_POINT('Ctrl Pts',(15.663325928005,76.75428871802,-0.355345252032367));
#12520=CARTESIAN_POINT('Ctrl Pts',(16.3298504356358,76.75428871802,-0.370466326588276));
#12521=CARTESIAN_POINT('Ctrl Pts',(16.9963749431842,76.75428871802,-0.385587401142217));
#12522=CARTESIAN_POINT('Ctrl Pts',(14.9990298277013,76.7564028738905,-0.179911351481133));
#12523=CARTESIAN_POINT('Ctrl Pts',(15.6656533766639,76.7564028738905,-0.187907411561488));
#12524=CARTESIAN_POINT('Ctrl Pts',(16.3322769224322,76.7564028738905,-0.195903471598263));
#12525=CARTESIAN_POINT('Ctrl Pts',(16.9989004713948,76.7564028738905,-0.203899531678618));
#12526=CARTESIAN_POINT('Ctrl Pts',(14.9994974693718,76.757156229578,-0.122783004965576));
#12527=CARTESIAN_POINT('Ctrl Pts',(15.6661418013439,76.757156229578,-0.128240027408491));
#12528=CARTESIAN_POINT('Ctrl Pts',(16.332786133316,76.757156229578,-0.133697049851405));
#12529=CARTESIAN_POINT('Ctrl Pts',(16.9994304652881,76.757156229578,-0.13915407229432));
#12530=CARTESIAN_POINT('',(14.9878538196544,76.7469233041629,-0.603521234648517));
#12531=CARTESIAN_POINT('Ctrl Pts',(14.9489356189134,73.4624737268314,-1.23665834472711));
#12532=CARTESIAN_POINT('Ctrl Pts',(15.6133327575317,73.4624737268314,-1.29162093782609));
#12533=CARTESIAN_POINT('Ctrl Pts',(16.2777298961501,73.4624737268314,-1.34658353092507));
#12534=CARTESIAN_POINT('Ctrl Pts',(16.9421270347685,73.4624737268314,-1.40154612402405));
#12535=CARTESIAN_POINT('Ctrl Pts',(14.9554153225411,74.1116951284547,-1.15833058931004));
#12536=CARTESIAN_POINT('Ctrl Pts',(15.6200909306438,74.1116951284547,-1.20981134947125));
#12537=CARTESIAN_POINT('Ctrl Pts',(16.2847950907772,74.1116951284547,-1.26129390772349));
#12538=CARTESIAN_POINT('Ctrl Pts',(16.9494706988799,74.1116951284547,-1.31277466788471));
#12539=CARTESIAN_POINT('Ctrl Pts',(14.9663540317069,75.2220662991266,-1.02433781269467));
#12540=CARTESIAN_POINT('Ctrl Pts',(15.6315256093137,75.2220662991266,-1.0698639474879));
#12541=CARTESIAN_POINT('Ctrl Pts',(16.2966963249943,75.2220662991266,-1.11539005292739));
#12542=CARTESIAN_POINT('Ctrl Pts',(16.9618679026011,75.2220662991266,-1.16091618772062));
#12543=CARTESIAN_POINT('Ctrl Pts',(14.9828789921468,76.2994666792263,-0.727066162615065));
#12544=CARTESIAN_POINT('Ctrl Pts',(15.6487916106909,76.2994666792263,-0.759380668576072));
#12545=CARTESIAN_POINT('Ctrl Pts',(16.3146835725557,76.2994666792263,-0.7916938116694));
#12546=CARTESIAN_POINT('Ctrl Pts',(16.9805961910998,76.2994666792263,-0.824008317630407));
#12547=CARTESIAN_POINT('Ctrl Pts',(14.9878538196544,76.7469233041629,-0.603521234648517));
#12548=CARTESIAN_POINT('Ctrl Pts',(15.6539806560835,76.7469233041629,-0.630344400632896));
#12549=CARTESIAN_POINT('Ctrl Pts',(16.3201074925125,76.7469233041629,-0.657167566617274));
#12550=CARTESIAN_POINT('Ctrl Pts',(16.9862343289416,76.7469233041629,-0.683990732601653));
#12551=CARTESIAN_POINT('',(14.9489356189134,73.4624737268314,-1.23665834472711));
#12552=CARTESIAN_POINT('Ctrl Pts',(14.9236254252344,71.8253677850589,-1.51175532653161));
#12553=CARTESIAN_POINT('Ctrl Pts',(15.586897666356,71.8253677850589,-1.57894445215524));
#12554=CARTESIAN_POINT('Ctrl Pts',(16.2501699074775,71.8253677850589,-1.64613357777886));
#12555=CARTESIAN_POINT('Ctrl Pts',(16.913442148599,71.8253677850589,-1.71332270340249));
#12556=CARTESIAN_POINT('Ctrl Pts',(14.9286553125763,72.0516511756869,-1.46210168661764));
#12557=CARTESIAN_POINT('Ctrl Pts',(15.5921520243698,72.0516511756869,-1.52708406759692));
#12558=CARTESIAN_POINT('Ctrl Pts',(16.255645975793,72.0516511756869,-1.59206619718738));
#12559=CARTESIAN_POINT('Ctrl Pts',(16.9191426875865,72.0516511756869,-1.65704857816666));
#12560=CARTESIAN_POINT('Ctrl Pts',(14.9399726787919,72.5926144994635,-1.34332689676908));
#12561=CARTESIAN_POINT('Ctrl Pts',(15.6039715160705,72.5926144994635,-1.40303031964198));
#12562=CARTESIAN_POINT('Ctrl Pts',(16.2679701986854,72.5926144994635,-1.46273372679872));
#12563=CARTESIAN_POINT('Ctrl Pts',(16.9319690359641,72.5926144994635,-1.52243714967162));
#12564=CARTESIAN_POINT('Ctrl Pts',(14.9456900250128,73.1425655860245,-1.27589163375329));
#12565=CARTESIAN_POINT('Ctrl Pts',(15.6099416128087,73.1425655860245,-1.33259780829108));
#12566=CARTESIAN_POINT('Ctrl Pts',(16.2741971072186,73.1425655860245,-1.38930434371595));
#12567=CARTESIAN_POINT('Ctrl Pts',(16.9384486950145,73.1425655860245,-1.44601051825373));
#12568=CARTESIAN_POINT('Ctrl Pts',(14.9489356189134,73.4624737268314,-1.23665834472711));
#12569=CARTESIAN_POINT('Ctrl Pts',(15.6133327575317,73.4624737268314,-1.29162093782609));
#12570=CARTESIAN_POINT('Ctrl Pts',(16.2777298961501,73.4624737268314,-1.34658353092507));
#12571=CARTESIAN_POINT('Ctrl Pts',(16.9421270347685,73.4624737268314,-1.40154612402405));
#12572=CARTESIAN_POINT('',(14.9236254252344,71.8253677850589,-1.51175532653161));
#12573=CARTESIAN_POINT('Ctrl Pts',(14.8507161605346,70.5003326898441,-2.11097833225173));
#12574=CARTESIAN_POINT('Ctrl Pts',(15.5107479898917,70.5003326898441,-2.20479959146292));
#12575=CARTESIAN_POINT('Ctrl Pts',(16.1707798192488,70.5003326898441,-2.29862085067411));
#12576=CARTESIAN_POINT('Ctrl Pts',(16.8308116486059,70.5003326898441,-2.39244210988529));
#12577=CARTESIAN_POINT('Ctrl Pts',(14.8683807679285,70.704827198129,-1.98670795652766));
#12578=CARTESIAN_POINT('Ctrl Pts',(15.5292026475058,70.704827198129,-2.07500665140523));
#12579=CARTESIAN_POINT('Ctrl Pts',(16.1900096574084,70.704827198129,-2.16330365585379));
#12580=CARTESIAN_POINT('Ctrl Pts',(16.8508315369857,70.704827198129,-2.25160235073135));
#12581=CARTESIAN_POINT('Ctrl Pts',(14.9006144867461,71.1215489296281,-1.73294781161494));
#12582=CARTESIAN_POINT('Ctrl Pts',(15.5628639274382,71.1215489296281,-1.80996771178633));
#12583=CARTESIAN_POINT('Ctrl Pts',(16.2251136442868,71.1215489296281,-1.88698761965889));
#12584=CARTESIAN_POINT('Ctrl Pts',(16.8873630849789,71.1215489296281,-1.96400751983027));
#12585=CARTESIAN_POINT('Ctrl Pts',(14.9160628877851,71.5878770948932,-1.58641057938761));
#12586=CARTESIAN_POINT('Ctrl Pts',(15.5789943169693,71.5878770948932,-1.65691716381352));
#12587=CARTESIAN_POINT('Ctrl Pts',(16.2419398436389,71.5878770948932,-1.72742540554672));
#12588=CARTESIAN_POINT('Ctrl Pts',(16.9048712728231,71.5878770948932,-1.79793198997263));
#12589=CARTESIAN_POINT('Ctrl Pts',(14.9236254252344,71.8253677850589,-1.51175532653161));
#12590=CARTESIAN_POINT('Ctrl Pts',(15.586897666356,71.8253677850589,-1.57894445215524));
#12591=CARTESIAN_POINT('Ctrl Pts',(16.2501699074775,71.8253677850589,-1.64613357777886));
#12592=CARTESIAN_POINT('Ctrl Pts',(16.913442148599,71.8253677850589,-1.71332270340249));
#12593=CARTESIAN_POINT('',(14.8507161605346,70.5003326898441,-2.11097833225173));
#12594=CARTESIAN_POINT('Ctrl Pts',(14.6648089746947,69.5487659936771,-3.15331218494357));
#12595=CARTESIAN_POINT('Ctrl Pts',(15.3165782624589,69.5487659936771,-3.29345939316328));
#12596=CARTESIAN_POINT('Ctrl Pts',(15.9683475502231,69.5487659936771,-3.433606601383));
#12597=CARTESIAN_POINT('Ctrl Pts',(16.6201168379873,69.5487659936771,-3.57375380960271));
#12598=CARTESIAN_POINT('Ctrl Pts',(14.7085506672918,69.6776983500586,-2.94988685673507));
#12599=CARTESIAN_POINT('Ctrl Pts',(15.3622733485636,69.6776983500586,-3.08099449204332));
#12600=CARTESIAN_POINT('Ctrl Pts',(16.0159680749922,69.6776983500586,-3.2120974689915));
#12601=CARTESIAN_POINT('Ctrl Pts',(16.669690756264,69.6776983500586,-3.34320510429975));
#12602=CARTESIAN_POINT('Ctrl Pts',(14.7853273637243,69.9317276621985,-2.54711068656269));
#12603=CARTESIAN_POINT('Ctrl Pts',(15.4424527560387,69.9317276621985,-2.66031558618284));
#12604=CARTESIAN_POINT('Ctrl Pts',(16.0995789532397,69.9317276621985,-2.7735205451509));
#12605=CARTESIAN_POINT('Ctrl Pts',(16.7567043455542,69.9317276621985,-2.88672544477105));
#12606=CARTESIAN_POINT('Ctrl Pts',(14.8302393615001,70.3127150964189,-2.25503245431092));
#12607=CARTESIAN_POINT('Ctrl Pts',(15.4893527593854,70.3127150964189,-2.35525467026502));
#12608=CARTESIAN_POINT('Ctrl Pts',(16.1484912118147,70.3127150964189,-2.45548123226493));
#12609=CARTESIAN_POINT('Ctrl Pts',(16.8076046097001,70.3127150964189,-2.55570344821904));
#12610=CARTESIAN_POINT('Ctrl Pts',(14.8507161605346,70.5003326898441,-2.11097833225173));
#12611=CARTESIAN_POINT('Ctrl Pts',(15.5107479898917,70.5003326898441,-2.20479959146292));
#12612=CARTESIAN_POINT('Ctrl Pts',(16.1707798192488,70.5003326898441,-2.29862085067411));
#12613=CARTESIAN_POINT('Ctrl Pts',(16.8308116486059,70.5003326898441,-2.39244210988529));
#12614=CARTESIAN_POINT('',(14.6648089746947,69.5487659936771,-3.15331218494357));
#12615=CARTESIAN_POINT('Ctrl Pts',(14.2895530011291,69.1855305200443,-4.56165266410362));
#12616=CARTESIAN_POINT('Ctrl Pts',(14.9246442456237,69.1855305200443,-4.76439278250822));
#12617=CARTESIAN_POINT('Ctrl Pts',(15.5597354901183,69.1855305200443,-4.96713290091283));
#12618=CARTESIAN_POINT('Ctrl Pts',(16.1948267346129,69.1855305200443,-5.16987301931743));
#12619=CARTESIAN_POINT('Ctrl Pts',(14.3681827938942,69.1997280086515,-4.31534180400074));
#12620=CARTESIAN_POINT('Ctrl Pts',(15.0067737815642,69.1997280086515,-4.50713608086457));
#12621=CARTESIAN_POINT('Ctrl Pts',(15.6453495120769,69.1997280086515,-4.698926434337));
#12622=CARTESIAN_POINT('Ctrl Pts',(16.2839404997468,69.1997280086515,-4.89072071120084));
#12623=CARTESIAN_POINT('Ctrl Pts',(14.5099787003479,69.2276996612988,-3.82590795466673));
#12624=CARTESIAN_POINT('Ctrl Pts',(15.1548665472769,69.2276996612988,-3.99594830370685));
#12625=CARTESIAN_POINT('Ctrl Pts',(15.799754680132,69.2276996612988,-4.16598866624884));
#12626=CARTESIAN_POINT('Ctrl Pts',(16.444642527061,69.2276996612988,-4.33602901528896));
#12627=CARTESIAN_POINT('Ctrl Pts',(14.6169422627332,69.4428291434524,-3.37592134825887));
#12628=CARTESIAN_POINT('Ctrl Pts',(15.2665794061405,69.4428291434524,-3.52596103325299));
#12629=CARTESIAN_POINT('Ctrl Pts',(15.916230754357,69.4428291434524,-3.67600450969925));
#12630=CARTESIAN_POINT('Ctrl Pts',(16.5658678977643,69.4428291434524,-3.82604419469338));
#12631=CARTESIAN_POINT('Ctrl Pts',(14.6648089746947,69.5487659936771,-3.15331218494357));
#12632=CARTESIAN_POINT('Ctrl Pts',(15.3165782624589,69.5487659936771,-3.29345939316328));
#12633=CARTESIAN_POINT('Ctrl Pts',(15.9683475502231,69.5487659936771,-3.433606601383));
#12634=CARTESIAN_POINT('Ctrl Pts',(16.6201168379873,69.5487659936771,-3.57375380960271));
#12635=CARTESIAN_POINT('',(14.2895530011291,69.1855305200443,-4.56165266410362));
#12636=CARTESIAN_POINT('Ctrl Pts',(13.4537525704237,70.1473301416263,-6.6329889019821));
#12637=CARTESIAN_POINT('Ctrl Pts',(14.0516971291092,70.1473301416263,-6.92778840873686));
#12638=CARTESIAN_POINT('Ctrl Pts',(14.6496416877947,70.1473301416263,-7.22258791549162));
#12639=CARTESIAN_POINT('Ctrl Pts',(15.2475862464802,70.1473301416263,-7.51738742224638));
#12640=CARTESIAN_POINT('Ctrl Pts',(13.5929301111031,69.866818623465,-6.3506938124936));
#12641=CARTESIAN_POINT('Ctrl Pts',(14.1970291961326,69.866818623465,-6.63293401796563));
#12642=CARTESIAN_POINT('Ctrl Pts',(14.8012217075541,69.866818623465,-6.91521278202072));
#12643=CARTESIAN_POINT('Ctrl Pts',(15.4053207925836,69.866818623465,-7.19745298749275));
#12644=CARTESIAN_POINT('Ctrl Pts',(13.8603945789883,69.2984062395447,-5.77123475617564));
#12645=CARTESIAN_POINT('Ctrl Pts',(14.4764112816082,69.2984062395447,-6.02773349765086));
#12646=CARTESIAN_POINT('Ctrl Pts',(15.0924304869001,69.2984062395447,-6.2842339821905));
#12647=CARTESIAN_POINT('Ctrl Pts',(15.70844718952,69.2984062395447,-6.54073272366573));
#12648=CARTESIAN_POINT('Ctrl Pts',(14.1583559821704,69.2234804377637,-4.97263238878817));
#12649=CARTESIAN_POINT('Ctrl Pts',(14.7876504550577,69.2234804377637,-5.19365294883086));
#12650=CARTESIAN_POINT('Ctrl Pts',(15.4168423069058,69.2234804377637,-5.41462948058391));
#12651=CARTESIAN_POINT('Ctrl Pts',(16.0461367797931,69.2234804377637,-5.6356500406266));
#12652=CARTESIAN_POINT('Ctrl Pts',(14.2895530011291,69.1855305200443,-4.56165266410362));
#12653=CARTESIAN_POINT('Ctrl Pts',(14.9246442456237,69.1855305200443,-4.76439278250822));
#12654=CARTESIAN_POINT('Ctrl Pts',(15.5597354901183,69.1855305200443,-4.96713290091283));
#12655=CARTESIAN_POINT('Ctrl Pts',(16.1948267346129,69.1855305200443,-5.16987301931743));
#12656=CARTESIAN_POINT('',(13.4537525704237,70.1473301416263,-6.6329889019821));
#12657=CARTESIAN_POINT('Ctrl Pts',(13.044248325652,72.8997200494632,-7.40591558274359));
#12658=CARTESIAN_POINT('Ctrl Pts',(13.623992695681,72.8997200494632,-7.73506738642108));
#12659=CARTESIAN_POINT('Ctrl Pts',(14.20373706571,72.8997200494632,-8.06421919009857));
#12660=CARTESIAN_POINT('Ctrl Pts',(14.783481435739,72.8997200494632,-8.39337099377607));
#12661=CARTESIAN_POINT('Ctrl Pts',(13.0550170808366,72.3547450053984,-7.38694827003038));
#12662=CARTESIAN_POINT('Ctrl Pts',(13.6352103744948,72.3547450053984,-7.71524047182996));
#12663=CARTESIAN_POINT('Ctrl Pts',(14.2154927312899,72.3547450053984,-8.04358250423486));
#12664=CARTESIAN_POINT('Ctrl Pts',(14.7956860249481,72.3547450053984,-8.37187470603443));
#12665=CARTESIAN_POINT('Ctrl Pts',(13.0773815037503,71.3527177191511,-7.3535075103054));
#12666=CARTESIAN_POINT('Ctrl Pts',(13.658597085503,71.3527177191511,-7.68032918611285));
#12667=CARTESIAN_POINT('Ctrl Pts',(14.2398167891643,71.3527177191511,-8.00715350253867));
#12668=CARTESIAN_POINT('Ctrl Pts',(14.821032370917,71.3527177191511,-8.33397517834612));
#12669=CARTESIAN_POINT('Ctrl Pts',(13.3411495815138,70.5249141487157,-6.8613825830014));
#12670=CARTESIAN_POINT('Ctrl Pts',(13.9341217590887,70.5249141487157,-7.16635117800892));
#12671=CARTESIAN_POINT('Ctrl Pts',(14.5269973481407,70.5249141487157,-7.47126499906073));
#12672=CARTESIAN_POINT('Ctrl Pts',(15.1199695257156,70.5249141487157,-7.77623359406825));
#12673=CARTESIAN_POINT('Ctrl Pts',(13.4537525704237,70.1473301416263,-6.6329889019821));
#12674=CARTESIAN_POINT('Ctrl Pts',(14.0516971291092,70.1473301416263,-6.92778840873686));
#12675=CARTESIAN_POINT('Ctrl Pts',(14.6496416877947,70.1473301416263,-7.22258791549162));
#12676=CARTESIAN_POINT('Ctrl Pts',(15.2475862464802,70.1473301416263,-7.51738742224638));
#12677=CARTESIAN_POINT('',(13.044248325652,72.8997200494632,-7.40591558274359));
#12678=CARTESIAN_POINT('Ctrl Pts',(13.2173262674732,74.930755472742,-7.09241047452571));
#12679=CARTESIAN_POINT('Ctrl Pts',(13.804762990472,74.930755472742,-7.40762871783796));
#12680=CARTESIAN_POINT('Ctrl Pts',(14.3921997134709,74.930755472742,-7.72284696115021));
#12681=CARTESIAN_POINT('Ctrl Pts',(14.9796364364697,74.930755472742,-8.03806520446247));
#12682=CARTESIAN_POINT('Ctrl Pts',(13.1679433589538,74.6064155441961,-7.18443983693828));
#12683=CARTESIAN_POINT('Ctrl Pts',(13.7531901412281,74.6064155441961,-7.50375103172129));
#12684=CARTESIAN_POINT('Ctrl Pts',(14.3384223578732,74.6064155441961,-7.82305395374704));
#12685=CARTESIAN_POINT('Ctrl Pts',(14.9236691401476,74.6064155441961,-8.14236514853005));
#12686=CARTESIAN_POINT('Ctrl Pts',(13.064827805669,73.9460084778664,-7.37043390184149));
#12687=CARTESIAN_POINT('Ctrl Pts',(13.6454864833119,73.9460084778664,-7.698008545529));
#12688=CARTESIAN_POINT('Ctrl Pts',(14.226146168782,73.9460084778664,-8.02558377839951));
#12689=CARTESIAN_POINT('Ctrl Pts',(14.8068048464249,73.9460084778664,-8.35315842208702));
#12690=CARTESIAN_POINT('Ctrl Pts',(13.0510778655198,73.2525873449519,-7.39388652124674));
#12691=CARTESIAN_POINT('Ctrl Pts',(13.6311219981023,73.2525873449519,-7.72250156864125));
#12692=CARTESIAN_POINT('Ctrl Pts',(14.2111774483399,73.2525873449519,-8.05112301001847));
#12693=CARTESIAN_POINT('Ctrl Pts',(14.7912215809224,73.2525873449519,-8.37973805741297));
#12694=CARTESIAN_POINT('Ctrl Pts',(13.044248325652,72.8997200494632,-7.40591558274359));
#12695=CARTESIAN_POINT('Ctrl Pts',(13.623992695681,72.8997200494632,-7.73506738642108));
#12696=CARTESIAN_POINT('Ctrl Pts',(14.20373706571,72.8997200494632,-8.06421919009857));
#12697=CARTESIAN_POINT('Ctrl Pts',(14.783481435739,72.8997200494632,-8.39337099377607));
#12698=CARTESIAN_POINT('',(13.2173262674732,74.930755472742,-7.09241047452571));
#12699=CARTESIAN_POINT('Ctrl Pts',(13.7529752537258,76.9004028802738,-5.98796056019131));
#12700=CARTESIAN_POINT('Ctrl Pts',(14.3642185983358,76.9004028802738,-6.25409214064426));
#12701=CARTESIAN_POINT('Ctrl Pts',(14.9754619429458,76.9004028802738,-6.5202237210972));
#12702=CARTESIAN_POINT('Ctrl Pts',(15.5867052875559,76.9004028802738,-6.78635530155015));
#12703=CARTESIAN_POINT('Ctrl Pts',(13.647825815048,76.5756518057013,-6.22946476075219));
#12704=CARTESIAN_POINT('Ctrl Pts',(14.2544113952114,76.5756518057013,-6.50633777834863));
#12705=CARTESIAN_POINT('Ctrl Pts',(14.8609503435576,76.5756518057013,-6.78318704458937));
#12706=CARTESIAN_POINT('Ctrl Pts',(15.467535923721,76.5756518057013,-7.06006006218581));
#12707=CARTESIAN_POINT('Ctrl Pts',(13.4379978722513,75.9696670508262,-6.67406963687588));
#12708=CARTESIAN_POINT('Ctrl Pts',(14.0352412631925,75.9696670508262,-6.97069442001645));
#12709=CARTESIAN_POINT('Ctrl Pts',(14.6324875309437,75.9696670508262,-7.26732080531876));
#12710=CARTESIAN_POINT('Ctrl Pts',(15.2297309218849,75.9696670508262,-7.56394558845933));
#12711=CARTESIAN_POINT('Ctrl Pts',(13.2882071043749,75.2600733893103,-6.9603178452559));
#12712=CARTESIAN_POINT('Ctrl Pts',(13.8787824030584,75.2600733893103,-7.26965945665066));
#12713=CARTESIAN_POINT('Ctrl Pts',(14.4693927529414,75.2600733893103,-7.57901861322859));
#12714=CARTESIAN_POINT('Ctrl Pts',(15.0599680516249,75.2600733893103,-7.88836022462335));
#12715=CARTESIAN_POINT('Ctrl Pts',(13.2173262674732,74.930755472742,-7.09241047452571));
#12716=CARTESIAN_POINT('Ctrl Pts',(13.804762990472,74.930755472742,-7.40762871783796));
#12717=CARTESIAN_POINT('Ctrl Pts',(14.3921997134709,74.930755472742,-7.72284696115021));
#12718=CARTESIAN_POINT('Ctrl Pts',(14.9796364364697,74.930755472742,-8.03806520446247));
#12719=CARTESIAN_POINT('',(13.7529752537258,76.9004028802738,-5.98796056019131));
#12720=CARTESIAN_POINT('Ctrl Pts',(13.1637378568358,77.2687500482425,-7.19138412522296));
#12721=CARTESIAN_POINT('Ctrl Pts',(13.7487928726951,77.2687500482425,-7.51100119745509));
#12722=CARTESIAN_POINT('Ctrl Pts',(14.3338478885545,77.2687500482425,-7.83061826968722));
#12723=CARTESIAN_POINT('Ctrl Pts',(14.9189029044139,77.2687500482425,-8.15023534191935));
#12724=CARTESIAN_POINT('Ctrl Pts',(13.261856645549,77.1812237122815,-7.01177892113982));
#12725=CARTESIAN_POINT('Ctrl Pts',(13.8512697375623,77.1812237122815,-7.32341218265677));
#12726=CARTESIAN_POINT('Ctrl Pts',(14.4406911062756,77.1812237122815,-7.63504951577485));
#12727=CARTESIAN_POINT('Ctrl Pts',(15.0301041982888,77.1812237122815,-7.9466827772918));
#12728=CARTESIAN_POINT('Ctrl Pts',(13.4604869481103,76.9974336059136,-6.63057948235776));
#12729=CARTESIAN_POINT('Ctrl Pts',(14.058730701544,76.9974336059136,-6.92527183586828));
#12730=CARTESIAN_POINT('Ctrl Pts',(14.656974787758,76.9974336059136,-7.21996439316161));
#12731=CARTESIAN_POINT('Ctrl Pts',(15.2552185411917,76.9974336059136,-7.51465674667213));
#12732=CARTESIAN_POINT('Ctrl Pts',(13.6561033085619,76.9337555465642,-6.2104532521901));
#12733=CARTESIAN_POINT('Ctrl Pts',(14.2630444512508,76.9337555465642,-6.48647501239472));
#12734=CARTESIAN_POINT('Ctrl Pts',(14.8699759403478,76.9337555465642,-6.76249192561082));
#12735=CARTESIAN_POINT('Ctrl Pts',(15.4769170830368,76.9337555465642,-7.03851368581545));
#12736=CARTESIAN_POINT('Ctrl Pts',(13.7529752537258,76.9004028802738,-5.98796056019131));
#12737=CARTESIAN_POINT('Ctrl Pts',(14.3642185983358,76.9004028802738,-6.25409214064426));
#12738=CARTESIAN_POINT('Ctrl Pts',(14.9754619429458,76.9004028802738,-6.5202237210972));
#12739=CARTESIAN_POINT('Ctrl Pts',(15.5867052875559,76.9004028802738,-6.78635530155015));
#12740=CARTESIAN_POINT('Ctrl Pts',(14.311172117313,76.4501970773563,-4.49336762669632));
#12741=CARTESIAN_POINT('Ctrl Pts',(14.9472242114158,76.4501970773563,-4.69307285454949));
#12742=CARTESIAN_POINT('Ctrl Pts',(15.5832763055186,76.4501970773563,-4.89277808240266));
#12743=CARTESIAN_POINT('Ctrl Pts',(16.2193283996214,76.4501970773563,-5.09248331025583));
#12744=CARTESIAN_POINT('Ctrl Pts',(14.3876782160754,76.5363009227466,-4.2496991716812));
#12745=CARTESIAN_POINT('Ctrl Pts',(15.0271269097159,76.5363009227466,-4.43857372607228));
#12746=CARTESIAN_POINT('Ctrl Pts',(15.6665866179115,76.5363009227466,-4.62745117351428));
#12747=CARTESIAN_POINT('Ctrl Pts',(16.3060353115521,76.5363009227466,-4.81632572790536));
#12748=CARTESIAN_POINT('Ctrl Pts',(14.5521038492846,76.737199670581,-3.67672559406432));
#12749=CARTESIAN_POINT('Ctrl Pts',(15.1988636279634,76.737199670581,-3.84013550112178));
#12750=CARTESIAN_POINT('Ctrl Pts',(15.8456245838437,76.737199670581,-4.00354576621545));
#12751=CARTESIAN_POINT('Ctrl Pts',(16.4923843625226,76.737199670581,-4.1669556732729));
#12752=CARTESIAN_POINT('Ctrl Pts',(14.6887654500837,76.7433875232961,-3.0610262880641));
#12753=CARTESIAN_POINT('Ctrl Pts',(15.3416051085853,76.7433875232961,-3.19707343094854));
#12754=CARTESIAN_POINT('Ctrl Pts',(15.9944278515932,76.7433875232961,-3.33311598358821));
#12755=CARTESIAN_POINT('Ctrl Pts',(16.6472675100948,76.7433875232961,-3.46916312647265));
#12756=CARTESIAN_POINT('Ctrl Pts',(14.7537563939075,76.7469233041629,-2.70678264166795));
#12757=CARTESIAN_POINT('Ctrl Pts',(15.4094789003033,76.7469233041629,-2.82708409240875));
#12758=CARTESIAN_POINT('Ctrl Pts',(16.0652014066992,76.7469233041629,-2.94738554314954));
#12759=CARTESIAN_POINT('Ctrl Pts',(16.7209239130951,76.7469233041629,-3.06768699389034));
#12760=CARTESIAN_POINT('',(14.311172117313,76.4501970773563,-4.49336762669632));
#12761=CARTESIAN_POINT('',(14.7537563939075,76.7469233041629,-2.70678264166795));
#12762=CARTESIAN_POINT('Ctrl Pts',(14.311172117313,76.4501970773563,-4.49336762669632));
#12763=CARTESIAN_POINT('Ctrl Pts',(14.3876782160754,76.5363009227466,-4.2496991716812));
#12764=CARTESIAN_POINT('Ctrl Pts',(14.5521038492846,76.737199670581,-3.67672559406432));
#12765=CARTESIAN_POINT('Ctrl Pts',(14.6887654500837,76.7433875232961,-3.0610262880641));
#12766=CARTESIAN_POINT('Ctrl Pts',(14.7537563939075,76.7469233041629,-2.70678264166795));
#12767=CARTESIAN_POINT('',(14.311172117313,76.4501970773563,-4.49336762669632));
#12768=CARTESIAN_POINT('',(14.7537563939075,76.7469233041629,-2.70678264166795));
#12769=CARTESIAN_POINT('Ctrl Pts',(13.8784544092481,75.2325981622562,-5.69108980867659));
#12770=CARTESIAN_POINT('Ctrl Pts',(14.4952746052147,75.2325981622562,-5.94402713350666));
#12771=CARTESIAN_POINT('Ctrl Pts',(15.1120948011812,75.2325981622562,-6.19696445833674));
#12772=CARTESIAN_POINT('Ctrl Pts',(15.7289149971478,75.2325981622562,-6.44990178316681));
#12773=CARTESIAN_POINT('Ctrl Pts',(13.9419328289698,75.4894789016472,-5.53628951845164));
#12774=CARTESIAN_POINT('Ctrl Pts',(14.5615577071646,75.4894789016472,-5.78234071816366));
#12775=CARTESIAN_POINT('Ctrl Pts',(15.181232327971,75.4894789016472,-6.02841025453317));
#12776=CARTESIAN_POINT('Ctrl Pts',(15.8008572061658,75.4894789016472,-6.27446145424519));
#12777=CARTESIAN_POINT('Ctrl Pts',(14.0636261656303,75.995365812831,-5.23000580152394));
#12778=CARTESIAN_POINT('Ctrl Pts',(14.6886759650708,75.995365812831,-5.46245034275966));
#12779=CARTESIAN_POINT('Ctrl Pts',(15.3137265216071,75.995365812831,-5.69489536715808));
#12780=CARTESIAN_POINT('Ctrl Pts',(15.9387763210476,75.995365812831,-5.9273399083938));
#12781=CARTESIAN_POINT('Ctrl Pts',(14.2343886449417,76.3001681599571,-4.737919504077));
#12782=CARTESIAN_POINT('Ctrl Pts',(14.8670454368678,76.3001681599571,-4.94850023880008));
#12783=CARTESIAN_POINT('Ctrl Pts',(15.499650339008,76.3001681599571,-5.15906136989752));
#12784=CARTESIAN_POINT('Ctrl Pts',(16.132307130934,76.3001681599571,-5.3696421046206));
#12785=CARTESIAN_POINT('Ctrl Pts',(14.311172117313,76.4501970773563,-4.49336762669632));
#12786=CARTESIAN_POINT('Ctrl Pts',(14.9472242114158,76.4501970773563,-4.69307285454949));
#12787=CARTESIAN_POINT('Ctrl Pts',(15.5832763055186,76.4501970773563,-4.89277808240266));
#12788=CARTESIAN_POINT('Ctrl Pts',(16.2193283996214,76.4501970773563,-5.09248331025583));
#12789=CARTESIAN_POINT('',(13.8784544092481,75.2325981622562,-5.69108980867659));
#12790=CARTESIAN_POINT('Ctrl Pts',(13.8784544092481,75.2325981622562,-5.69108980867659));
#12791=CARTESIAN_POINT('Ctrl Pts',(13.9419328289698,75.4894789016472,-5.53628951845164));
#12792=CARTESIAN_POINT('Ctrl Pts',(14.0636261656303,75.995365812831,-5.23000580152394));
#12793=CARTESIAN_POINT('Ctrl Pts',(14.2343886449417,76.3001681599571,-4.737919504077));
#12794=CARTESIAN_POINT('Ctrl Pts',(14.311172117313,76.4501970773563,-4.49336762669632));
#12795=CARTESIAN_POINT('',(13.8784544092481,75.2325981622562,-5.69108980867659));
#12796=CARTESIAN_POINT('Ctrl Pts',(13.6951653178102,73.3396929269657,-6.11902336307419));
#12797=CARTESIAN_POINT('Ctrl Pts',(14.3038393319351,73.3396929269657,-6.39097995698859));
#12798=CARTESIAN_POINT('Ctrl Pts',(14.91251334606,73.3396929269657,-6.662936550903));
#12799=CARTESIAN_POINT('Ctrl Pts',(15.5211873601849,73.3396929269657,-6.93489314481741));
#12800=CARTESIAN_POINT('Ctrl Pts',(13.7020991441707,73.6802377580632,-6.10350456331522));
#12801=CARTESIAN_POINT('Ctrl Pts',(14.3110743171739,73.6802377580632,-6.37476832423264));
#12802=CARTESIAN_POINT('Ctrl Pts',(14.9200705237237,73.6802377580632,-6.64604141083983));
#12803=CARTESIAN_POINT('Ctrl Pts',(15.5290456967268,73.6802377580632,-6.91730517175725));
#12804=CARTESIAN_POINT('Ctrl Pts',(13.7161809804063,74.341753266916,-6.07363021469665));
#12805=CARTESIAN_POINT('Ctrl Pts',(14.3257884604503,74.341753266916,-6.34356907119623));
#12806=CARTESIAN_POINT('Ctrl Pts',(14.9353976310831,74.341753266916,-6.61350872015662));
#12807=CARTESIAN_POINT('Ctrl Pts',(15.5450051111271,74.341753266916,-6.8834475766562));
#12808=CARTESIAN_POINT('Ctrl Pts',(13.8269489268657,74.9415659892551,-5.81669255140259));
#12809=CARTESIAN_POINT('Ctrl Pts',(14.4414887552502,74.9415659892551,-6.0752161380318));
#12810=CARTESIAN_POINT('Ctrl Pts',(15.05600228873,74.9415659892551,-6.33372797162707));
#12811=CARTESIAN_POINT('Ctrl Pts',(15.6705421171145,74.9415659892551,-6.59225155825627));
#12812=CARTESIAN_POINT('Ctrl Pts',(13.8784544092481,75.2325981622562,-5.69108980867659));
#12813=CARTESIAN_POINT('Ctrl Pts',(14.4952746052147,75.2325981622562,-5.94402713350666));
#12814=CARTESIAN_POINT('Ctrl Pts',(15.1120948011812,75.2325981622562,-6.19696445833674));
#12815=CARTESIAN_POINT('Ctrl Pts',(15.7289149971478,75.2325981622562,-6.44990178316681));
#12816=CARTESIAN_POINT('',(13.6951653178102,73.3396929269657,-6.11902336307419));
#12817=CARTESIAN_POINT('Ctrl Pts',(13.6951653178102,73.3396929269657,-6.11902336307419));
#12818=CARTESIAN_POINT('Ctrl Pts',(13.7020991441707,73.6802377580632,-6.10350456331522));
#12819=CARTESIAN_POINT('Ctrl Pts',(13.7161809804063,74.341753266916,-6.07363021469665));
#12820=CARTESIAN_POINT('Ctrl Pts',(13.8269489268657,74.9415659892551,-5.81669255140259));
#12821=CARTESIAN_POINT('Ctrl Pts',(13.8784544092481,75.2325981622562,-5.69108980867659));
#12822=CARTESIAN_POINT('',(13.6951653178102,73.3396929269657,-6.11902336307419));
#12823=CARTESIAN_POINT('Ctrl Pts',(13.8881394026145,71.7076986795291,-5.66741421933733));
#12824=CARTESIAN_POINT('Ctrl Pts',(14.5053900427307,71.7076986795291,-5.91929929575232));
#12825=CARTESIAN_POINT('Ctrl Pts',(15.1226406828469,71.7076986795291,-6.17118437216731));
#12826=CARTESIAN_POINT('Ctrl Pts',(15.7398913229631,71.7076986795291,-6.42306944858231));
#12827=CARTESIAN_POINT('Ctrl Pts',(13.8341580722877,71.9301879240865,-5.79969681095716));
#12828=CARTESIAN_POINT('Ctrl Pts',(14.4490203994433,71.9301879240865,-6.05746595975007));
#12829=CARTESIAN_POINT('Ctrl Pts',(15.0638501547704,71.9301879240865,-6.31522057029186));
#12830=CARTESIAN_POINT('Ctrl Pts',(15.6787124819261,71.9301879240865,-6.57298971908478));
#12831=CARTESIAN_POINT('Ctrl Pts',(13.7085572563163,72.4247683341053,-6.09141982267587));
#12832=CARTESIAN_POINT('Ctrl Pts',(14.3178260436117,72.4247683341053,-6.36214938594039));
#12833=CARTESIAN_POINT('Ctrl Pts',(14.9270961031964,72.4247683341053,-6.63287956910146));
#12834=CARTESIAN_POINT('Ctrl Pts',(15.5363648904918,72.4247683341053,-6.90360913236599));
#12835=CARTESIAN_POINT('Ctrl Pts',(13.6996044061989,73.0149868771492,-6.10908810940121));
#12836=CARTESIAN_POINT('Ctrl Pts',(14.3084654144712,73.0149868771492,-6.38059857951018));
#12837=CARTESIAN_POINT('Ctrl Pts',(14.9173573187531,73.0149868771492,-6.65212272054574));
#12838=CARTESIAN_POINT('Ctrl Pts',(15.5262183270254,73.0149868771492,-6.92363319065471));
#12839=CARTESIAN_POINT('Ctrl Pts',(13.6951653178102,73.3396929269657,-6.11902336307419));
#12840=CARTESIAN_POINT('Ctrl Pts',(14.3038393319351,73.3396929269657,-6.39097995698859));
#12841=CARTESIAN_POINT('Ctrl Pts',(14.91251334606,73.3396929269657,-6.662936550903));
#12842=CARTESIAN_POINT('Ctrl Pts',(15.5211873601849,73.3396929269657,-6.93489314481741));
#12843=CARTESIAN_POINT('',(13.8881394026145,71.7076986795291,-5.66741421933733));
#12844=CARTESIAN_POINT('Ctrl Pts',(13.8881394026145,71.7076986795291,-5.66741421933733));
#12845=CARTESIAN_POINT('Ctrl Pts',(13.8341580722877,71.9301879240865,-5.79969681095716));
#12846=CARTESIAN_POINT('Ctrl Pts',(13.7085572563163,72.4247683341053,-6.09141982267587));
#12847=CARTESIAN_POINT('Ctrl Pts',(13.6996044061989,73.0149868771492,-6.10908810940121));
#12848=CARTESIAN_POINT('Ctrl Pts',(13.6951653178102,73.3396929269657,-6.11902336307419));
#12849=CARTESIAN_POINT('',(13.8881394026145,71.7076986795291,-5.66741421933733));
#12850=CARTESIAN_POINT('Ctrl Pts',(14.305028092558,71.1500614648685,-4.5128894592187));
#12851=CARTESIAN_POINT('Ctrl Pts',(14.9408071188939,71.1500614648685,-4.71346232407287));
#12852=CARTESIAN_POINT('Ctrl Pts',(15.5765861452298,71.1500614648685,-4.91403518892703));
#12853=CARTESIAN_POINT('Ctrl Pts',(16.2123651715657,71.1500614648685,-5.1146080537812));
#12854=CARTESIAN_POINT('Ctrl Pts',(14.2341651274272,71.1735246188243,-4.73751200228726));
#12855=CARTESIAN_POINT('Ctrl Pts',(14.8668056965086,71.1735246188243,-4.9480722087208));
#12856=CARTESIAN_POINT('Ctrl Pts',(15.4994132420029,71.1735246188243,-5.15862006282535));
#12857=CARTESIAN_POINT('Ctrl Pts',(16.1320538110842,71.1735246188243,-5.36918026925889));
#12858=CARTESIAN_POINT('Ctrl Pts',(14.0802078006136,71.2205671998545,-5.18405628640351));
#12859=CARTESIAN_POINT('Ctrl Pts',(14.705994645766,71.2205671998545,-5.41445868533323));
#12860=CARTESIAN_POINT('Ctrl Pts',(15.331781995543,71.2205671998545,-5.6448613923276));
#12861=CARTESIAN_POINT('Ctrl Pts',(15.9575688406954,71.2205671998545,-5.87526379125731));
#12862=CARTESIAN_POINT('Ctrl Pts',(13.9537444793263,71.54505417948,-5.50664734830392));
#12863=CARTESIAN_POINT('Ctrl Pts',(14.5739004527791,71.54505417948,-5.75138341444997));
#12864=CARTESIAN_POINT('Ctrl Pts',(15.1940877697837,71.54505417948,-5.9961309285984));
#12865=CARTESIAN_POINT('Ctrl Pts',(15.8142437432365,71.54505417948,-6.24086699474445));
#12866=CARTESIAN_POINT('Ctrl Pts',(13.8881394026145,71.7076986795291,-5.66741421933733));
#12867=CARTESIAN_POINT('Ctrl Pts',(14.5053900427307,71.7076986795291,-5.91929929575232));
#12868=CARTESIAN_POINT('Ctrl Pts',(15.1226406828469,71.7076986795291,-6.17118437216731));
#12869=CARTESIAN_POINT('Ctrl Pts',(15.7398913229631,71.7076986795291,-6.42306944858231));
#12870=CARTESIAN_POINT('',(14.305028092558,71.1500614648685,-4.5128894592187));
#12871=CARTESIAN_POINT('Ctrl Pts',(14.305028092558,71.1500614648685,-4.5128894592187));
#12872=CARTESIAN_POINT('Ctrl Pts',(14.2341651274272,71.1735246188243,-4.73751200228726));
#12873=CARTESIAN_POINT('Ctrl Pts',(14.0802078006136,71.2205671998545,-5.18405628640351));
#12874=CARTESIAN_POINT('Ctrl Pts',(13.9537444793263,71.54505417948,-5.50664734830392));
#12875=CARTESIAN_POINT('Ctrl Pts',(13.8881394026145,71.7076986795291,-5.66741421933733));
#12876=CARTESIAN_POINT('',(14.305028092558,71.1500614648685,-4.5128894592187));
#12877=CARTESIAN_POINT('Ctrl Pts',(14.5437574086317,71.405855990015,-3.67139216631398));
#12878=CARTESIAN_POINT('Ctrl Pts',(15.1901466267931,71.405855990015,-3.83456515148349));
#12879=CARTESIAN_POINT('Ctrl Pts',(15.8365358449545,71.405855990015,-3.997738136653));
#12880=CARTESIAN_POINT('Ctrl Pts',(16.4829250631159,71.405855990015,-4.16091112182252));
#12881=CARTESIAN_POINT('Ctrl Pts',(14.5106096120217,71.3312500880746,-3.80270298539491));
#12882=CARTESIAN_POINT('Ctrl Pts',(15.1555232828978,71.3312500880746,-3.9717113508593));
#12883=CARTESIAN_POINT('Ctrl Pts',(15.8004438894151,71.3312500880746,-4.14072168464984));
#12884=CARTESIAN_POINT('Ctrl Pts',(16.4453575602913,71.3312500880746,-4.30973005011423));
#12885=CARTESIAN_POINT('Ctrl Pts',(14.4405750787554,71.1810958080023,-4.06615267550421));
#12886=CARTESIAN_POINT('Ctrl Pts',(15.0823783842459,71.1810958080023,-4.24687056941323));
#12887=CARTESIAN_POINT('Ctrl Pts',(15.7241817837656,71.1810958080023,-4.42758847166242));
#12888=CARTESIAN_POINT('Ctrl Pts',(16.3659850892561,71.1810958080023,-4.60830636557144));
#12889=CARTESIAN_POINT('Ctrl Pts',(14.352040119973,71.1604494430554,-4.36386999420901));
#12890=CARTESIAN_POINT('Ctrl Pts',(14.9899109928239,71.1604494430554,-4.55782044495403));
#12891=CARTESIAN_POINT('Ctrl Pts',(15.6277745964519,71.1604494430554,-4.7517688760252));
#12892=CARTESIAN_POINT('Ctrl Pts',(16.2656454693028,71.1604494430554,-4.94571932677021));
#12893=CARTESIAN_POINT('Ctrl Pts',(14.305028092558,71.1500614648685,-4.5128894592187));
#12894=CARTESIAN_POINT('Ctrl Pts',(14.9408071188939,71.1500614648685,-4.71346232407287));
#12895=CARTESIAN_POINT('Ctrl Pts',(15.5765861452298,71.1500614648685,-4.91403518892703));
#12896=CARTESIAN_POINT('Ctrl Pts',(16.2123651715657,71.1500614648685,-5.1146080537812));
#12897=CARTESIAN_POINT('',(14.5437574086317,71.405855990015,-3.67139216631398));
#12898=CARTESIAN_POINT('Ctrl Pts',(14.5437574086317,71.405855990015,-3.67139216631398));
#12899=CARTESIAN_POINT('Ctrl Pts',(14.5106096120217,71.3312500880746,-3.80270298539491));
#12900=CARTESIAN_POINT('Ctrl Pts',(14.4405750787554,71.1810958080023,-4.06615267550421));
#12901=CARTESIAN_POINT('Ctrl Pts',(14.352040119973,71.1604494430554,-4.36386999420901));
#12902=CARTESIAN_POINT('Ctrl Pts',(14.305028092558,71.1500614648685,-4.5128894592187));
#12903=CARTESIAN_POINT('',(14.5437574086317,71.405855990015,-3.67139216631398));
#12904=CARTESIAN_POINT('Ctrl Pts',(14.67864591173,72.1323269372806,-3.08826070759147));
#12905=CARTESIAN_POINT('Ctrl Pts',(15.3310301744735,72.1323269372806,-3.22551673903998));
#12906=CARTESIAN_POINT('Ctrl Pts',(15.9834144372171,72.1323269372806,-3.36277277048849));
#12907=CARTESIAN_POINT('Ctrl Pts',(16.6357986999606,72.1323269372806,-3.500028801937));
#12908=CARTESIAN_POINT('Ctrl Pts',(14.6633110680107,71.9854540887032,-3.16114792871022));
#12909=CARTESIAN_POINT('Ctrl Pts',(15.3150091537804,71.9854540887032,-3.30164234061495));
#12910=CARTESIAN_POINT('Ctrl Pts',(15.9667211246424,71.9854540887032,-3.44213990730019));
#12911=CARTESIAN_POINT('Ctrl Pts',(16.6184192104121,71.9854540887032,-3.58263431920492));
#12912=CARTESIAN_POINT('Ctrl Pts',(14.6327801168712,71.698486268115,-3.30344670659038));
#12913=CARTESIAN_POINT('Ctrl Pts',(15.283125823736,71.698486268115,-3.45026655118145));
#12914=CARTESIAN_POINT('Ctrl Pts',(15.9334717589227,71.698486268115,-3.59708642287803));
#12915=CARTESIAN_POINT('Ctrl Pts',(16.5838174657874,71.698486268115,-3.7439062674691));
#12916=CARTESIAN_POINT('Ctrl Pts',(14.5741524038209,71.5018513127881,-3.55098622316127));
#12917=CARTESIAN_POINT('Ctrl Pts',(15.2218973300969,71.5018513127881,-3.70880890888015));
#12918=CARTESIAN_POINT('Ctrl Pts',(15.8696277980543,71.5018513127881,-3.86662836719723));
#12919=CARTESIAN_POINT('Ctrl Pts',(16.5173727243303,71.5018513127881,-4.0244510529161));
#12920=CARTESIAN_POINT('Ctrl Pts',(14.5437574086317,71.405855990015,-3.67139216631398));
#12921=CARTESIAN_POINT('Ctrl Pts',(15.1901466267931,71.405855990015,-3.83456515148349));
#12922=CARTESIAN_POINT('Ctrl Pts',(15.8365358449545,71.405855990015,-3.997738136653));
#12923=CARTESIAN_POINT('Ctrl Pts',(16.4829250631159,71.405855990015,-4.16091112182252));
#12924=CARTESIAN_POINT('',(14.67864591173,72.1323269372806,-3.08826070759147));
#12925=CARTESIAN_POINT('Ctrl Pts',(14.67864591173,72.1323269372806,-3.08826070759147));
#12926=CARTESIAN_POINT('Ctrl Pts',(14.6633110680107,71.9854540887032,-3.16114792871022));
#12927=CARTESIAN_POINT('Ctrl Pts',(14.6327801168712,71.698486268115,-3.30344670659038));
#12928=CARTESIAN_POINT('Ctrl Pts',(14.5741524038209,71.5018513127881,-3.55098622316127));
#12929=CARTESIAN_POINT('Ctrl Pts',(14.5437574086317,71.405855990015,-3.67139216631398));
#12930=CARTESIAN_POINT('',(14.67864591173,72.1323269372806,-3.08826070759147));
#12931=CARTESIAN_POINT('Ctrl Pts',(14.7500499886646,73.7387388711795,-2.72690765004886));
#12932=CARTESIAN_POINT('Ctrl Pts',(15.4056077659386,73.7387388711795,-2.84810354560658));
#12933=CARTESIAN_POINT('Ctrl Pts',(16.0611655432126,73.7387388711795,-2.96929944116431));
#12934=CARTESIAN_POINT('Ctrl Pts',(16.7167233204866,73.7387388711795,-3.09049533672204));
#12935=CARTESIAN_POINT('Ctrl Pts',(14.7415627944101,73.4128531045884,-2.77281552650934));
#12936=CARTESIAN_POINT('Ctrl Pts',(15.3967400685467,73.4128531045884,-2.89605112258251));
#12937=CARTESIAN_POINT('Ctrl Pts',(16.0519272261949,73.4128531045884,-3.01928866730408));
#12938=CARTESIAN_POINT('Ctrl Pts',(16.7071045003315,73.4128531045884,-3.14252426337725));
#12939=CARTESIAN_POINT('Ctrl Pts',(14.7272893871691,72.8666315143226,-2.84975688097404));
#12940=CARTESIAN_POINT('Ctrl Pts',(15.3818356744851,72.8666315143226,-2.97641276187317));
#12941=CARTESIAN_POINT('Ctrl Pts',(16.0363816848089,72.8666315143226,-3.10306858420477));
#12942=CARTESIAN_POINT('Ctrl Pts',(16.6909279721249,72.8666315143226,-3.22972446510391));
#12943=CARTESIAN_POINT('Ctrl Pts',(14.6930507001818,72.3433921502291,-3.01979408215455));
#12944=CARTESIAN_POINT('Ctrl Pts',(15.3460774171358,72.3433921502291,-3.15400759082726));
#12945=CARTESIAN_POINT('Ctrl Pts',(15.9990974099188,72.3433921502291,-3.28821978443579));
#12946=CARTESIAN_POINT('Ctrl Pts',(16.6521241268727,72.3433921502291,-3.42243329310849));
#12947=CARTESIAN_POINT('Ctrl Pts',(14.67864591173,72.1323269372806,-3.08826070759147));
#12948=CARTESIAN_POINT('Ctrl Pts',(15.3310301744735,72.1323269372806,-3.22551673903998));
#12949=CARTESIAN_POINT('Ctrl Pts',(15.9834144372171,72.1323269372806,-3.36277277048849));
#12950=CARTESIAN_POINT('Ctrl Pts',(16.6357986999606,72.1323269372806,-3.500028801937));
#12951=CARTESIAN_POINT('',(14.7500499886646,73.7387388711795,-2.72690765004886));
#12952=CARTESIAN_POINT('Ctrl Pts',(14.7500499886646,73.7387388711795,-2.72690765004886));
#12953=CARTESIAN_POINT('Ctrl Pts',(14.7415627944101,73.4128531045884,-2.77281552650934));
#12954=CARTESIAN_POINT('Ctrl Pts',(14.7272893871691,72.8666315143226,-2.84975688097404));
#12955=CARTESIAN_POINT('Ctrl Pts',(14.6930507001818,72.3433921502291,-3.01979408215455));
#12956=CARTESIAN_POINT('Ctrl Pts',(14.67864591173,72.1323269372806,-3.08826070759147));
#12957=CARTESIAN_POINT('',(14.7500499886646,73.7387388711795,-2.72690765004886));
#12958=CARTESIAN_POINT('Ctrl Pts',(14.8606265135255,76.7469233041629,-2.04004402538353));
#12959=CARTESIAN_POINT('Ctrl Pts',(15.5210988030155,76.7469233041629,-2.13071264873391));
#12960=CARTESIAN_POINT('Ctrl Pts',(16.1815710925055,76.7469233041629,-2.22138127208429));
#12961=CARTESIAN_POINT('Ctrl Pts',(16.8420433819956,76.7469233041629,-2.31204989543467));
#12962=CARTESIAN_POINT('Ctrl Pts',(14.8420657618229,76.3315915246057,-2.17524914617029));
#12963=CARTESIAN_POINT('Ctrl Pts',(15.5017210838415,76.3315915246057,-2.27192821040491));
#12964=CARTESIAN_POINT('Ctrl Pts',(16.1613525413807,76.3315915246057,-2.36860330142504));
#12965=CARTESIAN_POINT('Ctrl Pts',(16.8210078633993,76.3315915246057,-2.46528236565966));
#12966=CARTESIAN_POINT('Ctrl Pts',(14.7928703594847,75.3506137589609,-2.49382974022399));
#12967=CARTESIAN_POINT('Ctrl Pts',(15.4503315907411,75.3506137589609,-2.60466665892557));
#12968=CARTESIAN_POINT('Ctrl Pts',(16.1077918428262,75.3506137589609,-2.71550345355228));
#12969=CARTESIAN_POINT('Ctrl Pts',(16.7652530740826,75.3506137589609,-2.82634037225386));
#12970=CARTESIAN_POINT('Ctrl Pts',(14.7658047568788,74.3282491249356,-2.64168891566504));
#12971=CARTESIAN_POINT('Ctrl Pts',(15.422052151184,74.3282491249356,-2.75909558603839));
#12972=CARTESIAN_POINT('Ctrl Pts',(16.0783313301574,74.3282491249356,-2.87650743404704));
#12973=CARTESIAN_POINT('Ctrl Pts',(16.7345787244626,74.3282491249356,-2.99391410442038));
#12974=CARTESIAN_POINT('Ctrl Pts',(14.7500499886646,73.7387388711795,-2.72690765004886));
#12975=CARTESIAN_POINT('Ctrl Pts',(15.4056077659386,73.7387388711795,-2.84810354560658));
#12976=CARTESIAN_POINT('Ctrl Pts',(16.0611655432126,73.7387388711795,-2.96929944116431));
#12977=CARTESIAN_POINT('Ctrl Pts',(16.7167233204866,73.7387388711795,-3.09049533672204));
#12978=CARTESIAN_POINT('',(14.8606265135255,76.7469233041629,-2.04004402538353));
#12979=CARTESIAN_POINT('Ctrl Pts',(14.8606265135255,76.7469233041629,-2.04004402538353));
#12980=CARTESIAN_POINT('Ctrl Pts',(14.8420657618229,76.3315915246057,-2.17524914617029));
#12981=CARTESIAN_POINT('Ctrl Pts',(14.7928703594847,75.3506137589609,-2.49382974022399));
#12982=CARTESIAN_POINT('Ctrl Pts',(14.7658047568788,74.3282491249356,-2.64168891566504));
#12983=CARTESIAN_POINT('Ctrl Pts',(14.7500499886646,73.7387388711795,-2.72690765004886));
#12984=CARTESIAN_POINT('',(14.8606265135255,76.7469233041629,-2.04004402538353));
#12985=CARTESIAN_POINT('Origin',(14.8109437188393,76.7469233041629,-2.37401477614916));
#12986=CARTESIAN_POINT('Origin',(0.,76.7469233041629,0.));
#12987=CARTESIAN_POINT('Origin',(0.,0.,0.));
#12988=CARTESIAN_POINT('Origin',(0.,0.,0.));
#12989=CARTESIAN_POINT('',(16.6707394505916,20.9420150285587,-3.3296315367453));
#12990=CARTESIAN_POINT('',(14.9189029044139,19.2946761613712,-8.15023534191935));
#12991=CARTESIAN_POINT('Ctrl Pts',(16.6707394505916,20.9420150285587,-3.3296315367453));
#12992=CARTESIAN_POINT('Ctrl Pts',(16.3345964672997,20.3929020728295,-5.01262619569246));
#12993=CARTESIAN_POINT('Ctrl Pts',(15.7417099904622,19.8437891171003,-6.64409735806473));
#12994=CARTESIAN_POINT('Ctrl Pts',(14.9189029044139,19.2946761613712,-8.15023534191935));
#12995=CARTESIAN_POINT('',(16.6707394505916,27.2141855722293,-3.3296315367453));
#12996=CARTESIAN_POINT('',(16.6707394505916,27.2141855722293,-3.3296315367453));
#12997=CARTESIAN_POINT('',(14.9189029044139,28.9638441568241,-8.15023534191935));
#12998=CARTESIAN_POINT('Ctrl Pts',(14.9189029044139,28.9638441568241,-8.15023534191935));
#12999=CARTESIAN_POINT('Ctrl Pts',(15.7417099904622,28.3806246286258,-6.64409735806473));
#13000=CARTESIAN_POINT('Ctrl Pts',(16.3345964672997,27.7974051004276,-5.01262619569246));
#13001=CARTESIAN_POINT('Ctrl Pts',(16.6707394505916,27.2141855722293,-3.3296315367453));
#13002=CARTESIAN_POINT('',(14.9189029044139,31.2251013284549,-8.15023534191935));
#13003=CARTESIAN_POINT('',(14.9189029044139,31.2251013284549,-8.15023534191935));
#13004=CARTESIAN_POINT('',(14.9189035521363,25.085944510065,8.15023415627145));
#13005=CARTESIAN_POINT('Ctrl Pts',(14.9189035521363,25.085944510065,8.15023415627145));
#13006=CARTESIAN_POINT('Ctrl Pts',(16.4713292290876,26.2553077135679,5.30853801574112));
#13007=CARTESIAN_POINT('Ctrl Pts',(17.7234663509878,28.3016933196978,-0.454044950859363));
#13008=CARTESIAN_POINT('Ctrl Pts',(16.0832223315056,30.3480789258278,-6.01896332905339));
#13009=CARTESIAN_POINT('Ctrl Pts',(14.9189029044139,31.2251013284549,-8.15023534191935));
#13010=CARTESIAN_POINT('',(14.9189035521363,22.9474729066715,8.15023415627145));
#13011=CARTESIAN_POINT('',(14.9189035521363,22.9474729066715,8.15023415627145));
#13012=CARTESIAN_POINT('',(14.9189029044139,17.186899757944,-8.15023534191935));
#13013=CARTESIAN_POINT('Ctrl Pts',(14.9189029044139,17.186899757944,-8.15023534191935));
#13014=CARTESIAN_POINT('Ctrl Pts',(16.4713288072028,18.2841517862731,-5.30853932476473));
#13015=CARTESIAN_POINT('Ctrl Pts',(17.7236738208321,20.2043428358489,0.454025582944684));
#13016=CARTESIAN_POINT('Ctrl Pts',(16.0832228098497,22.1245338854247,6.0189620508737));
#13017=CARTESIAN_POINT('Ctrl Pts',(14.9189035521363,22.9474729066715,8.15023415627145));
#13018=CARTESIAN_POINT('',(14.9189029044139,19.2946761613712,-8.15023534191935));
#13019=CARTESIAN_POINT('',(15.6912541553585,23.9706653123721,6.54098945358769));
#13020=CARTESIAN_POINT('',(16.6476395905014,23.1623428827152,3.44326822434305));
#13021=CARTESIAN_POINT('Ctrl Pts',(15.6912541553585,23.9706653123721,6.54098945358769));
#13022=CARTESIAN_POINT('Ctrl Pts',(15.9013416970062,23.8647251824952,6.03700805532064));
#13023=CARTESIAN_POINT('Ctrl Pts',(16.2748790726768,23.6512622565604,5.00085484596445));
#13024=CARTESIAN_POINT('Ctrl Pts',(16.5390337226892,23.3261195697165,3.96835986023964));
#13025=CARTESIAN_POINT('Ctrl Pts',(16.6476395905014,23.1623428827152,3.44326822434305));
#13026=CARTESIAN_POINT('',(16.7017762917169,25.0347846513614,3.17027896271659));
#13027=CARTESIAN_POINT('Ctrl Pts',(16.7017762917169,25.0347846513614,3.17027896271659));
#13028=CARTESIAN_POINT('Ctrl Pts',(16.580777470539,24.820273820094,3.80772925230997));
#13029=CARTESIAN_POINT('Ctrl Pts',(16.2989275371504,24.4355933506476,4.93862951847502));
#13030=CARTESIAN_POINT('Ctrl Pts',(15.8933805687809,24.1132563202232,6.05610609656239));
#13031=CARTESIAN_POINT('Ctrl Pts',(15.6912541553585,23.9706653123721,6.54098945358769));
#13032=CARTESIAN_POINT('',(16.9321725621555,26.6002696519718,-1.51708019741513));
#13033=CARTESIAN_POINT('Ctrl Pts',(16.9321725621555,26.6002696519718,-1.51708019741513));
#13034=CARTESIAN_POINT('Ctrl Pts',(17.0722213558418,26.078441318435,0.0460081257068609));
#13035=CARTESIAN_POINT('Ctrl Pts',(16.9944396229859,25.5566129848982,1.6284596007212));
#13036=CARTESIAN_POINT('Ctrl Pts',(16.7017762917169,25.0347846513614,3.17027896271659));
#13037=CARTESIAN_POINT('',(16.9321725621555,21.5150040155277,-1.51708019741513));
#13038=CARTESIAN_POINT('',(16.9321725621555,21.5150040155277,-1.51708019741513));
#13039=CARTESIAN_POINT('Ctrl Pts',(16.6476395905014,23.1623428827152,3.44326822434305));
#13040=CARTESIAN_POINT('Ctrl Pts',(16.9842938612141,22.613229926986,1.81559979996457));
#13041=CARTESIAN_POINT('Ctrl Pts',(17.0805001086018,22.0641169712568,0.138407506155355));
#13042=CARTESIAN_POINT('Ctrl Pts',(16.9321725621555,21.5150040155277,-1.51708019741513));
#13043=CARTESIAN_POINT('Ctrl Pts',(13.8452242547281,23.9706653123721,5.77146128257738));
#13044=CARTESIAN_POINT('Ctrl Pts',(14.4605675549382,23.9706653123721,6.02797067291415));
#13045=CARTESIAN_POINT('Ctrl Pts',(15.0759108551483,23.9706653123721,6.28448006325092));
#13046=CARTESIAN_POINT('Ctrl Pts',(15.6912541553585,23.9706653123721,6.54098945358769));
#13047=CARTESIAN_POINT('Ctrl Pts',(14.0305956150055,23.8647251824952,5.32677181351821));
#13048=CARTESIAN_POINT('Ctrl Pts',(14.6541842396526,23.8647251824952,5.56351921835199));
#13049=CARTESIAN_POINT('Ctrl Pts',(15.2777530723591,23.8647251824952,5.80026065048687));
#13050=CARTESIAN_POINT('Ctrl Pts',(15.9013416970062,23.8647251824952,6.03700805532064));
#13051=CARTESIAN_POINT('Ctrl Pts',(14.3601874170677,23.6512622565604,4.41251898173334));
#13052=CARTESIAN_POINT('Ctrl Pts',(14.9984178078134,23.6512622565604,4.60863094125557));
#13053=CARTESIAN_POINT('Ctrl Pts',(15.6366486819311,23.6512622565604,4.80474288644222));
#13054=CARTESIAN_POINT('Ctrl Pts',(16.2748790726768,23.6512622565604,5.00085484596445));
#13055=CARTESIAN_POINT('Ctrl Pts',(14.5932650494317,23.3261195697165,3.50149399432909));
#13056=CARTESIAN_POINT('Ctrl Pts',(15.2418484294998,23.3261195697165,3.65711396251852));
#13057=CARTESIAN_POINT('Ctrl Pts',(15.8904503426211,23.3261195697165,3.81273989205021));
#13058=CARTESIAN_POINT('Ctrl Pts',(16.5390337226892,23.3261195697165,3.96835986023964));
#13059=CARTESIAN_POINT('Ctrl Pts',(14.6890937563248,23.1623428827152,3.03817784500858));
#13060=CARTESIAN_POINT('Ctrl Pts',(15.341942367717,23.1623428827152,3.1732079714534));
#13061=CARTESIAN_POINT('Ctrl Pts',(15.9947909791092,23.1623428827152,3.30823809789823));
#13062=CARTESIAN_POINT('Ctrl Pts',(16.6476395905014,23.1623428827152,3.44326822434305));
#13063=CARTESIAN_POINT('',(13.8452242547281,23.9706653123721,5.77146128257738));
#13064=CARTESIAN_POINT('',(14.6890937563248,23.1623428827152,3.03817784500858));
#13065=CARTESIAN_POINT('Ctrl Pts',(13.8452242547281,23.9706653123721,5.77146128257738));
#13066=CARTESIAN_POINT('Ctrl Pts',(14.0305956150055,23.8647251824952,5.32677181351821));
#13067=CARTESIAN_POINT('Ctrl Pts',(14.3601874170677,23.6512622565604,4.41251898173334));
#13068=CARTESIAN_POINT('Ctrl Pts',(14.5932650494317,23.3261195697165,3.50149399432909));
#13069=CARTESIAN_POINT('Ctrl Pts',(14.6890937563248,23.1623428827152,3.03817784500858));
#13070=CARTESIAN_POINT('',(13.8452242547281,23.9706653123721,5.77146128257738));
#13071=CARTESIAN_POINT('',(14.6890937563248,23.1623428827152,3.03817784500858));
#13072=CARTESIAN_POINT('Ctrl Pts',(14.7368614338678,25.0347846513614,2.79730496710287));
#13073=CARTESIAN_POINT('Ctrl Pts',(15.3918330531509,25.0347846513614,2.92162963230744));
#13074=CARTESIAN_POINT('Ctrl Pts',(16.0468046724339,25.0347846513614,3.04595429751202));
#13075=CARTESIAN_POINT('Ctrl Pts',(16.7017762917169,25.0347846513614,3.17027896271659));
#13076=CARTESIAN_POINT('Ctrl Pts',(14.6300977681226,24.820273820094,3.35976110497938));
#13077=CARTESIAN_POINT('Ctrl Pts',(15.280319457656,24.820273820094,3.50908214497041));
#13078=CARTESIAN_POINT('Ctrl Pts',(15.9305557810055,24.820273820094,3.65840821231894));
#13079=CARTESIAN_POINT('Ctrl Pts',(16.580777470539,24.820273820094,3.80772925230997));
#13080=CARTESIAN_POINT('Ctrl Pts',(14.3814066504268,24.4355933506476,4.35761428100737));
#13081=CARTESIAN_POINT('Ctrl Pts',(15.0205803614674,24.4355933506476,4.55128609523034));
#13082=CARTESIAN_POINT('Ctrl Pts',(15.6597538261098,24.4355933506476,4.74495770425204));
#13083=CARTESIAN_POINT('Ctrl Pts',(16.2989275371504,24.4355933506476,4.93862951847502));
#13084=CARTESIAN_POINT('Ctrl Pts',(14.0235710901008,24.1132563202232,5.34362302637858));
#13085=CARTESIAN_POINT('Ctrl Pts',(14.6468450123026,24.1132563202232,5.58111869285901));
#13086=CARTESIAN_POINT('Ctrl Pts',(15.2701066465791,24.1132563202232,5.81861043008196));
#13087=CARTESIAN_POINT('Ctrl Pts',(15.8933805687809,24.1132563202232,6.05610609656239));
#13088=CARTESIAN_POINT('Ctrl Pts',(13.8452242547281,23.9706653123721,5.77146128257738));
#13089=CARTESIAN_POINT('Ctrl Pts',(14.4605675549382,23.9706653123721,6.02797067291415));
#13090=CARTESIAN_POINT('Ctrl Pts',(15.0759108551483,23.9706653123721,6.28448006325092));
#13091=CARTESIAN_POINT('Ctrl Pts',(15.6912541553585,23.9706653123721,6.54098945358769));
#13092=CARTESIAN_POINT('',(14.7368614338679,25.0347846513614,2.79730496710287));
#13093=CARTESIAN_POINT('Ctrl Pts',(14.7368614338678,25.0347846513614,2.79730496710287));
#13094=CARTESIAN_POINT('Ctrl Pts',(14.6300977681226,24.820273820094,3.35976110497938));
#13095=CARTESIAN_POINT('Ctrl Pts',(14.3814066504268,24.4355933506476,4.35761428100737));
#13096=CARTESIAN_POINT('Ctrl Pts',(14.0235710901008,24.1132563202232,5.34362302637858));
#13097=CARTESIAN_POINT('Ctrl Pts',(13.8452242547281,23.9706653123721,5.77146128257738));
#13098=CARTESIAN_POINT('',(14.7368614338679,25.0347846513614,2.79730496710287));
#13099=CARTESIAN_POINT('Ctrl Pts',(14.9401522607254,26.6002696519718,-1.33860017418982));
#13100=CARTESIAN_POINT('Ctrl Pts',(15.6041590278688,26.6002696519718,-1.39809351526492));
#13101=CARTESIAN_POINT('Ctrl Pts',(16.2681657950121,26.6002696519718,-1.45758685634002));
#13102=CARTESIAN_POINT('Ctrl Pts',(16.9321725621555,26.6002696519718,-1.51708019741513));
#13103=CARTESIAN_POINT('Ctrl Pts',(15.0637247257428,26.078441318435,0.0405954050354654));
#13104=CARTESIAN_POINT('Ctrl Pts',(15.7332352728061,26.078441318435,0.0423999634437889));
#13105=CARTESIAN_POINT('Ctrl Pts',(16.4027108087786,26.078441318435,0.0442035672985374));
#13106=CARTESIAN_POINT('Ctrl Pts',(17.0722213558418,26.078441318435,0.0460081257068609));
#13107=CARTESIAN_POINT('Ctrl Pts',(14.9950937849875,25.5566129848982,1.43687611828342));
#13108=CARTESIAN_POINT('Ctrl Pts',(15.6615540429662,25.5566129848982,1.50073810693948));
#13109=CARTESIAN_POINT('Ctrl Pts',(16.3279793650073,25.5566129848982,1.56459761206514));
#13110=CARTESIAN_POINT('Ctrl Pts',(16.9944396229859,25.5566129848982,1.6284596007212));
#13111=CARTESIAN_POINT('Ctrl Pts',(14.7368614338679,25.0347846513614,2.79730496710287));
#13112=CARTESIAN_POINT('Ctrl Pts',(15.3918330531509,25.0347846513614,2.92162963230745));
#13113=CARTESIAN_POINT('Ctrl Pts',(16.0468046724339,25.0347846513614,3.04595429751202));
#13114=CARTESIAN_POINT('Ctrl Pts',(16.7017762917169,25.0347846513614,3.17027896271659));
#13115=CARTESIAN_POINT('',(14.9401522607254,26.6002696519718,-1.33860017418982));
#13116=CARTESIAN_POINT('Ctrl Pts',(14.9401522607254,26.6002696519718,-1.33860017418982));
#13117=CARTESIAN_POINT('Ctrl Pts',(15.0637247257428,26.078441318435,0.0405954050354654));
#13118=CARTESIAN_POINT('Ctrl Pts',(14.9950937849875,25.5566129848982,1.43687611828342));
#13119=CARTESIAN_POINT('Ctrl Pts',(14.7368614338679,25.0347846513614,2.79730496710287));
#13120=CARTESIAN_POINT('',(14.9401522607254,26.6002696519718,-1.33860017418982));
#13121=CARTESIAN_POINT('Origin',(14.9401522607254,24.0576368337497,-1.33860017418982));
#13122=CARTESIAN_POINT('',(14.9401522607254,21.5150040155277,-1.33860017418982));
#13123=CARTESIAN_POINT('',(14.9401522607254,0.,-1.33860017418982));
#13124=CARTESIAN_POINT('',(14.9401522607254,21.5150040155277,-1.33860017418982));
#13125=CARTESIAN_POINT('Ctrl Pts',(14.6890937563248,23.1623428827152,3.03817784500858));
#13126=CARTESIAN_POINT('Ctrl Pts',(15.341942367717,23.1623428827152,3.1732079714534));
#13127=CARTESIAN_POINT('Ctrl Pts',(15.9947909791092,23.1623428827152,3.30823809789823));
#13128=CARTESIAN_POINT('Ctrl Pts',(16.6476395905014,23.1623428827152,3.44326822434305));
#13129=CARTESIAN_POINT('Ctrl Pts',(14.9861416422478,22.613229926986,1.60199982349815));
#13130=CARTESIAN_POINT('Ctrl Pts',(15.652207022202,22.613229926986,1.67320099596422));
#13131=CARTESIAN_POINT('Ctrl Pts',(16.3182284812599,22.613229926986,1.74439862749849));
#13132=CARTESIAN_POINT('Ctrl Pts',(16.9842938612141,22.613229926986,1.81559979996457));
#13133=CARTESIAN_POINT('Ctrl Pts',(15.0710295075899,22.0641169712568,0.122124270137078));
#13134=CARTESIAN_POINT('Ctrl Pts',(15.7408677204968,22.0641169712568,0.127552516978088));
#13135=CARTESIAN_POINT('Ctrl Pts',(16.4106618956949,22.0641169712568,0.132979259314345));
#13136=CARTESIAN_POINT('Ctrl Pts',(17.0805001086018,22.0641169712568,0.138407506155355));
#13137=CARTESIAN_POINT('Ctrl Pts',(14.9401522607254,21.5150040155277,-1.33860017418982));
#13138=CARTESIAN_POINT('Ctrl Pts',(15.6041590278688,21.5150040155277,-1.39809351526492));
#13139=CARTESIAN_POINT('Ctrl Pts',(16.2681657950121,21.5150040155277,-1.45758685634002));
#13140=CARTESIAN_POINT('Ctrl Pts',(16.9321725621555,21.5150040155277,-1.51708019741513));
#13141=CARTESIAN_POINT('Ctrl Pts',(14.6890937563248,23.1623428827152,3.03817784500858));
#13142=CARTESIAN_POINT('Ctrl Pts',(14.9861416422478,22.613229926986,1.60199982349815));
#13143=CARTESIAN_POINT('Ctrl Pts',(15.0710295075899,22.0641169712568,0.122124270137078));
#13144=CARTESIAN_POINT('Ctrl Pts',(14.9401522607254,21.5150040155277,-1.33860017418982));
#13145=CARTESIAN_POINT('Ctrl Pts',(14.7094759858161,20.9420150285587,-2.93791017948115));
#13146=CARTESIAN_POINT('Ctrl Pts',(15.3632304740746,20.9420150285587,-3.06848396523586));
#13147=CARTESIAN_POINT('Ctrl Pts',(16.0169849623331,20.9420150285587,-3.19905775099058));
#13148=CARTESIAN_POINT('Ctrl Pts',(16.6707394505916,20.9420150285587,-3.3296315367453));
#13149=CARTESIAN_POINT('Ctrl Pts',(14.4128792358526,20.3929020728295,-4.42290546678746));
#13150=CARTESIAN_POINT('Ctrl Pts',(15.0534674688872,20.3929020728295,-4.6194843685726));
#13151=CARTESIAN_POINT('Ctrl Pts',(15.6940082342651,20.3929020728295,-4.81604729390732));
#13152=CARTESIAN_POINT('Ctrl Pts',(16.3345964672997,20.3929020728295,-5.01262619569246));
#13153=CARTESIAN_POINT('Ctrl Pts',(13.8897441092314,19.8437891171003,-5.86243884535123));
#13154=CARTESIAN_POINT('Ctrl Pts',(14.507081619637,19.8437891171003,-6.12299775841223));
#13155=CARTESIAN_POINT('Ctrl Pts',(15.1243724800566,19.8437891171003,-6.38353844500373));
#13156=CARTESIAN_POINT('Ctrl Pts',(15.7417099904622,19.8437891171003,-6.64409735806473));
#13157=CARTESIAN_POINT('Ctrl Pts',(13.1637378568358,19.2946761613712,-7.19138412522296));
#13158=CARTESIAN_POINT('Ctrl Pts',(13.7487928726951,19.2946761613712,-7.51100119745509));
#13159=CARTESIAN_POINT('Ctrl Pts',(14.3338478885545,19.2946761613712,-7.83061826968722));
#13160=CARTESIAN_POINT('Ctrl Pts',(14.9189029044139,19.2946761613712,-8.15023534191935));
#13161=CARTESIAN_POINT('',(14.7094759858161,20.9420150285587,-2.93791017948115));
#13162=CARTESIAN_POINT('',(13.1637378568358,19.2946761613712,-7.19138412522296));
#13163=CARTESIAN_POINT('Origin',(14.7094759858161,24.078100300394,-2.93791017948115));
#13164=CARTESIAN_POINT('',(14.7094759858161,27.2141855722293,-2.93791017948114));
#13165=CARTESIAN_POINT('Ctrl Pts',(13.1637378568358,28.9638441568241,-7.19138412522296));
#13166=CARTESIAN_POINT('Ctrl Pts',(13.7487928726951,28.9638441568241,-7.51100119745509));
#13167=CARTESIAN_POINT('Ctrl Pts',(14.3338478885545,28.9638441568241,-7.83061826968722));
#13168=CARTESIAN_POINT('Ctrl Pts',(14.9189029044139,28.9638441568241,-8.15023534191935));
#13169=CARTESIAN_POINT('Ctrl Pts',(13.8897441092314,28.3806246286258,-5.86243884535123));
#13170=CARTESIAN_POINT('Ctrl Pts',(14.507081619637,28.3806246286258,-6.12299775841223));
#13171=CARTESIAN_POINT('Ctrl Pts',(15.1243724800566,28.3806246286258,-6.38353844500373));
#13172=CARTESIAN_POINT('Ctrl Pts',(15.7417099904622,28.3806246286258,-6.64409735806473));
#13173=CARTESIAN_POINT('Ctrl Pts',(14.4128792358526,27.7974051004276,-4.42290546678746));
#13174=CARTESIAN_POINT('Ctrl Pts',(15.0534674688872,27.7974051004276,-4.6194843685726));
#13175=CARTESIAN_POINT('Ctrl Pts',(15.6940082342651,27.7974051004276,-4.81604729390731));
#13176=CARTESIAN_POINT('Ctrl Pts',(16.3345964672997,27.7974051004276,-5.01262619569246));
#13177=CARTESIAN_POINT('Ctrl Pts',(14.7094759858161,27.2141855722293,-2.93791017948114));
#13178=CARTESIAN_POINT('Ctrl Pts',(15.3632304740746,27.2141855722293,-3.06848396523586));
#13179=CARTESIAN_POINT('Ctrl Pts',(16.0169849623331,27.2141855722293,-3.19905775099058));
#13180=CARTESIAN_POINT('Ctrl Pts',(16.6707394505916,27.2141855722293,-3.3296315367453));
#13181=CARTESIAN_POINT('',(13.1637378568358,28.9638441568241,-7.19138412522296));
#13182=CARTESIAN_POINT('Origin',(13.1637378568358,30.0944727426395,-7.19138412522296));
#13183=CARTESIAN_POINT('',(13.1637378568358,31.2251013284549,-7.19138412522296));
#13184=CARTESIAN_POINT('Ctrl Pts',(13.1637384283556,25.085944510065,7.19138307906305));
#13185=CARTESIAN_POINT('Ctrl Pts',(13.7487934696158,25.085944510065,7.51100010479918));
#13186=CARTESIAN_POINT('Ctrl Pts',(14.3338485108761,25.085944510065,7.83061713053532));
#13187=CARTESIAN_POINT('Ctrl Pts',(14.9189035521363,25.085944510065,8.15023415627145));
#13188=CARTESIAN_POINT('Ctrl Pts',(14.5335257903714,26.2553077135679,4.68400413153628));
#13189=CARTESIAN_POINT('Ctrl Pts',(15.1797945827309,26.2553077135679,4.89226894034998));
#13190=CARTESIAN_POINT('Ctrl Pts',(15.825060436728,26.2553077135679,5.10027320692741));
#13191=CARTESIAN_POINT('Ctrl Pts',(16.4713292290876,26.2553077135679,5.30853801574112));
#13192=CARTESIAN_POINT('Ctrl Pts',(15.6383526626363,28.3016933196978,-0.400627897817084));
#13193=CARTESIAN_POINT('Ctrl Pts',(16.3332531002166,28.3016933196978,-0.418444582085534));
#13194=CARTESIAN_POINT('Ctrl Pts',(17.0285659134075,28.3016933196978,-0.436228266590913));
#13195=CARTESIAN_POINT('Ctrl Pts',(17.7234663509878,28.3016933196978,-0.454044950859363));
#13196=CARTESIAN_POINT('Ctrl Pts',(14.191078527799,30.3480789258278,-5.31084999622358));
#13197=CARTESIAN_POINT('Ctrl Pts',(14.8217956085247,30.3480789258278,-5.54696041184319));
#13198=CARTESIAN_POINT('Ctrl Pts',(15.4525052507799,30.3480789258278,-5.78285291343377));
#13199=CARTESIAN_POINT('Ctrl Pts',(16.0832223315056,30.3480789258278,-6.01896332905339));
#13200=CARTESIAN_POINT('Ctrl Pts',(13.1637378568358,31.2251013284549,-7.19138412522296));
#13201=CARTESIAN_POINT('Ctrl Pts',(13.7487928726951,31.2251013284549,-7.51100119745509));
#13202=CARTESIAN_POINT('Ctrl Pts',(14.3338478885545,31.2251013284549,-7.83061826968722));
#13203=CARTESIAN_POINT('Ctrl Pts',(14.9189029044139,31.2251013284549,-8.15023534191935));
#13204=CARTESIAN_POINT('',(13.1637384283556,25.085944510065,7.19138307906305));
#13205=CARTESIAN_POINT('Origin',(13.1637384283556,24.0167087083682,7.19138307906305));
#13206=CARTESIAN_POINT('',(13.1637384283556,22.9474729066715,7.19138307906304));
#13207=CARTESIAN_POINT('Ctrl Pts',(13.1637378568358,17.186899757944,-7.19138412522296));
#13208=CARTESIAN_POINT('Ctrl Pts',(13.7487928726951,17.186899757944,-7.51100119745509));
#13209=CARTESIAN_POINT('Ctrl Pts',(14.3338478885545,17.186899757944,-7.83061826968722));
#13210=CARTESIAN_POINT('Ctrl Pts',(14.9189029044139,17.186899757944,-8.15023534191935));
#13211=CARTESIAN_POINT('Ctrl Pts',(14.5335254181201,18.2841517862731,-4.68400528655712));
#13212=CARTESIAN_POINT('Ctrl Pts',(15.1797941939283,18.2841517862731,-4.89227014673165));
#13213=CARTESIAN_POINT('Ctrl Pts',(15.8250600313946,18.2841517862731,-5.1002744645902));
#13214=CARTESIAN_POINT('Ctrl Pts',(16.4713288072028,18.2841517862731,-5.30853932476473));
#13215=CARTESIAN_POINT('Ctrl Pts',(15.6385357242637,20.2043428358489,0.400610808480603));
#13216=CARTESIAN_POINT('Ctrl Pts',(16.3334361632599,20.2043428358489,0.418427437523328));
#13217=CARTESIAN_POINT('Ctrl Pts',(17.0287733818359,20.2043428358489,0.436208953901959));
#13218=CARTESIAN_POINT('Ctrl Pts',(17.7236738208321,20.2043428358489,0.454025582944684));
#13219=CARTESIAN_POINT('Ctrl Pts',(14.1910789498674,22.1245338854247,5.31084886841797));
#13220=CARTESIAN_POINT('Ctrl Pts',(14.8217960493574,22.1245338854247,5.54695923391269));
#13221=CARTESIAN_POINT('Ctrl Pts',(15.4525057103597,22.1245338854247,5.78285168537897));
#13222=CARTESIAN_POINT('Ctrl Pts',(16.0832228098497,22.1245338854247,6.0189620508737));
#13223=CARTESIAN_POINT('Ctrl Pts',(13.1637384283556,22.9474729066715,7.19138307906304));
#13224=CARTESIAN_POINT('Ctrl Pts',(13.7487934696158,22.9474729066715,7.51100010479918));
#13225=CARTESIAN_POINT('Ctrl Pts',(14.3338485108761,22.9474729066715,7.83061713053531));
#13226=CARTESIAN_POINT('Ctrl Pts',(14.9189035521363,22.9474729066715,8.15023415627145));
#13227=CARTESIAN_POINT('',(13.1637378568358,17.186899757944,-7.19138412522296));
#13228=CARTESIAN_POINT('Origin',(13.1637378568358,18.2407879596576,-7.19138412522296));
#13229=CARTESIAN_POINT('Origin',(0.,0.,0.));
#13230=CARTESIAN_POINT('Origin',(0.,0.,0.));
#13231=CARTESIAN_POINT('',(16.3103632365707,91.2537449365482,4.79291676238193));
#13232=CARTESIAN_POINT('',(14.9189029044139,91.2537449365482,-8.15023534191935));
#13233=CARTESIAN_POINT('Origin',(0.,91.2537449365482,0.));
#13234=CARTESIAN_POINT('',(14.9189029044139,99.132325029932,-8.15023534191935));
#13235=CARTESIAN_POINT('Ctrl Pts',(14.9189029044139,99.132325029932,-8.15023534191935));
#13236=CARTESIAN_POINT('Ctrl Pts',(15.8338387091196,98.00681358802,-6.47545690159984));
#13237=CARTESIAN_POINT('Ctrl Pts',(17.3058277514198,95.3806202235587,-2.20472043624303));
#13238=CARTESIAN_POINT('Ctrl Pts',(17.0277594786683,92.7544268590975,2.35160724810061));
#13239=CARTESIAN_POINT('Ctrl Pts',(16.3103632365707,91.2537449365482,4.79291676238193));
#13240=CARTESIAN_POINT('',(14.9189029044139,101.168476915918,-8.15023534191935));
#13241=CARTESIAN_POINT('',(14.9189029044139,101.168476915918,-8.15023534191935));
#13242=CARTESIAN_POINT('',(14.9189035521363,101.168476915918,8.15023415627145));
#13243=CARTESIAN_POINT('Origin',(0.,101.168476915918,0.));
#13244=CARTESIAN_POINT('',(14.9189035521363,99.2653435235843,8.15023415627145));
#13245=CARTESIAN_POINT('',(14.9189035521363,99.2653435235843,8.15023415627145));
#13246=CARTESIAN_POINT('',(16.3136283849151,99.2653435235843,-4.78179139223912));
#13247=CARTESIAN_POINT('Origin',(0.,99.2653435235843,0.));
#13248=CARTESIAN_POINT('',(14.9189035521363,91.3867634302005,8.15023415627145));
#13249=CARTESIAN_POINT('Ctrl Pts',(14.9189035521363,91.3867634302005,8.15023415627145));
#13250=CARTESIAN_POINT('Ctrl Pts',(15.8330450235293,92.5122748721125,6.47690941697847));
#13251=CARTESIAN_POINT('Ctrl Pts',(17.3043427372375,95.1384682365737,2.21020192088822));
#13252=CARTESIAN_POINT('Ctrl Pts',(17.0287381163874,97.764661601035,-2.34211273277073));
#13253=CARTESIAN_POINT('Ctrl Pts',(16.3136283849151,99.2653435235843,-4.78179139223912));
#13254=CARTESIAN_POINT('',(14.9189035521363,89.3506115442142,8.15023415627145));
#13255=CARTESIAN_POINT('',(14.9189035521363,89.3506115442142,8.15023415627145));
#13256=CARTESIAN_POINT('',(14.9189029044139,89.3506115442142,-8.15023534191935));
#13257=CARTESIAN_POINT('Origin',(0.,89.3506115442142,0.));
#13258=CARTESIAN_POINT('',(14.9189029044139,91.2537449365482,-8.15023534191935));
#13259=CARTESIAN_POINT('Origin',(14.9140634111856,91.2537449365482,-1.6033441823681));
#13260=CARTESIAN_POINT('',(14.3914969734448,91.2537449365482,4.2290442021017));
#13261=CARTESIAN_POINT('',(13.1637378568358,91.2537449365482,-7.19138412522296));
#13262=CARTESIAN_POINT('Ctrl Pts',(13.1637378568358,99.132325029932,-7.19138412522296));
#13263=CARTESIAN_POINT('Ctrl Pts',(13.7487928726951,99.132325029932,-7.51100119745509));
#13264=CARTESIAN_POINT('Ctrl Pts',(14.3338478885545,99.132325029932,-7.83061826968722));
#13265=CARTESIAN_POINT('Ctrl Pts',(14.9189029044139,99.132325029932,-8.15023534191935));
#13266=CARTESIAN_POINT('Ctrl Pts',(13.9710341551055,98.00681358802,-5.7136384425881));
#13267=CARTESIAN_POINT('Ctrl Pts',(14.5919807816608,98.00681358802,-5.96759857332078));
#13268=CARTESIAN_POINT('Ctrl Pts',(15.2128920825644,98.00681358802,-6.22149677086716));
#13269=CARTESIAN_POINT('Ctrl Pts',(15.8338387091196,98.00681358802,-6.47545690159984));
#13270=CARTESIAN_POINT('Ctrl Pts',(15.2698480159586,95.3806202235587,-1.94534156139091));
#13271=CARTESIAN_POINT('Ctrl Pts',(15.9484662460368,95.3806202235587,-2.03180283988137));
#13272=CARTESIAN_POINT('Ctrl Pts',(16.6272095213417,95.3806202235587,-2.11825915775256));
#13273=CARTESIAN_POINT('Ctrl Pts',(17.3058277514198,95.3806202235587,-2.20472043624303));
#13274=CARTESIAN_POINT('Ctrl Pts',(15.0244936576485,92.7544268590975,2.07494757185348));
#13275=CARTESIAN_POINT('Ctrl Pts',(15.6923911042875,92.7544268590975,2.16718109878018));
#13276=CARTESIAN_POINT('Ctrl Pts',(16.3598620320293,92.7544268590975,2.2593737211739));
#13277=CARTESIAN_POINT('Ctrl Pts',(17.0277594786683,92.7544268590975,2.35160724810061));
#13278=CARTESIAN_POINT('Ctrl Pts',(14.3914969734448,91.2537449365482,4.2290442021017));
#13279=CARTESIAN_POINT('Ctrl Pts',(15.0311190611534,91.2537449365482,4.41700172219511));
#13280=CARTESIAN_POINT('Ctrl Pts',(15.6707411488621,91.2537449365482,4.60495924228852));
#13281=CARTESIAN_POINT('Ctrl Pts',(16.3103632365707,91.2537449365482,4.79291676238193));
#13282=CARTESIAN_POINT('',(13.1637378568358,99.132325029932,-7.19138412522296));
#13283=CARTESIAN_POINT('Origin',(13.1637378568358,100.150400972925,-7.19138412522296));
#13284=CARTESIAN_POINT('',(13.1637378568358,101.168476915918,-7.19138412522296));
#13285=CARTESIAN_POINT('Origin',(15.,101.168476915918,-5.96046447753906E-7));
#13286=CARTESIAN_POINT('',(13.1637384283556,101.168476915918,7.19138307906305));
#13287=CARTESIAN_POINT('Origin',(13.1637384283556,100.216910219751,7.19138307906305));
#13288=CARTESIAN_POINT('',(13.1637384283556,99.2653435235843,7.19138307906304));
#13289=CARTESIAN_POINT('Origin',(14.9135158386146,99.2653435235843,1.60842946111801));
#13290=CARTESIAN_POINT('',(14.3943779866898,99.2653435235843,-4.21922769903452));
#13291=CARTESIAN_POINT('Ctrl Pts',(13.1637384283556,91.3867634302005,7.19138307906305));
#13292=CARTESIAN_POINT('Ctrl Pts',(13.7487934696158,91.3867634302005,7.51100010479918));
#13293=CARTESIAN_POINT('Ctrl Pts',(14.3338485108761,91.3867634302005,7.83061713053532));
#13294=CARTESIAN_POINT('Ctrl Pts',(14.9189035521363,91.3867634302005,8.15023415627145));
#13295=CARTESIAN_POINT('Ctrl Pts',(13.9703338442906,92.5122748721125,5.71492007380453));
#13296=CARTESIAN_POINT('Ctrl Pts',(14.5912493018602,92.5122748721125,5.96893708226536));
#13297=CARTESIAN_POINT('Ctrl Pts',(15.2121295659596,92.5122748721125,6.22289240851764));
#13298=CARTESIAN_POINT('Ctrl Pts',(15.8330450235293,92.5122748721125,6.47690941697847));
#13299=CARTESIAN_POINT('Ctrl Pts',(15.2685377093272,95.1384682365737,1.95017816548961));
#13300=CARTESIAN_POINT('Ctrl Pts',(15.9470977272398,95.1384682365737,2.03685436082412));
#13301=CARTESIAN_POINT('Ctrl Pts',(16.6257827193249,95.1384682365737,2.12352572555372));
#13302=CARTESIAN_POINT('Ctrl Pts',(17.3043427372375,95.1384682365737,2.21020192088822));
#13303=CARTESIAN_POINT('Ctrl Pts',(15.0253571615183,97.764661601035,-2.06657005832711));
#13304=CARTESIAN_POINT('Ctrl Pts',(15.6932924993412,97.764661601035,-2.15843113094602));
#13305=CARTESIAN_POINT('Ctrl Pts',(16.3608027785645,97.764661601035,-2.25025166015182));
#13306=CARTESIAN_POINT('Ctrl Pts',(17.0287381163874,97.764661601035,-2.34211273277073));
#13307=CARTESIAN_POINT('Ctrl Pts',(14.3943779866898,99.2653435235843,-4.21922769903452));
#13308=CARTESIAN_POINT('Ctrl Pts',(15.0341281194316,99.2653435235843,-4.40674893010272));
#13309=CARTESIAN_POINT('Ctrl Pts',(15.6738782521733,99.2653435235843,-4.59427016117092));
#13310=CARTESIAN_POINT('Ctrl Pts',(16.3136283849151,99.2653435235843,-4.78179139223912));
#13311=CARTESIAN_POINT('',(13.1637384283556,91.3867634302005,7.19138307906305));
#13312=CARTESIAN_POINT('Origin',(13.1637384283556,90.3686874872074,7.19138307906305));
#13313=CARTESIAN_POINT('',(13.1637384283556,89.3506115442142,7.19138307906304));
#13314=CARTESIAN_POINT('Origin',(15.,89.3506115442142,-5.96046447753906E-7));
#13315=CARTESIAN_POINT('',(13.1637378568358,89.3506115442142,-7.19138412522296));
#13316=CARTESIAN_POINT('Origin',(13.1637378568358,90.3021782403812,-7.19138412522296));
#13317=CARTESIAN_POINT('Origin',(0.,0.,0.));
#13318=CARTESIAN_POINT('',(12.2553857671866,61.0265987878665,-11.7815754335929));
#13319=CARTESIAN_POINT('',(11.9170026686802,59.5122736459598,-12.1237390022497));
#13320=CARTESIAN_POINT('Ctrl Pts',(12.2553857671866,61.0265987878665,-11.7815754335929));
#13321=CARTESIAN_POINT('Ctrl Pts',(12.1581489075685,60.7997312687801,-11.8827227913573));
#13322=CARTESIAN_POINT('Ctrl Pts',(11.9526086227472,60.3281434559797,-12.0896553316218));
#13323=CARTESIAN_POINT('Ctrl Pts',(11.9290103284036,59.7910083101702,-12.1119360994536));
#13324=CARTESIAN_POINT('Ctrl Pts',(11.9170026686802,59.5122736459598,-12.1237390022497));
#13325=CARTESIAN_POINT('',(13.254245352506,62.1521109109744,-10.6454206180673));
#13326=CARTESIAN_POINT('Ctrl Pts',(13.254245352506,62.1521109109744,-10.6454206180673));
#13327=CARTESIAN_POINT('Ctrl Pts',(13.0580201935237,61.9921086265596,-10.8897337828352));
#13328=CARTESIAN_POINT('Ctrl Pts',(12.6802500215813,61.6954788812962,-11.3312957212202));
#13329=CARTESIAN_POINT('Ctrl Pts',(12.3906681674486,61.2375298179526,-11.640852487662));
#13330=CARTESIAN_POINT('Ctrl Pts',(12.2553857671866,61.0265987878665,-11.7815754335929));
#13331=CARTESIAN_POINT('',(14.817710345266,63.1855362420902,-8.33279425665821));
#13332=CARTESIAN_POINT('Ctrl Pts',(14.817710345266,63.1855362420902,-8.33279425665821));
#13333=CARTESIAN_POINT('Ctrl Pts',(14.5355642326294,62.9978796241322,-8.8345178374069));
#13334=CARTESIAN_POINT('Ctrl Pts',(14.0278124621831,62.6886263342753,-9.63717552386123));
#13335=CARTESIAN_POINT('Ctrl Pts',(13.4787743471314,62.3035290279217,-10.3658673255966));
#13336=CARTESIAN_POINT('Ctrl Pts',(13.254245352506,62.1521109109744,-10.6454206180673));
#13337=CARTESIAN_POINT('',(16.5736962935156,67.3192327981815,3.78319853699332));
#13338=CARTESIAN_POINT('Ctrl Pts',(16.5736962935156,67.3192327981815,3.78319853699332));
#13339=CARTESIAN_POINT('Ctrl Pts',(16.9718500889918,66.7287047187399,2.0389390116717));
#13340=CARTESIAN_POINT('Ctrl Pts',(17.2541113481612,65.3508058667094,-2.17916585037427));
#13341=CARTESIAN_POINT('Ctrl Pts',(15.9869973485849,63.972907014679,-6.25352101505395));
#13342=CARTESIAN_POINT('Ctrl Pts',(14.817710345266,63.1855362420902,-8.33279425665821));
#13343=CARTESIAN_POINT('',(16.5736962935156,65.477482653223,3.78319853699332));
#13344=CARTESIAN_POINT('',(16.5736962935156,65.477482653223,3.78319853699332));
#13345=CARTESIAN_POINT('',(16.6684641134914,63.154837465845,-3.34100345663527));
#13346=CARTESIAN_POINT('Ctrl Pts',(16.6684641134914,63.154837465845,-3.34100345663527));
#13347=CARTESIAN_POINT('Ctrl Pts',(17.1386963136112,63.9290525283044,-0.994987161100465));
#13348=CARTESIAN_POINT('Ctrl Pts',(17.1061655934222,64.7032675907637,1.45052041397651));
#13349=CARTESIAN_POINT('Ctrl Pts',(16.5736962935156,65.477482653223,3.78319853699332));
#13350=CARTESIAN_POINT('',(15.8928588922401,62.3976772790775,-6.03465295036459));
#13351=CARTESIAN_POINT('Ctrl Pts',(15.8928588922401,62.3976772790775,-6.03465295036459));
#13352=CARTESIAN_POINT('Ctrl Pts',(16.0616149770437,62.5081983241286,-5.59021701261466));
#13353=CARTESIAN_POINT('Ctrl Pts',(16.3600555093162,62.7282720328142,-4.69100670467339));
#13354=CARTESIAN_POINT('Ctrl Pts',(16.5780484567637,63.0130667116605,-3.79209252284677));
#13355=CARTESIAN_POINT('Ctrl Pts',(16.6684641134914,63.154837465845,-3.34100345663527));
#13356=CARTESIAN_POINT('',(16.677517859684,61.6098183160648,-3.29551180242475));
#13357=CARTESIAN_POINT('Ctrl Pts',(16.677517859684,61.6098183160648,-3.29551180242475));
#13358=CARTESIAN_POINT('Ctrl Pts',(16.5879291478222,61.7535889982488,-3.74889125656646));
#13359=CARTESIAN_POINT('Ctrl Pts',(16.3684387486107,62.0461001328806,-4.66400341296813));
#13360=CARTESIAN_POINT('Ctrl Pts',(16.0663940849385,62.2791649715259,-5.57763075653219));
#13361=CARTESIAN_POINT('Ctrl Pts',(15.8928588922401,62.3976772790775,-6.03465295036459));
#13362=CARTESIAN_POINT('',(16.5736962935156,59.3485611444339,3.78319853699332));
#13363=CARTESIAN_POINT('Ctrl Pts',(16.5736962935156,59.3485611444339,3.78319853699332));
#13364=CARTESIAN_POINT('Ctrl Pts',(17.1027248219969,60.1023135349775,1.46559398203318));
#13365=CARTESIAN_POINT('Ctrl Pts',(17.1383500741136,60.8560659255212,-0.963389222614028));
#13366=CARTESIAN_POINT('Ctrl Pts',(16.677517859684,61.6098183160648,-3.29551180242475));
#13367=CARTESIAN_POINT('',(16.5736962935156,57.3635691171512,3.78319853699332));
#13368=CARTESIAN_POINT('',(16.5736962935156,57.3635691171512,3.78319853699332));
#13369=CARTESIAN_POINT('',(14.9077702202779,61.4870327478275,-8.17058058276135));
#13370=CARTESIAN_POINT('Ctrl Pts',(14.9077702202779,61.4870327478275,-8.17058058276135));
#13371=CARTESIAN_POINT('Ctrl Pts',(15.7549245662627,60.8979665148737,-6.62489087281613));
#13372=CARTESIAN_POINT('Ctrl Pts',(17.1672258703851,59.5234786379816,-2.70840072176157));
#13373=CARTESIAN_POINT('Ctrl Pts',(17.0967032858786,58.1489907610895,1.4919735415165));
#13374=CARTESIAN_POINT('Ctrl Pts',(16.5736962935156,57.3635691171512,3.78319853699332));
#13375=CARTESIAN_POINT('',(14.6558633871792,61.3233250146732,-8.61427120401603));
#13376=CARTESIAN_POINT('Ctrl Pts',(14.6558633871792,61.3233250146732,-8.61427120401603));
#13377=CARTESIAN_POINT('Ctrl Pts',(14.692150545603,61.3452482268797,-8.55253416045516));
#13378=CARTESIAN_POINT('Ctrl Pts',(14.7778582591855,61.3975949919036,-8.40457235633814));
#13379=CARTESIAN_POINT('Ctrl Pts',(14.860490177006,61.4541584716113,-8.25684618089871));
#13380=CARTESIAN_POINT('Ctrl Pts',(14.9077702202779,61.4870327478275,-8.17058058276135));
#13381=CARTESIAN_POINT('',(13.8083898270241,60.7605665689334,-9.91606627574354));
#13382=CARTESIAN_POINT('Ctrl Pts',(13.8083898270241,60.7605665689334,-9.91606627574354));
#13383=CARTESIAN_POINT('Ctrl Pts',(13.9136849392775,60.8388578384758,-9.76943999104102));
#13384=CARTESIAN_POINT('Ctrl Pts',(14.2008937505684,61.0571090903976,-9.35614665736413));
#13385=CARTESIAN_POINT('Ctrl Pts',(14.4835867982124,61.2193093599341,-8.90737344016687));
#13386=CARTESIAN_POINT('Ctrl Pts',(14.6558633871792,61.3233250146732,-8.61427120401603));
#13387=CARTESIAN_POINT('',(13.4196222236881,60.1568859582767,-10.4361745564884));
#13388=CARTESIAN_POINT('Ctrl Pts',(13.4196222236881,60.1568859582767,-10.4361745564884));
#13389=CARTESIAN_POINT('Ctrl Pts',(13.472230526396,60.2744936650895,-10.3685268236579));
#13390=CARTESIAN_POINT('Ctrl Pts',(13.5777374355227,60.5119876753994,-10.2313467287895));
#13391=CARTESIAN_POINT('Ctrl Pts',(13.7319526950901,60.6771786387038,-10.0225070442553));
#13392=CARTESIAN_POINT('Ctrl Pts',(13.8083898270241,60.7605665689334,-9.91606627574354));
#13393=CARTESIAN_POINT('',(13.276002650844,59.1746204858646,-10.6182745121222));
#13394=CARTESIAN_POINT('Ctrl Pts',(13.276002650844,59.1746204858646,-10.6182745121222));
#13395=CARTESIAN_POINT('Ctrl Pts',(13.2793035965559,59.3615343365455,-10.6141473477725));
#13396=CARTESIAN_POINT('Ctrl Pts',(13.2854664469675,59.7021637023865,-10.606743459447));
#13397=CARTESIAN_POINT('Ctrl Pts',(13.3781982297842,60.0154910161922,-10.4894406595205));
#13398=CARTESIAN_POINT('Ctrl Pts',(13.4196222236881,60.1568859582767,-10.4361745564884));
#13399=CARTESIAN_POINT('',(13.3910975998288,58.1207293039188,-10.4727505972338));
#13400=CARTESIAN_POINT('Ctrl Pts',(13.3910975998288,58.1207293039188,-10.4727505972338));
#13401=CARTESIAN_POINT('Ctrl Pts',(13.3578306842174,58.308160537194,-10.5152877043348));
#13402=CARTESIAN_POINT('Ctrl Pts',(13.2958886062415,58.6544442527208,-10.5934985253702));
#13403=CARTESIAN_POINT('Ctrl Pts',(13.2822428613408,59.0110382951473,-10.6104723922012));
#13404=CARTESIAN_POINT('Ctrl Pts',(13.276002650844,59.1746204858646,-10.6182745121222));
#13405=CARTESIAN_POINT('',(12.097593230681,58.3253687387332,-11.9435437800086));
#13406=CARTESIAN_POINT('Ctrl Pts',(12.097593230681,58.3253687387332,-11.9435437800086));
#13407=CARTESIAN_POINT('Ctrl Pts',(12.5565425105791,58.2571555937951,-11.4786749099321));
#13408=CARTESIAN_POINT('Ctrl Pts',(12.9886658397343,58.1889424488569,-10.9873243882032));
#13409=CARTESIAN_POINT('Ctrl Pts',(13.3910975998288,58.1207293039188,-10.4727505972338));
#13410=CARTESIAN_POINT('Ctrl Pts',(11.9170026686802,59.5122736459598,-12.1237390022497));
#13411=CARTESIAN_POINT('Ctrl Pts',(11.9264191444826,59.3233816388563,-12.1144830980071));
#13412=CARTESIAN_POINT('Ctrl Pts',(11.9466805129967,58.9185371927073,-12.0947258235367));
#13413=CARTESIAN_POINT('Ctrl Pts',(12.0453870954701,58.5317102611467,-11.9964232770456));
#13414=CARTESIAN_POINT('Ctrl Pts',(12.097593230681,58.3253687387332,-11.9435437800086));
#13415=CARTESIAN_POINT('Ctrl Pts',(10.8135756769294,61.0265987878665,-10.3955077355231));
#13416=CARTESIAN_POINT('Ctrl Pts',(11.2941790403485,61.0265987878665,-10.8575303015464));
#13417=CARTESIAN_POINT('Ctrl Pts',(11.7747824037676,61.0265987878665,-11.3195528675696));
#13418=CARTESIAN_POINT('Ctrl Pts',(12.2553857671866,61.0265987878665,-11.7815754335929));
#13419=CARTESIAN_POINT('Ctrl Pts',(10.7277784478545,60.7997312687801,-10.4847554041388));
#13420=CARTESIAN_POINT('Ctrl Pts',(11.204574267074,60.7997312687801,-10.9507502984544));
#13421=CARTESIAN_POINT('Ctrl Pts',(11.681353088349,60.7997312687801,-11.4167278970418));
#13422=CARTESIAN_POINT('Ctrl Pts',(12.1581489075685,60.7997312687801,-11.8827227913573));
#13423=CARTESIAN_POINT('Ctrl Pts',(10.5464193730123,60.3281434559797,-10.6673429396663));
#13424=CARTESIAN_POINT('Ctrl Pts',(11.0151487816747,60.3281434559797,-11.1414467105877));
#13425=CARTESIAN_POINT('Ctrl Pts',(11.4838792140847,60.3281434559797,-11.6155515607004));
#13426=CARTESIAN_POINT('Ctrl Pts',(11.9526086227472,60.3281434559797,-12.0896553316218));
#13427=CARTESIAN_POINT('Ctrl Pts',(10.5255973485914,59.7910083101702,-10.6870024406943));
#13428=CARTESIAN_POINT('Ctrl Pts',(10.9933970432924,59.7910083101702,-11.1619756398632));
#13429=CARTESIAN_POINT('Ctrl Pts',(11.4612106337026,59.7910083101702,-11.6369629002847));
#13430=CARTESIAN_POINT('Ctrl Pts',(11.9290103284036,59.7910083101702,-12.1119360994536));
#13431=CARTESIAN_POINT('Ctrl Pts',(10.5150023547178,59.5122736459598,-10.6974167666909));
#13432=CARTESIAN_POINT('Ctrl Pts',(10.9823357927053,59.5122736459598,-11.1728575118771));
#13433=CARTESIAN_POINT('Ctrl Pts',(11.4496692306927,59.5122736459598,-11.6482982570634));
#13434=CARTESIAN_POINT('Ctrl Pts',(11.9170026686802,59.5122736459598,-12.1237390022497));
#13435=CARTESIAN_POINT('',(10.8135756769294,61.0265987878665,-10.3955077355231));
#13436=CARTESIAN_POINT('',(10.5150023547178,59.5122736459598,-10.6974167666909));
#13437=CARTESIAN_POINT('Ctrl Pts',(11.6949223698583,62.1521109109744,-9.3930181924123));
#13438=CARTESIAN_POINT('Ctrl Pts',(12.2146966974075,62.1521109109744,-9.81048566763062));
#13439=CARTESIAN_POINT('Ctrl Pts',(12.7344710249568,62.1521109109744,-10.2279531428489));
#13440=CARTESIAN_POINT('Ctrl Pts',(13.254245352506,62.1521109109744,-10.6454206180673));
#13441=CARTESIAN_POINT('Ctrl Pts',(11.5217825236974,61.9921086265596,-9.60858863191344));
#13442=CARTESIAN_POINT('Ctrl Pts',(12.0338733086965,61.9921086265596,-10.0356475756987));
#13443=CARTESIAN_POINT('Ctrl Pts',(12.5459294085246,61.9921086265596,-10.46267483905));
#13444=CARTESIAN_POINT('Ctrl Pts',(13.0580201935237,61.9921086265596,-10.8897337828352));
#13445=CARTESIAN_POINT('Ctrl Pts',(11.1884559013953,61.6954788812962,-9.99820210695902));
#13446=CARTESIAN_POINT('Ctrl Pts',(11.6857199278589,61.6954788812962,-10.4425659710397));
#13447=CARTESIAN_POINT('Ctrl Pts',(12.1829859951177,61.6954788812962,-10.8869318571396));
#13448=CARTESIAN_POINT('Ctrl Pts',(12.6802500215813,61.6954788812962,-11.3312957212202));
#13449=CARTESIAN_POINT('Ctrl Pts',(10.93294250069,61.2375298179526,-10.27134043029));
#13450=CARTESIAN_POINT('Ctrl Pts',(11.4188423381289,61.2375298179526,-10.7278366061902));
#13451=CARTESIAN_POINT('Ctrl Pts',(11.9047683300097,61.2375298179526,-11.1843563117619));
#13452=CARTESIAN_POINT('Ctrl Pts',(12.3906681674486,61.2375298179526,-11.640852487662));
#13453=CARTESIAN_POINT('Ctrl Pts',(10.8135756769294,61.0265987878665,-10.3955077355231));
#13454=CARTESIAN_POINT('Ctrl Pts',(11.2941790403485,61.0265987878665,-10.8575303015464));
#13455=CARTESIAN_POINT('Ctrl Pts',(11.7747824037676,61.0265987878665,-11.3195528675696));
#13456=CARTESIAN_POINT('Ctrl Pts',(12.2553857671866,61.0265987878665,-11.7815754335929));
#13457=CARTESIAN_POINT('',(11.6949223698583,62.1521109109744,-9.3930181924123));
#13458=CARTESIAN_POINT('Ctrl Pts',(13.0744503046465,63.1855362420902,-7.35246552058077));
#13459=CARTESIAN_POINT('Ctrl Pts',(13.655536984853,63.1855362420902,-7.67924176593992));
#13460=CARTESIAN_POINT('Ctrl Pts',(14.2366236650595,63.1855362420902,-8.00601801129907));
#13461=CARTESIAN_POINT('Ctrl Pts',(14.817710345266,63.1855362420902,-8.33279425665821));
#13462=CARTESIAN_POINT('Ctrl Pts',(12.82549785232,62.9978796241322,-7.79516279771197));
#13463=CARTESIAN_POINT('Ctrl Pts',(13.3955267084269,62.9978796241322,-8.14161938133447));
#13464=CARTESIAN_POINT('Ctrl Pts',(13.9655353765226,62.9978796241322,-8.48806125378441));
#13465=CARTESIAN_POINT('Ctrl Pts',(14.5355642326294,62.9978796241322,-8.8345178374069));
#13466=CARTESIAN_POINT('Ctrl Pts',(12.3774815842792,62.6886263342753,-8.50339016811285));
#13467=CARTESIAN_POINT('Ctrl Pts',(12.9275914117122,62.6886263342753,-8.88131827773556));
#13468=CARTESIAN_POINT('Ctrl Pts',(13.47770263475,62.6886263342753,-9.25924741423852));
#13469=CARTESIAN_POINT('Ctrl Pts',(14.0278124621831,62.6886263342753,-9.63717552386123));
#13470=CARTESIAN_POINT('Ctrl Pts',(11.8930361886453,62.3035290279217,-9.14635352258526));
#13471=CARTESIAN_POINT('Ctrl Pts',(12.4216120092526,62.3035290279217,-9.55285555178296));
#13472=CARTESIAN_POINT('Ctrl Pts',(12.9501985265241,62.3035290279217,-9.95936529639892));
#13473=CARTESIAN_POINT('Ctrl Pts',(13.4787743471314,62.3035290279217,-10.3658673255966));
#13474=CARTESIAN_POINT('Ctrl Pts',(11.6949223698583,62.1521109109744,-9.3930181924123));
#13475=CARTESIAN_POINT('Ctrl Pts',(12.2146966974075,62.1521109109744,-9.81048566763062));
#13476=CARTESIAN_POINT('Ctrl Pts',(12.7344710249568,62.1521109109744,-10.2279531428489));
#13477=CARTESIAN_POINT('Ctrl Pts',(13.254245352506,62.1521109109744,-10.6454206180673));
#13478=CARTESIAN_POINT('',(13.0744503046465,63.1855362420902,-7.35246552058077));
#13479=CARTESIAN_POINT('Ctrl Pts',(14.623849670749,67.3192327981815,3.33811635617058));
#13480=CARTESIAN_POINT('Ctrl Pts',(15.2737985450045,67.3192327981815,3.4864770831115));
#13481=CARTESIAN_POINT('Ctrl Pts',(15.9237474192601,67.3192327981815,3.63483781005241));
#13482=CARTESIAN_POINT('Ctrl Pts',(16.5736962935156,67.3192327981815,3.78319853699332));
#13483=CARTESIAN_POINT('Ctrl Pts',(14.975161843228,66.7287047187399,1.79906383382797));
#13484=CARTESIAN_POINT('Ctrl Pts',(15.6407373420703,66.7287047187399,1.87903449219541));
#13485=CARTESIAN_POINT('Ctrl Pts',(16.3062745901496,66.7287047187399,1.95896835330427));
#13486=CARTESIAN_POINT('Ctrl Pts',(16.9718500889918,66.7287047187399,2.0389390116717));
#13487=CARTESIAN_POINT('Ctrl Pts',(15.2242158954363,65.3508058667094,-1.92279339738906));
#13488=CARTESIAN_POINT('Ctrl Pts',(15.9008162766945,65.3508058667094,-2.00824187554017));
#13489=CARTESIAN_POINT('Ctrl Pts',(16.577510966903,65.3508058667094,-2.09371737222315));
#13490=CARTESIAN_POINT('Ctrl Pts',(17.2541113481612,65.3508058667094,-2.17916585037427));
#13491=CARTESIAN_POINT('Ctrl Pts',(14.1061741311043,63.972907014679,-5.51781266034172));
#13492=CARTESIAN_POINT('Ctrl Pts',(14.7332193949497,63.972907014679,-5.76308494078999));
#13493=CARTESIAN_POINT('Ctrl Pts',(15.3599520847395,63.972907014679,-6.00824873460567));
#13494=CARTESIAN_POINT('Ctrl Pts',(15.9869973485849,63.972907014679,-6.25352101505395));
#13495=CARTESIAN_POINT('Ctrl Pts',(13.0744503046465,63.1855362420902,-7.35246552058077));
#13496=CARTESIAN_POINT('Ctrl Pts',(13.655536984853,63.1855362420902,-7.67924176593992));
#13497=CARTESIAN_POINT('Ctrl Pts',(14.2366236650595,63.1855362420902,-8.00601801129906));
#13498=CARTESIAN_POINT('Ctrl Pts',(14.817710345266,63.1855362420902,-8.33279425665821));
#13499=CARTESIAN_POINT('',(14.623849670749,67.3192327981815,3.33811635617058));
#13500=CARTESIAN_POINT('Origin',(14.623849670749,66.3983577257022,3.33811635617058));
#13501=CARTESIAN_POINT('',(14.623849670749,65.477482653223,3.33811635617058));
#13502=CARTESIAN_POINT('Ctrl Pts',(14.7074683354336,63.154837465845,-2.94794422644288));
#13503=CARTESIAN_POINT('Ctrl Pts',(15.3611335947862,63.154837465845,-3.07896396984034));
#13504=CARTESIAN_POINT('Ctrl Pts',(16.0147988541388,63.154837465845,-3.2099837132378));
#13505=CARTESIAN_POINT('Ctrl Pts',(16.6684641134914,63.154837465845,-3.34100345663527));
#13506=CARTESIAN_POINT('Ctrl Pts',(15.1223791002452,63.9290525283044,-0.877929848029822));
#13507=CARTESIAN_POINT('Ctrl Pts',(15.7945478144289,63.9290525283044,-0.916950213780212));
#13508=CARTESIAN_POINT('Ctrl Pts',(16.4665275994275,63.9290525283044,-0.955966795350074));
#13509=CARTESIAN_POINT('Ctrl Pts',(17.1386963136112,63.9290525283044,-0.994987161100465));
#13510=CARTESIAN_POINT('Ctrl Pts',(15.0936755236078,64.7032675907637,1.27987095350869));
#13511=CARTESIAN_POINT('Ctrl Pts',(15.7645684674382,64.7032675907637,1.33675704310253));
#13512=CARTESIAN_POINT('Ctrl Pts',(16.4352726495918,64.7032675907637,1.39363432438267));
#13513=CARTESIAN_POINT('Ctrl Pts',(17.1061655934222,64.7032675907637,1.45052041397651));
#13514=CARTESIAN_POINT('Ctrl Pts',(14.623849670749,65.477482653223,3.33811635617058));
#13515=CARTESIAN_POINT('Ctrl Pts',(15.2737985450045,65.477482653223,3.4864770831115));
#13516=CARTESIAN_POINT('Ctrl Pts',(15.92374741926,65.477482653223,3.63483781005241));
#13517=CARTESIAN_POINT('Ctrl Pts',(16.5736962935156,65.477482653223,3.78319853699332));
#13518=CARTESIAN_POINT('',(14.7074683354336,63.154837465845,-2.94794422644288));
#13519=CARTESIAN_POINT('Ctrl Pts',(14.0231107872707,62.3976772790775,-5.32469377973346));
#13520=CARTESIAN_POINT('Ctrl Pts',(14.6463601555938,62.3976772790775,-5.5613468366105));
#13521=CARTESIAN_POINT('Ctrl Pts',(15.269609523917,62.3976772790775,-5.79799989348754));
#13522=CARTESIAN_POINT('Ctrl Pts',(15.8928588922401,62.3976772790775,-6.03465295036459));
#13523=CARTESIAN_POINT('Ctrl Pts',(14.1720132150386,62.5081983241286,-4.93254442289529));
#13524=CARTESIAN_POINT('Ctrl Pts',(14.8018841405196,62.5081983241286,-5.1517696497778));
#13525=CARTESIAN_POINT('Ctrl Pts',(15.4317440515627,62.5081983241286,-5.37099178573214));
#13526=CARTESIAN_POINT('Ctrl Pts',(16.0616149770437,62.5081983241286,-5.59021701261466));
#13527=CARTESIAN_POINT('Ctrl Pts',(14.4353430964555,62.7282720328142,-4.13912356294711));
#13528=CARTESIAN_POINT('Ctrl Pts',(15.076913786551,62.7282720328142,-4.32308460253053));
#13529=CARTESIAN_POINT('Ctrl Pts',(15.7184848192206,62.7282720328142,-4.50704566508998));
#13530=CARTESIAN_POINT('Ctrl Pts',(16.3600555093162,62.7282720328142,-4.69100670467339));
#13531=CARTESIAN_POINT('Ctrl Pts',(14.6276898147915,63.0130667116605,-3.34596399074715));
#13532=CARTESIAN_POINT('Ctrl Pts',(15.2778060353097,63.0130667116605,-3.49467251171956));
#13533=CARTESIAN_POINT('Ctrl Pts',(15.9279322362456,63.0130667116605,-3.64338400187436));
#13534=CARTESIAN_POINT('Ctrl Pts',(16.5780484567637,63.0130667116605,-3.79209252284677));
#13535=CARTESIAN_POINT('Ctrl Pts',(14.7074683354336,63.154837465845,-2.94794422644288));
#13536=CARTESIAN_POINT('Ctrl Pts',(15.3611335947862,63.154837465845,-3.07896396984034));
#13537=CARTESIAN_POINT('Ctrl Pts',(16.0147988541388,63.154837465845,-3.2099837132378));
#13538=CARTESIAN_POINT('Ctrl Pts',(16.6684641134914,63.154837465845,-3.34100345663527));
#13539=CARTESIAN_POINT('',(14.0231107872707,62.3976772790775,-5.32469377973346));
#13540=CARTESIAN_POINT('Ctrl Pts',(14.7154569350153,61.6098183160648,-2.90780453155125));
#13541=CARTESIAN_POINT('Ctrl Pts',(15.3694772432382,61.6098183160648,-3.03704028850908));
#13542=CARTESIAN_POINT('Ctrl Pts',(16.0234975514611,61.6098183160648,-3.16627604546692));
#13543=CARTESIAN_POINT('Ctrl Pts',(16.677517859684,61.6098183160648,-3.29551180242475));
#13544=CARTESIAN_POINT('Ctrl Pts',(14.6364080716079,61.7535889982488,-3.30784522638217));
#13545=CARTESIAN_POINT('Ctrl Pts',(15.2869119739912,61.7535889982488,-3.45485965053027));
#13546=CARTESIAN_POINT('Ctrl Pts',(15.9374252454389,61.7535889982488,-3.60187683241836));
#13547=CARTESIAN_POINT('Ctrl Pts',(16.5879291478222,61.7535889982488,-3.74889125656646));
#13548=CARTESIAN_POINT('Ctrl Pts',(14.4427400723035,62.0461001328806,-4.11529712908952));
#13549=CARTESIAN_POINT('Ctrl Pts',(15.0846394827522,62.0461001328806,-4.29819920563873));
#13550=CARTESIAN_POINT('Ctrl Pts',(15.726539338162,62.0461001328806,-4.48110133641892));
#13551=CARTESIAN_POINT('Ctrl Pts',(16.3684387486107,62.0461001328806,-4.66400341296813));
#13552=CARTESIAN_POINT('Ctrl Pts',(14.1762300749457,62.2791649715259,-4.92143890282252));
#13553=CARTESIAN_POINT('Ctrl Pts',(14.8062883475883,62.2791649715259,-5.14017052044893));
#13554=CARTESIAN_POINT('Ctrl Pts',(15.4363358122959,62.2791649715259,-5.35889913890578));
#13555=CARTESIAN_POINT('Ctrl Pts',(16.0663940849385,62.2791649715259,-5.57763075653219));
#13556=CARTESIAN_POINT('Ctrl Pts',(14.0231107872707,62.3976772790775,-5.32469377973346));
#13557=CARTESIAN_POINT('Ctrl Pts',(14.6463601555938,62.3976772790775,-5.5613468366105));
#13558=CARTESIAN_POINT('Ctrl Pts',(15.269609523917,62.3976772790775,-5.79799989348754));
#13559=CARTESIAN_POINT('Ctrl Pts',(15.8928588922401,62.3976772790775,-6.03465295036459));
#13560=CARTESIAN_POINT('',(14.7154569350153,61.6098183160648,-2.90780453155125));
#13561=CARTESIAN_POINT('Ctrl Pts',(14.623849670749,59.3485611444339,3.33811635617058));
#13562=CARTESIAN_POINT('Ctrl Pts',(15.2737985450045,59.3485611444339,3.4864770831115));
#13563=CARTESIAN_POINT('Ctrl Pts',(15.9237474192601,59.3485611444339,3.63483781005241));
#13564=CARTESIAN_POINT('Ctrl Pts',(16.5736962935156,59.3485611444339,3.78319853699332));
#13565=CARTESIAN_POINT('Ctrl Pts',(15.0906395488208,60.1023135349775,1.29317116061751));
#13566=CARTESIAN_POINT('Ctrl Pts',(15.761395948499,60.1023135349775,1.35064836589159));
#13567=CARTESIAN_POINT('Ctrl Pts',(16.4319684223186,60.1023135349775,1.40811677675909));
#13568=CARTESIAN_POINT('Ctrl Pts',(17.1027248219969,60.1023135349775,1.46559398203318));
#13569=CARTESIAN_POINT('Ctrl Pts',(15.1220735948061,60.8560659255212,-0.850049314071201));
#13570=CARTESIAN_POINT('Ctrl Pts',(15.7942271227956,60.8560659255212,-0.887830415785682));
#13571=CARTESIAN_POINT('Ctrl Pts',(16.4661965461242,60.8560659255212,-0.925608120899547));
#13572=CARTESIAN_POINT('Ctrl Pts',(17.1383500741136,60.8560659255212,-0.963389222614028));
#13573=CARTESIAN_POINT('Ctrl Pts',(14.7154569350153,61.6098183160648,-2.90780453155125));
#13574=CARTESIAN_POINT('Ctrl Pts',(15.3694772432382,61.6098183160648,-3.03704028850908));
#13575=CARTESIAN_POINT('Ctrl Pts',(16.0234975514611,61.6098183160648,-3.16627604546692));
#13576=CARTESIAN_POINT('Ctrl Pts',(16.677517859684,61.6098183160648,-3.29551180242475));
#13577=CARTESIAN_POINT('',(14.623849670749,59.3485611444339,3.33811635617058));
#13578=CARTESIAN_POINT('Origin',(14.623849670749,58.3560651307926,3.33811635617058));
#13579=CARTESIAN_POINT('',(14.623849670749,57.3635691171512,3.33811635617058));
#13580=CARTESIAN_POINT('Ctrl Pts',(13.1539149002452,61.4870327478275,-7.20933580831884));
#13581=CARTESIAN_POINT('Ctrl Pts',(13.7385333402561,61.4870327478275,-7.52975073313301));
#13582=CARTESIAN_POINT('Ctrl Pts',(14.323151780267,61.4870327478275,-7.85016565794718));
#13583=CARTESIAN_POINT('Ctrl Pts',(14.9077702202779,61.4870327478275,-8.17058058276135));
#13584=CARTESIAN_POINT('Ctrl Pts',(13.9014040290554,60.8979665148737,-5.84549194660247));
#13585=CARTESIAN_POINT('Ctrl Pts',(14.5192525722962,60.8979665148737,-6.10530584577391));
#13586=CARTESIAN_POINT('Ctrl Pts',(15.1370760230219,60.8979665148737,-6.36507697364469));
#13587=CARTESIAN_POINT('Ctrl Pts',(15.7549245662627,60.8979665148737,-6.62489087281613));
#13588=CARTESIAN_POINT('Ctrl Pts',(15.1475522385751,59.5234786379816,-2.3897653427308));
#13589=CARTESIAN_POINT('Ctrl Pts',(15.8207459258852,59.5234786379816,-2.49597696152444));
#13590=CARTESIAN_POINT('Ctrl Pts',(16.4940321830749,59.5234786379816,-2.60218910296792));
#13591=CARTESIAN_POINT('Ctrl Pts',(17.1672258703851,59.5234786379816,-2.70840072176157));
#13592=CARTESIAN_POINT('Ctrl Pts',(15.0853264287164,58.1489907610895,1.31644724251456));
#13593=CARTESIAN_POINT('Ctrl Pts',(15.7558891455325,58.1489907610895,1.37496108386074));
#13594=CARTESIAN_POINT('Ctrl Pts',(16.4261405690625,58.1489907610895,1.43345970017032));
#13595=CARTESIAN_POINT('Ctrl Pts',(17.0967032858786,58.1489907610895,1.4919735415165));
#13596=CARTESIAN_POINT('Ctrl Pts',(14.623849670749,57.3635691171512,3.33811635617058));
#13597=CARTESIAN_POINT('Ctrl Pts',(15.2737985450045,57.3635691171512,3.48647708311149));
#13598=CARTESIAN_POINT('Ctrl Pts',(15.9237474192601,57.3635691171512,3.63483781005241));
#13599=CARTESIAN_POINT('Ctrl Pts',(16.5736962935156,57.3635691171512,3.78319853699332));
#13600=CARTESIAN_POINT('',(13.1539149002452,61.4870327478275,-7.20933580831884));
#13601=CARTESIAN_POINT('Ctrl Pts',(12.9316441651581,61.3233250146732,-7.60082753295532));
#13602=CARTESIAN_POINT('Ctrl Pts',(13.5063839058318,61.3233250146732,-7.93864208997556));
#13603=CARTESIAN_POINT('Ctrl Pts',(14.0811236465055,61.3233250146732,-8.2764566469958));
#13604=CARTESIAN_POINT('Ctrl Pts',(14.6558633871792,61.3233250146732,-8.61427120401603));
#13605=CARTESIAN_POINT('Ctrl Pts',(12.9636622461203,61.3452482268797,-7.54635367098985));
#13606=CARTESIAN_POINT('Ctrl Pts',(13.5398250478543,61.3452482268797,-7.88174718765314));
#13607=CARTESIAN_POINT('Ctrl Pts',(14.1159877438689,61.3452482268797,-8.21714064379187));
#13608=CARTESIAN_POINT('Ctrl Pts',(14.692150545603,61.3452482268797,-8.55253416045516));
#13609=CARTESIAN_POINT('Ctrl Pts',(13.0392866992813,61.3975949919036,-7.41579913794542));
#13610=CARTESIAN_POINT('Ctrl Pts',(13.6188105560484,61.3975949919036,-7.7453902127703));
#13611=CARTESIAN_POINT('Ctrl Pts',(14.1983344024184,61.3975949919036,-8.07498128151325));
#13612=CARTESIAN_POINT('Ctrl Pts',(14.7778582591855,61.3975949919036,-8.40457235633814));
#13613=CARTESIAN_POINT('Ctrl Pts',(13.1121972150053,61.4541584716113,-7.28545251255768));
#13614=CARTESIAN_POINT('Ctrl Pts',(13.6949614805838,61.4541584716113,-7.60925037032342));
#13615=CARTESIAN_POINT('Ctrl Pts',(14.2777259114275,61.4541584716113,-7.93304832313296));
#13616=CARTESIAN_POINT('Ctrl Pts',(14.860490177006,61.4541584716113,-8.25684618089871));
#13617=CARTESIAN_POINT('Ctrl Pts',(13.1539149002452,61.4870327478275,-7.20933580831884));
#13618=CARTESIAN_POINT('Ctrl Pts',(13.7385333402561,61.4870327478275,-7.52975073313301));
#13619=CARTESIAN_POINT('Ctrl Pts',(14.323151780267,61.4870327478275,-7.85016565794718));
#13620=CARTESIAN_POINT('Ctrl Pts',(14.9077702202779,61.4870327478275,-8.17058058276135));
#13621=CARTESIAN_POINT('',(12.9316441651581,61.3233250146732,-7.60082753295532));
#13622=CARTESIAN_POINT('Ctrl Pts',(12.1838733767859,60.7605665689334,-8.74947024330312));
#13623=CARTESIAN_POINT('Ctrl Pts',(12.7253788601986,60.7605665689334,-9.13833558744993));
#13624=CARTESIAN_POINT('Ctrl Pts',(13.2668843436114,60.7605665689334,-9.52720093159673));
#13625=CARTESIAN_POINT('Ctrl Pts',(13.8083898270241,60.7605665689334,-9.91606627574354));
#13626=CARTESIAN_POINT('Ctrl Pts',(12.2767808287743,60.8388578384758,-8.62009410974207));
#13627=CARTESIAN_POINT('Ctrl Pts',(12.8224141806354,60.8388578384758,-9.0032084735887));
#13628=CARTESIAN_POINT('Ctrl Pts',(13.3680515874164,60.8388578384758,-9.38632562719438));
#13629=CARTESIAN_POINT('Ctrl Pts',(13.9136849392775,60.8388578384758,-9.76943999104102));
#13630=CARTESIAN_POINT('Ctrl Pts',(12.5302003681486,61.0571090903976,-8.25542352120364));
#13631=CARTESIAN_POINT('Ctrl Pts',(13.0870980613898,61.0571090903976,-8.62233116870317));
#13632=CARTESIAN_POINT('Ctrl Pts',(13.6439960573272,61.0571090903976,-8.9892390098646));
#13633=CARTESIAN_POINT('Ctrl Pts',(14.2008937505684,61.0571090903976,-9.35614665736413));
#13634=CARTESIAN_POINT('Ctrl Pts',(12.7796354101874,61.2193093599341,-7.85944715308841));
#13635=CARTESIAN_POINT('Ctrl Pts',(13.3476221604582,61.2193093599341,-8.20875794763954));
#13636=CARTESIAN_POINT('Ctrl Pts',(13.9156000479416,61.2193093599341,-8.55806264561574));
#13637=CARTESIAN_POINT('Ctrl Pts',(14.4835867982124,61.2193093599341,-8.90737344016687));
#13638=CARTESIAN_POINT('Ctrl Pts',(12.9316441651581,61.3233250146732,-7.60082753295532));
#13639=CARTESIAN_POINT('Ctrl Pts',(13.5063839058318,61.3233250146732,-7.93864208997556));
#13640=CARTESIAN_POINT('Ctrl Pts',(14.0811236465055,61.3233250146732,-8.2764566469958));
#13641=CARTESIAN_POINT('Ctrl Pts',(14.6558633871792,61.3233250146732,-8.61427120401603));
#13642=CARTESIAN_POINT('',(12.1838733767859,60.7605665689334,-8.74947024330312));
#13643=CARTESIAN_POINT('Ctrl Pts',(11.8408431385484,60.1568859582767,-9.20838931454857));
#13644=CARTESIAN_POINT('Ctrl Pts',(12.367102833595,60.1568859582767,-9.61765106186184));
#13645=CARTESIAN_POINT('Ctrl Pts',(12.8933625286415,60.1568859582767,-10.0269128091751));
#13646=CARTESIAN_POINT('Ctrl Pts',(13.4196222236881,60.1568859582767,-10.4361745564884));
#13647=CARTESIAN_POINT('Ctrl Pts',(11.887262229173,60.2744936650895,-9.14870013852168));
#13648=CARTESIAN_POINT('Ctrl Pts',(12.4155825494173,60.2744936650895,-9.55530719316329));
#13649=CARTESIAN_POINT('Ctrl Pts',(12.9439102061517,60.2744936650895,-9.96191976901628));
#13650=CARTESIAN_POINT('Ctrl Pts',(13.472230526396,60.2744936650895,-10.3685268236579));
#13651=CARTESIAN_POINT('Ctrl Pts',(11.9803565607553,60.5119876753994,-9.02765887834363));
#13652=CARTESIAN_POINT('Ctrl Pts',(12.5128167775579,60.5119876753994,-9.42888809906206));
#13653=CARTESIAN_POINT('Ctrl Pts',(13.0452772187202,60.5119876753994,-9.83011750807102));
#13654=CARTESIAN_POINT('Ctrl Pts',(13.5777374355227,60.5119876753994,-10.2313467287895));
#13655=CARTESIAN_POINT('Ctrl Pts',(12.1164288486089,60.6771786387038,-8.84338856846058));
#13656=CARTESIAN_POINT('Ctrl Pts',(12.6549395106353,60.6771786387038,-9.23643011762332));
#13657=CARTESIAN_POINT('Ctrl Pts',(13.1934420330637,60.6771786387038,-9.62946549509259));
#13658=CARTESIAN_POINT('Ctrl Pts',(13.7319526950901,60.6771786387038,-10.0225070442553));
#13659=CARTESIAN_POINT('Ctrl Pts',(12.1838733767859,60.7605665689334,-8.74947024330312));
#13660=CARTESIAN_POINT('Ctrl Pts',(12.7253788601986,60.7605665689334,-9.13833558744993));
#13661=CARTESIAN_POINT('Ctrl Pts',(13.2668843436114,60.7605665689334,-9.52720093159673));
#13662=CARTESIAN_POINT('Ctrl Pts',(13.8083898270241,60.7605665689334,-9.91606627574354));
#13663=CARTESIAN_POINT('',(11.8408431385484,60.1568859582767,-9.20838931454857));
#13664=CARTESIAN_POINT('Ctrl Pts',(11.7141199860388,59.1746204858646,-9.36906574599018));
#13665=CARTESIAN_POINT('Ctrl Pts',(12.2347475409739,59.1746204858646,-9.78546866803418));
#13666=CARTESIAN_POINT('Ctrl Pts',(12.7553750959089,59.1746204858646,-10.2018715900782));
#13667=CARTESIAN_POINT('Ctrl Pts',(13.276002650844,59.1746204858646,-10.6182745121222));
#13668=CARTESIAN_POINT('Ctrl Pts',(11.7170325851964,59.3615343365455,-9.36542413038752));
#13669=CARTESIAN_POINT('Ctrl Pts',(12.2377880772929,59.3615343365455,-9.78166399748362));
#13670=CARTESIAN_POINT('Ctrl Pts',(12.7585481044593,59.3615343365455,-10.1979074806764));
#13671=CARTESIAN_POINT('Ctrl Pts',(13.2793035965559,59.3615343365455,-10.6141473477725));
#13672=CARTESIAN_POINT('Ctrl Pts',(11.7224703943831,59.7021637023865,-9.35889128774736));
#13673=CARTESIAN_POINT('Ctrl Pts',(12.243469014935,59.7021637023865,-9.77484195930089));
#13674=CARTESIAN_POINT('Ctrl Pts',(12.7644678264156,59.7021637023865,-10.1907927878935));
#13675=CARTESIAN_POINT('Ctrl Pts',(13.2854664469675,59.7021637023865,-10.606743459447));
#13676=CARTESIAN_POINT('Ctrl Pts',(11.804292555692,60.0154910161922,-9.25538881722394));
#13677=CARTESIAN_POINT('Ctrl Pts',(12.3289293850544,60.0154910161922,-9.66674071436318));
#13678=CARTESIAN_POINT('Ctrl Pts',(12.8535614004218,60.0154910161922,-10.0780887623812));
#13679=CARTESIAN_POINT('Ctrl Pts',(13.3781982297842,60.0154910161922,-10.4894406595205));
#13680=CARTESIAN_POINT('Ctrl Pts',(11.8408431385484,60.1568859582767,-9.20838931454857));
#13681=CARTESIAN_POINT('Ctrl Pts',(12.367102833595,60.1568859582767,-9.61765106186184));
#13682=CARTESIAN_POINT('Ctrl Pts',(12.8933625286415,60.1568859582767,-10.0269128091751));
#13683=CARTESIAN_POINT('Ctrl Pts',(13.4196222236881,60.1568859582767,-10.4361745564884));
#13684=CARTESIAN_POINT('',(11.7141199860388,59.1746204858646,-9.36906574599018));
#13685=CARTESIAN_POINT('Ctrl Pts',(11.8156743527901,58.1207293039188,-9.24066229167687));
#13686=CARTESIAN_POINT('Ctrl Pts',(12.3408154351363,58.1207293039188,-9.65135839352917));
#13687=CARTESIAN_POINT('Ctrl Pts',(12.8659565174825,58.1207293039188,-10.0620544953815));
#13688=CARTESIAN_POINT('Ctrl Pts',(13.3910975998288,58.1207293039188,-10.4727505972338));
#13689=CARTESIAN_POINT('Ctrl Pts',(11.7863211919565,58.308160537194,-9.27819503323658));
#13690=CARTESIAN_POINT('Ctrl Pts',(12.310158477733,58.308160537194,-9.69055988770718));
#13691=CARTESIAN_POINT('Ctrl Pts',(12.833993398441,58.308160537194,-10.1029228498642));
#13692=CARTESIAN_POINT('Ctrl Pts',(13.3578306842174,58.308160537194,-10.5152877043348));
#13693=CARTESIAN_POINT('Ctrl Pts',(11.7316664172719,58.6544442527208,-9.34720458120897));
#13694=CARTESIAN_POINT('Ctrl Pts',(12.2530737317996,58.6544442527208,-9.76263583017917));
#13695=CARTESIAN_POINT('Ctrl Pts',(12.7744812917139,58.6544442527208,-10.1780672764));
#13696=CARTESIAN_POINT('Ctrl Pts',(13.2958886062415,58.6544442527208,-10.5934985253702));
#13697=CARTESIAN_POINT('Ctrl Pts',(11.7196260541242,59.0110382951473,-9.36218152253047));
#13698=CARTESIAN_POINT('Ctrl Pts',(12.2404978448334,59.0110382951473,-9.77827809694945));
#13699=CARTESIAN_POINT('Ctrl Pts',(12.7613710706316,59.0110382951473,-10.1943758177822));
#13700=CARTESIAN_POINT('Ctrl Pts',(13.2822428613408,59.0110382951473,-10.6104723922012));
#13701=CARTESIAN_POINT('Ctrl Pts',(11.7141199860388,59.1746204858646,-9.36906574599018));
#13702=CARTESIAN_POINT('Ctrl Pts',(12.2347475409739,59.1746204858646,-9.78546866803418));
#13703=CARTESIAN_POINT('Ctrl Pts',(12.7553750959089,59.1746204858646,-10.2018715900782));
#13704=CARTESIAN_POINT('Ctrl Pts',(13.276002650844,59.1746204858646,-10.6182745121222));
#13705=CARTESIAN_POINT('',(11.8156743527901,58.1207293039188,-9.24066229167686));
#13706=CARTESIAN_POINT('Ctrl Pts',(10.6743469682479,58.3253687387332,-10.5384209823605));
#13707=CARTESIAN_POINT('Ctrl Pts',(11.1487623890589,58.3253687387332,-11.0067952482432));
#13708=CARTESIAN_POINT('Ctrl Pts',(11.6231778098699,58.3253687387332,-11.4751695141259));
#13709=CARTESIAN_POINT('Ctrl Pts',(12.097593230681,58.3253687387332,-11.9435437800086));
#13710=CARTESIAN_POINT('Ctrl Pts',(11.0793022152169,58.2571555937951,-10.1282425675871));
#13711=CARTESIAN_POINT('Ctrl Pts',(11.5717159083236,58.2571555937951,-10.5783869157717));
#13712=CARTESIAN_POINT('Ctrl Pts',(12.0641288174725,58.2571555937951,-11.0285305617474));
#13713=CARTESIAN_POINT('Ctrl Pts',(12.5565425105791,58.2571555937951,-11.4786749099321));
#13714=CARTESIAN_POINT('Ctrl Pts',(11.4605875056479,58.1889424488569,-9.69469798959102));
#13715=CARTESIAN_POINT('Ctrl Pts',(11.9699472158775,58.1889424488569,-10.1255736850721));
#13716=CARTESIAN_POINT('Ctrl Pts',(12.4793061295047,58.1889424488569,-10.5564486927221));
#13717=CARTESIAN_POINT('Ctrl Pts',(12.9886658397343,58.1889424488569,-10.9873243882032));
#13718=CARTESIAN_POINT('Ctrl Pts',(11.8156743527901,58.1207293039188,-9.24066229167686));
#13719=CARTESIAN_POINT('Ctrl Pts',(12.3408154351363,58.1207293039188,-9.65135839352917));
#13720=CARTESIAN_POINT('Ctrl Pts',(12.8659565174825,58.1207293039188,-10.0620544953815));
#13721=CARTESIAN_POINT('Ctrl Pts',(13.3910975998288,58.1207293039188,-10.4727505972338));
#13722=CARTESIAN_POINT('',(10.6743469682479,58.3253687387332,-10.5384209823605));
#13723=CARTESIAN_POINT('Ctrl Pts',(10.5150023547178,59.5122736459598,-10.6974167666909));
#13724=CARTESIAN_POINT('Ctrl Pts',(10.9823357927053,59.5122736459598,-11.1728575118771));
#13725=CARTESIAN_POINT('Ctrl Pts',(11.4496692306927,59.5122736459598,-11.6482982570634));
#13726=CARTESIAN_POINT('Ctrl Pts',(11.9170026686802,59.5122736459598,-12.1237390022497));
#13727=CARTESIAN_POINT('Ctrl Pts',(10.5233110098376,59.3233816388563,-10.6892497923592));
#13728=CARTESIAN_POINT('Ctrl Pts',(10.9910128578198,59.3233816388563,-11.1643266839385));
#13729=CARTESIAN_POINT('Ctrl Pts',(11.4587172965003,59.3233816388563,-11.6394062064277));
#13730=CARTESIAN_POINT('Ctrl Pts',(11.9264191444826,59.3233816388563,-12.1144830980071));
#13731=CARTESIAN_POINT('Ctrl Pts',(10.5411886879383,58.9185371927073,-10.6718169031206));
#13732=CARTESIAN_POINT('Ctrl Pts',(11.009685826438,58.9185371927073,-11.1461197366166));
#13733=CARTESIAN_POINT('Ctrl Pts',(11.478183374497,58.9185371927073,-11.6204229900407));
#13734=CARTESIAN_POINT('Ctrl Pts',(11.9466805129967,58.9185371927073,-12.0947258235367));
#13735=CARTESIAN_POINT('Ctrl Pts',(10.6282827312972,58.5317102611467,-10.5850793620991));
#13736=CARTESIAN_POINT('Ctrl Pts',(11.1006522217724,58.5317102611467,-11.055528727258));
#13737=CARTESIAN_POINT('Ctrl Pts',(11.5730176049948,58.5317102611467,-11.5259739118867));
#13738=CARTESIAN_POINT('Ctrl Pts',(12.0453870954701,58.5317102611467,-11.9964232770456));
#13739=CARTESIAN_POINT('Ctrl Pts',(10.6743469682479,58.3253687387332,-10.5384209823605));
#13740=CARTESIAN_POINT('Ctrl Pts',(11.1487623890589,58.3253687387332,-11.0067952482432));
#13741=CARTESIAN_POINT('Ctrl Pts',(11.6231778098699,58.3253687387332,-11.4751695141259));
#13742=CARTESIAN_POINT('Ctrl Pts',(12.097593230681,58.3253687387332,-11.9435437800086));
#13743=CARTESIAN_POINT('Origin',(0.,0.,0.));
#13744=CARTESIAN_POINT('',(15.9092650371864,107.813078737818,-5.99126747663281));
#13745=CARTESIAN_POINT('',(14.9189029044139,107.813078737818,-8.15023534191935));
#13746=CARTESIAN_POINT('Origin',(0.,107.813078737818,0.));
#13747=CARTESIAN_POINT('',(15.9092650371864,105.715538836084,-5.99126747663281));
#13748=CARTESIAN_POINT('',(15.9092650371864,105.715538836084,-5.99126747663281));
#13749=CARTESIAN_POINT('',(14.9189029044139,105.715538836084,-8.15023534191935));
#13750=CARTESIAN_POINT('Origin',(0.,105.715538836084,0.));
#13751=CARTESIAN_POINT('',(14.9189029044139,107.813078737818,-8.15023534191935));
#13752=CARTESIAN_POINT('Origin',(13.6339739247494,107.813078737818,-6.25417900441414));
#13753=CARTESIAN_POINT('',(14.0375867975174,107.813078737818,-5.28641247938189));
#13754=CARTESIAN_POINT('',(13.1637378568358,107.813078737818,-7.19138412522296));
#13755=CARTESIAN_POINT('Origin',(14.0375867975174,106.764308786951,-5.28641247938189));
#13756=CARTESIAN_POINT('',(14.0375867975174,105.715538836084,-5.28641247938189));
#13757=CARTESIAN_POINT('Origin',(13.6339739247494,105.715538836084,-6.25417900441414));
#13758=CARTESIAN_POINT('',(13.1637378568358,105.715538836084,-7.19138412522296));
#13759=CARTESIAN_POINT('Origin',(13.1637378568358,106.764308786951,-7.19138412522296));
#13760=CARTESIAN_POINT('Origin',(0.,0.,0.));
#13761=CARTESIAN_POINT('',(14.9189035521363,47.9317825799808,8.15023415627145));
#13762=CARTESIAN_POINT('',(15.9174241779713,47.9317825799808,5.96955672881446));
#13763=CARTESIAN_POINT('Origin',(0.,47.9317825799808,0.));
#13764=CARTESIAN_POINT('',(14.9189035521363,46.0900372033939,8.15023415627145));
#13765=CARTESIAN_POINT('',(14.9189035521363,46.0900372033939,8.15023415627145));
#13766=CARTESIAN_POINT('',(15.9174241779713,46.0900372033939,5.96955672881446));
#13767=CARTESIAN_POINT('Origin',(0.,46.0900372033939,0.));
#13768=CARTESIAN_POINT('',(15.9174241779713,47.9317825799808,5.96955672881446));
#13769=CARTESIAN_POINT('Origin',(13.6382373216796,47.9317825799808,6.24487652060044));
#13770=CARTESIAN_POINT('',(13.1637384283556,47.9317825799808,7.19138307906305));
#13771=CARTESIAN_POINT('',(14.0447860393865,47.9317825799808,5.26725593718923));
#13772=CARTESIAN_POINT('Origin',(13.1637384283556,47.0109098916873,7.19138307906305));
#13773=CARTESIAN_POINT('',(13.1637384283556,46.0900372033939,7.19138307906305));
#13774=CARTESIAN_POINT('Origin',(13.6382373216796,46.0900372033939,6.24487652060044));
#13775=CARTESIAN_POINT('',(14.0447860393865,46.0900372033939,5.26725593718923));
#13776=CARTESIAN_POINT('Origin',(14.0447860393865,47.0109098916873,5.26725593718923));
#13777=CARTESIAN_POINT('Origin',(0.,0.,0.));
#13778=CARTESIAN_POINT('',(-13.,0.,-1.59204083889156E-15));
#13779=CARTESIAN_POINT('Origin',(0.,0.,0.));
#13780=CARTESIAN_POINT('',(-13.,123.,-1.59204083889156E-15));
#13781=CARTESIAN_POINT('',(-13.,0.,1.59204083889156E-15));
#13782=CARTESIAN_POINT('Origin',(0.,123.,0.));
#13783=CARTESIAN_POINT('Origin',(0.,123.,0.));
#13784=CARTESIAN_POINT('Origin',(0.,0.,0.));
#13785=CARTESIAN_POINT('Origin',(0.,125.,0.));
#13786=CARTESIAN_POINT('Origin',(0.,0.,0.));
#13787=UNCERTAINTY_MEASURE_WITH_UNIT(LENGTH_MEASURE(0.01),#13791,
'DISTANCE_ACCURACY_VALUE',
'Maximum model space distance between geometric entities at asserted c
onnectivities');
#13788=UNCERTAINTY_MEASURE_WITH_UNIT(LENGTH_MEASURE(0.01),#13791,
'DISTANCE_ACCURACY_VALUE',
'Maximum model space distance between geometric entities at asserted c
onnectivities');
#13789=(
GEOMETRIC_REPRESENTATION_CONTEXT(3)
GLOBAL_UNCERTAINTY_ASSIGNED_CONTEXT((#13787))
GLOBAL_UNIT_ASSIGNED_CONTEXT((#13791,#13793,#13794))
REPRESENTATION_CONTEXT('','3D')
);
#13790=(
GEOMETRIC_REPRESENTATION_CONTEXT(3)
GLOBAL_UNCERTAINTY_ASSIGNED_CONTEXT((#13788))
GLOBAL_UNIT_ASSIGNED_CONTEXT((#13791,#13793,#13794))
REPRESENTATION_CONTEXT('','3D')
);
#13791=(
LENGTH_UNIT()
NAMED_UNIT(*)
SI_UNIT(.MILLI.,.METRE.)
);
#13792=(
LENGTH_UNIT()
NAMED_UNIT(*)
SI_UNIT($,.METRE.)
);
#13793=(
NAMED_UNIT(*)
PLANE_ANGLE_UNIT()
SI_UNIT($,.RADIAN.)
);
#13794=(
NAMED_UNIT(*)
SI_UNIT($,.STERADIAN.)
SOLID_ANGLE_UNIT()
);
#13795=SHAPE_DEFINITION_REPRESENTATION(#13796,#13797);
#13796=PRODUCT_DEFINITION_SHAPE('',$,#13799);
#13797=SHAPE_REPRESENTATION('',(#7005),#13789);
#13798=PRODUCT_DEFINITION_CONTEXT('part definition',#13803,'design');
#13799=PRODUCT_DEFINITION('2026-09-04-16-17-01-391',
'Day07-Bike-Handlebar-Grip',#13800,#13798);
#13800=PRODUCT_DEFINITION_FORMATION('',$,#13805);
#13801=PRODUCT_RELATED_PRODUCT_CATEGORY('Day07-Bike-Handlebar-Grip',
'Day07-Bike-Handlebar-Grip',(#13805));
#13802=APPLICATION_PROTOCOL_DEFINITION('international standard',
'automotive_design',2009,#13803);
#13803=APPLICATION_CONTEXT(
'Core Data for Automotive Mechanical Design Process');
#13804=PRODUCT_CONTEXT('part definition',#13803,'mechanical');
#13805=PRODUCT('2026-09-04-16-17-01-391','Day07-Bike-Handlebar-Grip',$,
(#13804));
#13806=PRESENTATION_STYLE_ASSIGNMENT((#13808));
#13807=PRESENTATION_STYLE_ASSIGNMENT((#13809));
#13808=SURFACE_STYLE_USAGE(.BOTH.,#13810);
#13809=SURFACE_STYLE_USAGE(.BOTH.,#13811);
#13810=SURFACE_SIDE_STYLE('',(#13812));
#13811=SURFACE_SIDE_STYLE('',(#13813));
#13812=SURFACE_STYLE_FILL_AREA(#13814);
#13813=SURFACE_STYLE_FILL_AREA(#13815);
#13814=FILL_AREA_STYLE('Steel - Satin',(#13816));
#13815=FILL_AREA_STYLE('Silicone (White)',(#13817));
#13816=FILL_AREA_STYLE_COLOUR('Steel - Satin',#13818);
#13817=FILL_AREA_STYLE_COLOUR('Silicone (White)',#13819);
#13818=COLOUR_RGB('Steel - Satin',0.627450980392157,0.627450980392157,0.627450980392157);
#13819=COLOUR_RGB('Silicone (White)',0.964705882352941,0.964705882352941,
0.952941176470588);
ENDSEC;
END-ISO-10303-21;
